time,open,high,low,close,Volume
1562853600,7.46,7.47,7.41,7.46,4607204
1562857200,7.47,7.47,7.47,7.47,2156675
1562911200,7.47,7.47,7.47,7.47,133697
1562914800,7.46,7.58,7.45,7.52,14525618
1562918400,7.53,7.55,7.46,7.46,7081335
1562922000,7.46,7.48,7.43,7.45,4159953
1562925600,7.42,7.42,7.42,7.42,643896
1562929200,7.41,7.43,7.31,7.34,7202474
1562932800,7.33,7.34,7.2,7.25,8346946
1562936400,7.25,7.3,7.21,7.29,4511536
1562940000,7.29,7.35,7.27,7.29,5398855
1562943600,7.29,7.29,7.29,7.29,1752577
1563256800,7.4,7.4,7.4,7.4,132187
1563260400,7.4,7.42,7.36,7.38,9331358
1563264000,7.38,7.39,7.31,7.33,6473310
1563267600,7.34,7.34,7.28,7.33,3634135
1563271200,7.32,7.32,7.28,7.28,138551
1563274800,7.29,7.36,7.26,7.28,8771351
1563278400,7.28,7.33,7.25,7.28,5379392
1563282000,7.27,7.3,7.23,7.26,3384315
1563285600,7.26,7.27,7.17,7.19,7705643
1563289200,7.15,7.15,7.15,7.15,3245629
1563343200,7.21,7.21,7.21,7.21,477065
1563346800,7.2,7.22,7.06,7.12,13863066
1563350400,7.11,7.18,7.09,7.18,5189168
1563354000,7.17,7.26,7.16,7.25,6190118
1563357600,7.26,7.26,7.26,7.26,299296
1563361200,7.26,7.35,7.25,7.31,15069665
1563364800,7.31,7.38,7.29,7.36,5478967
1563368400,7.36,7.38,7.34,7.37,3095431
1563372000,7.37,7.41,7.33,7.39,5829142
1563375600,7.39,7.39,7.39,7.39,1311527
1563429600,7.35,7.35,7.35,7.35,25648
1563433200,7.36,7.49,7.33,7.45,12284741
1563436800,7.45,7.48,7.38,7.48,5122889
1563440400,7.47,7.49,7.45,7.46,1545559
1563444000,7.48,7.48,7.48,7.48,380045
1563447600,7.48,7.51,7.42,7.49,3591192
1563451200,7.48,7.59,7.47,7.57,5141847
1563454800,7.57,7.61,7.56,7.59,4720975
1563458400,7.59,7.6,7.53,7.57,4154730
1563462000,7.6,7.6,7.6,7.6,1484431
1563516000,7.69,7.69,7.69,7.69,264186
1563519600,7.69,7.82,7.67,7.67,11083794
1563523200,7.68,7.71,7.6,7.65,7648132
1563526800,7.65,7.69,7.63,7.66,2702562
1563530400,7.64,7.64,7.64,7.64,376796
1563534000,7.65,7.68,7.58,7.65,8040162
1563537600,7.65,7.67,7.6,7.65,4540422
1563541200,7.64,7.7,7.62,7.65,3571448
1563544800,7.65,7.65,7.5,7.54,8105434
1563548400,7.55,7.55,7.55,7.55,1302975
1563775200,7.53,7.53,7.53,7.53,66091
1563778800,7.53,7.58,7.46,7.5,7007314
1563782400,7.49,7.61,7.48,7.57,5518004
1563786000,7.57,7.59,7.52,7.55,1834896
1563789600,7.55,7.55,7.55,7.55,340527
1563793200,7.55,7.59,7.5,7.53,3471404
1563796800,7.52,7.54,7.49,7.5,2554070
1563800400,7.5,7.53,7.49,7.5,2617896
1563804000,7.5,7.54,7.45,7.52,4440064
1563807600,7.53,7.53,7.53,7.53,1276250
1563861600,7.53,7.53,7.53,7.53,15814
1563865200,7.53,7.7,7.52,7.69,10471817
1563868800,7.68,7.74,7.67,7.71,5238654
1563872400,7.71,7.76,7.69,7.75,3414492
1563876000,7.76,7.76,7.76,7.76,77369
1563879600,7.75,7.77,7.69,7.7,4937681
1563883200,7.71,7.74,7.69,7.72,1813274
1563886800,7.72,7.74,7.71,7.73,2283080
1563890400,7.74,7.77,7.7,7.71,4022487
1563894000,7.7,7.7,7.7,7.7,1238168
1563948000,7.72,7.72,7.72,7.72,123116
1563951600,7.71,7.72,7.54,7.56,10529998
1563955200,7.56,7.58,7.47,7.5,7568909
1563958800,7.49,7.54,7.47,7.54,2163882
1563962400,7.54,7.54,7.54,7.54,109628
1563966000,7.54,7.59,7.49,7.51,9458887
1563969600,7.51,7.54,7.48,7.5,5217931
1563973200,7.5,7.58,7.48,7.55,6625562
1563976800,7.56,7.66,7.55,7.64,14849319
1563980400,7.66,7.66,7.66,7.66,2279543
1564034400,7.66,7.66,7.66,7.66,159892
1564038000,7.67,7.73,7.64,7.69,8445092
1564041600,7.69,7.71,7.63,7.65,3736147
1564045200,7.64,7.69,7.64,7.67,2636347
1564048800,7.65,7.65,7.65,7.65,72801
1564052400,7.66,7.76,7.5,7.68,17710670
1564056000,7.68,7.77,7.67,7.7,9550219
1564059600,7.7,7.71,7.46,7.5,15077222
1564063200,7.5,7.56,7.49,7.5,7817100
1564066800,7.5,7.5,7.5,7.5,1672580
1564120800,7.53,7.53,7.53,7.53,312877
1564124400,7.54,7.57,7.4,7.47,15395231
1564128000,7.48,7.5,7.42,7.45,9403634
1564131600,7.45,7.51,7.4,7.5,11250941
1564135200,7.52,7.52,7.52,7.52,281262
1564138800,7.53,7.63,7.53,7.6,12498135
1564142400,7.6,7.66,7.59,7.6,10111004
1564146000,7.6,7.63,7.58,7.59,5329673
1564149600,7.59,7.6,7.53,7.57,8065846
1564153200,7.58,7.58,7.58,7.58,1947607
1564380000,7.6,7.6,7.6,7.6,166795
1564383600,7.6,7.64,7.55,7.62,7946676
1564387200,7.63,7.65,7.58,7.6,3241086
1564390800,7.61,7.61,7.56,7.6,3625057
1564394400,7.62,7.62,7.62,7.62,270186
1564398000,7.61,7.69,7.58,7.67,6650842
1564401600,7.67,7.72,7.66,7.69,5013373
1564405200,7.7,7.76,7.67,7.69,7569705
1564408800,7.7,7.72,7.66,7.7,4553725
1564412400,7.72,7.72,7.72,7.72,1427887
1564466400,7.75,7.75,7.75,7.75,123203
1564470000,7.75,7.75,7.65,7.67,8186001
1564473600,7.68,7.68,7.63,7.65,4006168
1564477200,7.64,7.67,7.64,7.65,993928
1564480800,7.64,7.64,7.64,7.64,362906
1564484400,7.65,7.65,7.49,7.54,9361469
1564488000,7.54,7.58,7.53,7.55,4963239
1564491600,7.55,7.58,7.53,7.57,3312764
1564495200,7.56,7.6,7.55,7.56,5585474
1564498800,7.56,7.58,7.56,7.58,1887358
1564552800,7.61,7.61,7.61,7.61,249367
1564556400,7.62,7.63,7.51,7.53,7782253
1564560000,7.53,7.61,7.51,7.61,7193206
1564563600,7.6,7.61,7.55,7.57,2383238
1564567200,7.57,7.57,7.57,7.57,327773
1564570800,7.57,7.59,7.54,7.56,3709442
1564574400,7.56,7.56,7.49,7.54,4549462
1564578000,7.54,7.58,7.53,7.55,2237196
1564581600,7.55,7.59,7.54,7.55,5326751
1564585200,7.55,7.55,7.55,7.55,4047968
1564639200,7.5,7.5,7.5,7.5,251861
1564642800,7.49,7.57,7.47,7.54,8092691
1564646400,7.54,7.58,7.47,7.51,7094855
1564650000,7.51,7.53,7.49,7.53,3938433
1564653600,7.52,7.52,7.52,7.52,266533
1564657200,7.52,7.56,7.51,7.51,3512213
1564660800,7.51,7.52,7.41,7.45,5416101
1564664400,7.45,7.48,7.41,7.41,5143977
1564668000,7.41,7.47,7.39,7.46,6236820
1564671600,7.46,7.46,7.46,7.46,2251065
1564725600,7.41,7.41,7.41,7.41,196106
1564729200,7.41,7.42,7.31,7.32,9593810
1564732800,7.33,7.35,7.31,7.34,3309828
1564736400,7.35,7.35,7.31,7.31,2089065
1564740000,7.3,7.3,7.3,7.3,365695
1564743600,7.31,7.34,7.28,7.31,2840003
1564747200,7.32,7.32,7.26,7.32,5526661
1564750800,7.32,7.33,7.28,7.3,4815982
1564754400,7.3,7.31,7.24,7.28,5786722
1564758000,7.27,7.27,7.27,7.27,1393736
1564984800,7.25,7.25,7.25,7.25,162865
1564988400,7.25,7.31,7.24,7.28,9079987
1564992000,7.28,7.28,7.22,7.26,5587314
1564995600,7.25,7.32,7.25,7.3,3531249
1564999200,7.31,7.31,7.31,7.31,44955
1565002800,7.3,7.34,7.26,7.33,3381568
1565006400,7.33,7.33,7.25,7.25,4047232
1565010000,7.25,7.26,7.2,7.24,3040638
1565013600,7.25,7.27,7.22,7.26,2895244
1565017200,7.26,7.26,7.26,7.26,2015171
1565071200,7.3,7.3,7.3,7.3,319787
1565074800,7.3,7.46,7.29,7.44,10339084
1565078400,7.44,7.44,7.38,7.39,3142953
1565082000,7.38,7.39,7.34,7.36,2366354
1565085600,7.38,7.38,7.38,7.38,427124
1565089200,7.37,7.45,7.37,7.44,4887049
1565092800,7.44,7.45,7.42,7.45,2419927
1565096400,7.44,7.51,7.44,7.5,5482390
1565100000,7.49,7.52,7.41,7.43,5284315
1565103600,7.42,7.42,7.42,7.42,1343434
1565157600,7.49,7.49,7.49,7.49,228351
1565161200,7.49,7.51,7.43,7.5,6411221
1565164800,7.5,7.51,7.44,7.48,3115288
1565168400,7.49,7.51,7.47,7.5,2692051
1565172000,7.49,7.49,7.49,7.49,371575
1565175600,7.49,7.53,7.46,7.48,6210189
1565179200,7.48,7.48,7.32,7.37,5098095
1565182800,7.36,7.43,7.36,7.4,5280489
1565186400,7.39,7.42,7.36,7.39,4770675
1565190000,7.36,7.36,7.36,7.36,2890001
1565244000,7.47,7.47,7.47,7.47,297551
1565247600,7.47,7.52,7.44,7.49,13529719
1565251200,7.49,7.52,7.47,7.5,6677069
1565254800,7.5,7.5,7.43,7.47,4103030
1565258400,7.44,7.44,7.44,7.44,452749
1565262000,7.44,7.48,7.39,7.4,7180711
1565265600,7.41,7.46,7.39,7.46,4182723
1565269200,7.46,7.48,7.41,7.47,4907689
1565272800,7.47,7.54,7.46,7.52,6400351
1565276400,7.53,7.53,7.53,7.53,1358478
1565330400,7.51,7.51,7.51,7.51,27151
1565334000,7.51,7.61,7.5,7.56,10723611
1565337600,7.56,7.6,7.51,7.6,4478268
1565341200,7.6,7.6,7.53,7.58,3533748
1565344800,7.58,7.58,7.58,7.58,370280
1565348400,7.58,7.63,7.53,7.63,5885132
1565352000,7.62,7.68,7.62,7.66,6713823
1565355600,7.65,7.69,7.63,7.67,5479401
1565359200,7.67,7.7,7.59,7.61,7072565
1565362800,7.6,7.6,7.6,7.6,1413572
1565848800,7.49,7.49,7.49,7.49,566273
1565852400,7.5,7.51,7.3,7.3,14424194
1565856000,7.31,7.32,7.17,7.2,8842734
1565859600,7.2,7.22,7.15,7.21,3704585
1565863200,7.18,7.18,7.18,7.18,285762
1565866800,7.19,7.25,7.15,7.22,5648505
1565870400,7.22,7.24,7.2,7.22,3981610
1565874000,7.21,7.24,7.2,7.22,4353469
1565877600,7.22,7.23,7.16,7.18,5075996
1565881200,7.18,7.18,7.18,7.18,1952519
1565935200,7.24,7.24,7.24,7.24,297060
1565938800,7.24,7.27,7.17,7.19,7642035
1565942400,7.19,7.2,7.09,7.11,6004638
1565946000,7.1,7.11,7.02,7.05,6177908
1565949600,7.04,7.04,7.04,7.04,287435
1565953200,7.04,7.06,6.95,7.02,7869909
1565956800,7.01,7.06,6.98,7.05,4256259
1565960400,7.05,7.1,7,7,6017469
1565964000,7.01,7.02,6.93,6.96,7968876
1565967600,6.93,6.93,6.93,6.93,2747292
1566194400,7.02,7.02,7.02,7.02,409578
1566198000,7.02,7.04,6.91,7,6807420
1566201600,7,7.01,6.98,7,3347744
1566205200,7,7,6.97,6.98,2167882
1566208800,6.99,6.99,6.99,6.99,361516
1566212400,6.99,7,6.94,6.97,3281109
1566216000,6.96,7,6.94,6.97,3403056
1566219600,6.97,6.99,6.87,6.87,4012857
1566223200,6.88,6.9,6.77,6.81,10872369
1566226800,6.8,6.8,6.8,6.8,1102097
1566280800,6.77,6.77,6.77,6.77,234805
1566284400,6.76,6.89,6.73,6.84,11668533
1566288000,6.83,6.87,6.81,6.84,4186127
1566291600,6.84,6.89,6.82,6.87,5035363
1566295200,6.87,6.87,6.87,6.87,374894
1566298800,6.87,6.92,6.83,6.87,6151941
1566302400,6.87,6.95,6.86,6.93,4692526
1566306000,6.94,6.94,6.86,6.87,5279268
1566309600,6.88,6.9,6.82,6.84,6529278
1566313200,6.83,6.83,6.83,6.83,1549440
1566367200,6.84,6.84,6.84,6.84,185712
1566370800,6.85,6.87,6.79,6.8,6627091
1566374400,6.79,6.82,6.77,6.79,3610771
1566378000,6.79,6.82,6.78,6.81,2405011
1566381600,6.79,6.79,6.79,6.79,364999
1566385200,6.8,6.86,6.78,6.81,6799926
1566388800,6.81,6.83,6.79,6.81,2370812
1566392400,6.82,6.83,6.76,6.78,3984115
1566396000,6.78,6.82,6.76,6.81,6531665
1566399600,6.83,6.83,6.83,6.83,1738830
1566453600,6.83,6.83,6.83,6.83,115675
1566457200,6.84,6.9,6.82,6.84,6850845
1566460800,6.84,6.85,6.7,6.7,5503198
1566464400,6.7,6.74,6.7,6.71,2232118
1566468000,6.7,6.7,6.7,6.7,351700
1566471600,6.7,6.72,6.68,6.7,3584195
1566475200,6.7,6.72,6.65,6.7,3171392
1566478800,6.7,6.74,6.68,6.7,2964849
1566482400,6.7,6.77,6.7,6.75,5081713
1566486000,6.75,6.75,6.75,6.75,1995826
1566540000,6.77,6.77,6.77,6.77,114412
1566543600,6.77,6.79,6.72,6.74,5124567
1566547200,6.75,6.85,6.74,6.85,4913452
1566550800,6.84,6.86,6.81,6.83,5262740
1566554400,6.84,6.84,6.84,6.84,297981
1566558000,6.84,6.88,6.83,6.85,1687550
1566561600,6.85,6.85,6.78,6.83,5934401
1566565200,6.82,6.82,6.78,6.81,2876618
1566568800,6.8,6.99,6.8,6.98,11365740
1566572400,6.95,6.95,6.95,6.95,1383481
1566799200,6.77,6.77,6.77,6.77,230081
1566802800,6.78,6.87,6.78,6.86,7214431
1566806400,6.86,6.89,6.83,6.86,3012266
1566810000,6.85,6.87,6.82,6.84,3710954
1566813600,6.85,6.85,6.85,6.85,169042
1566817200,6.84,6.92,6.84,6.9,3595027
1566820800,6.9,6.96,6.88,6.96,3581383
1566824400,6.96,6.98,6.9,6.92,4444089
1566828000,6.92,6.92,6.86,6.91,4146456
1566831600,6.92,6.92,6.92,6.92,1425409
1566885600,6.95,6.95,6.95,6.95,183710
1566889200,6.95,6.95,6.83,6.92,8644413
1566892800,6.92,6.92,6.85,6.87,3183094
1566896400,6.87,6.92,6.85,6.89,2680438
1566900000,6.88,6.88,6.88,6.88,258766
1566903600,6.88,6.89,6.81,6.84,4869641
1566907200,6.84,6.91,6.8,6.91,4983165
1566910800,6.91,6.99,6.91,6.94,5798248
1566914400,6.95,6.96,6.86,6.87,6551461
1566918000,6.84,6.84,6.84,6.84,6819939
1566972000,6.87,6.87,6.87,6.87,276169
1566975600,6.87,6.88,6.75,6.82,10537822
1566979200,6.82,6.84,6.8,6.83,4028693
1566982800,6.83,6.87,6.82,6.86,3292037
1566986400,6.86,6.86,6.86,6.86,73702
1566990000,6.86,6.88,6.81,6.81,3933606
1566993600,6.82,6.86,6.79,6.83,3917441
1566997200,6.83,6.86,6.81,6.85,3991771
1567000800,6.86,6.91,6.83,6.89,6561978
1567004400,6.91,6.91,6.91,6.91,1702286
1567058400,6.89,6.89,6.89,6.89,42186
1567062000,6.9,6.93,6.81,6.91,10600294
1567065600,6.91,6.93,6.89,6.93,4031788
1567069200,6.93,6.93,6.89,6.91,2493283
1567072800,6.92,6.92,6.92,6.92,282581
1567076400,6.92,6.95,6.91,6.92,6520405
1567080000,6.93,6.94,6.91,6.92,3485894
1567083600,6.93,6.96,6.92,6.93,2935682
1567087200,6.93,6.94,6.89,6.9,5375861
1567090800,6.94,6.94,6.94,6.94,1862712
1567404000,6.93,6.93,6.93,6.93,212596
1567407600,6.93,7.06,6.91,7.05,9392783
1567411200,7.05,7.08,7.03,7.07,4889606
1567414800,7.07,7.1,7.07,7.08,3240930
1567418400,7.09,7.09,7.09,7.09,221266
1567422000,7.09,7.13,7.08,7.11,3164644
1567425600,7.12,7.2,7.1,7.19,5284275
1567429200,7.19,7.21,7.16,7.16,3931314
1567432800,7.17,7.2,7.16,7.18,2629873
1567436400,7.17,7.17,7.17,7.17,691481
1567490400,7.15,7.15,7.15,7.15,65185
1567494000,7.15,7.22,7.11,7.12,7335721
1567497600,7.12,7.22,7.11,7.22,5868375
1567501200,7.22,7.34,7.21,7.29,8757121
1567504800,7.3,7.3,7.3,7.3,302518
1567508400,7.3,7.32,7.21,7.24,4005728
1567512000,7.24,7.29,7.24,7.26,2864735
1567515600,7.25,7.34,7.25,7.3,6767106
1567519200,7.3,7.31,7.25,7.28,5047619
1567522800,7.27,7.27,7.27,7.27,921588
1567576800,7.35,7.35,7.35,7.35,238328
1567580400,7.35,7.4,7.31,7.33,10495565
1567584000,7.33,7.35,7.3,7.32,4439705
1567587600,7.33,7.33,7.28,7.31,2966443
1567591200,7.3,7.3,7.3,7.3,390301
1567594800,7.31,7.34,7.28,7.33,3620946
1567598400,7.33,7.37,7.31,7.36,3747281
1567602000,7.35,7.36,7.3,7.32,2720478
1567605600,7.32,7.33,7.27,7.3,4693404
1567609200,7.31,7.31,7.31,7.31,1963751
1567663200,7.36,7.36,7.36,7.36,443864
1567666800,7.36,7.37,7.31,7.33,8696761
1567670400,7.33,7.35,7.31,7.32,2838921
1567674000,7.32,7.32,7.25,7.28,4085605
1567677600,7.27,7.27,7.27,7.27,281180
1567681200,7.27,7.27,7.23,7.26,6525388
1567684800,7.25,7.31,7.24,7.3,4456067
1567688400,7.3,7.37,7.28,7.36,8161950
1567692000,7.36,7.36,7.29,7.29,6920991
1567695600,7.29,7.29,7.29,7.29,2001387
1567749600,7.25,7.25,7.25,7.25,184413
1567753200,7.25,7.26,7.17,7.21,9187216
1567756800,7.21,7.23,7.17,7.17,2318189
1567760400,7.17,7.19,7.13,7.17,2715855
1567764000,7.17,7.17,7.17,7.17,289462
1567767600,7.17,7.2,7.15,7.2,3056648
1567771200,7.2,7.2,7.12,7.14,4183470
1567774800,7.13,7.16,7.08,7.13,5850203
1567778400,7.13,7.14,7.09,7.13,3752745
1567782000,7.14,7.14,7.14,7.14,1620899
1568008800,7.22,7.22,7.22,7.22,368351
1568012400,7.23,7.26,7.2,7.24,7838822
1568016000,7.24,7.28,7.23,7.26,5295835
1568019600,7.26,7.31,7.26,7.3,3810136
1568023200,7.31,7.31,7.31,7.31,314167
1568026800,7.3,7.37,7.3,7.36,5805125
1568030400,7.35,7.39,7.29,7.32,9919778
1568034000,7.32,7.39,7.31,7.37,5566149
1568037600,7.37,7.38,7.31,7.32,5730742
1568041200,7.33,7.33,7.33,7.33,1452935
1568095200,7.33,7.33,7.33,7.33,65998
1568098800,7.33,7.36,7.31,7.33,7098219
1568102400,7.34,7.34,7.29,7.32,4202343
1568106000,7.32,7.37,7.32,7.37,5082884
1568109600,7.37,7.37,7.37,7.37,445197
1568113200,7.37,7.41,7.36,7.37,7720623
1568116800,7.38,7.38,7.33,7.35,3937893
1568120400,7.35,7.36,7.32,7.33,3363518
1568124000,7.34,7.35,7.33,7.33,4570277
1568127600,7.33,7.33,7.33,7.33,2377201
1568181600,7.36,7.36,7.36,7.36,186989
1568185200,7.35,7.46,7.33,7.45,13172472
1568188800,7.45,7.46,7.41,7.44,3800843
1568192400,7.44,7.47,7.43,7.43,3165671
1568196000,7.45,7.45,7.45,7.45,100737
1568199600,7.44,7.48,7.44,7.47,4741245
1568203200,7.47,7.48,7.43,7.44,2734313
1568206800,7.44,7.45,7.39,7.4,3586819
1568210400,7.39,7.4,7.37,7.4,8280674
1568214000,7.39,7.4,7.39,7.4,1729492
1568268000,7.43,7.43,7.43,7.43,125259
1568271600,7.43,7.46,7.41,7.44,6316490
1568275200,7.44,7.45,7.41,7.44,2874760
1568278800,7.44,7.47,7.43,7.45,2367629
1568282400,7.45,7.45,7.45,7.45,5112
1568286000,7.45,7.57,7.44,7.54,18557831
1568289600,7.54,7.58,7.53,7.55,5570704
1568293200,7.55,7.56,7.43,7.45,6523750
1568296800,7.46,7.58,7.45,7.56,8756834
1568300400,7.58,7.58,7.58,7.58,1585373
1568354400,7.59,7.59,7.59,7.59,51505
1568358000,7.59,7.67,7.58,7.62,10488856
1568361600,7.62,7.65,7.58,7.6,5231813
1568365200,7.6,7.62,7.55,7.58,4208657
1568368800,7.58,7.58,7.58,7.58,274638
1568372400,7.59,7.62,7.58,7.6,4526563
1568376000,7.61,7.66,7.59,7.64,4657223
1568379600,7.64,7.66,7.61,7.62,3444400
1568383200,7.61,7.67,7.61,7.66,4358495
1568386800,7.66,7.66,7.66,7.66,1805932
1568613600,7.59,7.59,7.59,7.59,91533
1568617200,7.58,7.59,7.52,7.55,7789733
1568620800,7.55,7.6,7.54,7.59,3988793
1568624400,7.58,7.59,7.54,7.57,2628857
1568628000,7.57,7.57,7.57,7.57,250327
1568631600,7.57,7.58,7.47,7.48,4472163
1568635200,7.48,7.53,7.47,7.52,3224925
1568638800,7.53,7.53,7.47,7.5,3227545
1568642400,7.5,7.53,7.48,7.5,5598857
1568646000,7.5,7.5,7.5,7.5,1596283
1568700000,7.5,7.5,7.5,7.5,57945
1568703600,7.49,7.52,7.44,7.47,7502447
1568707200,7.46,7.53,7.46,7.5,5500621
1568710800,7.49,7.51,7.45,7.46,3288330
1568714400,7.45,7.45,7.45,7.45,108338
1568718000,7.46,7.48,7.44,7.47,5288444
1568721600,7.47,7.47,7.37,7.42,4467674
1568725200,7.42,7.47,7.4,7.45,5150399
1568728800,7.44,7.48,7.44,7.46,4047040
1568732400,7.48,7.48,7.48,7.48,1459264
1568786400,7.47,7.47,7.47,7.47,94333
1568790000,7.46,7.47,7.35,7.35,9733911
1568793600,7.35,7.39,7.34,7.38,6165586
1568797200,7.38,7.41,7.37,7.4,4541497
1568800800,7.39,7.39,7.39,7.39,280504
1568804400,7.39,7.47,7.39,7.44,6137716
1568808000,7.44,7.47,7.43,7.46,3630548
1568811600,7.47,7.53,7.46,7.53,6245473
1568815200,7.53,7.62,7.51,7.6,13379334
1568818800,7.62,7.62,7.62,7.62,1626373
1568872800,7.6,7.6,7.6,7.6,61755
1568876400,7.59,7.59,7.43,7.46,10709934
1568880000,7.46,7.47,7.37,7.39,7645109
1568883600,7.39,7.41,7.37,7.39,3777549
1568887200,7.39,7.39,7.39,7.39,305314
1568890800,7.39,7.45,7.36,7.43,5560212
1568894400,7.43,7.46,7.4,7.44,3959199
1568898000,7.44,7.45,7.4,7.41,3751088
1568901600,7.41,7.46,7.35,7.4,7882057
1568905200,7.39,7.39,7.39,7.39,2057341
1568959200,7.46,7.46,7.46,7.46,532322
1568962800,7.46,7.47,7.38,7.43,13558267
1568966400,7.43,7.5,7.41,7.42,8559370
1568970000,7.42,7.44,7.41,7.42,2646038
1568973600,7.42,7.42,7.42,7.42,201050
1568977200,7.43,7.43,7.36,7.37,4207676
1568980800,7.38,7.43,7.35,7.42,6873204
1568984400,7.42,7.44,7.36,7.36,5062835
1568988000,7.37,7.38,7.29,7.35,13128196
1568991600,7.36,7.36,7.36,7.36,6889422
1569218400,7.38,7.38,7.38,7.38,61665
1569222000,7.38,7.46,7.36,7.4,10274594
1569225600,7.4,7.4,7.34,7.37,5675313
1569229200,7.37,7.39,7.36,7.38,2025758
1569232800,7.38,7.38,7.38,7.38,298630
1569236400,7.38,7.41,7.37,7.4,3664622
1569240000,7.4,7.4,7.35,7.37,2567835
1569243600,7.37,7.41,7.34,7.39,3331825
1569247200,7.38,7.39,7.34,7.36,4137793
1569250800,7.36,7.36,7.36,7.36,1561558
1569304800,7.53,7.53,7.53,7.53,983548
1569308400,7.52,7.55,7.48,7.5,12247664
1569312000,7.5,7.54,7.5,7.53,1748754
1569315600,7.53,7.55,7.52,7.53,2340251
1569319200,7.54,7.54,7.54,7.54,311516
1569322800,7.53,7.6,7.53,7.6,5898101
1569326400,7.59,7.65,7.59,7.63,3670898
1569330000,7.63,7.64,7.55,7.59,4361236
1569333600,7.59,7.62,7.57,7.59,3766385
1569337200,7.61,7.61,7.61,7.61,1207292
1569391200,7.58,7.58,7.58,7.58,27844
1569394800,7.58,7.59,7.54,7.56,4740379
1569398400,7.56,7.58,7.54,7.57,3435232
1569402000,7.57,7.6,7.56,7.59,2512475
1569405600,7.59,7.59,7.59,7.59,280221
1569409200,7.59,7.62,7.56,7.57,3731017
1569412800,7.56,7.6,7.55,7.59,2893597
1569416400,7.59,7.69,7.59,7.67,6867198
1569420000,7.67,7.7,7.65,7.68,3249340
1569423600,7.7,7.7,7.7,7.7,1200972
1569477600,7.74,7.74,7.74,7.74,90635
1569481200,7.74,7.88,7.73,7.83,16797286
1569484800,7.84,7.85,7.8,7.82,4473740
1569488400,7.82,7.84,7.81,7.82,1923381
1569492000,7.84,7.84,7.84,7.84,389479
1569495600,7.84,7.84,7.75,7.78,8964047
1569499200,7.78,7.79,7.73,7.74,5977260
1569502800,7.73,7.74,7.66,7.69,6219813
1569506400,7.68,7.71,7.64,7.68,7020091
1569510000,7.64,7.64,7.64,7.64,1632257
1569564000,7.69,7.69,7.69,7.69,216677
1569567600,7.7,7.83,7.69,7.82,12785217
1569571200,7.82,7.89,7.81,7.89,7596395
1569574800,7.89,8.07,7.87,8.05,10187824
1569578400,8,8,8,8,662296
1569582000,8.01,8.16,8,8.14,11625046
1569585600,8.15,8.17,8.09,8.15,6094078
1569589200,8.16,8.22,8.12,8.13,12429093
1569592800,8.13,8.29,8.13,8.26,9670492
1569596400,8.27,8.27,8.27,8.27,1344784
1569823200,8.31,8.31,8.31,8.31,156249
1569826800,8.32,8.35,8.11,8.13,14729669
1569830400,8.14,8.2,8.11,8.18,10473970
1569834000,8.17,8.19,8.15,8.18,4262414
1569837600,8.17,8.17,8.17,8.17,372531
1569841200,8.17,8.22,8.14,8.17,4167650
1569844800,8.16,8.17,8.12,8.14,8185588
1569848400,8.14,8.16,8.12,8.13,4984595
1569852000,8.14,8.15,8.1,8.13,8868623
1569855600,8.13,8.13,8.12,8.12,3256544
1569909600,8.17,8.17,8.17,8.17,274472
1569913200,8.16,8.16,8.05,8.07,8125519
1569916800,8.07,8.08,8.02,8.08,3811766
1569920400,8.07,8.1,8.04,8.06,4239551
1569924000,8.05,8.05,8.05,8.05,169596
1569927600,8.05,8.05,7.98,7.99,9546692
1569931200,7.98,8,7.91,7.92,5492482
1569934800,7.92,7.98,7.89,7.92,10352924
1569938400,7.92,7.98,7.85,7.96,7499372
1569942000,7.99,7.99,7.99,7.99,1360847
1569996000,7.95,7.95,7.95,7.95,83632
1569999600,7.96,7.99,7.87,7.99,14523496
1570003200,7.99,8.06,7.94,7.94,10630769
1570006800,7.94,7.96,7.9,7.93,5939923
1570010400,7.93,7.93,7.93,7.93,407841
1570014000,7.92,7.97,7.89,7.91,8880526
1570017600,7.91,7.94,7.86,7.86,3635831
1570021200,7.86,7.92,7.85,7.88,5032495
1570024800,7.89,7.91,7.88,7.88,5096707
1570028400,7.88,7.88,7.88,7.88,2340414
1570082400,7.92,7.92,7.92,7.92,385801
1570086000,7.93,8,7.93,7.99,10479189
1570089600,8,8.01,7.96,7.96,7118808
1570093200,7.96,7.97,7.94,7.96,4033661
1570096800,7.96,7.96,7.96,7.96,30460
1570100400,7.96,7.96,7.93,7.94,5551510
1570104000,7.95,7.95,7.86,7.87,5616527
1570107600,7.86,7.87,7.74,7.79,10765307
1570111200,7.78,7.79,7.67,7.78,11871711
1570114800,7.75,7.75,7.75,7.75,2340100
1570168800,7.8,7.8,7.8,7.8,813906
1570172400,7.8,7.84,7.78,7.84,9538974
1570176000,7.84,7.93,7.83,7.92,7450259
1570179600,7.92,7.93,7.83,7.85,3930535
1570183200,7.84,7.85,7.83,7.85,861684
1570186800,7.85,7.85,7.78,7.82,4606746
1570190400,7.82,7.91,7.8,7.91,6243442
1570194000,7.91,7.91,7.8,7.86,6864911
1570197600,7.86,7.91,7.86,7.87,6103439
1570201200,7.86,7.86,7.86,7.86,1815420
1570428000,7.82,7.82,7.82,7.82,107772
1570431600,7.81,7.85,7.74,7.82,9013759
1570435200,7.81,7.9,7.78,7.9,5863842
1570438800,7.9,8.03,7.89,8.03,10907059
1570442400,8.03,8.07,7.99,8.03,4634242
1570446000,8.03,8.06,8,8,5186179
1570449600,8,8.02,7.96,7.98,3371175
1570453200,7.98,7.98,7.93,7.94,4579499
1570456800,7.94,7.95,7.72,7.74,11732490
1570460400,7.72,7.72,7.72,7.72,2239936
1570514400,7.66,7.66,7.66,7.66,223065
1570518000,7.66,7.69,7.54,7.59,22123586
1570521600,7.59,7.7,7.56,7.68,7954965
1570525200,7.68,7.71,7.64,7.66,4127425
1570528800,7.67,7.68,7.63,7.67,4314272
1570532400,7.66,7.68,7.63,7.68,5869046
1570536000,7.68,7.84,7.67,7.71,15965477
1570539600,7.72,7.8,7.7,7.76,6577848
1570543200,7.76,7.78,7.73,7.76,8596791
1570546800,7.74,7.74,7.74,7.74,1579609
1570600800,7.76,7.76,7.76,7.76,60190
1570604400,7.77,7.84,7.65,7.66,15594742
1570608000,7.66,7.71,7.61,7.66,7426647
1570611600,7.66,7.68,7.57,7.59,6125937
1570615200,7.59,7.6,7.54,7.58,4065136
1570618800,7.58,7.6,7.55,7.57,5997343
1570622400,7.57,7.59,7.56,7.57,4785274
1570626000,7.56,7.57,7.49,7.5,11592776
1570629600,7.5,7.52,7.44,7.46,10601672
1570633200,7.47,7.47,7.47,7.47,3388374
1570687200,7.49,7.49,7.49,7.49,216235
1570690800,7.48,7.51,7.27,7.35,17355811
1570694400,7.34,7.4,7.32,7.33,8668208
1570698000,7.32,7.33,7.27,7.3,6033488
1570701600,7.29,7.32,7.26,7.3,5985264
1570705200,7.31,7.32,7.23,7.26,11767062
1570708800,7.26,7.27,7.22,7.24,7702698
1570712400,7.24,7.25,7.13,7.17,21927092
1570716000,7.17,7.29,7.16,7.27,17685413
1570719600,7.27,7.29,7.27,7.29,6436276
1570773600,7.33,7.33,7.33,7.33,734045
1570777200,7.33,7.37,7.27,7.3,20717185
1570780800,7.3,7.3,7.26,7.3,5423175
1570784400,7.3,7.3,7.25,7.27,5498119
1570788000,7.27,7.28,7.24,7.26,3822181
1570791600,7.26,7.33,7.25,7.29,9987278
1570795200,7.29,7.33,7.29,7.32,8231381
1570798800,7.31,7.32,7.25,7.27,9470947
1570802400,7.27,7.28,7.22,7.23,9052517
1570806000,7.19,7.19,7.19,7.19,4396269
1571032800,7.05,7.05,7.05,7.05,339761
1571036400,7.05,7.05,6.96,7.03,20676891
1571040000,7.03,7.03,6.97,7,6423069
1571043600,6.99,7.01,6.95,6.97,5810823
1571047200,6.97,6.98,6.93,6.95,6172245
1571050800,6.94,6.94,6.57,6.72,26013226
1571054400,6.72,6.77,6.68,6.74,9650578
1571058000,6.75,6.76,6.65,6.67,9561207
1571061600,6.66,6.67,6.59,6.63,18946127
1571065200,6.6,6.6,6.6,6.6,5368752
1571119200,6.84,6.84,6.84,6.84,1364428
1571122800,6.84,6.86,6.69,6.74,22225840
1571126400,6.74,6.77,6.72,6.74,10591916
1571130000,6.74,6.76,6.73,6.75,4757342
1571133600,6.75,6.75,6.73,6.75,3292696
1571137200,6.75,6.76,6.7,6.75,9080737
1571140800,6.75,6.76,6.7,6.71,6452760
1571144400,6.72,6.75,6.71,6.73,6034991
1571148000,6.73,6.78,6.71,6.73,12272850
1571151600,6.75,6.75,6.75,6.75,4049415
1571205600,6.48,6.48,6.48,6.48,280761
1571209200,6.48,6.68,6.47,6.67,8452463
1571212800,6.68,6.68,6.55,6.61,1841752
1571216400,6.61,6.65,6.57,6.65,2498175
1571220000,6.64,6.68,6.59,6.66,1587232
1571223600,6.66,6.7,6.57,6.6,1829319
1571227200,6.57,6.62,6.54,6.6,2580017
1571230800,6.6,6.62,6.59,6.59,2693784
1571234400,6.6,6.67,6.57,6.67,5318274
1571238000,6.78,6.78,6.78,6.78,1064628
1571292000,6.76,6.76,6.76,6.76,11103
1571295600,6.75,6.75,6.61,6.75,1363364
1571299200,6.75,6.79,6.72,6.75,967036
1571302800,6.76,6.88,6.72,6.84,1901891
1571306400,6.83,6.84,6.72,6.75,456335
1571310000,6.74,6.74,6.65,6.71,815624
1571313600,6.7,6.71,6.6,6.64,693992
1571317200,6.64,6.72,6.63,6.68,273688
1571320800,6.68,6.93,6.67,6.88,2602826
1571324400,6.9,6.9,6.9,6.9,892182
1571378400,7.25,7.25,7.25,7.25,709067
1571382000,7.25,7.27,7.13,7.24,6445572
1571385600,7.24,7.27,7.23,7.26,1690750
1571389200,7.26,7.29,7.26,7.28,1069218
1571392800,7.28,7.31,7.27,7.31,485635
1571396400,7.3,7.31,7.27,7.3,1146243
1571400000,7.3,7.3,7.27,7.29,605423
1571403600,7.29,7.29,7.25,7.26,909545
1571407200,7.26,7.27,7.22,7.26,1156088
1571410800,7.26,7.3,7.26,7.3,815685
1571637600,7.25,7.25,7.25,7.25,368759
1571641200,7.25,7.27,7.09,7.1,9553190
1571644800,7.1,7.12,7.08,7.09,4020287
1571648400,7.09,7.12,7.09,7.11,2696386
1571652000,7.12,7.12,7.09,7.1,1755097
1571655600,7.09,7.1,7.06,7.08,3118692
1571659200,7.07,7.12,7.06,7.1,5191785
1571662800,7.09,7.11,7.08,7.08,2862773
1571666400,7.08,7.09,7.05,7.07,5947849
1571670000,7.07,7.07,7.07,7.07,2872024
1571724000,7.09,7.09,7.09,7.09,290957
1571727600,7.09,7.15,7.05,7.12,15131156
1571731200,7.12,7.15,7.11,7.11,8248555
1571734800,7.11,7.12,7.09,7.09,5411924
1571738400,7.09,7.11,7.09,7.11,2596262
1571742000,7.1,7.13,7.08,7.1,4154659
1571745600,7.09,7.14,7.06,7.07,9538222
1571749200,7.06,7.11,7.05,7.1,5945508
1571752800,7.1,7.11,7.06,7.08,11050070
1571756400,7.06,7.06,7.06,7.06,3493189
1571810400,7.17,7.17,7.17,7.17,749674
1571814000,7.16,7.18,7.08,7.1,18819862
1571817600,7.1,7.13,7.09,7.11,6204355
1571821200,7.11,7.13,7.09,7.13,4486040
1571824800,7.13,7.13,7.11,7.11,3516910
1571828400,7.12,7.12,7.09,7.1,5456967
1571832000,7.1,7.14,7.09,7.13,8754028
1571835600,7.13,7.18,7.13,7.17,12618331
1571839200,7.17,7.21,7.16,7.2,14138274
1571842800,7.2,7.2,7.2,7.2,2564998
1571896800,7.26,7.26,7.26,7.26,797088
1571900400,7.26,7.32,7.24,7.31,23802943
1571904000,7.31,7.33,7.28,7.3,8497612
1571907600,7.3,7.3,7.28,7.28,2942444
1571911200,7.28,7.31,7.28,7.31,3501860
1571914800,7.31,7.35,7.22,7.31,23701198
1571918400,7.31,7.31,7.23,7.26,12363504
1571922000,7.25,7.26,7.23,7.25,4509749
1571925600,7.24,7.25,7.17,7.2,9522274
1571929200,7.2,7.2,7.2,7.2,2309801
1571983200,7.19,7.19,7.19,7.19,277136
1571986800,7.19,7.22,7.17,7.18,8252590
1571990400,7.18,7.2,7.15,7.16,5101833
1571994000,7.17,7.17,7.13,7.14,2275123
1571997600,7.14,7.16,7.12,7.15,4215531
1572001200,7.16,7.16,7.13,7.13,1606041
1572004800,7.14,7.16,7.13,7.16,1366211
1572008400,7.15,7.16,7.14,7.14,1820166
1572012000,7.15,7.16,7.12,7.15,4621726
1572015600,7.13,7.13,7.13,7.13,1595794
1572242400,7.17,7.17,7.17,7.17,229543
1572246000,7.17,7.18,7.12,7.13,5253371
1572249600,7.13,7.16,7.12,7.14,4415977
1572253200,7.14,7.15,7.1,7.1,5875493
1572415200,7,7,7,7,338326
1572418800,6.99,7.01,6.93,7,9659867
1572422400,7,7.04,6.98,7.03,9523423
1572426000,7.03,7.04,7.02,7.03,3903392
1572429600,7.03,7.04,7.02,7.02,3361491
1572433200,7.02,7.06,7.02,7.05,3440002
1572436800,7.05,7.05,7.01,7.01,2297710
1572440400,7.02,7.02,6.94,6.97,6536311
1572444000,6.96,6.97,6.95,6.95,4346219
1572447600,6.93,6.93,6.93,6.93,3827163
1572501600,6.97,6.97,6.97,6.97,390788
1572505200,6.97,7.04,6.97,7,12739568
1572508800,7,7.01,6.99,7,5160846
1572512400,7,7.01,6.98,6.99,2798286
1572516000,6.99,7,6.99,6.99,1095314
1572519600,6.99,7,6.96,6.97,2763968
1572523200,6.97,6.99,6.95,6.98,3017989
1572526800,6.98,6.99,6.96,6.97,3605789
1572530400,6.96,6.97,6.91,6.92,7803670
1572534000,6.91,6.91,6.91,6.91,3625141
1572588000,6.92,6.92,6.92,6.92,213080
1572591600,6.93,6.95,6.9,6.93,5683502
1572595200,6.93,6.94,6.9,6.91,1910712
1572598800,6.91,6.91,6.86,6.87,3123757
1572602400,6.87,6.9,6.87,6.88,757374
1572606000,6.88,6.89,6.85,6.88,1646603
1572609600,6.88,6.9,6.87,6.89,2098475
1572613200,6.9,6.95,6.89,6.94,3614978
1572616800,6.95,6.96,6.92,6.93,7197251
1572620400,6.95,6.95,6.95,6.95,2421021
1572847200,7.05,7.05,7.05,7.05,668790
1572850800,7.06,7.06,7.01,7.03,6760132
1572854400,7.04,7.06,7.03,7.06,5393684
1572858000,7.06,7.09,7.05,7.08,5278077
1572861600,7.08,7.09,7.07,7.07,2185789
1572865200,7.08,7.09,7.06,7.07,2032297
1572868800,7.07,7.08,7.04,7.05,3564239
1572872400,7.05,7.09,7.05,7.08,2773963
1572876000,7.07,7.1,7.07,7.08,3482556
1572879600,7.08,7.08,7.08,7.08,1289374
1572933600,7.06,7.06,7.06,7.06,109644
1572937200,7.07,7.1,7.04,7.06,5884769
1572940800,7.07,7.08,7.05,7.08,3424203
1572944400,7.08,7.11,7.06,7.09,5622016
1572948000,7.09,7.09,7.07,7.08,1712203
1572951600,7.08,7.09,7.07,7.08,1523166
1572955200,7.07,7.09,7.06,7.08,2629364
1572958800,7.07,7.1,7.07,7.07,2794575
1572962400,7.08,7.08,7.04,7.05,4637273
1572966000,7.05,7.05,7.05,7.05,2192941
1573020000,7.06,7.06,7.06,7.06,244572
1573023600,7.06,7.08,7.03,7.07,4143534
1573027200,7.06,7.08,7.06,7.08,1955518
1573030800,7.07,7.08,7.05,7.07,1831757
1573034400,7.06,7.1,7.06,7.1,1754578
1573038000,7.1,7.19,7.09,7.17,10399898
1573041600,7.17,7.19,7.16,7.17,3573657
1573045200,7.18,7.19,7.16,7.18,2180140
1573048800,7.17,7.19,7.13,7.15,3960560
1573052400,7.15,7.15,7.15,7.15,944622
1573106400,7.23,7.23,7.23,7.23,366724
1573110000,7.23,7.26,7.22,7.25,6647994
1573113600,7.25,7.25,7.23,7.24,2000016
1573117200,7.24,7.27,7.23,7.26,3154425
1573120800,7.27,7.28,7.25,7.27,1707710
1573124400,7.26,7.28,7.25,7.27,2033866
1573128000,7.27,7.29,7.26,7.28,3781536
1573131600,7.28,7.31,7.27,7.29,5779815
1573135200,7.29,7.34,7.27,7.34,7227418
1573138800,7.34,7.34,7.34,7.34,1169770
1573192800,7.33,7.33,7.33,7.33,266495
1573196400,7.32,7.37,7.31,7.34,6205956
1573200000,7.35,7.36,7.29,7.32,8082253
1573203600,7.32,7.35,7.32,7.34,1924819
1573207200,7.34,7.35,7.32,7.35,1800347
1573210800,7.35,7.38,7.34,7.36,5730037
1573214400,7.36,7.36,7.32,7.34,4026048
1573218000,7.34,7.37,7.34,7.36,3520280
1573221600,7.35,7.37,7.34,7.35,3891873
1573225200,7.34,7.34,7.34,7.34,1095634
1573452000,7.29,7.29,7.29,7.29,109626
1573455600,7.28,7.35,7.27,7.3,7832877
1573459200,7.3,7.34,7.28,7.33,2804516
1573462800,7.32,7.32,7.3,7.3,931770
1573466400,7.3,7.32,7.3,7.32,2010549
1573470000,7.32,7.35,7.31,7.35,4347215
1573473600,7.35,7.4,7.34,7.38,4714424
1573477200,7.38,7.41,7.33,7.35,4156606
1573480800,7.35,7.35,7.32,7.34,3458025
1573484400,7.35,7.35,7.35,7.35,909728
1573538400,7.38,7.38,7.38,7.38,94331
1573542000,7.38,7.44,7.38,7.43,8477616
1573545600,7.43,7.46,7.42,7.45,3521699
1573549200,7.45,7.49,7.45,7.48,4007955
1573552800,7.48,7.48,7.46,7.46,508005
1573556400,7.46,7.49,7.44,7.49,2558657
1573560000,7.49,7.5,7.44,7.45,5171900
1573563600,7.44,7.48,7.43,7.47,2864770
1573567200,7.47,7.49,7.45,7.48,3811091
1573570800,7.5,7.5,7.5,7.5,867496
1573624800,7.5,7.5,7.5,7.5,116927
1573628400,7.5,7.57,7.47,7.55,7913121
1573632000,7.54,7.56,7.51,7.54,4284546
1573635600,7.53,7.6,7.53,7.59,7032969
1573639200,7.58,7.6,7.56,7.58,1427540
1573642800,7.58,7.61,7.57,7.57,2176577
1573646400,7.57,7.6,7.55,7.59,3077280
1573650000,7.59,7.61,7.58,7.61,3887008
1573653600,7.6,7.65,7.6,7.65,7717841
1573657200,7.64,7.64,7.64,7.64,1474848
1573711200,7.55,7.55,7.55,7.55,313393
1573714800,7.55,7.62,7.52,7.55,9904136
1573718400,7.56,7.56,7.44,7.48,6630373
1573722000,7.47,7.51,7.47,7.51,4048290
1573725600,7.51,7.55,7.5,7.54,1863964
1573729200,7.55,7.55,7.51,7.52,2865037
1573732800,7.51,7.51,7.46,7.47,2749998
1573736400,7.48,7.49,7.43,7.48,3719971
1573740000,7.48,7.53,7.46,7.53,4943976
1573743600,7.53,7.54,7.53,7.54,1378409
1573797600,7.63,7.63,7.63,7.63,363396
1573801200,7.63,7.65,7.6,7.62,5383643
1573804800,7.62,7.64,7.6,7.63,4000786
1573808400,7.63,7.64,7.62,7.64,1341219
1573812000,7.63,7.64,7.62,7.64,858193
1573815600,7.64,7.64,7.62,7.63,1179586
1573819200,7.63,7.64,7.61,7.62,2662476
1573822800,7.63,7.67,7.62,7.66,4506128
1573826400,7.66,7.69,7.65,7.67,5006025
1573830000,7.68,7.68,7.68,7.68,1333634
1574056800,7.73,7.73,7.73,7.73,233640
1574060400,7.73,7.79,7.73,7.79,11111058
1574064000,7.79,7.81,7.78,7.8,6113643
1574067600,7.81,7.81,7.77,7.79,3395876
1574071200,7.79,7.79,7.76,7.77,2296996
1574074800,7.77,7.81,7.76,7.8,3908097
1574078400,7.8,7.81,7.77,7.79,2604968
1574082000,7.79,7.81,7.78,7.79,4721191
1574085600,7.79,7.8,7.76,7.78,4034488
1574089200,7.76,7.76,7.76,7.76,1434983
1574143200,7.79,7.79,7.79,7.79,124327
1574146800,7.79,7.8,7.73,7.76,5651270
1574150400,7.76,7.78,7.75,7.76,4124410
1574154000,7.76,7.77,7.74,7.75,945763
1574157600,7.74,7.77,7.74,7.76,1113963
1574161200,7.76,7.78,7.75,7.77,1719998
1574164800,7.77,7.78,7.76,7.77,1643396
1574168400,7.77,7.78,7.75,7.76,1498114
1574172000,7.76,7.79,7.75,7.78,3676991
1574175600,7.77,7.77,7.77,7.77,740493
1574229600,7.74,7.74,7.74,7.74,114623
1574233200,7.73,7.84,7.71,7.82,12552384
1574236800,7.83,7.84,7.81,7.83,4425102
1574240400,7.82,7.83,7.8,7.81,1662667
1574244000,7.8,7.83,7.8,7.82,1307741
1574247600,7.83,7.84,7.82,7.83,4322625
1574251200,7.83,7.86,7.82,7.83,4259626
1574254800,7.82,7.83,7.74,7.74,7682211
1574258400,7.75,7.77,7.72,7.76,2873129
1574262000,7.75,7.75,7.75,7.75,1523017
1574316000,7.76,7.76,7.76,7.76,24909
1574319600,7.76,7.79,7.73,7.78,4390637
1574323200,7.78,7.78,7.71,7.73,2719786
1574326800,7.73,7.74,7.72,7.73,1092608
1574330400,7.73,7.75,7.72,7.73,1493323
1574334000,7.74,7.74,7.72,7.73,684569
1574337600,7.73,7.74,7.71,7.72,1209911
1574341200,7.73,7.73,7.71,7.72,1288398
1574344800,7.72,7.78,7.71,7.78,3772410
1574348400,7.82,7.82,7.82,7.82,1712744
1574402400,7.86,7.86,7.86,7.86,107345
1574406000,7.86,7.89,7.82,7.86,3418282
1574409600,7.86,7.86,7.83,7.84,1212043
1574413200,7.84,7.85,7.8,7.81,1911731
1574416800,7.81,7.83,7.8,7.82,552184
1574420400,7.83,7.84,7.82,7.84,601978
1574424000,7.83,7.84,7.76,7.79,2374336
1574427600,7.79,7.81,7.73,7.76,1832068
1574431200,7.76,7.83,7.73,7.8,2933670
1574434800,7.8,7.8,7.8,7.8,1010689
1574661600,7.87,7.87,7.87,7.87,180601
1574665200,7.86,7.9,7.84,7.9,5064725
1574668800,7.9,7.9,7.78,7.8,3897999
1574672400,7.81,7.81,7.75,7.76,2006625
1574676000,7.76,7.76,7.7,7.73,1709309
1574679600,7.73,7.74,7.65,7.68,5127719
1574683200,7.67,7.7,7.66,7.68,1871622
1574686800,7.69,7.71,7.66,7.7,1836396
1574690400,7.7,7.71,7.67,7.69,2849960
1574694000,7.7,7.7,7.7,7.7,1281663
1574748000,7.72,7.72,7.72,7.72,71690
1574751600,7.72,7.73,7.63,7.64,3806938
1574755200,7.65,7.71,7.64,7.69,3656228
1574758800,7.68,7.71,7.66,7.7,1381376
1574762400,7.69,7.73,7.68,7.71,1903091
1574766000,7.71,7.71,7.68,7.7,1962580
1574769600,7.7,7.72,7.69,7.7,1413745
1574773200,7.71,7.77,7.7,7.76,3218464
1574776800,7.77,7.8,7.76,7.8,5116428
1574780400,7.76,7.76,7.76,7.76,6326018
1574834400,7.75,7.75,7.75,7.75,66569
1574838000,7.75,7.79,7.73,7.76,3620158
1574841600,7.76,7.77,7.7,7.71,3321629
1574845200,7.71,7.73,7.7,7.71,1014887
1574848800,7.71,7.73,7.71,7.72,185617
1574852400,7.72,7.74,7.71,7.73,1156400
1574856000,7.72,7.76,7.71,7.75,2328727
1574859600,7.76,7.79,7.74,7.74,3329415
1574863200,7.75,7.76,7.72,7.74,1683057
1574866800,7.74,7.74,7.74,7.74,661184
1574920800,7.76,7.76,7.76,7.76,39771
1574924400,7.76,7.77,7.73,7.77,2288312
1574928000,7.77,7.79,7.75,7.78,2681899
1574931600,7.78,7.79,7.77,7.78,721611
1574935200,7.78,7.81,7.77,7.8,2776937
1574938800,7.8,7.84,7.78,7.83,2634100
1574942400,7.83,7.83,7.79,7.8,1810190
1574946000,7.81,7.82,7.79,7.82,1442443
1574949600,7.81,7.82,7.79,7.82,2187665
1574953200,7.84,7.84,7.84,7.84,997644
1575007200,7.84,7.84,7.84,7.84,5671
1575010800,7.84,7.93,7.83,7.88,7049609
1575014400,7.89,7.89,7.85,7.87,4231454
1575018000,7.87,7.88,7.84,7.84,2370621
1575021600,7.85,7.86,7.84,7.85,1738528
1575025200,7.86,7.87,7.82,7.82,2197592
1575028800,7.82,7.84,7.79,7.81,1636349
1575032400,7.82,7.82,7.73,7.76,2966099
1575036000,7.75,7.77,7.73,7.75,3974039
1575039600,7.77,7.77,7.77,7.77,2811462
1575266400,7.81,7.81,7.81,7.81,144055
1575270000,7.81,7.82,7.78,7.79,4015797
1575273600,7.8,7.8,7.78,7.78,2201202
1575277200,7.79,7.81,7.78,7.8,1927678
1575280800,7.8,7.82,7.79,7.81,1791548
1575284400,7.81,7.81,7.79,7.8,2126403
1575288000,7.79,7.8,7.74,7.77,4248321
1575291600,7.76,7.78,7.75,7.77,1966411
1575295200,7.76,7.78,7.75,7.77,3850689
1575298800,7.74,7.74,7.74,7.74,3608679
1575352800,7.74,7.74,7.74,7.74,313831
1575356400,7.73,7.78,7.72,7.76,4709752
1575360000,7.75,7.78,7.75,7.78,2995715
1575363600,7.77,7.79,7.76,7.79,2902196
1575367200,7.79,7.8,7.78,7.78,2355564
1575370800,7.78,7.8,7.78,7.8,2253992
1575374400,7.79,7.85,7.79,7.83,9971389
1575378000,7.83,7.83,7.76,7.76,5304903
1575381600,7.76,7.77,7.67,7.68,16961827
1575385200,7.64,7.64,7.64,7.64,3584222
1575439200,7.7,7.7,7.7,7.7,532758
1575442800,7.69,7.71,7.66,7.67,6664115
1575446400,7.67,7.69,7.67,7.67,3049243
1575450000,7.67,7.69,7.65,7.68,2249923
1575453600,7.67,7.68,7.67,7.67,1815465
1575457200,7.68,7.69,7.67,7.68,2292485
1575460800,7.68,7.69,7.67,7.67,1987431
1575464400,7.68,7.72,7.67,7.69,4847088
1575468000,7.69,7.71,7.67,7.7,3399521
1575471600,7.71,7.71,7.71,7.71,2067173
1575525600,7.75,7.75,7.75,7.75,538354
1575529200,7.76,7.79,7.75,7.79,5250065
1575532800,7.79,7.79,7.73,7.74,2263361
1575536400,7.74,7.75,7.73,7.75,2120369
1575540000,7.74,7.75,7.74,7.75,1433216
1575543600,7.75,7.78,7.74,7.77,3298114
1575547200,7.76,7.8,7.76,7.78,8266362
1575550800,7.79,7.8,7.76,7.78,2413560
1575554400,7.78,7.8,7.77,7.77,4853397
1575558000,7.76,7.76,7.76,7.76,1787799
1575612000,7.79,7.79,7.79,7.79,553374
1575615600,7.79,7.81,7.76,7.81,7532162
1575619200,7.8,7.85,7.76,7.78,9584105
1575622800,7.78,7.79,7.77,7.78,2701719
1575626400,7.78,7.79,7.78,7.79,928316
1575630000,7.79,7.81,7.76,7.77,3048218
1575633600,7.77,7.8,7.77,7.78,2319456
1575637200,7.78,7.8,7.78,7.79,1237723
1575640800,7.79,7.8,7.76,7.76,3680046
1575644400,7.77,7.77,7.77,7.77,1552272
1575871200,7.76,7.76,7.76,7.76,351955
1575874800,7.76,7.77,7.65,7.67,5074024
1575878400,7.67,7.71,7.66,7.7,4595432
1575882000,7.7,7.73,7.69,7.72,1820131
1575885600,7.72,7.73,7.7,7.72,1892884
1575889200,7.72,7.72,7.7,7.72,1544950
1575892800,7.72,7.72,7.69,7.71,1230377
1575896400,7.71,7.72,7.69,7.69,2260544
1575900000,7.69,7.7,7.67,7.69,2488939
1575903600,7.67,7.67,7.67,7.67,1064606
1575957600,7.67,7.67,7.67,7.67,130825
1575961200,7.67,7.72,7.67,7.72,2209794
1575964800,7.71,7.72,7.68,7.71,3589448
1575968400,7.71,7.72,7.69,7.71,1840768
1575972000,7.7,7.71,7.69,7.7,1521873
1575975600,7.7,7.71,7.66,7.67,1386940
1575979200,7.67,7.69,7.67,7.69,810031
1575982800,7.68,7.72,7.68,7.7,1098196
1575986400,7.71,7.72,7.66,7.71,2160882
1575990000,7.7,7.7,7.7,7.7,1070651
1576044000,7.69,7.69,7.69,7.69,1910891
1576047600,7.7,7.71,7.64,7.65,4691476
1576051200,7.65,7.67,7.64,7.66,1510092
1576054800,7.66,7.66,7.63,7.64,360492
1576058400,7.65,7.66,7.64,7.66,330869
1576062000,7.66,7.68,7.64,7.66,1709993
1576065600,7.65,7.67,7.65,7.65,842774
1576069200,7.65,7.67,7.64,7.65,834499
1576072800,7.65,7.66,7.64,7.65,1212782
1576076400,7.65,7.65,7.65,7.65,2204890
1576130400,7.73,7.73,7.73,7.73,263956
1576134000,7.74,7.75,7.72,7.73,2937542
1576137600,7.74,7.76,7.73,7.76,1734726
1576141200,7.75,7.76,7.75,7.75,604190
1576144800,7.76,7.77,7.74,7.76,1340188
1576148400,7.76,7.83,7.72,7.83,8150663
1576152000,7.83,7.84,7.8,7.8,3077701
1576155600,7.81,7.86,7.8,7.84,2615294
1576159200,7.84,7.89,7.83,7.89,4348317
1576162800,7.87,7.87,7.87,7.87,1491975
1576216800,8.01,8.01,8.01,8.01,665422
1576220400,8.01,8.03,7.93,7.95,7714737
1576224000,7.96,7.99,7.95,7.98,3121907
1576227600,7.98,8.09,7.97,8.08,5921947
1576231200,8.08,8.17,8.07,8.16,9754972
1576234800,8.15,8.15,8.01,8.07,6580927
1576238400,8.07,8.08,8,8.01,3345519
1576242000,8.01,8.04,7.97,8.03,3967650
1576245600,8.03,8.04,7.95,8,5677513
1576249200,8.02,8.02,8.02,8.02,1667709
1576476000,8.02,8.02,8.02,8.02,65883
1576479600,8.02,8.07,7.95,8,4830162
1576483200,8.01,8.05,7.99,8.03,1459086
1576486800,8.04,8.04,7.98,7.99,1165721
1576490400,7.99,8.01,7.98,7.99,2358853
1576494000,7.99,8.13,7.98,8.12,4504260
1576497600,8.12,8.13,8.07,8.1,6917620
1576501200,8.1,8.17,8.1,8.16,4379001
1576504800,8.16,8.18,8.11,8.17,6791714
1576508400,8.17,8.17,8.17,8.17,1105010
1576562400,8.17,8.17,8.17,8.17,111636
1576566000,8.17,8.24,8.17,8.19,5334061
1576569600,8.2,8.28,8.19,8.27,6058926
1576573200,8.26,8.28,8.25,8.26,1382183
1576576800,8.26,8.31,8.23,8.26,2616466
1576580400,8.26,8.28,8.19,8.22,2823667
1576584000,8.23,8.26,8.22,8.24,1412583
1576587600,8.25,8.28,8.24,8.25,2184699
1576591200,8.26,8.27,8.21,8.24,4115695
1576594800,8.22,8.22,8.22,8.22,1480589
1576648800,8.17,8.17,8.17,8.17,84682
1576652400,8.16,8.22,8.13,8.18,2824155
1576656000,8.18,8.19,8.08,8.17,4832914
1576659600,8.17,8.18,8.14,8.15,1977397
1576663200,8.16,8.17,8.13,8.15,697470
1576666800,8.14,8.16,8.13,8.15,732896
1576670400,8.15,8.18,8.14,8.17,2801058
1576674000,8.16,8.18,8.14,8.15,1373471
1576677600,8.16,8.16,8.07,8.14,4369911
1576681200,8.14,8.14,8.14,8.14,1860808
1576735200,8.15,8.15,8.15,8.15,118058
1576738800,8.16,8.18,8.08,8.09,3114390
1576742400,8.09,8.12,8.08,8.1,1336213
1576746000,8.1,8.11,8.08,8.1,615208
1576749600,8.1,8.11,8.08,8.1,636730
1576753200,8.09,8.1,8.08,8.1,369447
1576756800,8.09,8.14,8.06,8.12,2269101
1576760400,8.11,8.13,8.1,8.1,564077
1576764000,8.11,8.12,8.08,8.11,1204999
1576767600,8.08,8.08,8.08,8.08,1702362
1576821600,8.12,8.12,8.12,8.12,421091
1576825200,8.13,8.2,8.13,8.15,6378272
1576828800,8.16,8.17,8.14,8.16,1053838
1576832400,8.16,8.17,8.14,8.15,892122
1576836000,8.14,8.18,8.14,8.17,527891
1576839600,8.17,8.17,8.09,8.09,1470321
1576843200,8.1,8.14,8.07,8.12,2116890
1576846800,8.13,8.16,8.11,8.15,1805726
1576850400,8.15,8.16,8.13,8.14,2491641
1576854000,8.13,8.13,8.13,8.13,4569983
1577080800,8.15,8.15,8.15,8.15,104033
1577084400,8.15,8.17,8.13,8.15,1933137
1577088000,8.15,8.16,8.14,8.15,574967
1577091600,8.15,8.15,8.13,8.13,421177
1577095200,8.14,8.14,8.11,8.12,447305
1577098800,8.12,8.14,8.12,8.14,632403
1577102400,8.14,8.15,8.13,8.15,607220
1577106000,8.15,8.15,8.12,8.13,351559
1577109600,8.13,8.19,8.12,8.17,2499041
1577113200,8.2,8.2,8.2,8.2,833375
1577167200,8.26,8.26,8.26,8.26,295037
1577170800,8.25,8.27,8.19,8.22,2774716
1577174400,8.22,8.28,8.19,8.27,2901762
1577178000,8.26,8.27,8.25,8.26,769885
1577181600,8.25,8.26,8.24,8.26,351900
1577185200,8.26,8.26,8.24,8.26,261805
1577188800,8.26,8.26,8.24,8.25,398367
1577192400,8.25,8.25,8.24,8.25,231775
1577196000,8.25,8.26,8.2,8.22,1266758
1577199600,8.21,8.21,8.21,8.21,547871
1577253600,8.23,8.23,8.23,8.23,174225
1577257200,8.23,8.27,8.23,8.24,1571836
1577260800,8.24,8.25,8.23,8.23,219479
1577264400,8.24,8.26,8.23,8.26,1687333
1577268000,8.26,8.27,8.26,8.27,165374
1577271600,8.26,8.27,8.25,8.26,259027
1577275200,8.26,8.27,8.25,8.26,224508
1577278800,8.26,8.27,8.25,8.27,318924
1577282400,8.26,8.26,8.23,8.23,528565
1577286000,8.23,8.23,8.23,8.23,529872
1577340000,8.24,8.24,8.24,8.24,37219
1577343600,8.24,8.29,8.23,8.27,1929390
1577347200,8.27,8.36,8.26,8.35,2852276
1577350800,8.35,8.37,8.32,8.33,957562
1577354400,8.33,8.34,8.32,8.34,242449
1577358000,8.34,8.34,8.31,8.33,407972
1577361600,8.31,8.32,8.27,8.28,875909
1577365200,8.28,8.29,8.23,8.27,1613983
1577368800,8.27,8.29,8.26,8.27,852227
1577372400,8.25,8.25,8.25,8.25,247418
1577426400,8.3,8.3,8.3,8.3,50934
1577430000,8.31,8.33,8.28,8.29,976857
1577433600,8.29,8.29,8.27,8.29,650891
1577437200,8.28,8.29,8.26,8.28,448464
1577440800,8.28,8.28,8.24,8.24,615681
1577444400,8.24,8.25,8.19,8.23,1493947
1577448000,8.24,8.27,8.23,8.25,1106560
1577451600,8.25,8.27,8.22,8.23,1562870
1577455200,8.23,8.25,8.22,8.23,1731372
1577458800,8.22,8.22,8.22,8.22,760100
1577685600,8.24,8.24,8.24,8.24,73974
1577689200,8.25,8.29,8.23,8.27,2398974
1577692800,8.27,8.28,8.25,8.27,1243142
1577696400,8.27,8.32,8.26,8.31,3794582
1577700000,8.31,8.33,8.29,8.29,908804
1577703600,8.3,8.3,8.25,8.27,1669123
1577707200,8.27,8.3,8.27,8.29,1052151
1577710800,8.29,8.3,8.28,8.29,2055730
1577714400,8.29,8.29,8.25,8.26,2011814
1577718000,8.28,8.28,8.28,8.28,1144984
1577772000,8.3,8.3,8.3,8.3,103907
1577775600,8.3,8.31,8.25,8.29,2070819
1577779200,8.28,8.29,8.23,8.24,1472988
1577782800,8.24,8.25,8.21,8.22,1013005
1577786400,8.22,8.23,8.21,8.22,543644
1577790000,8.21,8.24,8.21,8.22,1497066
1577793600,8.22,8.22,8.15,8.16,2046389
1577797200,8.17,8.19,8.16,8.18,2878668
1577800800,8.17,8.18,8.1,8.12,5292795
1577804400,8.12,8.12,8.11,8.11,1602506
1577944800,8.17,8.17,8.17,8.17,416927
1577948400,8.17,8.19,8.12,8.17,5172963
1577952000,8.18,8.2,8.17,8.18,4095011
1577955600,8.19,8.2,8.16,8.17,1166170
1577959200,8.17,8.18,8.14,8.15,1237328
1577962800,8.15,8.17,8.14,8.16,1491141
1577966400,8.16,8.17,8.14,8.15,1330133
1577970000,8.15,8.17,8.15,8.17,1619667
1577973600,8.17,8.2,8.16,8.18,5067441
1577977200,8.18,8.18,8.18,8.18,1396875
1578031200,8.12,8.12,8.12,8.12,238367
1578034800,8.12,8.13,8.08,8.11,5330648
1578038400,8.11,8.11,8,8.05,5633085
1578042000,8.04,8.05,7.98,7.99,3587265
1578045600,7.99,8,7.95,7.95,1905956
1578049200,7.96,7.98,7.93,7.94,3174392
1578052800,7.94,7.97,7.9,7.96,2603897
1578056400,7.97,7.98,7.95,7.96,2046752
1578060000,7.96,7.97,7.94,7.96,2149495
1578063600,7.94,7.94,7.94,7.94,1694497
1578290400,7.81,7.81,7.81,7.81,166091
1578294000,7.81,7.86,7.76,7.84,3734109
1578297600,7.84,7.85,7.73,7.74,5990787
1578301200,7.74,7.75,7.71,7.75,3880948
1578304800,7.75,7.77,7.74,7.76,1539883
1578308400,7.76,7.77,7.72,7.73,1732958
1578312000,7.73,7.75,7.71,7.73,2572420
1578315600,7.73,7.74,7.68,7.71,2676848
1578319200,7.7,7.72,7.66,7.71,3577887
1578322800,7.68,7.68,7.68,7.68,1549990
1578376800,7.78,7.78,7.78,7.78,432376
1578380400,7.77,7.82,7.77,7.82,6455373
1578384000,7.82,7.83,7.8,7.81,2385604
1578387600,7.8,7.83,7.8,7.82,1311278
1578391200,7.82,7.83,7.79,7.82,848788
1578394800,7.82,7.86,7.81,7.84,1312536
1578398400,7.83,7.86,7.83,7.85,1201645
1578402000,7.85,7.86,7.81,7.83,1493577
1578405600,7.83,7.83,7.76,7.79,2240688
1578409200,7.8,7.8,7.8,7.8,654634
1578463200,7.69,7.69,7.69,7.69,108052
1578466800,7.69,7.85,7.66,7.84,6505587
1578470400,7.84,7.87,7.81,7.86,3417624
1578474000,7.86,7.9,7.85,7.89,6491305
1578477600,7.89,7.91,7.88,7.89,1743335
1578481200,7.9,7.98,7.88,7.94,5343661
1578484800,7.94,7.97,7.91,7.94,2390079
1578488400,7.94,7.98,7.92,7.93,2273129
1578492000,7.93,7.97,7.86,7.96,3817765
1578495600,7.96,7.96,7.96,7.96,826518
1578549600,8.21,8.21,8.21,8.21,614578
1578553200,8.22,8.28,8.18,8.27,9841975
1578556800,8.27,8.32,8.23,8.3,8571134
1578560400,8.3,8.38,8.29,8.34,7720229
1578564000,8.34,8.37,8.33,8.35,3390519
1578567600,8.35,8.39,8.34,8.36,3181390
1578571200,8.37,8.37,8.29,8.34,3659805
1578574800,8.34,8.44,8.33,8.43,4959495
1578578400,8.44,8.53,8.42,8.51,4818531
1578582000,8.52,8.52,8.52,8.52,1034732
1578636000,8.55,8.55,8.55,8.55,161720
1578639600,8.55,8.61,8.51,8.57,5149389
1578643200,8.58,8.66,8.57,8.57,6648411
1578646800,8.57,8.63,8.57,8.63,1947215
1578650400,8.63,8.65,8.61,8.64,2101012
1578654000,8.65,8.77,8.64,8.73,6750434
1578657600,8.73,8.75,8.66,8.71,6623557
1578661200,8.72,8.73,8.62,8.64,4443010
1578664800,8.65,8.71,8.65,8.67,4511357
1578668400,8.69,8.69,8.69,8.69,1285592
1578895200,8.82,8.82,8.82,8.82,225073
1578898800,8.81,8.88,8.8,8.83,8626744
1578902400,8.82,8.9,8.81,8.82,6205482
1578906000,8.82,8.85,8.79,8.83,2808947
1578909600,8.83,8.85,8.82,8.83,575355
1578913200,8.83,8.85,8.81,8.82,1811783
1578916800,8.83,8.83,8.79,8.8,1965161
1578920400,8.79,8.83,8.72,8.79,2914049
1578924000,8.79,8.8,8.74,8.75,3214436
1578927600,8.75,8.75,8.72,8.72,2142917
1578981600,8.72,8.72,8.72,8.72,78456
1578985200,8.71,8.78,8.63,8.66,5990673
1578988800,8.67,8.69,8.62,8.68,2802035
1578992400,8.69,8.79,8.68,8.77,4260112
1578996000,8.77,8.8,8.73,8.74,1547423
1578999600,8.74,8.8,8.73,8.76,1997282
1579003200,8.76,8.82,8.75,8.8,4900504
1579006800,8.8,8.84,8.79,8.83,2512334
1579010400,8.83,8.87,8.81,8.85,3744004
1579014000,8.87,8.87,8.87,8.87,1622639
1579068000,8.83,8.83,8.83,8.83,54321
1579071600,8.82,8.88,8.79,8.85,3510654
1579075200,8.84,8.85,8.72,8.78,3102941
1579078800,8.78,8.78,8.75,8.77,798696
1579082400,8.78,8.8,8.75,8.79,889266
1579086000,8.78,8.84,8.78,8.82,1321106
1579089600,8.83,8.86,8.81,8.82,1815103
1579093200,8.82,8.86,8.78,8.82,3065175
1579096800,8.82,8.85,8.78,8.83,3190501
1579100400,8.79,8.79,8.79,8.79,1467715
1579154400,8.79,8.79,8.79,8.79,708362
1579158000,8.78,8.82,8.69,8.79,16922570
1579161600,8.8,8.87,8.78,8.82,13995658
1579165200,8.82,8.83,8.8,8.82,2820763
1579168800,8.82,8.85,8.81,8.84,4599577
1579172400,8.83,8.91,8.81,8.88,19995755
1579176000,8.88,8.95,8.84,8.91,9479723
1579179600,8.91,8.92,8.83,8.84,5729467
1579183200,8.85,8.86,8.79,8.8,10929918
1579186800,8.85,8.85,8.85,8.85,4010502
1579240800,8.86,8.86,8.86,8.86,210807
1579244400,8.86,8.93,8.83,8.89,4699783
1579248000,8.89,8.91,8.87,8.9,3171083
1579251600,8.9,8.9,8.77,8.79,3884239
1579255200,8.8,8.83,8.78,8.8,1485280
1579258800,8.8,8.82,8.76,8.8,3352268
1579262400,8.81,8.84,8.8,8.82,1476924
1579266000,8.82,8.83,8.77,8.82,1933101
1579269600,8.83,8.84,8.8,8.81,2144946
1579273200,8.82,8.82,8.82,8.82,1198897
1579500000,8.85,8.85,8.85,8.85,131473
1579503600,8.85,8.96,8.84,8.89,4893812
1579507200,8.89,8.94,8.88,8.9,3454463
1579510800,8.91,8.94,8.9,8.93,2131732
1579514400,8.92,8.94,8.89,8.9,1480541
1579518000,8.89,8.91,8.86,8.89,2402290
1579521600,8.9,8.9,8.85,8.88,1746006
1579525200,8.88,8.9,8.87,8.88,730395
1579528800,8.87,8.9,8.85,8.89,3399215
1579532400,8.9,8.9,8.9,8.9,764603
1579586400,8.83,8.83,8.83,8.83,95648
1579590000,8.82,8.88,8.82,8.86,3952693
1579593600,8.86,8.87,8.82,8.84,1611267
1579597200,8.83,8.85,8.82,8.84,1683599
1579600800,8.84,8.92,8.84,8.9,3335458
1579604400,8.89,8.92,8.88,8.91,2881620
1579608000,8.91,8.95,8.9,8.93,5812610
1579611600,8.93,8.94,8.91,8.93,2917123
1579615200,8.93,8.98,8.89,8.91,8622299
1579618800,8.85,8.85,8.85,8.85,3715537
1579672800,8.97,8.97,8.97,8.97,1010403
1579676400,8.97,8.99,8.92,8.93,5600236
1579680000,8.93,8.94,8.87,8.88,4068392
1579683600,8.88,8.92,8.85,8.9,2706537
1579687200,8.91,8.91,8.88,8.9,1519182
1579690800,8.89,8.92,8.88,8.89,1940825
1579694400,8.89,8.89,8.85,8.87,1867161
1579698000,8.87,8.87,8.73,8.76,9235541
1579701600,8.76,8.8,8.7,8.7,7430085
1579705200,8.75,8.75,8.75,8.75,2773928
1579759200,8.71,8.71,8.71,8.71,104024
1579762800,8.71,8.81,8.68,8.75,6712344
1579766400,8.75,8.86,8.75,8.84,5414882
1579770000,8.84,8.85,8.8,8.8,1933717
1579773600,8.81,8.85,8.79,8.84,2666635
1579777200,8.84,8.86,8.83,8.84,2769099
1579780800,8.85,8.88,8.76,8.78,4486345
1579784400,8.78,8.81,8.74,8.8,2379038
1579788000,8.8,8.82,8.76,8.8,3387595
1579791600,8.8,8.8,8.8,8.8,973006
1579845600,8.88,8.88,8.88,8.88,146367
1579849200,8.89,8.91,8.84,8.85,3501398
1579852800,8.86,8.87,8.74,8.78,3573671
1579856400,8.78,8.79,8.63,8.63,5449830
1579860000,8.63,8.68,8.59,8.66,4246430
1579863600,8.65,8.68,8.62,8.66,2041626
1579867200,8.64,8.68,8.58,8.66,3181747
1579870800,8.65,8.7,8.64,8.68,2896365
1579874400,8.67,8.76,8.67,8.75,3891019
1579878000,8.76,8.76,8.76,8.76,866349
1580104800,8.56,8.56,8.56,8.56,113058
1580108400,8.56,8.64,8.55,8.63,4644380
1580112000,8.62,8.69,8.61,8.66,2995361
1580115600,8.66,8.66,8.57,8.58,2568814
1580119200,8.59,8.6,8.58,8.59,904374
1580122800,8.59,8.61,8.58,8.59,1063980
1580126400,8.6,8.63,8.58,8.59,1302482
1580130000,8.59,8.61,8.58,8.59,1053324
1580133600,8.6,8.6,8.51,8.54,4143393
1580137200,8.54,8.54,8.54,8.54,2453747
1580191200,8.58,8.58,8.58,8.58,335221
1580194800,8.59,8.62,8.58,8.6,3868682
1580198400,8.59,8.6,8.49,8.5,6411626
1580202000,8.51,8.51,8.46,8.47,3951031
1580205600,8.48,8.51,8.46,8.5,1889455
1580209200,8.5,8.51,8.46,8.51,2038988
1580212800,8.51,8.55,8.49,8.52,4172278
1580216400,8.51,8.55,8.49,8.53,7056695
1580220000,8.52,8.54,8.45,8.46,6693500
1580223600,8.43,8.43,8.43,8.43,2847984
1580277600,8.5,8.5,8.5,8.5,238540
1580281200,8.51,8.51,8.43,8.46,4541216
1580284800,8.45,8.46,8.42,8.43,2254090
1580288400,8.42,8.47,8.42,8.43,3080564
1580292000,8.44,8.5,8.44,8.47,6645122
1580295600,8.47,8.48,8.36,8.38,4055722
1580299200,8.39,8.41,8.35,8.41,3622985
1580302800,8.41,8.42,8.35,8.35,2948779
1580306400,8.36,8.36,8.28,8.28,9410226
1580310000,8.28,8.28,8.28,8.28,2723643
1580364000,8.24,8.24,8.24,8.24,122494
1580367600,8.24,8.29,8.2,8.24,5193510
1580371200,8.24,8.28,8.22,8.25,4665402
1580374800,8.25,8.38,8.25,8.36,7829861
1580378400,8.36,8.39,8.35,8.36,2617252
1580382000,8.35,8.36,8.28,8.3,4183110
1580385600,8.3,8.32,8.29,8.31,2454936
1580389200,8.31,8.33,8.29,8.31,3031634
1580392800,8.31,8.44,8.29,8.42,4174284
1580396400,8.46,8.46,8.46,8.46,2987199
1580450400,8.48,8.48,8.48,8.48,125862
1580454000,8.47,8.47,8.41,8.42,5453995
1580457600,8.43,8.46,8.38,8.41,3033870
1580461200,8.4,8.44,8.39,8.41,2320282
1580464800,8.42,8.42,8.35,8.39,1357855
1580468400,8.38,8.4,8.38,8.39,1231185
1580472000,8.38,8.41,8.36,8.37,1195067
1580475600,8.37,8.38,8.33,8.35,2318592
1580479200,8.35,8.38,8.32,8.34,3403520
1580482800,8.26,8.26,8.26,8.26,3024897
1580709600,8.31,8.31,8.31,8.31,344592
1580713200,8.32,8.32,8.24,8.27,4655514
1580716800,8.27,8.34,8.26,8.32,3110962
1580720400,8.32,8.34,8.3,8.31,1225090
1580724000,8.31,8.32,8.28,8.29,1242214
1580727600,8.3,8.34,8.26,8.33,3375487
1580731200,8.33,8.34,8.32,8.33,2039747
1580734800,8.32,8.36,8.32,8.34,3049972
1580738400,8.34,8.35,8.28,8.32,3599300
1580742000,8.34,8.34,8.34,8.34,1445139
1580796000,8.41,8.41,8.41,8.41,498600
1580799600,8.42,8.47,8.42,8.45,4981825
1580803200,8.46,8.47,8.44,8.47,2313965
1580806800,8.46,8.47,8.45,8.46,965780
1580810400,8.46,8.47,8.44,8.47,1088449
1580814000,8.46,8.5,8.45,8.5,4245480
1580817600,8.49,8.54,8.48,8.54,2960879
1580821200,8.55,8.6,8.52,8.6,6955052
1580824800,8.59,8.64,8.57,8.62,5558020
1580828400,8.61,8.61,8.61,8.61,1207478
1580882400,8.62,8.62,8.62,8.62,157334
1580886000,8.62,8.67,8.58,8.64,5166164
1580889600,8.63,8.67,8.61,8.65,8592282
1580893200,8.66,8.74,8.65,8.74,6625516
1580896800,8.74,8.77,8.67,8.68,5711287
1580900400,8.68,8.73,8.6,8.64,5880197
1580904000,8.64,8.69,8.57,8.66,4754938
1580907600,8.66,8.68,8.64,8.66,1581605
1580911200,8.66,8.7,8.65,8.66,2843238
1580914800,8.67,8.67,8.67,8.67,1402730
1580968800,8.76,8.76,8.76,8.76,342401
1580972400,8.75,8.8,8.74,8.75,6296033
1580976000,8.74,8.77,8.72,8.75,7340827
1580979600,8.75,8.81,8.74,8.8,6760688
1580983200,8.8,8.82,8.77,8.77,3256173
1580986800,8.78,8.84,8.77,8.82,6389121
1580990400,8.82,8.82,8.79,8.8,3280653
1580994000,8.8,8.8,8.65,8.65,7496869
1580997600,8.65,8.69,8.58,8.64,7791493
1581001200,8.64,8.64,8.64,8.64,1788810
1581055200,8.66,8.66,8.66,8.66,245130
1581058800,8.66,8.68,8.61,8.62,5050907
1581062400,8.62,8.63,8.51,8.57,4084325
1581066000,8.56,8.58,8.54,8.55,724854
1581069600,8.55,8.57,8.54,8.56,719349
1581073200,8.56,8.56,8.53,8.56,1346829
1581076800,8.56,8.58,8.54,8.54,809633
1581080400,8.54,8.55,8.48,8.53,1662641
1581084000,8.52,8.53,8.36,8.4,5988947
1581087600,8.43,8.43,8.43,8.43,3295417
1581314400,8.37,8.37,8.37,8.37,174854
1581318000,8.36,8.39,8.25,8.37,7066256
1581321600,8.37,8.42,8.34,8.38,4459691
1581325200,8.38,8.4,8.36,8.37,3532306
1581328800,8.37,8.41,8.35,8.36,3323569
1581332400,8.36,8.38,8.33,8.35,2281670
1581336000,8.35,8.37,8.21,8.23,6672073
1581339600,8.23,8.27,8.17,8.24,6987147
1581343200,8.24,8.28,8.18,8.27,4539598
1581346800,8.26,8.26,8.26,8.26,1669092
1581400800,8.32,8.32,8.32,8.32,551102
1581404400,8.32,8.32,8.18,8.24,10684979
1581408000,8.23,8.25,8.17,8.22,5972105
1581411600,8.22,8.22,8.15,8.2,4948575
1581415200,8.2,8.21,8.13,8.15,2720556
1581418800,8.16,8.29,8.12,8.26,8776394
1581422400,8.27,8.31,8.26,8.28,5807808
1581426000,8.29,8.3,8.24,8.3,5701427
1581429600,8.3,8.39,8.3,8.36,6562266
1581433200,8.37,8.37,8.37,8.37,1725322
1581487200,8.36,8.36,8.36,8.36,95663
1581490800,8.36,8.38,8.31,8.34,3395639
1581494400,8.35,8.42,8.28,8.41,7838139
1581498000,8.41,8.43,8.38,8.4,5337151
1581501600,8.4,8.41,8.34,8.37,3759780
1581505200,8.36,8.39,8.34,8.36,5705298
1581508800,8.37,8.38,8.31,8.33,3789840
1581512400,8.33,8.33,8.25,8.29,4842846
1581516000,8.29,8.29,8.12,8.13,9738696
1581519600,8.12,8.12,8.12,8.12,2270059
1581573600,8.09,8.09,8.09,8.09,311060
1581577200,8.09,8.12,8.04,8.07,4040767
1581580800,8.06,8.13,8.03,8.11,3137381
1581584400,8.11,8.13,8.1,8.13,2968600
1581588000,8.13,8.13,8.1,8.1,1091871
1581591600,8.11,8.12,8.09,8.11,848286
1581595200,8.11,8.18,8.1,8.17,2657752
1581598800,8.17,8.19,8.12,8.14,2386307
1581602400,8.15,8.17,8.11,8.14,1611250
1581606000,8.16,8.16,8.16,8.16,1296829
1581660000,8.24,8.24,8.24,8.24,308978
1581663600,8.22,8.32,8.21,8.32,10431506
1581667200,8.32,8.34,8.25,8.25,4399955
1581670800,8.24,8.25,8.18,8.21,2947810
1581674400,8.2,8.23,8.2,8.21,938484
1581678000,8.21,8.23,8.21,8.21,960467
1581681600,8.21,8.22,8.17,8.18,2350968
1581685200,8.18,8.19,8.13,8.15,3233707
1581688800,8.14,8.17,8.11,8.12,4442732
1581692400,8.1,8.1,8.1,8.1,1452929
1581919200,8.2,8.2,8.2,8.2,247338
1581922800,8.2,8.2,8.15,8.17,2573575
1581926400,8.17,8.18,8.13,8.15,1775195
1581930000,8.15,8.16,8.13,8.14,1197666
1581933600,8.14,8.15,8.13,8.14,1150257
1581937200,8.14,8.15,8.11,8.13,3075838
1581940800,8.14,8.15,8.13,8.13,613141
1581944400,8.13,8.17,8.13,8.15,1287835
1581948000,8.15,8.15,8.1,8.1,2508494
1581951600,8.1,8.1,8.1,8.1,696675
1582005600,8.08,8.08,8.08,8.08,91398
1582009200,8.07,8.09,8.01,8.05,2847967
1582012800,8.04,8.1,8.03,8.09,1972185
1582016400,8.09,8.14,8.06,8.13,2361097
1582020000,8.13,8.16,8.11,8.13,3390971
1582023600,8.12,8.13,8.08,8.1,2184337
1582027200,8.11,8.14,8.1,8.13,2763126
1582030800,8.13,8.15,8.05,8.09,5507174
1582034400,8.08,8.09,8.06,8.07,2316238
1582038000,8.06,8.06,8.06,8.06,1087566
1582092000,8.11,8.11,8.11,8.11,107458
1582095600,8.1,8.13,8.08,8.1,3024008
1582099200,8.11,8.11,8.06,8.07,1693427
1582102800,8.07,8.09,8.01,8.02,2252905
1582106400,8.02,8.04,7.97,8.03,2131612
1582110000,8.04,8.05,7.88,7.93,5545626
1582113600,7.93,7.94,7.85,7.86,4151274
1582117200,7.86,7.92,7.86,7.9,1869156
1582120800,7.9,7.94,7.86,7.93,3668323
1582124400,7.92,7.92,7.92,7.92,1104154
1582178400,7.93,7.93,7.93,7.93,321190
1582182000,7.92,7.93,7.85,7.9,3147960
1582185600,7.9,7.91,7.77,7.79,4600382
1582189200,7.79,7.79,7.75,7.77,3909018
1582192800,7.76,7.79,7.76,7.77,2020330
1582196400,7.76,7.78,7.67,7.72,4838269
1582200000,7.71,7.73,7.63,7.64,3768330
1582203600,7.64,7.69,7.56,7.64,6439051
1582207200,7.64,7.7,7.57,7.67,6712598
1582210800,7.62,7.62,7.62,7.62,1959298
1582264800,7.58,7.58,7.58,7.58,37832
1582268400,7.57,7.64,7.55,7.6,4563194
1582272000,7.59,7.61,7.55,7.6,3264501
1582275600,7.6,7.62,7.57,7.6,2776732
1582279200,7.59,7.64,7.59,7.62,2613752
1582282800,7.62,7.62,7.56,7.59,2108123
1582286400,7.59,7.79,7.58,7.73,9647515
1582290000,7.72,7.78,7.71,7.75,5027141
1582293600,7.74,7.77,7.66,7.68,4453534
1582297200,7.69,7.69,7.69,7.69,878582
1582524000,7.5,7.5,7.5,7.5,77304
1582527600,7.5,7.55,7.46,7.54,4167457
1582531200,7.54,7.55,7.46,7.49,3714089
1582534800,7.49,7.5,7.46,7.49,1459335
1582538400,7.49,7.49,7.45,7.47,1052612
1582542000,7.47,7.5,7.45,7.48,2158051
1582545600,7.48,7.52,7.47,7.49,3050445
1582549200,7.49,7.51,7.46,7.47,1731771
1582552800,7.46,7.52,7.45,7.52,3447240
1582556400,7.53,7.53,7.53,7.53,2045378
1582610400,7.61,7.61,7.61,7.61,495112
1582614000,7.61,7.63,7.54,7.56,5182210
1582617600,7.57,7.57,7.53,7.55,2706006
1582621200,7.55,7.55,7.5,7.5,2363787
1582624800,7.5,7.52,7.45,7.47,3978052
1582628400,7.47,7.51,7.45,7.49,3543446
1582632000,7.49,7.54,7.48,7.53,3391059
1582635600,7.52,7.53,7.47,7.51,3089789
1582639200,7.5,7.54,7.47,7.48,3306241
1582642800,7.45,7.45,7.45,7.45,2199826
1582696800,7.45,7.45,7.45,7.45,322851
1582700400,7.44,7.47,7.4,7.43,4593959
1582704000,7.42,7.48,7.41,7.46,4906178
1582707600,7.46,7.46,7.39,7.43,5084383
1582711200,7.44,7.49,7.43,7.46,2379639
1582714800,7.46,7.53,7.44,7.53,4141639
1582718400,7.53,7.56,7.5,7.55,5583540
1582722000,7.54,7.61,7.54,7.58,5151403
1582725600,7.57,7.6,7.54,7.59,3370369
1582729200,7.58,7.58,7.58,7.58,1617021
1582783200,7.53,7.53,7.53,7.53,356160
1582786800,7.53,7.54,7.47,7.52,3853378
1582790400,7.51,7.53,7.48,7.51,2208296
1582794000,7.51,7.52,7.43,7.45,2098415
1582797600,7.46,7.46,7.4,7.42,2818616
1582801200,7.41,7.44,7.4,7.41,4673807
1582804800,7.41,7.44,7.29,7.31,6856520
1582808400,7.32,7.33,7.28,7.29,3118583
1582812000,7.3,7.31,7.23,7.25,6437975
1582815600,7.25,7.25,7.21,7.21,1775558
1582869600,6.25,6.25,6.25,6.25,236240
1582873200,6.25,6.8,6.25,6.62,5090331
1582876800,6.62,6.84,6.62,6.76,4141525
1582880400,6.75,6.84,6.66,6.68,3402891
1582884000,6.69,6.77,6.68,6.74,4434960
1582887600,6.73,6.87,6.71,6.76,12444747
1582891200,6.76,6.8,6.71,6.75,7372390
1582894800,6.74,6.82,6.73,6.75,5182665
1582898400,6.75,6.78,6.71,6.75,5871035
1582902000,6.76,6.76,6.76,6.76,2705365
1583128800,6.97,6.97,6.97,6.97,369487
1583132400,6.96,6.99,6.9,6.97,4996442
1583136000,6.97,7,6.94,6.97,2989977
1583139600,6.96,6.98,6.87,6.9,2984150
1583143200,6.9,6.9,6.84,6.86,2698938
1583146800,6.86,6.9,6.81,6.85,4296247
1583150400,6.83,6.92,6.82,6.9,4255943
1583154000,6.89,6.92,6.88,6.91,3448153
1583157600,6.91,6.92,6.87,6.88,4276638
1583161200,6.87,6.87,6.87,6.87,3011335
1583215200,7,7,7,7,362825
1583218800,7.01,7.06,7,7.02,6200309
1583222400,7.02,7.11,7.02,7.1,5111603
1583226000,7.11,7.19,7.1,7.18,3523745
1583229600,7.19,7.25,7.18,7.2,2856296
1583233200,7.2,7.21,7.14,7.15,2525265
1583236800,7.14,7.2,7.08,7.08,4956701
1583240400,7.07,7.15,7.06,7.09,3623096
1583244000,7.09,7.18,7.07,7.15,6879180
1583247600,7.15,7.23,7.15,7.23,2016602
1583301600,7.23,7.23,7.23,7.23,580638
1583305200,7.23,7.41,7.2,7.32,9377894
1583308800,7.31,7.41,7.3,7.38,4938526
1583312400,7.39,7.5,7.35,7.46,7982855
1583316000,7.47,7.51,7.44,7.48,3713354
1583319600,7.48,7.5,7.44,7.49,3481350
1583323200,7.49,7.55,7.44,7.52,5894503
1583326800,7.52,7.52,7.38,7.48,5810542
1583330400,7.49,7.5,7.42,7.44,5102454
1583334000,7.48,7.48,7.48,7.48,965074
1583388000,7.61,7.61,7.61,7.61,402388
1583391600,7.61,7.62,7.53,7.57,5003592
1583395200,7.58,7.6,7.54,7.55,2855414
1583398800,7.55,7.57,7.53,7.57,1133328
1583402400,7.57,7.57,7.52,7.55,1301405
1583406000,7.54,7.58,7.52,7.55,3138249
1583409600,7.55,7.55,7.37,7.44,5876045
1583413200,7.44,7.49,7.41,7.49,3912550
1583416800,7.48,7.54,7.46,7.47,7172655
1583420400,7.47,7.47,7.43,7.43,1820505
1583474400,7.37,7.37,7.37,7.37,187604
1583478000,7.38,7.47,7.28,7.31,6722174
1583481600,7.3,7.31,7.14,7.23,5279569
1583485200,7.22,7.23,7.15,7.19,2259147
1583488800,7.19,7.19,7.13,7.15,2848550
1583492400,7.15,7.23,7.14,7.21,1979531
1583496000,7.21,7.26,7.18,7.19,2297226
1583499600,7.18,7.24,7.17,7.23,1521522
1583503200,7.23,7.32,7.21,7.32,2460855
1583506800,7.29,7.29,7.29,7.29,831847
1583733600,7.1,7.1,7.1,7.1,213573
1583737200,7.09,7.14,6.97,7.03,6429555
1583740800,7.04,7.05,7.01,7.03,1723380
1583744400,7.02,7.09,7.02,7.06,1691052
1583748000,7.06,7.07,7.01,7.04,755290
1583751600,7.04,7.04,6.99,6.99,1243839
1583755200,7,7.02,6.96,6.99,2106185
1583758800,6.99,7.02,6.92,7,4956997
1583762400,6.99,7.06,6.94,6.95,5312150
1583766000,6.94,6.94,6.94,6.94,1624537
1583820000,7.14,7.14,7.14,7.14,243284
1583823600,7.14,7.18,7.07,7.13,4222723
1583827200,7.13,7.18,7.1,7.17,4835743
1583830800,7.18,7.18,7.14,7.15,2077744
1583834400,7.15,7.22,7.14,7.21,2642488
1583838000,7.21,7.21,7.13,7.16,2301015
1583841600,7.16,7.17,7,7.04,7392686
1583845200,7.03,7.08,7.01,7.01,2912242
1583848800,7.02,7.04,6.85,6.87,5402145
1583852400,6.84,6.84,6.84,6.84,1291906
1583906400,6.84,6.84,6.84,6.84,134916
1583910000,6.83,6.94,6.8,6.91,5386466
1583913600,6.91,6.91,6.8,6.86,3455152
1583917200,6.86,6.86,6.8,6.82,2075152
1583920800,6.81,6.82,6.69,6.7,3417649
1583924400,6.69,6.71,6.64,6.69,2735613
1583928000,6.68,6.7,6.6,6.65,1902625
1583931600,6.63,6.78,6.63,6.73,3114780
1583935200,6.73,6.8,6.7,6.76,3560457
1583938800,6.77,6.77,6.77,6.77,2001680
1583992800,6.6,6.6,6.6,6.6,93933
1583996400,6.61,6.61,6.46,6.51,5442591
1584000000,6.51,6.51,6.35,6.35,5488571
1584003600,6.35,6.36,6.26,6.32,3815458
1584007200,6.33,6.41,6.28,6.4,2267493
1584010800,6.4,6.46,6.36,6.39,2803482
1584014400,6.4,6.42,6.35,6.36,2298611
1584018000,6.35,6.44,6.27,6.35,5932959
1584021600,6.35,6.38,6.28,6.31,3680461
1584025200,6.26,6.26,6.26,6.26,2003137
1584079200,6.3,6.3,6.3,6.3,112097
1584082800,6.31,6.61,6.24,6.6,11999827
1584086400,6.59,6.6,6.4,6.47,4206865
1584090000,6.47,6.52,6.43,6.5,1987955
1584093600,6.5,6.55,6.46,6.51,2104640
1584097200,6.51,6.64,6.49,6.61,6368186
1584100800,6.6,6.7,6.58,6.63,5868202
1584104400,6.63,6.66,6.51,6.53,3562704
1584108000,6.52,6.56,6.4,6.43,6037125
1584111600,6.45,6.45,6.45,6.45,2532644
1584338400,6.11,6.11,6.11,6.11,242399
1584342000,6.11,6.22,6.02,6.19,5177798
1584345600,6.2,6.25,6.08,6.1,3517107
1584349200,6.1,6.16,6.08,6.14,2554279
1584352800,6.14,6.16,6.05,6.07,2510921
1584356400,6.07,6.12,6.05,6.06,1969813
1584360000,6.07,6.13,6.05,6.06,2236532
1584363600,6.07,6.07,5.85,5.98,5002339
1584367200,5.98,6.13,5.92,6.09,6420484
1584370800,5.97,5.97,5.97,5.97,1636214
1584424800,6.07,6.07,6.07,6.07,140188
1584428400,6.08,6.15,6,6.09,7605910
1584432000,6.1,6.12,5.78,5.82,6698002
1584435600,5.82,5.83,5.66,5.7,3220660
1584439200,5.7,6.05,5.7,6.04,7470078
1584442800,6.03,6.09,5.81,5.81,11582064
1584446400,5.82,5.94,5.8,5.91,5931664
1584450000,5.9,6,5.87,5.92,6010998
1584453600,5.92,6.1,5.91,6.07,10609732
1584457200,6.09,6.09,6.09,6.09,1840248
1584511200,5.96,5.96,5.96,5.96,135058
1584514800,5.96,6.19,5.91,6.09,9050259
1584518400,6.09,6.12,6.01,6.04,4134092
1584522000,6.04,6.07,6.03,6.06,2268677
1584525600,6.06,6.07,5.99,5.99,1861126
1584529200,5.99,6.05,5.95,5.98,3439648
1584532800,5.98,6,5.93,5.95,2177396
1584536400,5.94,6,5.93,5.97,2938731
1584540000,5.98,6.03,5.91,5.91,5564597
1584543600,5.86,5.86,5.86,5.86,1299376
1584597600,5.89,5.89,5.89,5.89,94083
1584601200,5.88,5.89,5.76,5.84,5586423
1584604800,5.85,5.95,5.82,5.92,5789597
1584608400,5.92,5.93,5.84,5.85,3025382
1584612000,5.84,5.85,5.77,5.78,2949732
1584615600,5.78,5.81,5.61,5.62,3683018
1584619200,5.62,5.73,5.62,5.73,4400818
1584622800,5.72,5.8,5.68,5.69,3942906
1584626400,5.69,5.8,5.65,5.68,5470735
1584630000,5.68,5.68,5.68,5.68,827981
1584684000,5.85,5.85,5.85,5.85,224657
1584687600,5.86,5.87,5.77,5.81,4486696
1584691200,5.82,5.86,5.81,5.83,3485300
1584694800,5.83,5.88,5.82,5.85,1682118
1584698400,5.85,5.86,5.81,5.82,1029105
1584702000,5.82,5.83,5.73,5.77,2616956
1584705600,5.77,5.79,5.56,5.57,3887810
1584709200,5.57,5.66,5.56,5.6,2400338
1584712800,5.6,5.62,5.5,5.57,6822041
1584716400,5.52,5.52,5.52,5.52,6976940
1584943200,5.3,5.3,5.3,5.3,252894
1584946800,5.3,5.33,5.07,5.09,9088506
1584950400,5.09,5.12,5.05,5.09,4596254
1584954000,5.09,5.15,5.09,5.13,2508317
1584957600,5.14,5.15,5.1,5.14,3505499
1584961200,5.14,5.18,5.1,5.13,4868162
1584964800,5.12,5.5,5.12,5.4,13929861
1584968400,5.39,5.45,5.25,5.39,5889215
1584972000,5.38,5.5,5.35,5.41,10162689
1584975600,5.41,5.41,5.36,5.36,1091995
1585029600,5.58,5.58,5.58,5.58,214158
1585033200,5.58,5.63,5.55,5.59,5834631
1585036800,5.59,5.64,5.58,5.6,4113959
1585040400,5.6,5.63,5.59,5.63,4455094
1585044000,5.63,5.64,5.6,5.62,2615270
1585047600,5.62,5.63,5.6,5.61,1553670
1585051200,5.61,5.66,5.58,5.65,5381482
1585054800,5.65,5.82,5.64,5.75,10981055
1585058400,5.76,5.78,5.69,5.74,7875084
1585062000,5.73,5.73,5.73,5.73,2025363
1585116000,5.79,5.79,5.79,5.79,447814
1585119600,5.79,5.91,5.76,5.86,15970346
1585123200,5.86,5.87,5.8,5.87,4073048
1585126800,5.87,5.88,5.81,5.82,3572386
1585130400,5.82,5.83,5.58,5.62,9139512
1585134000,5.61,5.68,5.59,5.64,8897356
1585137600,5.64,5.66,5.59,5.62,9173759
1585141200,5.62,5.65,5.59,5.6,12691040
1585144800,5.59,5.61,5.55,5.58,7913385
1585148400,5.57,5.57,5.57,5.57,1527948
1585202400,5.55,5.55,5.55,5.55,176059
1585206000,5.54,5.59,5.52,5.55,7445416
1585209600,5.54,5.59,5.52,5.55,12893124
1585213200,5.55,5.57,5.52,5.54,5633836
1585216800,5.54,5.58,5.53,5.55,5524756
1585220400,5.55,5.57,5.51,5.54,5492860
1585224000,5.53,5.6,5.52,5.6,12341863
1585227600,5.6,5.66,5.59,5.64,22908368
1585231200,5.63,5.77,5.62,5.72,18995808
1585234800,5.73,5.73,5.73,5.73,1405695
1585288800,5.74,5.74,5.74,5.74,495048
1585292400,5.73,5.75,5.65,5.69,11418928
1585296000,5.68,5.71,5.58,5.61,8131376
1585299600,5.6,5.63,5.58,5.6,5845681
1585303200,5.61,5.64,5.59,5.62,4887554
1585306800,5.61,5.64,5.58,5.59,3776025
1585310400,5.59,5.61,5.53,5.53,4330528
1585314000,5.54,5.58,5.51,5.57,4649199
1585317600,5.57,5.59,5.52,5.54,3763650
1585321200,5.53,5.53,5.53,5.53,1303167
1585548000,5.51,5.51,5.51,5.51,180003
1585551600,5.51,5.55,5.47,5.5,8523415
1585555200,5.5,5.54,5.48,5.5,8330103
1585558800,5.5,5.52,5.47,5.47,5720059
1585562400,5.47,5.5,5.46,5.49,1671032
1585566000,5.49,5.53,5.48,5.52,3955033
1585569600,5.52,5.58,5.5,5.57,9918505
1585573200,5.56,5.58,5.49,5.5,6940596
1585576800,5.51,5.53,5.49,5.5,5911726
1585580400,5.51,5.51,5.51,5.51,1248727
1585634400,5.62,5.62,5.62,5.62,568111
1585638000,5.63,5.7,5.58,5.69,16431725
1585641600,5.69,5.69,5.63,5.64,5190084
1585645200,5.64,5.67,5.61,5.63,4942611
1585648800,5.63,5.63,5.58,5.6,3871633
1585652400,5.61,5.62,5.58,5.59,2469931
1585656000,5.58,5.63,5.56,5.62,5220256
1585659600,5.63,5.66,5.58,5.59,6724618
1585663200,5.6,5.65,5.59,5.62,10389393
1585666800,5.6,5.6,5.6,5.6,5015975
1585720800,5.48,5.48,5.48,5.48,352478
1585724400,5.47,5.51,5.41,5.5,13135559
1585728000,5.5,5.52,5.46,5.49,4681498
1585731600,5.49,5.52,5.47,5.51,6455666
1585735200,5.51,5.54,5.46,5.48,8006321
1585738800,5.49,5.49,5.46,5.48,4077078
1585742400,5.47,5.48,5.42,5.43,4616135
1585746000,5.42,5.45,5.42,5.43,3627951
1585749600,5.43,5.46,5.43,5.45,7124760
1585753200,5.47,5.47,5.47,5.47,1730405
1585807200,5.56,5.56,5.56,5.56,882145
1585810800,5.55,5.57,5.48,5.53,10255786
1585814400,5.53,5.54,5.47,5.49,4536419
1585818000,5.49,5.5,5.43,5.46,4335648
1585821600,5.46,5.47,5.43,5.47,5277062
1585825200,5.47,5.47,5.44,5.47,2552533
1585828800,5.47,5.47,5.41,5.41,5320954
1585832400,5.41,5.43,5.39,5.4,7289473
1585836000,5.4,5.46,5.39,5.44,9065694
1585839600,5.46,5.46,5.46,5.46,1825066
1585893600,5.46,5.46,5.46,5.46,189806
1585897200,5.46,5.47,5.39,5.39,7796717
1585900800,5.4,5.43,5.38,5.41,5556030
1585904400,5.41,5.42,5.4,5.41,1826382
1585908000,5.42,5.43,5.4,5.4,2130331
1585911600,5.4,5.43,5.4,5.43,2631926
1585915200,5.43,5.43,5.4,5.43,3975302
1585918800,5.43,5.44,5.4,5.4,4383244
1585922400,5.4,5.42,5.39,5.4,7173720
1585926000,5.42,5.42,5.42,5.42,1592248
1586152800,5.53,5.53,5.53,5.53,746928
1586156400,5.53,5.53,5.47,5.49,8049408
1586160000,5.49,5.49,5.46,5.48,2607798
1586163600,5.49,5.51,5.48,5.49,4446480
1586167200,5.49,5.5,5.48,5.5,1040184
1586170800,5.5,5.52,5.48,5.51,2647466
1586174400,5.51,5.53,5.49,5.53,3688203
1586178000,5.52,5.54,5.51,5.54,7637115
1586181600,5.53,5.59,5.52,5.57,12639224
1586185200,5.58,5.58,5.58,5.58,1348685
1586239200,5.68,5.68,5.68,5.68,1156494
1586242800,5.68,5.73,5.66,5.72,17207488
1586246400,5.71,5.73,5.65,5.66,6708320
1586250000,5.65,5.69,5.65,5.69,2363077
1586253600,5.68,5.7,5.68,5.68,2112977
1586257200,5.69,5.7,5.67,5.68,2644703
1586260800,5.68,5.72,5.68,5.7,6275276
1586264400,5.7,5.71,5.67,5.69,5535339
1586268000,5.7,5.7,5.57,5.59,12929430
1586271600,5.58,5.58,5.58,5.58,2509405
1586325600,5.57,5.57,5.57,5.57,408396
1586329200,5.57,5.63,5.57,5.59,8757156
1586332800,5.6,5.61,5.56,5.58,3538603
1586336400,5.57,5.6,5.57,5.59,2464577
1586340000,5.59,5.61,5.58,5.61,2119873
1586343600,5.6,5.62,5.59,5.61,3036564
1586347200,5.61,5.64,5.6,5.62,4812825
1586350800,5.62,5.63,5.6,5.61,1790189
1586354400,5.6,5.64,5.6,5.64,5242778
1586358000,5.65,5.65,5.65,5.65,1373246
1586412000,5.73,5.73,5.73,5.73,543473
1586415600,5.73,5.79,5.7,5.78,10222120
1586419200,5.78,5.78,5.71,5.73,4706294
1586422800,5.72,5.73,5.68,5.71,9030626
1586426400,5.71,5.72,5.7,5.72,2565103
1586430000,5.72,5.73,5.69,5.7,5904329
1586433600,5.7,5.71,5.65,5.71,7153870
1586437200,5.71,5.9,5.69,5.9,25892905
1586440800,5.9,6.01,5.83,6,32568925
1586444400,6.03,6.03,6.03,6.03,3420353
1586498400,6.03,6.03,6.03,6.03,453348
1586502000,6.04,6.04,5.94,5.99,7075020
1586505600,5.98,6,5.97,5.98,1590624
1586509200,5.99,5.99,5.95,5.98,2529643
1586512800,5.97,6.05,5.97,6.03,6934705
1586516400,6.04,6.04,5.97,6,4924555
1586520000,5.99,6.01,5.99,6,1378655
1586523600,6,6.15,5.99,6.12,12875565
1586527200,6.12,6.25,6.09,6.11,27638097
1586530800,6.12,6.12,6.12,6.12,1098655
1586757600,5.97,5.97,5.97,5.97,531781
1586761200,5.96,6.05,5.93,6.03,13850413
1586764800,6.02,6.03,6.01,6.01,4498475
1586768400,6.01,6.07,6,6.06,4959004
1586772000,6.05,6.14,6.05,6.06,9153031
1586775600,6.06,6.1,6.04,6.09,4980940
1586779200,6.09,6.1,6.06,6.07,4479314
1586782800,6.08,6.09,6.01,6.03,6448055
1586786400,6.03,6.05,6,6.02,7061337
1586790000,6.01,6.01,6.01,6.01,696138
1586844000,6.11,6.11,6.11,6.11,420231
1586847600,6.12,6.13,6.06,6.07,11206254
1586851200,6.07,6.1,6.05,6.06,5755934
1586854800,6.07,6.08,6.05,6.07,3676007
1586858400,6.07,6.08,6.04,6.05,4836582
1586862000,6.05,6.06,6,6.03,6204966
1586865600,6.03,6.08,6.02,6.05,11004556
1586869200,6.05,6.09,6.03,6.05,15224801
1586872800,6.04,6.08,6.02,6.04,18375815
1586876400,6.02,6.02,6.02,6.02,3044382
1586930400,6.03,6.03,6.03,6.03,509206
1586934000,6.03,6.03,5.77,5.77,20814729
1586937600,5.77,5.8,5.73,5.8,11027677
1586941200,5.8,5.82,5.76,5.8,10617232
1586944800,5.8,5.8,5.77,5.79,4036400
1586948400,5.8,5.8,5.77,5.78,4067589
1586952000,5.77,5.78,5.73,5.73,8242740
1586955600,5.73,5.75,5.72,5.74,5950795
1586959200,5.74,5.75,5.67,5.7,10196857
1586962800,5.7,5.7,5.65,5.65,7887135
1587016800,5.7,5.7,5.7,5.7,704318
1587020400,5.71,5.73,5.65,5.67,12930867
1587024000,5.67,5.67,5.6,5.64,5789592
1587027600,5.63,5.68,5.62,5.65,4232663
1587031200,5.66,5.7,5.64,5.69,5780631
1587034800,5.68,5.7,5.66,5.69,5014943
1587038400,5.68,5.69,5.64,5.69,6496394
1587042000,5.69,5.71,5.66,5.66,10541983
1587045600,5.66,5.68,5.64,5.67,9075414
1587049200,5.65,5.65,5.65,5.65,3700561
1587103200,5.83,5.83,5.83,5.83,1221185
1587106800,5.83,5.84,5.77,5.78,19148471
1587110400,5.79,5.81,5.78,5.79,4191794
1587114000,5.79,5.81,5.78,5.81,3259972
1587117600,5.81,5.86,5.79,5.85,12698069
1587121200,5.85,5.88,5.84,5.86,9447691
1587124800,5.86,5.87,5.83,5.84,4347722
1587128400,5.84,5.85,5.79,5.82,6261509
1587132000,5.82,5.83,5.75,5.79,12305918
1587135600,5.79,5.79,5.79,5.79,2604119
1587362400,5.81,5.81,5.81,5.81,409054
1587366000,5.81,5.84,5.77,5.83,11481364
1587369600,5.82,5.83,5.79,5.81,4691270
1587373200,5.81,5.81,5.79,5.8,1713327
1587376800,5.8,5.8,5.75,5.76,4128310
1587380400,5.76,5.78,5.75,5.76,3686106
1587384000,5.76,5.77,5.74,5.75,3658824
1587387600,5.76,5.79,5.75,5.79,4090494
1587391200,5.78,5.79,5.76,5.79,5115342
1587394800,5.78,5.78,5.78,5.78,1411967
1587448800,5.74,5.74,5.74,5.74,752488
1587452400,5.74,5.76,5.69,5.71,7881071
1587456000,5.71,5.72,5.68,5.7,3982009
1587459600,5.7,5.7,5.67,5.69,2185626
1587463200,5.69,5.69,5.67,5.68,1526787
1587466800,5.69,5.69,5.67,5.68,1288406
1587470400,5.68,5.68,5.65,5.66,5259434
1587474000,5.65,5.71,5.65,5.7,3794063
1587477600,5.7,5.7,5.67,5.68,2655197
1587481200,5.67,5.67,5.67,5.67,1690957
1587535200,5.71,5.71,5.71,5.71,328978
1587538800,5.7,5.72,5.67,5.71,7514204
1587542400,5.72,5.74,5.71,5.73,6289872
1587546000,5.74,5.74,5.7,5.72,2033861
1587549600,5.72,5.72,5.7,5.71,3615425
1587553200,5.72,5.73,5.68,5.7,5579597
1587556800,5.7,5.7,5.68,5.69,2570609
1587560400,5.69,5.72,5.68,5.69,3988585
1587564000,5.71,5.71,5.67,5.69,7124284
1587567600,5.68,5.68,5.68,5.68,2100616
1587708000,5.69,5.69,5.69,5.69,357738
1587711600,5.69,5.72,5.66,5.7,9913323
1587715200,5.7,5.72,5.69,5.71,4205889
1587718800,5.71,5.74,5.7,5.73,4381428
1587722400,5.73,5.76,5.72,5.75,5459046
1587726000,5.76,5.78,5.75,5.76,5404310
1587729600,5.75,5.8,5.75,5.79,5381133
1587733200,5.8,5.8,5.74,5.76,7377458
1587736800,5.75,5.76,5.73,5.75,5939098
1587740400,5.74,5.74,5.74,5.74,1464139
1587967200,5.85,5.85,5.85,5.85,804723
1587970800,5.85,5.88,5.82,5.87,15918320
1587974400,5.87,5.91,5.85,5.9,8663571
1587978000,5.9,5.95,5.89,5.94,10375856
1587981600,5.94,5.94,5.91,5.93,4113148
1587985200,5.93,5.97,5.92,5.97,6419802
1587988800,5.97,5.98,5.94,5.96,4495331
1587992400,5.97,6.01,5.94,5.97,11231972
1587996000,5.97,6.04,5.96,6.04,10504153
1587999600,6.04,6.04,6.04,6.04,3045551
1588053600,6.05,6.05,6.05,6.05,450122
1588057200,6.06,6.07,5.95,6,20312980
1588060800,6.01,6.02,5.97,5.99,5656598
1588064400,5.99,6.02,5.97,6.01,4375001
1588068000,6.01,6.02,5.99,6,2280028
1588071600,6,6.01,5.97,6,3087093
1588075200,6.01,6.02,5.99,6.02,2442857
1588078800,6.02,6.02,5.97,5.97,4769503
1588082400,5.97,5.99,5.91,5.92,9660964
1588086000,5.9,5.9,5.9,5.9,2347312
1588140000,5.96,5.96,5.96,5.96,580003
1588143600,5.95,5.97,5.91,5.93,7468582
1588147200,5.93,5.93,5.89,5.91,5389029
1588150800,5.91,5.92,5.9,5.91,1869771
1588154400,5.92,5.92,5.9,5.92,1524123
1588158000,5.91,5.93,5.91,5.93,2361270
1588161600,5.93,5.96,5.92,5.95,5132455
1588165200,5.95,5.98,5.94,5.97,6219061
1588168800,5.98,6,5.96,5.99,5023096
1588172400,5.99,5.99,5.97,5.97,840939
1588226400,6,6,6,6,376479
1588230000,6,6.01,5.94,5.97,7836591
1588233600,5.97,5.97,5.94,5.95,2972088
1588237200,5.96,6.04,5.95,6.02,8903331
1588240800,6.01,6.02,5.98,5.98,2414545
1588244400,5.99,5.99,5.95,5.97,2925883
1588248000,5.97,5.98,5.85,5.88,7604754
1588251600,5.89,5.92,5.86,5.89,4936987
1588255200,5.89,5.91,5.86,5.89,16567077
1588258800,5.89,5.89,5.89,5.89,3287503
1588572000,5.8,5.8,5.8,5.8,567331
1588575600,5.79,5.81,5.76,5.77,12664000
1588579200,5.76,5.78,5.73,5.75,5605168
1588582800,5.75,5.77,5.73,5.77,2592500
1588586400,5.77,5.77,5.73,5.73,4073591
1588590000,5.74,5.74,5.71,5.73,4791900
1588593600,5.72,5.73,5.7,5.7,3468457
1588597200,5.7,5.72,5.7,5.71,3032859
1588600800,5.72,5.74,5.71,5.73,7080753
1588604400,5.73,5.73,5.73,5.73,1479187
1588658400,5.79,5.79,5.79,5.79,257568
1588662000,5.79,5.8,5.75,5.76,9494612
1588665600,5.76,5.79,5.73,5.75,9722721
1588669200,5.75,5.76,5.7,5.73,5718140
1588672800,5.73,5.74,5.71,5.74,1445196
1588676400,5.73,5.74,5.72,5.72,1916632
1588680000,5.73,5.74,5.71,5.72,2746087
1588683600,5.72,5.75,5.71,5.72,7178320
1588687200,5.73,5.74,5.71,5.72,5485829
1588690800,5.72,5.72,5.72,5.72,1610617
1588744800,5.72,5.72,5.72,5.72,261765
1588748400,5.72,5.74,5.67,5.71,9892484
1588752000,5.72,5.73,5.68,5.7,6247825
1588755600,5.7,5.72,5.69,5.72,3038702
1588759200,5.72,5.75,5.72,5.73,3149619
1588762800,5.73,5.74,5.7,5.71,3580925
1588766400,5.7,5.73,5.69,5.72,4301280
1588770000,5.73,5.74,5.68,5.7,7656874
1588773600,5.7,5.71,5.68,5.7,7290032
1588777200,5.7,5.7,5.7,5.7,1667705
1588831200,5.7,5.7,5.7,5.7,480629
1588834800,5.7,5.74,5.67,5.72,7905779
1588838400,5.72,5.73,5.7,5.71,2514427
1588842000,5.71,5.73,5.69,5.7,4153825
1588845600,5.7,5.72,5.68,5.71,3565394
1588849200,5.7,5.75,5.69,5.74,6219104
1588852800,5.74,5.75,5.71,5.72,5319533
1588856400,5.71,5.72,5.69,5.7,4119166
1588860000,5.7,5.7,5.65,5.68,10273805
1588863600,5.66,5.66,5.66,5.66,4775878
1588917600,5.69,5.69,5.69,5.69,756361
1588921200,5.69,5.72,5.65,5.66,22521485
1588924800,5.66,5.68,5.64,5.66,8194401
1588928400,5.66,5.67,5.62,5.64,8773602
1588932000,5.64,5.65,5.63,5.64,2228097
1588935600,5.64,5.65,5.62,5.63,4232736
1588939200,5.62,5.63,5.6,5.61,5780840
1588942800,5.62,5.62,5.59,5.6,6362390
1588946400,5.59,5.61,5.57,5.58,11904642
1588950000,5.58,5.58,5.56,5.56,4223926
1589176800,5.59,5.59,5.59,5.59,918633
1589180400,5.59,5.63,5.58,5.6,9198217
1589184000,5.6,5.6,5.57,5.6,4096773
1589187600,5.6,5.6,5.56,5.57,3820956
1589191200,5.58,5.58,5.56,5.57,2572181
1589194800,5.57,5.58,5.55,5.56,2185038
1589198400,5.56,5.57,5.53,5.57,3599038
1589202000,5.57,5.6,5.55,5.59,3747694
1589205600,5.58,5.59,5.56,5.57,4297506
1589209200,5.58,5.58,5.58,5.58,1739414
1589263200,5.59,5.59,5.59,5.59,419786
1589266800,5.6,5.63,5.57,5.61,10723910
1589270400,5.6,5.62,5.59,5.6,3750399
1589274000,5.59,5.6,5.55,5.57,9837010
1589277600,5.56,5.58,5.56,5.57,3343023
1589281200,5.58,5.59,5.56,5.57,7225450
1589284800,5.57,5.62,5.57,5.59,29787445
1589288400,5.59,5.62,5.58,5.6,17267006
1589292000,5.6,5.62,5.59,5.61,11159764
1589295600,5.61,5.61,5.61,5.61,4769257
1589349600,5.61,5.61,5.61,5.61,634443
1589353200,5.61,5.62,5.57,5.59,15852030
1589356800,5.6,5.62,5.59,5.6,12397425
1589360400,5.6,5.61,5.59,5.61,4280338
1589364000,5.61,5.61,5.59,5.59,3594670
1589367600,5.6,5.6,5.59,5.6,1426957
1589371200,5.6,5.63,5.59,5.61,13065462
1589374800,5.61,5.61,5.58,5.59,6247947
1589378400,5.58,5.59,5.57,5.58,9322504
1589382000,5.57,5.57,5.57,5.57,1741716
1589436000,5.54,5.54,5.54,5.54,866657
1589439600,5.54,5.55,5.49,5.51,15510758
1589443200,5.51,5.52,5.5,5.52,4488812
1589446800,5.52,5.53,5.51,5.52,2944929
1589450400,5.52,5.52,5.47,5.48,5243931
1589454000,5.49,5.5,5.45,5.46,6644789
1589457600,5.46,5.47,5.43,5.45,8166275
1589461200,5.45,5.46,5.43,5.44,8502383
1589464800,5.44,5.44,5.41,5.43,14806886
1589468400,5.43,5.43,5.42,5.42,2225507
1589522400,5.47,5.47,5.47,5.47,430140
1589526000,5.47,5.5,5.45,5.46,15486753
1589529600,5.47,5.48,5.46,5.47,4656656
1589533200,5.46,5.48,5.46,5.47,2899140
1589536800,5.46,5.48,5.43,5.45,6378537
1589540400,5.45,5.46,5.43,5.45,4539386
1589544000,5.44,5.45,5.43,5.44,2218581
1589547600,5.43,5.46,5.43,5.44,4032223
1589551200,5.44,5.46,5.44,5.45,8858364
1589554800,5.44,5.44,5.43,5.44,1735060
1589781600,5.5,5.5,5.5,5.5,1265184
1589785200,5.5,5.5,5.46,5.48,8397954
1589788800,5.47,5.49,5.47,5.48,4566152
1589792400,5.48,5.49,5.47,5.49,3443631
1589796000,5.49,5.49,5.47,5.48,2943918
1589799600,5.48,5.5,5.47,5.5,8490218
1589803200,5.5,5.53,5.48,5.49,13489053
1589806800,5.5,5.5,5.48,5.49,4390440
1589810400,5.5,5.51,5.48,5.48,5666609
1589814000,5.48,5.48,5.47,5.47,2997430
1589954400,5.51,5.51,5.51,5.51,1574973
1589958000,5.51,5.55,5.49,5.51,19787014
1589961600,5.51,5.53,5.51,5.53,6171486
1589965200,5.52,5.53,5.51,5.52,3138797
1589968800,5.53,5.53,5.51,5.52,3222480
1589972400,5.52,5.53,5.51,5.51,3394691
1589976000,5.52,5.53,5.51,5.53,6072431
1589979600,5.53,5.54,5.51,5.53,5763285
1589983200,5.52,5.53,5.51,5.51,7424506
1589986800,5.5,5.5,5.5,5.5,2084516
1590040800,5.5,5.5,5.5,5.5,195963
1590044400,5.51,5.52,5.48,5.51,10143348
1590048000,5.51,5.51,5.48,5.5,6317466
1590051600,5.5,5.52,5.49,5.5,6090498
1590055200,5.5,5.54,5.49,5.53,9753335
1590058800,5.53,5.54,5.47,5.49,11033483
1590062400,5.49,5.49,5.47,5.48,5084460
1590066000,5.48,5.49,5.47,5.47,3167391
1590069600,5.47,5.51,5.47,5.5,9445991
1590073200,5.49,5.49,5.49,5.49,1549999
1590127200,5.48,5.48,5.48,5.48,218532
1590130800,5.47,5.48,5.46,5.48,6765824
1590134400,5.47,5.49,5.47,5.48,3377339
1590138000,5.48,5.49,5.47,5.49,2566792
1590141600,5.49,5.49,5.47,5.49,4781285
1590145200,5.49,5.53,5.48,5.52,7126235
1590148800,5.53,5.53,5.49,5.5,8929163
1590152400,5.5,5.51,5.48,5.5,4411437
1590156000,5.5,5.52,5.49,5.51,5616500
1590159600,5.52,5.52,5.52,5.52,1076099
1590559200,5.61,5.61,5.61,5.61,2546801
1590562800,5.61,5.62,5.57,5.58,11997196
1590566400,5.58,5.6,5.58,5.58,7025669
1590570000,5.58,5.6,5.58,5.59,5122978
1590573600,5.59,5.6,5.57,5.59,5452885
1590577200,5.6,5.61,5.58,5.6,4714747
1590580800,5.61,5.65,5.6,5.63,18406566
1590584400,5.63,5.64,5.61,5.61,7684628
1590588000,5.62,5.63,5.59,5.6,9028644
1590591600,5.6,5.6,5.6,5.6,1625519
1590645600,5.63,5.63,5.63,5.63,670910
1590649200,5.62,5.64,5.61,5.62,17327091
1590652800,5.63,5.71,5.61,5.65,48897039
1590656400,5.66,5.66,5.62,5.64,10147958
1590660000,5.64,5.66,5.63,5.63,6021720
1590663600,5.64,5.67,5.63,5.66,6143389
1590667200,5.66,5.68,5.66,5.67,9058383
1590670800,5.67,5.68,5.65,5.65,5789338
1590674400,5.65,5.67,5.64,5.66,11537460
1590678000,5.66,5.66,5.66,5.66,2469679
1590732000,5.65,5.65,5.65,5.65,699623
1590735600,5.66,5.7,5.64,5.68,28198411
1590739200,5.68,5.68,5.62,5.66,15196713
1590742800,5.66,5.66,5.63,5.65,4260940
1590746400,5.64,5.65,5.64,5.65,2019474
1590750000,5.65,5.68,5.64,5.66,8514921
1590753600,5.67,5.69,5.66,5.68,9119278
1590757200,5.68,5.71,5.66,5.71,15173851
1590760800,5.71,5.71,5.66,5.68,19930295
1590764400,5.69,5.69,5.69,5.69,14359274
1590991200,5.75,5.75,5.75,5.75,1305389
1590994800,5.74,5.77,5.71,5.75,25820633
1590998400,5.75,5.75,5.73,5.74,5412293
1591002000,5.74,5.76,5.74,5.75,3497495
1591005600,5.75,5.77,5.74,5.75,5803576
1591009200,5.76,5.77,5.74,5.76,6894561
1591012800,5.76,5.78,5.75,5.76,7271695
1591016400,5.77,5.78,5.76,5.77,5835312
1591020000,5.78,5.8,5.77,5.8,9947104
1591023600,5.8,5.8,5.8,5.8,3393255
1591077600,5.82,5.82,5.82,5.82,530308
1591081200,5.82,5.86,5.81,5.83,23946513
1591084800,5.83,5.84,5.82,5.83,8212653
1591088400,5.83,5.85,5.81,5.83,9180520
1591092000,5.84,5.84,5.79,5.8,11033927
1591095600,5.8,5.81,5.77,5.79,8980228
1591099200,5.79,5.81,5.79,5.79,4182257
1591102800,5.8,5.8,5.78,5.8,3116540
1591106400,5.79,5.82,5.79,5.79,9282615
1591110000,5.78,5.78,5.78,5.78,3293950
1591164000,5.84,5.84,5.84,5.84,978854
1591167600,5.84,5.89,5.82,5.85,27204005
1591171200,5.84,5.86,5.83,5.86,14497795
1591174800,5.86,5.88,5.85,5.86,8638362
1591178400,5.86,5.87,5.84,5.85,6825422
1591182000,5.85,5.86,5.84,5.86,4159383
1591185600,5.86,5.87,5.84,5.86,5151665
1591189200,5.87,5.87,5.84,5.86,4453189
1591192800,5.85,5.87,5.84,5.85,10793960
1591196400,5.85,5.85,5.85,5.85,2887276
1591250400,5.87,5.87,5.87,5.87,1367561
1591254000,5.88,5.88,5.83,5.86,15286402
1591257600,5.86,5.87,5.85,5.86,7133185
1591261200,5.85,5.87,5.84,5.84,5549279
1591264800,5.85,5.86,5.84,5.85,4171439
1591268400,5.85,5.86,5.84,5.85,5258992
1591272000,5.86,5.86,5.81,5.82,8509834
1591275600,5.82,5.84,5.81,5.84,6304501
1591279200,5.84,5.84,5.82,5.82,4288793
1591282800,5.83,5.83,5.83,5.83,3983384
1591336800,5.85,5.85,5.85,5.85,644368
1591340400,5.85,5.86,5.83,5.85,11093769
1591344000,5.84,5.86,5.83,5.84,4719494
1591347600,5.83,5.84,5.82,5.82,4048638
1591351200,5.83,5.84,5.82,5.83,1929959
1591354800,5.84,5.85,5.83,5.84,2742538
1591358400,5.84,5.86,5.83,5.86,7200860
1591362000,5.86,5.9,5.85,5.89,17983321
1591365600,5.89,5.92,5.87,5.92,20042982
1591369200,5.92,5.92,5.92,5.92,3157556
1591596000,5.94,5.94,5.94,5.94,1298066
1591599600,5.94,5.98,5.93,5.97,20954161
1591603200,5.96,5.98,5.95,5.98,9914085
1591606800,5.98,5.99,5.96,5.98,4723213
1591610400,5.98,5.98,5.96,5.96,4512760
1591614000,5.96,5.98,5.94,5.98,7159443
1591617600,5.97,5.98,5.96,5.97,4743298
1591621200,5.97,5.98,5.96,5.97,2999705
1591624800,5.97,5.97,5.88,5.88,18812622
1591628400,5.9,5.9,5.9,5.9,1643325
1591682400,5.92,5.92,5.92,5.92,172531
1591686000,5.93,5.95,5.85,5.86,21278023
1591689600,5.86,5.86,5.82,5.83,7417065
1591693200,5.83,5.85,5.82,5.83,5111462
1591696800,5.84,5.85,5.83,5.85,2211341
1591700400,5.85,5.85,5.83,5.83,4914480
1591704000,5.83,5.85,5.83,5.84,1675603
1591707600,5.84,5.85,5.84,5.84,2335987
1591711200,5.85,5.86,5.83,5.85,5427854
1591714800,5.86,5.86,5.86,5.86,2504135
1591768800,5.87,5.87,5.87,5.87,261328
1591772400,5.87,5.91,5.85,5.89,18608281
1591776000,5.89,5.9,5.88,5.89,5927405
1591779600,5.88,5.89,5.86,5.87,6716038
1591783200,5.87,5.88,5.85,5.88,4087204
1591786800,5.87,5.89,5.87,5.88,2429675
1591790400,5.89,5.9,5.88,5.9,8317403
1591794000,5.9,5.9,5.87,5.88,6431535
1591797600,5.88,5.88,5.86,5.86,6858716
1591801200,5.87,5.87,5.87,5.87,2426480
1591855200,5.82,5.82,5.82,5.82,810657
1591858800,5.82,5.83,5.79,5.82,14975849
1591862400,5.81,5.84,5.81,5.83,5837993
1591866000,5.83,5.83,5.81,5.83,3899620
1591869600,5.82,5.83,5.8,5.81,5829972
1591873200,5.81,5.82,5.8,5.81,4080111
1591876800,5.81,5.81,5.77,5.79,11329161
1591880400,5.79,5.81,5.78,5.8,7972999
1591884000,5.8,5.83,5.79,5.81,12215402
1591887600,5.8,5.8,5.8,5.8,2871908
1591941600,5.74,5.74,5.74,5.74,606543
1591945200,5.75,5.78,5.74,5.77,12314382
1591948800,5.77,5.81,5.76,5.8,8370444
1591952400,5.8,5.81,5.78,5.8,3236456
1591956000,5.8,5.8,5.78,5.78,2742700
1591959600,5.79,5.81,5.78,5.81,7087363
1591963200,5.81,5.83,5.79,5.81,10165957
1591966800,5.81,5.83,5.81,5.82,5300286
1591970400,5.82,5.83,5.8,5.82,9252227
1591974000,5.81,5.81,5.81,5.81,2208552
1592200800,5.77,5.77,5.77,5.77,531113
1592204400,5.76,5.77,5.73,5.76,13139955
1592208000,5.75,5.79,5.74,5.77,10474137
1592211600,5.77,5.78,5.75,5.77,2557707
1592215200,5.77,5.78,5.76,5.77,4215678
1592218800,5.77,5.78,5.76,5.77,2664618
1592222400,5.77,5.77,5.74,5.75,4506957
1592226000,5.75,5.76,5.75,5.76,3210690
1592229600,5.75,5.77,5.75,5.76,5075852
1592233200,5.77,5.77,5.77,5.77,1225326
1592287200,5.86,5.86,5.86,5.86,2454064
1592290800,5.87,5.88,5.86,5.87,18724650
1592294400,5.88,5.88,5.85,5.87,5373882
1592298000,5.87,5.88,5.86,5.87,2978800
1592301600,5.87,5.89,5.87,5.87,6470446
1592305200,5.87,5.88,5.87,5.87,1032827
1592308800,5.87,5.9,5.87,5.89,9274782
1592312400,5.9,5.9,5.88,5.89,13073816
1592316000,5.9,5.93,5.85,5.85,20923864
1592319600,5.85,5.85,5.84,5.84,4320357
1592373600,5.86,5.86,5.86,5.86,1053630
1592377200,5.86,5.89,5.85,5.86,13468244
1592380800,5.87,5.87,5.84,5.86,5956377
1592384400,5.86,5.86,5.81,5.81,7594339
1592388000,5.81,5.85,5.81,5.83,2980467
1592391600,5.83,5.84,5.82,5.84,2694908
1592395200,5.84,5.84,5.82,5.84,3164591
1592398800,5.84,5.85,5.81,5.83,6164275
1592402400,5.83,5.83,5.8,5.83,6841011
1592406000,5.82,5.82,5.82,5.82,1822924
1592460000,5.82,5.82,5.82,5.82,125666
1592463600,5.83,5.85,5.82,5.84,9748035
1592467200,5.84,5.85,5.82,5.83,6121510
1592470800,5.83,5.83,5.81,5.83,4885037
1592474400,5.83,5.83,5.81,5.83,3215588
1592478000,5.83,5.85,5.81,5.81,7573774
1592481600,5.82,5.83,5.8,5.81,3430607
1592485200,5.82,5.83,5.81,5.83,3644781
1592488800,5.82,5.84,5.82,5.82,10284588
1592492400,5.83,5.83,5.82,5.82,1643927
1592546400,5.86,5.86,5.86,5.86,921925
1592550000,5.87,5.91,5.86,5.88,25358915
1592553600,5.87,5.88,5.84,5.88,6186967
1592557200,5.88,5.88,5.86,5.88,2121416
1592560800,5.88,5.88,5.85,5.86,5137351
1592564400,5.86,5.87,5.84,5.87,6552087
1592568000,5.86,5.88,5.86,5.87,4110079
1592571600,5.87,6.01,5.86,5.93,60950569
1592575200,5.93,5.99,5.89,5.98,58473126
1592578800,5.99,5.99,5.99,5.99,9378767
1592805600,6.11,6.11,6.11,6.11,2679815
1592809200,6.11,6.16,6.08,6.13,56981835
1592812800,6.14,6.22,6.13,6.17,48777493
1592816400,6.18,6.19,6.15,6.17,12309335
1592820000,6.16,6.17,6.15,6.16,6439131
1592823600,6.15,6.18,6.14,6.17,6620499
1592827200,6.17,6.17,6.15,6.15,5245946
1592830800,6.15,6.16,6.1,6.14,11431586
1592834400,6.14,6.18,6.12,6.16,21188350
1592838000,6.17,6.17,6.17,6.17,2198013
1592892000,6.2,6.2,6.2,6.2,1075259
1592895600,6.2,6.21,6.12,6.15,26627344
1592899200,6.15,6.16,6.13,6.15,8402764
1592902800,6.15,6.16,6.14,6.15,5424187
1592906400,6.14,6.16,6.14,6.15,2007596
1592910000,6.15,6.15,6.12,6.14,5696746
1592913600,6.14,6.15,6.13,6.14,4803170
1592917200,6.14,6.16,6.13,6.13,8884996
1592920800,6.14,6.14,6.11,6.13,7763106
1592924400,6.13,6.13,6.12,6.12,1634350
1592978400,6.11,6.11,6.11,6.11,562837
1592982000,6.1,6.11,6.03,6.05,17065543
1592985600,6.05,6.07,6.03,6.06,7109431
1592989200,6.06,6.07,6.03,6.04,3458955
1592992800,6.04,6.06,6.03,6.05,3772532
1592996400,6.04,6.06,6.03,6.04,14760801
1593000000,6.04,6.05,6.01,6.02,8079319
1593003600,6.02,6.03,5.99,5.99,8181287
1593007200,6,6,5.95,5.97,11936403
1593010800,5.96,5.96,5.96,5.96,2208234
1593064800,5.92,5.92,5.92,5.92,378377
1593068400,5.92,5.95,5.9,5.93,26939785
1593072000,5.93,5.95,5.91,5.94,19774186
1593075600,5.94,5.95,5.92,5.93,13501266
1593079200,5.93,5.94,5.91,5.92,5084120
1593082800,5.93,5.95,5.89,5.9,17772149
1593086400,5.9,5.91,5.88,5.89,9580545
1593090000,5.89,5.9,5.87,5.89,4737525
1593093600,5.89,5.91,5.88,5.9,9693708
1593097200,5.9,5.9,5.9,5.9,3556936
1593151200,5.95,5.95,5.95,5.95,558830
1593154800,5.94,5.96,5.91,5.93,15624738
1593158400,5.93,5.93,5.9,5.92,7719203
1593162000,5.92,5.94,5.92,5.94,7255002
1593165600,5.93,5.94,5.92,5.94,4444741
1593169200,5.94,5.94,5.93,5.93,1632980
1593172800,5.94,5.94,5.9,5.9,5802758
1593176400,5.91,5.92,5.9,5.92,4286062
1593180000,5.92,5.92,5.88,5.9,10556160
1593183600,5.9,5.9,5.89,5.89,2279947
1593410400,5.9,5.9,5.9,5.9,301745
1593414000,5.89,5.91,5.87,5.89,9040629
1593417600,5.89,5.96,5.88,5.96,16903633
1593421200,5.95,5.97,5.93,5.95,12796504
1593424800,5.95,5.96,5.94,5.95,2509482
1593428400,5.95,5.99,5.94,5.98,13162061
1593432000,5.98,6.08,5.96,6.07,32860835
1593435600,6.08,6.1,6.05,6.08,25026132
1593439200,6.08,6.12,6.07,6.11,25593114
1593442800,6.11,6.11,6.11,6.11,2119609
1593496800,6.15,6.15,6.15,6.15,1799156
1593500400,6.14,6.17,6.12,6.16,33048442
1593504000,6.15,6.16,6.09,6.11,8971827
1593507600,6.11,6.15,6.09,6.15,9766014
1593511200,6.14,6.15,6.12,6.14,6931324
1593514800,6.14,6.14,6.13,6.13,1740514
1593518400,6.14,6.14,6.11,6.13,8280858
1593522000,6.12,6.13,6.08,6.09,9917374
1593525600,6.1,6.13,6.08,6.11,27664668
1593529200,6.08,6.08,6.08,6.08,6889018
1593583200,6.13,6.13,6.13,6.13,1964696
1593586800,6.13,6.14,6.06,6.09,24921441
1593590400,6.09,6.09,6,6,17676075
1593594000,6.01,6.01,5.95,5.97,22621435
1593597600,5.97,5.98,5.94,5.96,14661540
1593601200,5.96,5.97,5.93,5.96,9617060
1593604800,5.96,5.97,5.93,5.97,10276417
1593608400,5.97,5.99,5.95,5.97,8390331
1593612000,5.96,5.98,5.93,5.95,15366696
1593615600,5.94,5.94,5.94,5.94,2831845
1593669600,5.96,5.96,5.96,5.96,280164
1593673200,5.96,6.01,5.95,5.99,18905406
1593676800,5.99,6.02,5.99,6,8429433
1593680400,6,6.01,5.98,5.99,4769731
1593684000,5.99,6,5.97,5.98,5467320
1593687600,5.98,5.99,5.97,5.98,4318848
1593691200,5.98,6,5.96,5.99,9073359
1593694800,5.99,6.02,5.98,6.01,6791576
1593698400,6.02,6.03,5.98,5.99,17016574
1593702000,5.99,5.99,5.99,5.99,2566232
1593756000,6,6,6,6,671927
1593759600,6,6.01,5.96,5.97,24688599
1593763200,5.97,5.98,5.95,5.96,11908543
1593766800,5.96,5.97,5.93,5.95,8199772
1593770400,5.95,5.96,5.94,5.96,2416120
1593774000,5.96,5.97,5.94,5.96,4744046
1593777600,5.95,5.96,5.92,5.93,8086676
1593781200,5.93,5.93,5.87,5.9,13938779
1593784800,5.9,5.9,5.86,5.9,11561513
1593788400,5.9,5.9,5.9,5.9,1861091
1594015200,5.97,5.97,5.97,5.97,1204969
1594018800,5.97,6.02,5.95,6,24134709
1594022400,6.01,6.02,5.97,5.98,7376186
1594026000,5.98,5.99,5.96,5.97,2734746
1594029600,5.97,5.98,5.95,5.97,5679989
1594033200,5.97,5.97,5.93,5.95,6288398
1594036800,5.95,5.97,5.94,5.95,2981536
1594040400,5.95,5.97,5.94,5.97,4445783
1594044000,5.96,6.11,5.96,6.11,36812378
1594047600,6.1,6.1,6.1,6.1,3896116
1594101600,6.1,6.1,6.1,6.1,812352
1594105200,6.1,6.14,6.07,6.12,43312131
1594108800,6.12,6.12,5.99,6.02,30783692
1594112400,6.01,6.06,6.01,6.04,12600840
1594116000,6.04,6.06,6.03,6.04,4671283
1594119600,6.05,6.07,6.04,6.07,5636364
1594123200,6.06,6.07,6.03,6.05,10197878
1594126800,6.05,6.06,6.03,6.05,6488468
1594130400,6.05,6.07,6.01,6.02,16974888
1594134000,6.02,6.02,6.02,6.02,3574780
1594188000,6,6,6,6,454056
1594191600,6,6.01,5.95,5.96,34728350
1594195200,5.96,5.97,5.94,5.96,13187022
1594198800,5.95,5.96,5.9,5.91,19718585
1594202400,5.91,5.94,5.9,5.92,26621156
1594206000,5.93,5.94,5.91,5.93,9161878
1594209600,5.93,5.93,5.91,5.92,9152296
1594213200,5.92,5.93,5.91,5.92,8914848
1594216800,5.91,5.94,5.87,5.92,38487989
1594220400,5.92,5.92,5.91,5.91,3129696
1594274400,5.94,5.94,5.94,5.94,866584
1594278000,5.94,5.94,5.88,5.91,14789034
1594281600,5.9,5.91,5.86,5.88,12946274
1594285200,5.87,5.89,5.87,5.89,3258021
1594288800,5.89,5.9,5.88,5.89,3510299
1594292400,5.89,5.93,5.89,5.91,11761771
1594296000,5.91,5.93,5.9,5.92,7619096
1594299600,5.92,5.92,5.88,5.89,5302053
1594303200,5.89,5.9,5.76,5.8,22699965
1594306800,5.8,5.8,5.76,5.76,4017775
1594360800,5.75,5.75,5.75,5.75,760821
1594364400,5.74,5.75,5.66,5.7,23372697
1594368000,5.7,5.74,5.69,5.7,8400603
1594371600,5.71,5.72,5.69,5.7,6300855
1594375200,5.7,5.72,5.69,5.7,4792815
1594378800,5.7,5.71,5.66,5.66,9083179
1594382400,5.67,5.68,5.66,5.68,4448875
1594386000,5.68,5.71,5.66,5.71,9904533
1594389600,5.7,5.73,5.69,5.73,8322745
1594393200,5.75,5.75,5.75,5.75,2402472
1594620000,5.8,5.8,5.8,5.8,416633
1594623600,5.8,5.8,5.76,5.78,16981367
1594627200,5.78,5.79,5.76,5.79,9707724
1594630800,5.79,5.79,5.77,5.78,6968993
1594634400,5.78,5.8,5.77,5.79,10689835
1594638000,5.79,5.86,5.78,5.84,23454786
1594641600,5.85,5.85,5.8,5.83,10503548
1594645200,5.82,5.84,5.81,5.82,7772044
1594648800,5.82,5.87,5.82,5.85,13323906
1594652400,5.86,5.86,5.86,5.86,3280807
1594706400,5.84,5.84,5.84,5.84,271287
1594710000,5.83,5.85,5.81,5.85,14464209
1594713600,5.85,5.86,5.84,5.85,6420280
1594717200,5.84,5.85,5.83,5.84,1974844
1594720800,5.84,5.85,5.82,5.85,5852105
1594724400,5.84,5.85,5.81,5.83,8060443
1594728000,5.83,5.83,5.78,5.79,8640337
1594731600,5.79,5.81,5.78,5.8,6340368
1594735200,5.8,5.8,5.78,5.79,7030970
1594738800,5.77,5.77,5.77,5.77,2313706
1594879200,5.79,5.79,5.79,5.79,550415
1594882800,5.78,5.86,5.78,5.86,20637675
1594886400,5.86,5.9,5.85,5.88,13869233
1594890000,5.89,5.9,5.85,5.86,7901079
1594893600,5.85,5.87,5.84,5.85,6774805
1594897200,5.84,5.87,5.84,5.87,3995081
1594900800,5.86,5.87,5.84,5.86,4481787
1594904400,5.85,5.86,5.83,5.84,6384251
1594908000,5.85,5.85,5.82,5.85,5846783
1594911600,5.86,5.86,5.86,5.86,1828441
1594965600,5.87,5.87,5.87,5.87,84786
1594969200,5.87,5.87,5.81,5.83,11174597
1594972800,5.83,5.83,5.81,5.83,11145078
1594976400,5.83,5.85,5.82,5.83,5888454
1594980000,5.83,5.84,5.82,5.82,1884310
1594983600,5.83,5.84,5.81,5.82,3651726
1594987200,5.82,5.83,5.81,5.81,5555036
1594990800,5.82,5.83,5.8,5.82,6935097
1594994400,5.82,5.82,5.8,5.82,6089876
1594998000,5.82,5.82,5.82,5.82,2214516
1595224800,5.81,5.81,5.81,5.81,210583
1595228400,5.8,5.82,5.79,5.8,8114985
1595232000,5.8,5.83,5.79,5.83,8789558
1595235600,5.82,5.84,5.81,5.83,5651868
1595239200,5.82,5.84,5.82,5.83,5962430
1595242800,5.83,5.83,5.81,5.82,3788758
1595246400,5.82,5.82,5.8,5.81,2947787
1595250000,5.82,5.82,5.8,5.81,4045223
1595253600,5.81,5.82,5.8,5.81,5551296
1595257200,5.81,5.81,5.81,5.81,1812646
1595311200,5.84,5.84,5.84,5.84,591106
1595314800,5.84,5.84,5.82,5.82,7413336
1595318400,5.83,5.87,5.82,5.85,11887248
1595322000,5.86,5.87,5.85,5.86,10542328
1595325600,5.86,5.87,5.85,5.85,6491782
1595329200,5.85,5.92,5.84,5.9,23406545
1595332800,5.91,5.91,5.88,5.89,13469409
1595336400,5.9,5.93,5.88,5.88,26043295
1595340000,5.89,5.89,5.79,5.82,32044851
1595343600,5.8,5.8,5.8,5.8,2871501
1595397600,5.83,5.83,5.83,5.83,544470
1595401200,5.83,5.85,5.8,5.82,16722712
1595404800,5.82,5.83,5.8,5.82,6256796
1595408400,5.82,5.84,5.8,5.82,6812461
1595412000,5.83,5.85,5.82,5.83,10188766
1595415600,5.83,5.83,5.81,5.82,3541246
1595419200,5.82,5.82,5.8,5.81,8682738
1595422800,5.81,5.83,5.8,5.82,3804029
1595426400,5.82,5.82,5.8,5.8,4978416
1595430000,5.81,5.81,5.81,5.81,1827975
1595484000,5.83,5.83,5.83,5.83,341158
1595487600,5.83,5.86,5.82,5.86,9637427
1595491200,5.85,5.86,5.82,5.83,6586248
1595494800,5.82,5.84,5.82,5.83,1803511
1595498400,5.84,5.84,5.82,5.83,3607623
1595502000,5.83,5.86,5.82,5.83,9411645
1595505600,5.83,5.84,5.8,5.81,6529215
1595509200,5.81,5.82,5.8,5.82,4391088
1595512800,5.81,5.82,5.79,5.81,6162935
1595516400,5.8,5.8,5.8,5.8,2162660
1595570400,5.78,5.78,5.78,5.78,246485
1595574000,5.78,5.79,5.76,5.78,9589950
1595577600,5.79,5.79,5.77,5.78,4193267
1595581200,5.77,5.78,5.76,5.78,2375824
1595584800,5.78,5.78,5.76,5.77,1312724
1595588400,5.77,5.78,5.76,5.76,2879804
1595592000,5.77,5.78,5.76,5.77,2228394
1595595600,5.76,5.78,5.75,5.77,3375980
1595599200,5.78,5.78,5.76,5.77,3658534
1595602800,5.77,5.78,5.77,5.78,1110009
1595829600,5.8,5.8,5.8,5.8,489164
1595833200,5.8,5.81,5.77,5.78,7102628
1595836800,5.79,5.79,5.76,5.77,3579970
1595840400,5.78,5.79,5.77,5.79,1314904
1595844000,5.79,5.79,5.76,5.76,3597512
1595847600,5.76,5.77,5.72,5.75,6270880
1595851200,5.75,5.75,5.71,5.72,6798432
1595854800,5.73,5.73,5.7,5.73,7769283
1595858400,5.73,5.73,5.71,5.72,6396407
1595862000,5.72,5.72,5.72,5.72,1048794
1595916000,5.72,5.72,5.72,5.72,182097
1595919600,5.71,5.72,5.65,5.66,14931765
1595923200,5.66,5.68,5.64,5.66,8620187
1595926800,5.67,5.67,5.63,5.64,4079421
1595930400,5.64,5.64,5.59,5.61,9251964
1595934000,5.6,5.61,5.58,5.6,5790621
1595937600,5.6,5.6,5.57,5.59,7291265
1595941200,5.59,5.59,5.55,5.56,7437422
1595944800,5.56,5.56,5.49,5.5,12060197
1595948400,5.5,5.5,5.5,5.5,1402610
1596002400,5.53,5.53,5.53,5.53,738321
1596006000,5.52,5.55,5.43,5.46,23891495
1596009600,5.46,5.47,5.44,5.45,11387611
1596013200,5.45,5.46,5.41,5.42,5616318
1596016800,5.42,5.42,5.38,5.39,7349850
1596020400,5.39,5.39,5.35,5.37,10056725
1596024000,5.37,5.37,5.29,5.3,11790695
1596027600,5.3,5.33,5.26,5.31,12713982
1596031200,5.31,5.33,5.29,5.32,22090725
1596034800,5.31,5.31,5.31,5.31,2377843
1596088800,5.31,5.31,5.31,5.31,764287
1596092400,5.31,5.34,5.28,5.3,26141016
1596096000,5.3,5.3,5.21,5.25,22009973
1596099600,5.26,5.28,5.23,5.24,17269305
1596520800,5.3,5.3,5.3,5.3,509705
1596524400,5.3,5.32,5.26,5.28,18500839
1596528000,5.29,5.3,5.17,5.21,25045086
1596531600,5.21,5.23,5.2,5.2,13544084
1596535200,5.21,5.22,5.17,5.18,13844649
1596538800,5.18,5.19,5.12,5.17,13765644
1596542400,5.17,5.18,5.06,5.1,15684575
1596546000,5.09,5.1,5.04,5.04,12697213
1596549600,5.05,5.08,4.97,5.07,31669130
1596553200,5.05,5.05,5.05,5.05,2352292
1596607200,5.09,5.09,5.09,5.09,412233
1596610800,5.08,5.11,4.99,5.07,47534560
1596614400,5.06,5.09,5.04,5.08,16239516
1596618000,5.08,5.1,5.07,5.07,8623724
1596621600,5.08,5.1,5.06,5.07,8998772
1596625200,5.07,5.09,5.04,5.06,14871438
1596628800,5.06,5.08,5.01,5.02,25934332
1596632400,5.02,5.03,4.99,5.03,19960744
1596636000,5.03,5.06,5.01,5.02,47417705
1596639600,5.02,5.02,5.02,5.02,3606654
1596693600,5.02,5.02,5.02,5.02,998247
1596697200,5.02,5.02,4.97,5,20864653
1596700800,5,5.01,4.92,4.93,23807492
1596704400,4.92,4.93,4.82,4.84,34078366
1596708000,4.84,4.84,4.77,4.79,21059973
1596711600,4.78,4.87,4.77,4.84,39182756
1596715200,4.83,4.86,4.8,4.81,25758572
1596718800,4.81,4.82,4.73,4.76,31091067
1596722400,4.77,4.78,4.7,4.72,26606318
1596726000,4.7,4.7,4.7,4.7,3277648
1596780000,4.7,4.7,4.7,4.7,907103
1596783600,4.69,4.72,4.57,4.58,45932991
1596787200,4.58,4.61,4.53,4.56,22718297
1596790800,4.56,4.65,4.54,4.64,17645259
1596794400,4.64,4.67,4.61,4.66,20198157
1596798000,4.66,4.74,4.65,4.69,27427057
1596801600,4.68,4.72,4.65,4.71,16224643
1596805200,4.71,4.72,4.66,4.7,13074652
1596808800,4.7,4.77,4.69,4.76,26790090
1596812400,4.76,4.76,4.76,4.76,1751030
1597039200,4.72,4.72,4.72,4.72,992767
1597042800,4.71,4.79,4.68,4.76,27640694
1597046400,4.76,4.78,4.72,4.74,10956893
1597050000,4.74,4.77,4.74,4.75,9227229
1597053600,4.75,4.78,4.74,4.78,7500142
1597057200,4.78,4.78,4.71,4.74,9811118
1597060800,4.74,4.75,4.72,4.74,7330921
1597064400,4.74,4.76,4.72,4.74,7535787
1597068000,4.75,4.77,4.74,4.75,12637824
1597071600,4.76,4.76,4.76,4.76,1774922
1597125600,4.78,4.78,4.78,4.78,420861
1597129200,4.78,4.83,4.77,4.8,30742463
1597132800,4.8,4.89,4.79,4.87,38453669
1597136400,4.87,4.93,4.86,4.92,35165672
1597140000,4.92,4.93,4.86,4.93,22768980
1597143600,4.93,4.96,4.91,4.96,21326471
1597147200,4.95,4.97,4.93,4.96,17873196
1597150800,4.96,5.04,4.96,5.01,43275606
1597154400,5.01,5.08,5.01,5.08,28394689
1597158000,5.07,5.07,5.07,5.07,2142397
1597212000,5.08,5.08,5.08,5.08,847694
1597215600,5.08,5.1,4.96,4.99,49698741
1597219200,4.99,5.04,4.99,5.01,14045417
1597222800,5.02,5.13,5.01,5.11,34749796
1597226400,5.11,5.13,5.07,5.08,20023876
1597230000,5.08,5.09,5.05,5.07,12442332
1597233600,5.07,5.12,5.05,5.11,19399602
1597237200,5.11,5.12,5.06,5.08,9953291
1597240800,5.08,5.09,5.05,5.07,21744278
1597244400,5.05,5.05,5.05,5.05,2642722
1597298400,5.07,5.07,5.07,5.07,516236
1597302000,5.06,5.1,5.04,5.05,30938841
1597305600,5.05,5.06,5.02,5.04,17023381
1597309200,5.04,5.07,5.02,5.07,13994832
1597312800,5.06,5.11,5.06,5.09,17004305
1597316400,5.09,5.1,5.06,5.08,6475764
1597320000,5.07,5.09,5.06,5.08,7954198
1597323600,5.07,5.07,4.99,5,24007251
1597327200,5.01,5.05,5,5.02,15738813
1597330800,5.02,5.02,5.02,5.02,2900924
1597384800,4.98,4.98,4.98,4.98,340994
1597388400,4.98,4.99,4.93,4.95,29459899
1597392000,4.95,4.97,4.92,4.96,13480131
1597395600,4.96,4.97,4.94,4.96,3540204
1597399200,4.97,4.97,4.94,4.96,6843517
1597402800,4.96,4.97,4.93,4.94,8165242
1597406400,4.94,4.95,4.93,4.94,5597875
1597410000,4.93,4.95,4.92,4.94,9130875
1597413600,4.94,4.94,4.88,4.93,12208502
1597417200,4.93,4.93,4.93,4.93,1646301
1597644000,4.92,4.92,4.92,4.92,166354
1597647600,4.93,4.97,4.89,4.95,15309744
1597651200,4.96,4.96,4.91,4.93,8184798
1597654800,4.93,4.98,4.92,4.96,10600275
1597658400,4.97,5.01,4.96,5,12540217
1597662000,5,5.03,4.99,5,14609464
1597665600,5.01,5.01,4.96,5,7854909
1597669200,5,5.04,4.99,5,7368769
1597672800,5,5.03,4.99,5,10260611
1597676400,4.99,4.99,4.99,4.99,2767751
1597730400,5,5,5,5,355875
1597734000,4.99,5.05,4.98,5.03,26613504
1597737600,5.04,5.06,5.03,5.05,12007813
1597741200,5.06,5.08,5.05,5.07,8454710
1597744800,5.07,5.07,5.03,5.04,5716200
1597748400,5.05,5.06,5.04,5.06,2831241
1597752000,5.05,5.07,5.04,5.06,6697529
1597755600,5.07,5.1,5.06,5.06,23068771
1597759200,5.06,5.08,5.03,5.04,20409139
1597762800,5.05,5.05,5.05,5.05,3345384
1597816800,5.07,5.07,5.07,5.07,748407
1597820400,5.08,5.14,5.06,5.13,30654165
1597824000,5.13,5.13,5.09,5.1,11163553
1597827600,5.1,5.11,5.09,5.1,4247048
1597831200,5.1,5.12,5.08,5.09,8311564
1597834800,5.09,5.1,5.06,5.08,8991235
1597838400,5.08,5.09,5.05,5.09,11949252
1597842000,5.09,5.13,5.08,5.1,27223091
1597845600,5.1,5.16,5.08,5.16,34363579
1597849200,5.16,5.16,5.16,5.16,2127135
1597903200,5.14,5.14,5.14,5.14,1013182
1597906800,5.14,5.14,5.08,5.1,22322176
1597910400,5.1,5.13,5.09,5.1,10672985
1597914000,5.11,5.11,5.09,5.1,6271805
1597917600,5.11,5.13,5.1,5.12,4444895
1597921200,5.12,5.12,5.06,5.08,28486261
1597924800,5.08,5.08,5.05,5.07,9454241
1597928400,5.06,5.09,5.05,5.08,10447120
1597932000,5.07,5.11,5.07,5.09,11769590
1597935600,5.08,5.08,5.08,5.08,2387343
1597989600,5.12,5.12,5.12,5.12,632382
1597993200,5.13,5.13,5.1,5.13,23755109
1597996800,5.13,5.17,5.11,5.11,26049973
1598000400,5.12,5.14,5.1,5.12,10342995
1598004000,5.12,5.16,5.11,5.14,13486398
1598007600,5.14,5.22,5.13,5.16,59271008
1598011200,5.15,5.17,5.03,5.07,48654861
1598014800,5.07,5.09,5.04,5.06,16938014
1598018400,5.07,5.09,5.04,5.06,11134285
1598022000,5.07,5.07,5.07,5.07,1567407
1598248800,5.08,5.08,5.08,5.08,224588
1598252400,5.08,5.09,5.05,5.07,11920632
1598256000,5.07,5.08,5.04,5.05,7035183
1598259600,5.06,5.07,5.05,5.06,2576632
1598263200,5.06,5.07,5.04,5.05,4268331
1598266800,5.04,5.06,5.01,5.02,12456989
1598270400,5.03,5.04,5.01,5.03,6688282
1598274000,5.03,5.05,5,5.02,8738288
1598277600,5.02,5.02,5,5,7090735
1598281200,5,5,5,5,1638429
1598335200,5.02,5.02,5.02,5.02,248035
1598338800,5.03,5.05,5.01,5.01,11512571
1598342400,5.02,5.02,4.95,4.96,16240629
1598346000,4.97,4.99,4.95,4.99,5318015
1598349600,4.99,4.99,4.95,4.96,3920724
1598353200,4.95,4.99,4.95,4.98,3539118
1598356800,4.98,4.99,4.95,4.97,5822716
1598360400,4.97,4.97,4.9,4.93,16707811
1598364000,4.93,4.93,4.86,4.89,18476990
1598367600,4.88,4.88,4.88,4.88,1537546
1598421600,4.88,4.88,4.88,4.88,389600
1598425200,4.89,4.92,4.85,4.9,14905712
1598428800,4.91,4.98,4.9,4.98,23541822
1598432400,4.97,4.99,4.96,4.96,14757105
1598436000,4.96,5,4.95,4.99,8755855
1598439600,4.99,5,4.95,4.95,6364191
1598443200,4.95,4.97,4.93,4.95,9080476
1598446800,4.95,4.96,4.92,4.93,5901731
1598450400,4.93,4.96,4.9,4.96,8915767
1598454000,4.96,4.96,4.96,4.96,1807894
1598508000,5.01,5.01,5.01,5.01,865049
1598511600,5.01,5.03,4.99,5.02,15895565
1598515200,5.02,5.05,5.01,5.04,6577520
1598518800,5.04,5.04,5,5.02,6959262
1598522400,5.02,5.02,5,5.02,6454848
1598526000,5.01,5.04,5,5.03,5711715
1598529600,5.03,5.05,5.02,5.03,4321590
1598533200,5.02,5.06,5.02,5.04,9921660
1598536800,5.04,5.04,4.99,5.03,8983508
1598540400,5.03,5.03,5.03,5.03,1026305
1598594400,5.05,5.05,5.05,5.05,215766
1598598000,5.06,5.06,5.01,5.04,12855601
1598601600,5.04,5.05,5.02,5.02,3625004
1598605200,5.03,5.05,5.02,5.04,6512591
1598608800,5.04,5.04,5,5.01,3477277
1598612400,5.01,5.04,4.99,5.03,8120823
1598616000,5.03,5.04,4.97,4.99,22729719
1598619600,4.98,5,4.97,4.99,6922073
1598623200,4.99,5.02,4.98,5,8479256
1598626800,5.01,5.01,5.01,5.01,683073
1598853600,5.04,5.04,5.04,5.04,501401
1598857200,5.03,5.04,4.96,4.96,12936346
1598860800,4.97,4.99,4.96,4.98,5381738
1598864400,4.97,4.98,4.94,4.94,4753850
1598868000,4.94,4.95,4.92,4.93,3270061
1598871600,4.93,4.93,4.9,4.91,8357289
1598875200,4.91,4.94,4.89,4.93,6610301
1598878800,4.93,4.93,4.9,4.92,5897056
1598882400,4.92,4.92,4.87,4.9,19594067
1598886000,4.89,4.89,4.89,4.89,5964533
1598940000,4.91,4.91,4.91,4.91,185396
1598943600,4.91,4.93,4.87,4.9,15060025
1598947200,4.91,4.92,4.85,4.86,13274295
1598950800,4.86,4.86,4.83,4.86,13268538
1598954400,4.86,4.88,4.84,4.87,6669583
1598958000,4.87,4.89,4.86,4.86,6681726
1598961600,4.86,4.88,4.85,4.85,5392208
1598965200,4.86,4.88,4.85,4.86,6591210
1598968800,4.86,4.97,4.86,4.94,22768253
1598972400,4.95,4.95,4.95,4.95,2799410
1599026400,4.96,4.96,4.96,4.96,752273
1599030000,4.95,4.97,4.92,4.93,18847823
1599033600,4.93,4.98,4.92,4.97,10899261
1599037200,4.98,4.98,4.92,4.94,9158824
1599040800,4.94,4.95,4.93,4.93,4165655
1599044400,4.93,4.95,4.93,4.93,5048692
1599048000,4.93,4.94,4.91,4.92,10248529
1599051600,4.92,4.94,4.91,4.91,4801047
1599055200,4.91,4.96,4.89,4.93,19651721
1599058800,4.93,4.93,4.92,4.92,2202705
1599112800,4.94,4.94,4.94,4.94,343728
1599116400,4.94,4.97,4.93,4.94,14133252
1599120000,4.94,4.95,4.92,4.92,6520454
1599123600,4.92,4.93,4.9,4.93,5804930
1599127200,4.93,4.94,4.9,4.92,5378426
1599130800,4.93,4.94,4.92,4.93,2446304
1599134400,4.93,4.93,4.88,4.89,10137388
1599138000,4.89,4.94,4.88,4.94,10262064
1599141600,4.94,4.94,4.88,4.89,10802886
1599145200,4.88,4.88,4.88,4.88,1208349
1599199200,4.88,4.88,4.88,4.88,199574
1599202800,4.88,4.93,4.87,4.92,13272291
1599206400,4.92,4.93,4.89,4.9,6476387
1599210000,4.9,4.91,4.89,4.9,1681319
1599213600,4.91,4.92,4.9,4.9,2657192
1599217200,4.9,4.92,4.88,4.9,6760901
1599220800,4.89,4.93,4.89,4.91,4713147
1599224400,4.91,4.93,4.9,4.91,5978078
1599228000,4.91,4.92,4.88,4.91,8171389
1599231600,4.92,4.92,4.92,4.92,1249536
1599458400,4.93,4.93,4.93,4.93,192547
1599462000,4.94,4.95,4.89,4.9,13365548
1599465600,4.9,4.92,4.9,4.91,3397973
1599469200,4.9,4.92,4.9,4.9,3079989
1599472800,4.91,4.92,4.89,4.91,5443274
1599476400,4.91,4.91,4.89,4.9,1498492
1599480000,4.91,4.91,4.9,4.91,905979
1599483600,4.91,4.91,4.9,4.91,967281
1599487200,4.9,4.95,4.9,4.94,11809192
1599490800,4.93,4.93,4.93,4.93,1653678
1599544800,4.95,4.95,4.95,4.95,285823
1599548400,4.95,4.96,4.93,4.93,9851316
1599552000,4.93,4.94,4.91,4.91,6043582
1599555600,4.92,4.93,4.89,4.9,7837867
1599559200,4.89,4.92,4.89,4.92,5398784
1599562800,4.91,4.92,4.88,4.88,8106333
1599566400,4.89,4.9,4.88,4.9,6560569
1599570000,4.9,4.91,4.89,4.9,4472102
1599573600,4.9,4.91,4.89,4.9,7697693
1599577200,4.9,4.9,4.9,4.9,1265379
1599631200,4.89,4.89,4.89,4.89,73466
1599634800,4.9,4.91,4.88,4.91,7799674
1599638400,4.91,4.92,4.89,4.9,3843623
1599642000,4.9,4.91,4.89,4.91,3074467
1599645600,4.9,4.91,4.89,4.9,3290467
1599649200,4.9,4.9,4.88,4.89,3037200
1599652800,4.89,4.91,4.89,4.9,4283916
1599656400,4.9,4.91,4.89,4.91,5716803
1599660000,4.9,4.91,4.89,4.9,6301379
1599663600,4.89,4.89,4.89,4.89,1456328
1599717600,4.91,4.91,4.91,4.91,175131
1599721200,4.91,4.92,4.9,4.92,4712634
1599724800,4.92,4.92,4.89,4.9,5532825
1599728400,4.9,4.91,4.88,4.89,5609021
1599732000,4.89,4.96,4.89,4.92,25563892
1599735600,4.93,4.98,4.92,4.97,26605465
1599739200,4.97,4.99,4.96,4.96,19498382
1599742800,4.97,4.98,4.95,4.98,8294348
1599746400,4.98,4.98,4.93,4.94,9158458
1599750000,4.93,4.93,4.93,4.93,1495946
1599804000,4.94,4.94,4.94,4.94,148391
1599807600,4.94,4.96,4.93,4.93,11713797
1599811200,4.94,4.94,4.91,4.93,8240814
1599814800,4.93,4.93,4.92,4.93,1210387
1599818400,4.93,4.94,4.92,4.92,2792116
1599822000,4.92,4.94,4.92,4.93,4269537
1599825600,4.93,4.93,4.91,4.92,6108636
1599829200,4.92,4.92,4.9,4.91,5394841
1599832800,4.92,4.92,4.9,4.92,5296994
1599836400,4.92,4.92,4.92,4.92,1340130
1600063200,4.93,4.93,4.93,4.93,454050
1600066800,4.92,4.93,4.9,4.91,9130856
1600070400,4.92,4.92,4.91,4.91,1353358
1600074000,4.91,4.92,4.9,4.91,3536260
1600077600,4.91,4.92,4.9,4.92,2130918
1600081200,4.92,4.92,4.9,4.92,3737216
1600084800,4.91,4.92,4.89,4.9,6367713
1600088400,4.9,4.9,4.89,4.9,2967112
1600092000,4.9,4.9,4.89,4.9,3340766
1600095600,4.89,4.89,4.89,4.89,2391658
1600149600,4.9,4.9,4.9,4.9,405339
1600153200,4.9,4.91,4.89,4.91,9840232
1600156800,4.91,4.91,4.9,4.9,1699186
1600160400,4.91,4.91,4.89,4.91,3576697
1600164000,4.91,4.92,4.9,4.91,4478418
1600167600,4.92,4.92,4.9,4.91,2126432
1600171200,4.91,4.91,4.89,4.91,3133422
1600174800,4.91,4.91,4.89,4.9,1522523
1600178400,4.9,4.9,4.85,4.88,19867185
1600182000,4.89,4.89,4.89,4.89,1539429
1600236000,4.89,4.89,4.89,4.89,334766
1600239600,4.9,4.91,4.89,4.9,10369821
1600243200,4.91,4.91,4.9,4.9,1469878
1600246800,4.91,4.91,4.9,4.9,1169464
1600250400,4.9,4.91,4.89,4.89,1006412
1600254000,4.89,4.9,4.89,4.9,575722
1600257600,4.9,4.9,4.88,4.89,3573618
1600261200,4.89,4.9,4.88,4.88,3147845
1600264800,4.89,4.89,4.87,4.89,5077169
1600268400,4.89,4.89,4.89,4.89,761448
1600322400,4.86,4.86,4.86,4.86,444739
1600326000,4.86,4.87,4.85,4.86,10750623
1600329600,4.85,4.88,4.85,4.87,9450926
1600333200,4.87,4.87,4.85,4.86,2789663
1600336800,4.86,4.87,4.85,4.85,1051913
1600340400,4.85,4.88,4.85,4.86,3058766
1600344000,4.86,4.87,4.85,4.86,1262255
1600347600,4.85,4.87,4.85,4.86,2060237
1600351200,4.86,4.89,4.86,4.86,9775730
1600354800,4.87,4.87,4.87,4.87,1312305
1600408800,4.88,4.88,4.88,4.88,267098
1600412400,4.88,4.89,4.87,4.87,8661747
1600416000,4.88,4.9,4.87,4.88,10284955
1600419600,4.88,4.89,4.87,4.88,4206431
1600423200,4.89,4.89,4.87,4.87,1994868
1600426800,4.88,4.88,4.87,4.87,690865
1600430400,4.88,4.88,4.86,4.87,1594083
1600434000,4.87,4.88,4.85,4.87,5057929
1600437600,4.87,4.87,4.84,4.85,9668490
1600441200,4.87,4.87,4.87,4.87,4314468
1600668000,4.87,4.87,4.87,4.87,138374
1600671600,4.87,4.88,4.85,4.86,7397371
1600675200,4.86,4.87,4.77,4.77,20302379
1600678800,4.78,4.8,4.77,4.79,9287573
1600682400,4.79,4.79,4.78,4.78,1769948
1600686000,4.78,4.8,4.78,4.78,2297774
1600689600,4.79,4.79,4.74,4.76,8706220
1600693200,4.75,4.76,4.73,4.75,6671733
1600696800,4.75,4.75,4.7,4.73,12944244
1600700400,4.72,4.72,4.72,4.72,1325912
1600754400,4.73,4.73,4.73,4.73,150764
1600758000,4.73,4.75,4.71,4.73,7457953
1600761600,4.73,4.75,4.72,4.73,4521155
1600765200,4.73,4.75,4.72,4.75,5727239
1600768800,4.75,4.76,4.73,4.75,4759521
1600772400,4.75,4.77,4.73,4.74,7906022
1600776000,4.74,4.74,4.72,4.74,4874136
1600779600,4.74,4.75,4.72,4.73,3969301
1600783200,4.72,4.75,4.72,4.73,3967546
1600786800,4.74,4.74,4.74,4.74,856205
1600840800,4.76,4.76,4.76,4.76,143529
1600844400,4.75,4.77,4.74,4.77,7511225
1600848000,4.78,4.81,4.76,4.79,8101423
1600851600,4.79,4.8,4.78,4.79,2704023
1600855200,4.79,4.79,4.78,4.79,566872
1600858800,4.78,4.79,4.77,4.77,3391821
1600862400,4.77,4.8,4.77,4.79,3616545
1600866000,4.79,4.83,4.78,4.79,21389696
1600869600,4.8,4.8,4.76,4.78,13264302
1600873200,4.76,4.76,4.76,4.76,2222474
1600927200,4.74,4.74,4.74,4.74,597324
1600930800,4.75,4.8,4.74,4.79,15138613
1600934400,4.8,4.8,4.78,4.79,3354987
1600938000,4.8,4.82,4.78,4.8,9293324
1600941600,4.8,4.82,4.8,4.81,3751163
1600945200,4.81,4.97,4.81,4.95,83841046
1600948800,4.94,5.02,4.93,5.01,37222468
1600952400,5.01,5.02,4.94,4.98,28108591
1600956000,4.98,5.06,4.97,5.04,45202324
1600959600,5.04,5.04,5.04,5.04,3347513
1601013600,5.17,5.17,5.17,5.17,2739583
1601017200,5.18,5.21,5.14,5.14,47734098
1601020800,5.14,5.19,5.13,5.18,23442078
1601024400,5.17,5.18,5.15,5.15,7583908
1601028000,5.15,5.17,5.13,5.14,12961473
1601031600,5.15,5.15,5.12,5.15,9474316
1601035200,5.15,5.15,5.1,5.11,10845652
1601038800,5.11,5.15,5.09,5.14,17371275
1601042400,5.13,5.14,5.11,5.12,13804843
1601046000,5.1,5.1,5.1,5.1,4180264
1601272800,5.12,5.12,5.12,5.12,610327
1601276400,5.11,5.14,5.05,5.06,27831692
1601280000,5.06,5.07,5.01,5.05,15848390
1601283600,5.05,5.06,5.03,5.03,6996318
1601287200,5.04,5.06,5.03,5.05,4245225
1601290800,5.04,5.06,5.03,5.04,4458509
1601294400,5.04,5.04,5,5.01,7546253
1601298000,5.01,5.06,5.01,5.04,9600968
1601301600,5.04,5.05,5.01,5.02,8569094
1601305200,5.02,5.02,5.02,5.02,1418420
1601359200,5.03,5.03,5.03,5.03,165015
1601362800,5.04,5.04,4.98,5.02,15272133
1601366400,5.02,5.05,5.01,5.02,11151103
1601370000,5.02,5.04,5.02,5.03,4415394
1601373600,5.03,5.08,5.03,5.07,9880276
1601377200,5.07,5.07,5.03,5.03,3443515
1601380800,5.03,5.04,5.01,5.03,3604153
1601384400,5.04,5.05,5.02,5.03,3781323
1601388000,5.04,5.04,4.94,4.99,31142768
1601391600,4.99,4.99,4.99,4.99,1483805
1601445600,5.09,5.09,5.09,5.09,1167136
1601449200,5.09,5.09,5.04,5.07,23202322
1601452800,5.07,5.08,5.04,5.07,9693393
1601456400,5.07,5.08,5.05,5.07,3357725
1601460000,5.07,5.09,5.05,5.06,10156474
1601463600,5.06,5.08,5.06,5.07,6253035
1601467200,5.06,5.08,5.05,5.06,3442778
1601470800,5.07,5.1,5.06,5.09,11137657
1601474400,5.1,5.16,5.09,5.15,22597634
1601478000,5.15,5.15,5.15,5.15,3275068
1601532000,5.18,5.18,5.18,5.18,575110
1601535600,5.18,5.2,5.15,5.17,18832625
1601539200,5.17,5.17,5.13,5.15,7464719
1601542800,5.15,5.16,5.13,5.14,6164996
1601546400,5.14,5.17,5.14,5.16,9506632
1601550000,5.16,5.21,5.15,5.21,16719064
1601553600,5.2,5.27,5.19,5.25,26411925
1601557200,5.25,5.25,5.17,5.18,24324910
1601560800,5.17,5.19,5.16,5.17,13901820
1601564400,5.17,5.17,5.17,5.17,1937571
1601618400,5.15,5.15,5.15,5.15,484788
1601622000,5.14,5.17,5.12,5.15,16381877
1601625600,5.14,5.19,5.14,5.19,14764828
1601629200,5.19,5.19,5.16,5.17,4820779
1601632800,5.17,5.19,5.15,5.19,11614943
1601636400,5.19,5.19,5.14,5.16,13869477
1601640000,5.15,5.16,5.12,5.14,11213287
1601643600,5.15,5.16,5.13,5.16,10409457
1601647200,5.16,5.17,5.14,5.16,8901011
1601650800,5.15,5.15,5.15,5.15,1512744
1601877600,5.18,5.18,5.18,5.18,316297
1601881200,5.18,5.2,5.17,5.19,11131868
1601884800,5.18,5.2,5.17,5.18,8243060
1601888400,5.19,5.19,5.17,5.18,5499640
1601892000,5.18,5.18,5.16,5.17,4078203
1601895600,5.16,5.18,5.16,5.17,2184291
1601899200,5.18,5.18,5.16,5.17,2822190
1601902800,5.17,5.19,5.16,5.17,3875385
1601906400,5.18,5.19,5.16,5.18,8580479
1601910000,5.18,5.18,5.18,5.18,2159857
1601964000,5.19,5.19,5.19,5.19,338767
1601967600,5.2,5.24,5.19,5.23,26547098
1601971200,5.23,5.23,5.2,5.21,9304831
1601974800,5.21,5.22,5.2,5.21,3418800
1601978400,5.21,5.22,5.2,5.22,3850801
1601982000,5.21,5.24,5.21,5.21,11875155
1601985600,5.22,5.22,5.18,5.2,11173927
1601989200,5.2,5.2,5.16,5.18,14469990
1601992800,5.17,5.19,5.13,5.14,12679927
1601996400,5.14,5.14,5.14,5.14,1527420
1602050400,5.11,5.11,5.11,5.11,590121
1602054000,5.11,5.12,5.08,5.12,25347274
1602057600,5.11,5.12,5.1,5.11,5147095
1602061200,5.11,5.11,5.07,5.09,10223934
1602064800,5.09,5.1,5.06,5.07,5009976
1602068400,5.07,5.08,5.06,5.07,6173751
1602072000,5.06,5.08,5.06,5.08,9918412
1602075600,5.07,5.09,5.07,5.08,4086652
1602079200,5.07,5.09,5.06,5.07,6957751
1602082800,5.07,5.07,5.07,5.07,2001849
1602136800,5.09,5.09,5.09,5.09,520861
1602140400,5.09,5.09,5.05,5.07,11766870
1602144000,5.07,5.07,5,5.02,15490661
1602147600,5.02,5.04,5.01,5.03,5681897
1602151200,5.03,5.04,5.02,5.03,3390299
1602154800,5.03,5.04,5.01,5.04,6980992
1602158400,5.04,5.06,5.03,5.05,6631450
1602162000,5.05,5.06,5.03,5.05,6031841
1602165600,5.05,5.07,5.02,5.06,12586156
1602169200,5.07,5.07,5.07,5.07,2308754
1602223200,5.08,5.08,5.08,5.08,76366
1602226800,5.08,5.14,5.05,5.12,20498666
1602230400,5.12,5.15,5.12,5.14,8713874
1602234000,5.13,5.14,5.12,5.12,3948170
1602237600,5.13,5.14,5.12,5.12,3556767
1602241200,5.13,5.14,5.12,5.14,4563547
1602244800,5.13,5.16,5.12,5.13,13218293
1602248400,5.12,5.13,5.1,5.13,8570733
1602252000,5.12,5.16,5.12,5.15,10497271
1602255600,5.15,5.15,5.15,5.15,1072917
1602482400,5.18,5.18,5.18,5.18,314056
1602486000,5.18,5.19,5.15,5.19,11890300
1602489600,5.18,5.21,5.18,5.18,13947619
1602493200,5.19,5.2,5.18,5.19,3909534
1602496800,5.19,5.2,5.19,5.2,2152949
1602500400,5.2,5.21,5.19,5.2,6464154
1602504000,5.2,5.2,5.18,5.19,4673452
1602507600,5.19,5.21,5.17,5.18,15028169
1602511200,5.19,5.2,5.18,5.19,7899041
1602514800,5.19,5.19,5.19,5.19,4288583
1602568800,5.18,5.18,5.18,5.18,371379
1602572400,5.19,5.19,5.14,5.16,11896432
1602576000,5.16,5.17,5.14,5.16,4839300
1602579600,5.15,5.16,5.15,5.16,1183771
1602583200,5.15,5.16,5.13,5.15,5030341
1602586800,5.16,5.17,5.15,5.17,2780027
1602590400,5.17,5.18,5.16,5.17,7321273
1602594000,5.17,5.18,5.14,5.16,5684153
1602597600,5.16,5.17,5.14,5.16,10720361
1602601200,5.16,5.16,5.15,5.15,2389783
1602655200,5.16,5.16,5.16,5.16,419115
1602658800,5.16,5.17,5.12,5.14,10878749
1602662400,5.14,5.17,5.13,5.16,8243519
1602666000,5.16,5.16,5.14,5.14,3243776
1602669600,5.14,5.15,5.12,5.13,6919635
1602673200,5.13,5.14,5.12,5.12,4160978
1602676800,5.13,5.16,5.12,5.15,11846190
1602680400,5.16,5.16,5.13,5.15,9838646
1602684000,5.15,5.17,5.14,5.15,13705751
1602687600,5.16,5.16,5.16,5.16,3061283
1602741600,5.14,5.14,5.14,5.14,272055
1602745200,5.14,5.15,5.1,5.11,19667232
1602748800,5.11,5.11,5.09,5.1,8092039
1602752400,5.11,5.11,5.09,5.11,4631707
1602756000,5.11,5.11,5.1,5.1,1355783
1602759600,5.1,5.11,5.09,5.1,2282226
1602763200,5.1,5.1,5.06,5.09,10581348
1602766800,5.09,5.11,5.07,5.1,8038361
1602770400,5.1,5.12,5.09,5.1,8165717
1602774000,5.1,5.1,5.09,5.09,2655448
1602828000,5.11,5.11,5.11,5.11,120992
1602831600,5.1,5.13,5.09,5.13,14877557
1602835200,5.13,5.14,5.1,5.11,7024038
1602838800,5.12,5.12,5.11,5.12,1580433
1602842400,5.11,5.14,5.11,5.12,4464556
1602846000,5.12,5.13,5.11,5.12,4472307
1602849600,5.12,5.13,5.11,5.13,1755859
1602853200,5.13,5.19,5.12,5.18,23563308
1602856800,5.18,5.22,5.17,5.2,21612385
1602860400,5.2,5.2,5.2,5.2,3464195
1603087200,5.24,5.24,5.24,5.24,543132
1603090800,5.24,5.29,5.22,5.28,34779754
1603094400,5.28,5.33,5.27,5.33,26175103
1603098000,5.33,5.38,5.31,5.37,25741040
1603101600,5.36,5.39,5.35,5.38,10831366
1603105200,5.37,5.39,5.34,5.36,17604709
1603108800,5.35,5.38,5.34,5.37,10871654
1603112400,5.37,5.44,5.36,5.43,30446954
1603116000,5.44,5.44,5.38,5.41,29969724
1603119600,5.41,5.41,5.41,5.41,1816455
1603173600,5.42,5.42,5.42,5.42,649718
1603177200,5.41,5.45,5.38,5.39,27452505
1603180800,5.39,5.4,5.37,5.37,11067934
1603184400,5.38,5.39,5.37,5.39,2647836
1603188000,5.38,5.45,5.37,5.4,21591804
1603191600,5.4,5.41,5.34,5.36,15080788
1603195200,5.37,5.41,5.35,5.39,15187940
1603198800,5.4,5.44,5.39,5.43,11599724
1603202400,5.42,5.43,5.39,5.4,13119817
1603206000,5.39,5.39,5.39,5.39,2225121
1603260000,5.45,5.45,5.45,5.45,1049144
1603263600,5.46,5.47,5.42,5.44,20166395
1603267200,5.45,5.45,5.43,5.45,4632407
1603270800,5.44,5.46,5.44,5.45,6246254
1603274400,5.45,5.45,5.43,5.44,3772214
1603278000,5.43,5.44,5.39,5.42,8855024
1603281600,5.42,5.43,5.4,5.43,5813816
1603285200,5.42,5.43,5.36,5.39,13823607
1603288800,5.39,5.42,5.38,5.42,11997420
1603292400,5.4,5.4,5.4,5.4,3108971
1603346400,5.42,5.42,5.42,5.42,423851
1603350000,5.42,5.43,5.37,5.4,18025457
1603353600,5.41,5.42,5.39,5.4,8830623
1603357200,5.41,5.43,5.39,5.43,7355394
1603360800,5.42,5.45,5.38,5.42,20897058
1603364400,5.42,5.42,5.17,5.21,69478570
1603368000,5.22,5.22,5.15,5.17,19583676
1603371600,5.17,5.2,5.14,5.18,10549136
1603375200,5.19,5.2,5.14,5.15,12820806
1603378800,5.14,5.15,5.12,5.12,4886736
1603432800,5.13,5.13,5.13,5.13,389188
1603436400,5.13,5.14,5.09,5.11,16663308
1603440000,5.12,5.12,5.05,5.06,13581195
1603443600,5.06,5.07,5.03,5.06,10261823
1603447200,5.05,5.09,5.05,5.08,7524443
1603450800,5.07,5.08,5.05,5.07,2178990
1603454400,5.07,5.07,5.05,5.05,3384111
1603458000,5.06,5.07,5.01,5.04,12959465
1603461600,5.04,5.07,5.02,5.07,7853472
1603465200,5.07,5.07,5.06,5.06,1903480
1603692000,5.01,5.01,5.01,5.01,500208
1603695600,5,5.01,4.94,4.97,19547959
1603699200,4.97,4.98,4.94,4.97,6820094
1603702800,4.97,4.98,4.95,4.97,4462096
1603706400,4.97,4.97,4.95,4.96,2649443
1603710000,4.95,4.97,4.94,4.94,5227327
1603713600,4.94,4.95,4.85,4.87,16931209
1603717200,4.86,4.9,4.86,4.88,10585822
1603720800,4.88,4.91,4.86,4.87,11680978
1603724400,4.86,4.86,4.86,4.86,1307494
1603778400,4.88,4.88,4.88,4.88,283722
1603782000,4.88,4.93,4.84,4.92,17880694
1603785600,4.92,4.92,4.89,4.92,8244437
1603789200,4.92,4.92,4.9,4.91,4070704
1603792800,4.91,4.94,4.91,4.92,8859353
1603796400,4.92,4.96,4.92,4.95,7788117
1603800000,4.95,4.97,4.9,4.91,6059968
1603803600,4.9,4.94,4.89,4.91,14508371
1603807200,4.92,4.96,4.89,4.96,9473911
1603810800,4.98,4.98,4.98,4.98,1164133
1603864800,4.94,4.94,4.94,4.94,321076
1603868400,4.94,4.98,4.92,4.93,11174768
1603872000,4.93,4.94,4.85,4.9,15499294
1603875600,4.91,4.92,4.88,4.89,6009076
1604037600,4.86,4.86,4.86,4.86,682775
1604041200,4.85,4.85,4.8,4.82,18896213
1604044800,4.82,4.82,4.78,4.8,7850839
1604048400,4.79,4.8,4.76,4.79,7421656
1604052000,4.79,4.81,4.77,4.81,6070525
1604055600,4.8,4.82,4.78,4.8,5560410
1604059200,4.79,4.8,4.75,4.78,8652456
1604062800,4.79,4.79,4.77,4.78,3924924
1604066400,4.78,4.81,4.76,4.78,17562884
1604070000,4.77,4.77,4.77,4.77,3866669
1604296800,4.81,4.81,4.81,4.81,373348
1604300400,4.8,4.82,4.77,4.82,14629429
1604304000,4.81,4.86,4.8,4.85,16238859
1604307600,4.84,4.88,4.84,4.88,10359770
1604311200,4.88,4.9,4.87,4.88,12232874
1604314800,4.87,4.88,4.84,4.85,6722534
1604318400,4.86,4.86,4.83,4.84,5189283
1604322000,4.84,4.85,4.82,4.83,5695906
1604325600,4.83,4.83,4.79,4.81,11508903
1604329200,4.82,4.82,4.82,4.82,847027
1604383200,4.84,4.84,4.84,4.84,168840
1604386800,4.84,4.86,4.82,4.84,19487338
1604390400,4.85,4.87,4.84,4.85,10775363
1604394000,4.85,4.86,4.82,4.84,6042144
1604397600,4.85,4.85,4.8,4.81,9707398
1604401200,4.81,4.81,4.78,4.81,9805913
1604404800,4.81,4.82,4.79,4.82,5375767
1604408400,4.82,4.86,4.81,4.86,19972703
1604412000,4.85,5.07,4.85,5.04,74014983
1604415600,5.04,5.04,5.04,5.04,1100893
1604469600,5.03,5.03,5.03,5.03,390133
1604473200,5.03,5.12,5,5.04,55492280
1604476800,5.04,5.07,5.03,5.04,18051568
1604480400,5.04,5.05,4.99,5,11448496
1604484000,4.99,5.03,4.97,5.02,11247882
1604487600,5.02,5.07,5.02,5.03,21775547
1604491200,5.03,5.08,5.02,5.05,13051059
1604494800,5.05,5.05,5.02,5.03,11224568
1604498400,5.03,5.03,4.99,5.01,14741420
1604502000,5,5,5,5,1179899
1604556000,5.01,5.01,5.01,5.01,260921
1604559600,5.01,5.02,4.98,5,13294960
1604563200,5.01,5.03,4.99,5,11275028
1604566800,5,5.01,4.97,5.01,7719181
1604570400,5.01,5.06,5,5.02,22706788
1604574000,5.01,5.03,5,5.02,7983002
1604577600,5.02,5.04,5.01,5.03,7039282
1604581200,5.04,5.05,5,5.01,7971945
1604584800,5.01,5.02,4.93,5.01,20818911
1604588400,5.01,5.01,5.01,5.01,1560336
1604642400,5,5,5,5,163232
1604646000,4.99,5.01,4.99,5.01,9092779
1604649600,5,5.02,4.98,5,8154942
1604653200,5,5.02,4.97,4.99,11452248
1604656800,4.99,5.01,4.97,4.99,7791317
1604660400,5,5.01,4.99,5,5885680
1604664000,5,5,4.98,4.99,6792446
1604667600,4.99,5,4.97,4.99,5779073
1604671200,5,5.02,4.98,5.01,14279826
1604674800,5.02,5.02,5.02,5.02,1982659
1604901600,5.26,5.26,5.26,5.26,2453052
1604905200,5.25,5.28,5.21,5.23,47286669
1604908800,5.23,5.26,5.22,5.24,20459072
1604912400,5.25,5.33,5.22,5.32,40638161
1604916000,5.32,5.32,5.28,5.29,24370349
1604919600,5.29,5.31,5.26,5.3,25323464
1604923200,5.29,5.43,5.29,5.42,33477616
1604926800,5.43,5.45,5.37,5.42,26564916
1604930400,5.41,5.43,5.36,5.38,19818874
1604934000,5.38,5.38,5.38,5.38,1462986
1604988000,5.29,5.29,5.29,5.29,844304
1604991600,5.29,5.43,5.26,5.38,53255087
1604995200,5.38,5.5,5.36,5.48,34871532
1604998800,5.47,5.48,5.43,5.43,8762974
1605002400,5.44,5.47,5.43,5.44,10457713
1605006000,5.45,5.48,5.43,5.48,9605311
1605009600,5.48,5.53,5.44,5.52,22556670
1605013200,5.53,5.68,5.5,5.62,45534302
1605016800,5.62,5.66,5.61,5.65,21010345
1605020400,5.66,5.66,5.66,5.66,2909785
1605074400,5.71,5.71,5.71,5.71,791126
1605078000,5.71,5.76,5.7,5.7,30660419
1605081600,5.7,5.75,5.69,5.75,12555982
1605085200,5.74,5.85,5.73,5.82,39365398
1605088800,5.81,5.86,5.79,5.84,25170266
1605092400,5.84,6.02,5.81,6.02,57513060
1605096000,6.01,6.22,5.97,6.19,96176303
1605099600,6.18,6.22,6.18,6.2,41125429
1605103200,6.21,6.22,6.1,6.22,49264846
1605106800,6.22,6.22,6.22,6.22,542494
1605160800,6.26,6.26,6.26,6.26,2113130
1605164400,6.26,6.52,6.18,6.34,114481774
1605168000,6.35,6.41,6.32,6.36,32541779
1605171600,6.36,6.45,6.3,6.41,34792077
1605175200,6.42,6.49,6.4,6.45,36616953
1605178800,6.46,6.47,6.3,6.35,35436175
1605182400,6.36,6.41,6.24,6.3,42950952
1605186000,6.3,6.34,6.17,6.26,65053463
1605189600,6.26,6.29,6.1,6.26,50029640
1605193200,6.24,6.24,6.24,6.24,2483852
1605247200,6.28,6.28,6.28,6.28,937602
1605250800,6.29,6.31,6.15,6.2,44946297
1605254400,6.2,6.28,6.19,6.25,27490678
1605258000,6.26,6.35,6.24,6.3,41116466
1605261600,6.29,6.34,6.24,6.26,18748057
1605265200,6.26,6.27,6.21,6.23,13968411
1605268800,6.23,6.26,6.19,6.22,15965666
1605272400,6.22,6.34,6.22,6.3,54475784
1605276000,6.31,6.32,6.24,6.31,23670986
1605279600,6.31,6.31,6.31,6.31,3470742
1605506400,6.42,6.42,6.42,6.42,1319365
1605510000,6.43,6.46,6.38,6.42,39660941
1605513600,6.42,6.43,6.38,6.4,17398662
1605517200,6.4,6.4,6.34,6.35,15400138
1605520800,6.36,6.39,6.35,6.37,9414350
1605524400,6.38,6.39,6.33,6.39,16554842
1605528000,6.39,6.39,6.35,6.36,10107023
1605531600,6.36,6.38,6.34,6.37,10756159
1605535200,6.37,6.37,6.29,6.32,16842769
1605538800,6.32,6.32,6.31,6.31,3405823
1605592800,6.28,6.28,6.28,6.28,656824
1605596400,6.27,6.27,6.16,6.18,34296527
1605600000,6.18,6.19,6.03,6.03,40332161
1605603600,6.03,6.09,6,6.05,27490028
1605607200,6.05,6.13,6.04,6.1,20973654
1605610800,6.11,6.12,6.06,6.08,10178528
1605614400,6.08,6.09,6.04,6.09,11636689
1605618000,6.09,6.13,6.07,6.09,15986370
1605621600,6.1,6.1,5.98,6,27507041
1605625200,5.99,5.99,5.99,5.99,4278597
1605679200,6.01,6.01,6.01,6.01,731913
1605682800,6.02,6.17,6.02,6.16,42991534
1605686400,6.17,6.23,6.15,6.22,30808749
1605690000,6.22,6.24,6.17,6.2,18723988
1605693600,6.2,6.22,6.18,6.2,6578468
1605697200,6.21,6.29,6.02,6.16,67035954
1605700800,6.16,6.2,6.08,6.14,57697293
1605704400,6.14,6.22,6.13,6.21,23787134
1605708000,6.21,6.3,6.18,6.28,36425711
1605711600,6.27,6.27,6.27,6.27,3034898
1605765600,6.27,6.27,6.27,6.27,902290
1605769200,6.26,6.26,6.19,6.19,30278240
1605772800,6.19,6.21,6.11,6.18,21738258
1605776400,6.19,6.2,6.15,6.16,10735332
1605780000,6.16,6.23,6.12,6.21,24697559
1605783600,6.21,6.61,6.19,6.52,179479754
1605787200,6.53,6.58,6.48,6.57,50486595
1605790800,6.56,6.67,6.52,6.66,90748446
1605794400,6.66,6.67,6.43,6.49,85260543
1605798000,6.47,6.47,6.47,6.47,5156695
1605852000,6.49,6.49,6.49,6.49,646875
1605855600,6.49,6.52,6.43,6.49,41083298
1605859200,6.5,6.51,6.4,6.42,28206437
1605862800,6.43,6.53,6.42,6.49,27138487
1605866400,6.49,6.51,6.45,6.48,17945752
1605870000,6.49,6.5,6.46,6.49,10192693
1605873600,6.5,6.56,6.48,6.53,31885466
1605877200,6.52,6.57,6.5,6.53,18439660
1605880800,6.53,6.56,6.49,6.53,20570458
1605884400,6.5,6.5,6.5,6.5,4841978
1606111200,6.52,6.52,6.52,6.52,879849
1606114800,6.52,6.53,6.38,6.42,39039173
1606118400,6.42,6.44,6.4,6.42,6988269
1606122000,6.41,6.44,6.41,6.43,4442016
1606125600,6.42,6.44,6.4,6.41,6075355
1606129200,6.41,6.42,6.37,6.38,7842314
1606132800,6.37,6.39,6.36,6.38,6735818
1606136400,6.38,6.38,6.29,6.32,14204568
1606140000,6.31,6.32,6.2,6.25,25886099
1606143600,6.26,6.26,6.26,6.26,3978368
1606197600,6.29,6.29,6.29,6.29,258680
1606201200,6.29,6.48,6.26,6.41,62758532
1606204800,6.42,6.43,6.38,6.4,10107127
1606208400,6.39,6.4,6.22,6.3,33269237
1606212000,6.3,6.32,6.18,6.23,15590108
1606215600,6.23,6.28,6.21,6.26,11903094
1606219200,6.26,6.29,6.23,6.26,8480932
1606222800,6.27,6.27,6.19,6.24,12397335
1606226400,6.23,6.29,6.2,6.29,14345057
1606230000,6.28,6.28,6.28,6.28,1750976
1606284000,6.33,6.33,6.33,6.33,465259
1606287600,6.33,6.39,6.3,6.38,23154560
1606291200,6.38,6.39,6.35,6.37,11076527
1606294800,6.37,6.37,6.33,6.35,6271785
1606298400,6.35,6.39,6.34,6.36,6998077
1606302000,6.36,6.44,6.36,6.43,26640858
1606305600,6.42,6.43,6.34,6.36,13670174
1606309200,6.36,6.37,6.29,6.33,15451074
1606312800,6.33,6.34,6.29,6.3,17194690
1606316400,6.3,6.3,6.3,6.3,2375601
1606370400,6.37,6.37,6.37,6.37,377139
1606374000,6.37,6.38,6.32,6.32,11680750
1606377600,6.33,6.34,6.28,6.33,9453711
1606381200,6.32,6.38,6.32,6.33,12922645
1606384800,6.33,6.37,6.33,6.35,4659188
1606388400,6.35,6.43,6.34,6.43,23114771
1606392000,6.43,6.43,6.35,6.37,15229162
1606395600,6.37,6.41,6.34,6.4,12432151
1606399200,6.39,6.46,6.37,6.44,21455443
1606402800,6.45,6.45,6.45,6.45,1456071
1606456800,6.5,6.5,6.5,6.5,978460
1606460400,6.5,6.54,6.47,6.5,30673917
1606464000,6.51,6.51,6.43,6.47,16698466
1606467600,6.48,6.5,6.47,6.49,5197017
1606471200,6.49,6.49,6.44,6.44,6370528
1606474800,6.44,6.48,6.43,6.46,5607977
1606478400,6.45,6.48,6.41,6.48,8992815
1606482000,6.48,6.48,6.4,6.41,10824044
1606485600,6.41,6.43,6.35,6.37,19941078
1606489200,6.38,6.38,6.38,6.38,1430263
1606716000,6.24,6.24,6.24,6.24,614702
1606719600,6.25,6.27,6.19,6.21,22655604
1606723200,6.22,6.28,6.2,6.25,27628310
1606726800,6.25,6.28,6.23,6.26,24777183
1606730400,6.26,6.26,6.23,6.23,3761413
1606734000,6.23,6.24,6.18,6.2,16901274
1606737600,6.19,6.22,6.18,6.2,6683869
1606741200,6.19,6.2,6.11,6.16,13483402
1606744800,6.16,6.16,6.05,6.08,20565466
1606748400,6.02,6.02,6.02,6.02,18755506
1606802400,6.1,6.1,6.1,6.1,1912443
1606806000,6.1,6.13,6.05,6.06,25162501
1606809600,6.05,6.14,6.03,6.13,22802582
1606813200,6.13,6.2,6.12,6.19,14667976
1606816800,6.19,6.23,6.17,6.19,13386082
1606820400,6.19,6.21,6.17,6.18,5320581
1606824000,6.18,6.25,6.18,6.2,14803545
1606827600,6.2,6.24,6.2,6.23,6713567
1606831200,6.23,6.31,6.22,6.31,14671980
1606834800,6.31,6.31,6.31,6.31,1260122
1606888800,6.31,6.31,6.31,6.31,412287
1606892400,6.31,6.35,6.27,6.28,17872573
1606896000,6.28,6.33,6.27,6.31,9759067
1606899600,6.31,6.32,6.29,6.29,5182694
1606903200,6.29,6.35,6.29,6.34,8875338
1606906800,6.33,6.34,6.25,6.25,11676797
1606910400,6.25,6.27,6.21,6.21,14655955
1606914000,6.22,6.25,6.19,6.25,11199326
1606917600,6.25,6.28,6.22,6.24,13887072
1606921200,6.25,6.25,6.25,6.25,1417372
1606975200,6.25,6.25,6.25,6.25,228077
1606978800,6.26,6.26,6.12,6.14,27502271
1606982400,6.14,6.18,6.13,6.17,6127550
1606986000,6.18,6.25,6.17,6.21,15296970
1606989600,6.21,6.24,6.19,6.2,5167812
1606993200,6.19,6.23,6.19,6.22,3989282
1606996800,6.22,6.24,6.2,6.22,6105332
1607000400,6.21,6.26,6.2,6.24,18421344
1607004000,6.24,6.3,6.22,6.24,20569694
1607007600,6.24,6.24,6.23,6.23,3134212
1607061600,6.22,6.22,6.22,6.22,280545
1607065200,6.22,6.26,6.18,6.19,14799029
1607068800,6.19,6.21,6.16,6.2,10345205
1607072400,6.2,6.2,6.17,6.19,5197633
1607076000,6.19,6.2,6.15,6.18,6487429
1607079600,6.17,6.18,6.15,6.15,4219194
1607083200,6.15,6.19,6.15,6.17,2814994
1607086800,6.17,6.2,6.16,6.17,4458467
1607090400,6.16,6.18,6.15,6.18,6571773
1607094000,6.18,6.18,6.18,6.18,1540661
1607320800,6.13,6.13,6.13,6.13,156669
1607324400,6.13,6.14,6.06,6.08,14753466
1607328000,6.07,6.12,6.06,6.1,9213013
1607331600,6.1,6.11,6.07,6.09,5242533
1607335200,6.09,6.12,6.07,6.09,10596961
1607338800,6.08,6.1,6.06,6.07,9866117
1607342400,6.07,6.08,6.04,6.05,6855023
1607346000,6.05,6.06,6.02,6.03,7455909
1607349600,6.02,6.05,6.02,6.05,7320567
1607353200,6.05,6.05,6.04,6.04,1969576
1607407200,6.05,6.05,6.05,6.05,192162
1607410800,6.05,6.08,6.04,6.04,11803651
1607414400,6.05,6.08,6.04,6.05,5974423
1607418000,6.05,6.16,6.05,6.14,28204377
1607421600,6.15,6.15,6.1,6.11,10280725
1607425200,6.1,6.11,6.05,6.06,9966389
1607428800,6.05,6.1,6.04,6.09,7410156
1607432400,6.09,6.12,6.07,6.1,8277813
1607436000,6.1,6.1,6.05,6.06,10768196
1607439600,6.05,6.05,6.05,6.05,1652987
1607493600,6.09,6.09,6.09,6.09,354265
1607497200,6.09,6.13,6.08,6.09,15742913
1607500800,6.09,6.12,6.08,6.1,9326797
1607504400,6.1,6.11,6.08,6.1,3379991
1607508000,6.11,6.14,6.1,6.12,7786078
1607511600,6.12,6.12,6.09,6.1,3447123
1607515200,6.09,6.29,6.09,6.28,36990229
1607518800,6.28,6.31,6.19,6.21,27831224
1607522400,6.21,6.26,6.19,6.22,12928160
1607526000,6.2,6.2,6.2,6.2,2969440
1607580000,6.22,6.22,6.22,6.22,520939
1607583600,6.22,6.25,6.17,6.2,13224881
1607587200,6.19,6.29,6.19,6.27,16463327
1607590800,6.27,6.31,6.27,6.28,11905905
1607594400,6.28,6.32,6.27,6.27,8669619
1607598000,6.28,6.35,6.27,6.35,23459382
1607601600,6.34,6.37,6.3,6.32,17634374
1607605200,6.33,6.34,6.28,6.28,9440474
1607608800,6.28,6.3,6.22,6.27,20641499
1607612400,6.26,6.26,6.26,6.26,2341723
1607666400,6.22,6.22,6.22,6.22,288146
1607670000,6.22,6.26,6.18,6.2,19229154
1607673600,6.19,6.21,6.13,6.15,14618655
1607677200,6.15,6.19,6.12,6.19,8232315
1607680800,6.19,6.2,6.15,6.18,9314211
1607684400,6.18,6.22,6.17,6.21,5947900
1607688000,6.2,6.24,6.19,6.22,6676216
1607691600,6.22,6.3,6.21,6.29,18040032
1607695200,6.3,6.32,6.28,6.3,25312661
1607698800,6.31,6.31,6.31,6.31,2459951
1607925600,6.39,6.39,6.39,6.39,777505
1607929200,6.39,6.44,6.35,6.42,22380484
1607932800,6.41,6.47,6.4,6.43,13388435
1607936400,6.43,6.44,6.41,6.41,3186878
1607940000,6.41,6.46,6.41,6.45,6230257
1607943600,6.45,6.46,6.41,6.42,7779980
1607947200,6.42,6.43,6.39,6.41,7458138
1607950800,6.4,6.42,6.39,6.42,4987241
1607954400,6.41,6.43,6.37,6.37,8781452
1607958000,6.37,6.37,6.37,6.37,2202480
1608012000,6.4,6.4,6.4,6.4,550535
1608015600,6.39,6.4,6.33,6.36,20915369
1608019200,6.35,6.38,6.34,6.37,6663510
1608022800,6.37,6.39,6.36,6.37,5339968
1608026400,6.37,6.42,6.37,6.38,12777627
1608030000,6.38,6.39,6.37,6.39,3037440
1608033600,6.39,6.42,6.37,6.4,7934538
1608037200,6.4,6.41,6.38,6.39,4442629
1608040800,6.4,6.42,6.36,6.37,10048685
1608044400,6.36,6.36,6.36,6.36,1940509
1608098400,6.42,6.42,6.42,6.42,482174
1608102000,6.42,6.48,6.4,6.45,29603000
1608105600,6.44,6.45,6.42,6.43,9170375
1608109200,6.43,6.44,6.41,6.41,4436354
1608112800,6.42,6.43,6.4,6.41,6645657
1608116400,6.41,6.43,6.4,6.41,3278478
1608120000,6.41,6.43,6.41,6.42,3786904
1608123600,6.42,6.44,6.35,6.37,11126770
1608127200,6.37,6.37,6.31,6.35,17184281
1608130800,6.35,6.35,6.35,6.35,1468529
1608184800,6.41,6.41,6.41,6.41,551251
1608188400,6.4,6.43,6.37,6.41,20436410
1608192000,6.41,6.42,6.39,6.4,4879624
1608195600,6.4,6.4,6.36,6.36,11332324
1608199200,6.36,6.38,6.33,6.38,5382286
1608202800,6.38,6.4,6.37,6.38,6500728
1608206400,6.38,6.4,6.36,6.38,6104476
1608210000,6.39,6.4,6.37,6.38,7748469
1608213600,6.38,6.41,6.37,6.4,8782968
1608217200,6.4,6.4,6.4,6.4,1935937
1608271200,6.4,6.4,6.4,6.4,185356
1608274800,6.4,6.4,6.35,6.38,8198534
1608278400,6.37,6.47,6.37,6.46,15181417
1608282000,6.46,6.47,6.42,6.43,9450561
1608285600,6.42,6.45,6.42,6.44,3984083
1608289200,6.44,6.5,6.43,6.5,14130082
1608292800,6.5,6.5,6.44,6.47,14596448
1608296400,6.47,6.49,6.46,6.47,5173560
1608300000,6.47,6.48,6.46,6.47,5139097
1608303600,6.49,6.49,6.49,6.49,4526025
1608530400,6.4,6.4,6.4,6.4,577798
1608534000,6.39,6.43,6.36,6.43,20260294
1608537600,6.42,6.42,6.38,6.4,9849874
1608541200,6.4,6.41,6.33,6.34,15901158
1608544800,6.34,6.35,6.22,6.26,16342361
1608548400,6.26,6.3,6.26,6.28,6017364
1608552000,6.28,6.29,6.26,6.27,3841750
1608555600,6.27,6.28,6.23,6.26,11320001
1608559200,6.26,6.34,6.24,6.32,9195626
1608562800,6.35,6.35,6.35,6.35,2563633
1608616800,6.38,6.38,6.38,6.38,611449
1608620400,6.38,6.39,6.34,6.38,17311502
1608624000,6.37,6.46,6.37,6.44,20820893
1608627600,6.44,6.46,6.43,6.43,6343419
1608631200,6.43,6.47,6.42,6.46,6785436
1608634800,6.46,6.48,6.44,6.47,9201713
1608638400,6.46,6.49,6.46,6.49,11492165
1608642000,6.49,6.51,6.46,6.49,18260202
1608645600,6.49,6.53,6.45,6.48,23088648
1608649200,6.49,6.49,6.46,6.46,4079480
1608703200,6.5,6.5,6.5,6.5,677092
1608706800,6.5,6.58,6.49,6.56,24012264
1608710400,6.55,6.57,6.52,6.54,7626351
1608714000,6.55,6.55,6.49,6.5,9448549
1608717600,6.5,6.52,6.5,6.5,3731907
1608721200,6.51,6.51,6.44,6.46,9645220
1608724800,6.46,6.46,6.42,6.43,7574578
1608728400,6.44,6.48,6.42,6.48,6925543
1608732000,6.48,6.52,6.46,6.47,16707046
1608735600,6.46,6.46,6.46,6.46,2903636
1608789600,6.49,6.49,6.49,6.49,435438
1608793200,6.49,6.51,6.42,6.44,15321980
1608796800,6.43,6.46,6.43,6.46,5156624
1608800400,6.46,6.51,6.45,6.51,8295398
1608804000,6.51,6.56,6.5,6.53,22738031
1608807600,6.52,6.65,6.52,6.6,69426749
1608811200,6.59,6.6,6.55,6.56,11587759
1608814800,6.56,6.61,6.56,6.58,6949430
1608818400,6.59,6.59,6.55,6.56,9759859
1608822000,6.55,6.55,6.55,6.55,2635080
1608876000,6.57,6.57,6.57,6.57,287486
1608879600,6.58,6.59,6.54,6.56,6817639
1608883200,6.55,6.57,6.55,6.56,2054433
1608886800,6.56,6.57,6.55,6.56,3019527
1608890400,6.56,6.57,6.56,6.56,1927906
1608894000,6.56,6.58,6.55,6.58,4816080
1608897600,6.58,6.58,6.51,6.52,6629032
1608901200,6.52,6.53,6.5,6.51,3831507
1608904800,6.52,6.52,6.49,6.52,4325843
1608908400,6.51,6.51,6.51,6.51,1999306
1609135200,6.55,6.55,6.55,6.55,435691
1609138800,6.56,6.57,6.53,6.56,8436854
1609142400,6.55,6.56,6.53,6.54,4980984
1609146000,6.54,6.58,6.54,6.55,8243737
1609149600,6.55,6.55,6.52,6.53,4367975
1609153200,6.53,6.55,6.52,6.53,5396724
1609156800,6.53,6.55,6.52,6.53,7043446
1609160400,6.54,6.55,6.53,6.55,4961138
1609164000,6.54,6.56,6.51,6.55,8770629
1609167600,6.54,6.54,6.54,6.54,1093251
1609221600,6.56,6.56,6.56,6.56,333443
1609225200,6.55,6.56,6.52,6.52,8856257
1609228800,6.53,6.55,6.52,6.52,5764928
1609232400,6.52,6.53,6.48,6.5,7105777
1609236000,6.49,6.52,6.47,6.48,7840346
1609239600,6.48,6.51,6.48,6.5,4204943
1609243200,6.5,6.52,6.49,6.51,2497548
1609246800,6.51,6.55,6.51,6.54,9554852
1609250400,6.53,6.62,6.53,6.62,17631566
1609254000,6.62,6.62,6.62,6.62,2603479
1609308000,6.64,6.64,6.64,6.64,559147
1609311600,6.65,6.75,6.64,6.74,25742407
1609315200,6.73,6.88,6.73,6.81,32264780
1609318800,6.82,6.88,6.79,6.83,16110545
1609322400,6.84,6.86,6.83,6.85,8114211
1609326000,6.85,6.91,6.84,6.85,13100567
1609329600,6.86,6.87,6.82,6.86,6594208
1609333200,6.86,6.87,6.83,6.85,6354974
1609336800,6.86,6.92,6.85,6.91,13583207
1609340400,6.91,6.91,6.9,6.9,2906257
1609394400,6.89,6.89,6.89,6.89,406763
1609398000,6.89,6.9,6.84,6.89,15532020
1609401600,6.89,6.96,6.87,6.89,16980474
1609405200,6.9,6.92,6.87,6.9,8422224
1609408800,6.9,6.94,6.89,6.91,4594379
1609412400,6.92,6.97,6.91,6.97,4246108
1609416000,6.96,6.97,6.89,6.9,5512332
1609419600,6.9,6.97,6.9,6.95,6673918
1609423200,6.95,7.03,6.94,7.01,17542222
1609426800,6.93,6.93,6.93,6.93,7109306
1609740000,6.98,6.98,6.98,6.98,1015549
1609743600,6.98,7.11,6.96,7.1,35599325
1609747200,7.1,7.11,7.06,7.1,11513625
1609750800,7.1,7.14,7.09,7.11,11119572
1609754400,7.11,7.13,7.08,7.08,4233841
1609758000,7.08,7.11,7.07,7.1,5234027
1609761600,7.1,7.15,7.06,7.11,11433795
1609765200,7.11,7.11,7.04,7.08,10011517
1609768800,7.07,7.11,7.06,7.1,17786890
1609772400,7.09,7.09,7.09,7.09,2270795
1609826400,7.06,7.06,7.06,7.06,426465
1609830000,7.05,7.11,7.03,7.08,17829793
1609833600,7.09,7.18,7.08,7.12,21374761
1609837200,7.12,7.2,7.11,7.18,15353560
1609840800,7.18,7.21,7.15,7.19,16322661
1609844400,7.2,7.22,7.15,7.16,11740994
1609848000,7.16,7.17,7.08,7.12,16134323
1609851600,7.12,7.14,6.97,7.01,30900359
1609855200,7.01,7.08,6.98,7.01,22373478
1609858800,7.03,7.03,7.03,7.03,2522882
1609912800,7.17,7.17,7.17,7.17,1302740
1609916400,7.17,7.23,7.15,7.22,30255194
1609920000,7.21,7.23,7.16,7.19,21093637
1609923600,7.19,7.24,7.18,7.23,21257435
1609927200,7.23,7.3,7.21,7.27,25497999
1609930800,7.27,7.32,7.21,7.23,22804383
1609934400,7.22,7.3,7.22,7.27,15378689
1609938000,7.26,7.34,7.26,7.31,16437588
1609941600,7.31,7.35,7.26,7.35,17169204
1609945200,7.36,7.36,7.36,7.36,3476122
1609999200,7.47,7.47,7.47,7.47,1241699
1610002800,7.47,7.56,7.47,7.52,32283605
1610006400,7.51,7.55,7.48,7.54,26527754
1610010000,7.53,7.6,7.49,7.51,20507604
1610013600,7.51,7.53,7.48,7.5,9236630
1610017200,7.49,7.51,7.45,7.47,16315139
1610020800,7.47,7.52,7.46,7.49,8506256
1610024400,7.49,7.5,7.42,7.44,15605868
1610028000,7.44,7.54,7.42,7.53,20365182
1610031600,7.54,7.54,7.54,7.54,2596433
1610085600,7.61,7.61,7.61,7.61,920170
1610089200,7.62,7.63,7.49,7.51,22101374
1610092800,7.5,7.52,7.47,7.5,10139063
1610096400,7.49,7.53,7.49,7.53,6961742
1610100000,7.53,7.54,7.5,7.54,4916581
1610103600,7.53,7.54,7.49,7.5,11359226
1610107200,7.5,7.56,7.49,7.56,15356676
1610110800,7.56,7.57,7.51,7.53,20323502
1610114400,7.52,7.55,7.51,7.52,21443876
1610118000,7.51,7.51,7.51,7.51,3165316
1610344800,7.47,7.47,7.47,7.47,505472
1610348400,7.46,7.48,7.36,7.37,20487033
1610352000,7.37,7.42,7.36,7.38,10112638
1610355600,7.38,7.43,7.38,7.42,7902891
1610359200,7.42,7.45,7.42,7.43,6042037
1610362800,7.43,7.44,7.4,7.42,4500116
1610366400,7.42,7.42,7.38,7.39,4564452
1610370000,7.39,7.4,7.27,7.29,15032077
1610373600,7.28,7.33,7.21,7.31,19273292
1610377200,7.34,7.34,7.34,7.34,2261383
1610431200,7.4,7.4,7.4,7.4,463394
1610434800,7.41,7.42,7.32,7.34,19838210
1610438400,7.33,7.34,7.27,7.32,9790260
1610442000,7.31,7.33,7.29,7.3,3756222
1610445600,7.31,7.31,7.27,7.27,4389623
1610449200,7.27,7.29,7.26,7.29,3729148
1610452800,7.29,7.32,7.28,7.3,4702067
1610456400,7.31,7.32,7.27,7.27,5491244
1610460000,7.27,7.28,7.24,7.28,10489325
1610463600,7.28,7.28,7.28,7.28,1393622
1610517600,7.34,7.34,7.34,7.34,539211
1610521200,7.33,7.34,7.28,7.3,15267990
1610524800,7.3,7.32,7.29,7.3,8066927
1610528400,7.3,7.31,7.26,7.28,5291040
1610532000,7.28,7.29,7.23,7.24,5997452
1610535600,7.25,7.26,7.22,7.24,4117095
1610539200,7.24,7.25,7.17,7.19,13264769
1610542800,7.19,7.22,7.18,7.2,7796747
1610546400,7.2,7.27,7.2,7.25,15249993
1610550000,7.25,7.25,7.25,7.25,2278683
1610604000,7.27,7.27,7.27,7.27,343598
1610607600,7.27,7.28,7.17,7.18,15414872
1610611200,7.17,7.25,7.17,7.22,14056860
1610614800,7.23,7.23,7.2,7.22,3247332
1610618400,7.21,7.22,7.18,7.2,5711559
1610622000,7.2,7.21,7.17,7.19,5105075
1610625600,7.18,7.19,7.1,7.13,10283965
1610629200,7.12,7.14,7.08,7.1,8697387
1610632800,7.1,7.13,7.07,7.12,12526673
1610636400,7.11,7.11,7.11,7.11,3139156
1610690400,7.05,7.05,7.05,7.05,446421
1610694000,7.04,7.07,6.97,6.97,19348550
1610697600,6.96,7.01,6.95,6.99,11673330
1610701200,6.99,7.06,6.98,7.02,10037601
1610704800,7.02,7.02,6.99,7,3350903
1610708400,6.99,7,6.95,6.96,7215777
1610712000,6.95,6.96,6.88,6.91,10879766
1610715600,6.9,6.93,6.85,6.86,13450348
1610719200,6.86,6.92,6.84,6.92,20134034
1610722800,6.91,6.91,6.91,6.91,1737993
1610949600,6.9,6.9,6.9,6.9,363879
1610953200,6.9,6.9,6.79,6.83,19705029
1610956800,6.82,6.91,6.81,6.84,13374238
1610960400,6.85,6.94,6.83,6.9,15835992
1610964000,6.9,6.91,6.88,6.89,2994151
1610967600,6.89,6.93,6.87,6.89,7676322
1610971200,6.89,6.91,6.88,6.9,3624982
1610974800,6.9,6.92,6.88,6.91,4014889
1610978400,6.92,6.99,6.91,6.99,17628576
1610982000,7,7,7,7,3126259
1611036000,7.09,7.09,7.09,7.09,739640
1611039600,7.08,7.1,7.04,7.06,10859585
1611043200,7.06,7.06,6.99,7.01,8198953
1611046800,7.02,7.07,7.01,7.05,4791433
1611050400,7.05,7.07,7.03,7.07,3205578
1611054000,7.07,7.11,7.06,7.09,11669355
1611057600,7.09,7.14,7.08,7.12,9283632
1611061200,7.12,7.13,7.05,7.07,7854513
1611064800,7.06,7.07,7,7.02,14833456
1611068400,7.01,7.01,7.01,7.01,2936683
1611122400,7.04,7.04,7.04,7.04,321826
1611126000,7.04,7.04,6.9,6.91,19780496
1611129600,6.92,6.93,6.88,6.9,14204264
1611133200,6.9,6.91,6.88,6.91,5965441
1611136800,6.9,6.92,6.9,6.91,3408447
1611140400,6.9,6.91,6.87,6.88,8290327
1611144000,6.88,6.9,6.85,6.89,5897765
1611147600,6.89,6.91,6.87,6.89,6588255
1611151200,6.89,6.95,6.88,6.92,19205527
1611154800,6.92,6.92,6.92,6.92,1908080
1611208800,6.94,6.94,6.94,6.94,389721
1611212400,6.94,7.09,6.92,7.06,35439875
1611216000,7.07,7.09,7.01,7.02,17426980
1611219600,7.02,7.07,7.01,7.03,8050966
1611223200,7.03,7.03,6.99,7.02,7926535
1611226800,7.02,7.09,6.95,7.05,42724540
1611230400,7.05,7.09,7,7,22206818
1611234000,7,7.02,6.96,6.97,13350752
1611237600,6.97,6.99,6.9,6.92,16406277
1611241200,6.91,6.91,6.91,6.91,2557661
1611295200,6.89,6.89,6.89,6.89,321283
1611298800,6.89,6.91,6.75,6.79,29776506
1611302400,6.79,6.81,6.76,6.8,12058376
1611306000,6.79,6.81,6.72,6.76,10799141
1611309600,6.76,6.77,6.71,6.73,8040463
1611313200,6.72,6.76,6.68,6.7,13032308
1611316800,6.7,6.72,6.68,6.71,10309603
1611320400,6.71,6.72,6.65,6.67,17751342
1611324000,6.67,6.75,6.66,6.72,21279866
1611327600,6.72,6.72,6.72,6.72,3060806
1611554400,6.78,6.78,6.78,6.78,378249
1611558000,6.79,6.8,6.71,6.74,12016988
1611561600,6.74,6.74,6.66,6.69,10653542
1611565200,6.69,6.69,6.62,6.64,11453576
1611568800,6.64,6.67,6.62,6.65,6481569
1611572400,6.66,6.66,6.6,6.62,6570009
1611576000,6.61,6.62,6.56,6.59,9534422
1611579600,6.58,6.63,6.58,6.63,6188316
1611583200,6.63,6.64,6.54,6.56,18137168
1611586800,6.57,6.57,6.57,6.57,1947472
1611640800,6.53,6.53,6.53,6.53,380948
1611644400,6.52,6.53,6.4,6.44,23501493
1611648000,6.44,6.62,6.43,6.6,27753901
1611651600,6.59,6.62,6.57,6.59,13609344
1611655200,6.59,6.63,6.58,6.59,6607984
1611658800,6.59,6.65,6.59,6.62,12578800
1611662400,6.62,6.68,6.62,6.66,11574071
1611666000,6.66,6.67,6.58,6.61,9685710
1611669600,6.62,6.65,6.58,6.59,9975927
1611673200,6.58,6.61,6.58,6.61,1846401
1611727200,6.58,6.58,6.58,6.58,123227
1611730800,6.58,6.61,6.53,6.54,14951166
1611734400,6.53,6.54,6.5,6.52,12128459
1611738000,6.52,6.55,6.49,6.54,9480473
1611741600,6.53,6.56,6.47,6.48,11711577
1611745200,6.48,6.49,6.42,6.42,9847826
1611748800,6.43,6.45,6.4,6.42,14368552
1611752400,6.42,6.45,6.38,6.42,9481030
1611756000,6.42,6.44,6.34,6.34,13484396
1611759600,6.34,6.34,6.34,6.34,2321299
1611813600,6.28,6.28,6.28,6.28,361852
1611817200,6.28,6.38,6.25,6.34,26247027
1611820800,6.33,6.37,6.29,6.31,17215140
1611824400,6.3,6.4,6.28,6.39,16292194
1611828000,6.39,6.46,6.38,6.43,20927639
1611831600,6.43,6.46,6.37,6.4,18138254
1611835200,6.39,6.42,6.37,6.38,4619680
1611838800,6.37,6.45,6.35,6.45,11451478
1611842400,6.45,6.49,6.41,6.46,14660818
1611846000,6.51,6.51,6.51,6.51,2473366
1611900000,6.42,6.42,6.42,6.42,486808
1611903600,6.43,6.44,6.37,6.4,14069529
1611907200,6.4,6.43,6.36,6.42,11213574
1611910800,6.41,6.46,6.39,6.45,8909386
1611914400,6.44,6.49,6.41,6.48,7385236
1611918000,6.47,6.49,6.43,6.46,6261341
1611921600,6.46,6.46,6.41,6.46,6794164
1611925200,6.46,6.5,6.4,6.48,12893836
1611928800,6.48,6.52,6.36,6.39,20585648
1611932400,6.38,6.38,6.38,6.38,3937938
1612159200,6.45,6.45,6.45,6.45,428681
1612162800,6.46,6.48,6.38,6.43,18202308
1612166400,6.43,6.45,6.41,6.43,6176876
1612170000,6.44,6.44,6.41,6.43,3358685
1612173600,6.43,6.44,6.4,6.43,5377002
1612177200,6.43,6.46,6.42,6.44,4996381
1612180800,6.43,6.49,6.42,6.48,9137081
1612184400,6.48,6.53,6.47,6.51,13484408
1612188000,6.51,6.54,6.5,6.51,7317312
1612191600,6.49,6.49,6.49,6.49,1048438
1612245600,6.55,6.55,6.55,6.55,409146
1612249200,6.55,6.59,6.53,6.57,11453022
1612252800,6.57,6.6,6.55,6.58,6285739
1612256400,6.57,6.59,6.56,6.57,3995529
1612260000,6.57,6.59,6.55,6.57,4742441
1612263600,6.57,6.59,6.54,6.55,4005088
1612267200,6.55,6.55,6.48,6.51,10974402
1612270800,6.51,6.54,6.49,6.53,8251774
1612274400,6.53,6.56,6.52,6.54,13545854
1612278000,6.55,6.55,6.55,6.55,1879667
1612332000,6.61,6.61,6.61,6.61,913291
1612335600,6.61,6.66,6.6,6.65,22042550
1612339200,6.65,6.68,6.64,6.65,13419905
1612342800,6.66,6.66,6.62,6.62,6758860
1612346400,6.62,6.67,6.6,6.65,12546664
1612350000,6.65,6.66,6.61,6.64,8945384
1612353600,6.63,6.64,6.61,6.63,7377179
1612357200,6.63,6.68,6.62,6.67,10787162
1612360800,6.67,6.75,6.65,6.75,23786882
1612364400,6.77,6.77,6.77,6.77,3103407
1612418400,6.77,6.77,6.77,6.77,595545
1612422000,6.77,6.78,6.69,6.71,16824422
1612425600,6.72,6.74,6.69,6.72,7326426
1612429200,6.71,6.73,6.69,6.69,4588481
1612432800,6.69,6.77,6.69,6.76,10676057
1612436400,6.76,6.77,6.69,6.7,7716316
1612440000,6.7,6.73,6.69,6.73,11630606
1612443600,6.72,6.74,6.71,6.71,5800487
1612447200,6.71,6.72,6.66,6.7,8766944
1612450800,6.68,6.68,6.68,6.68,2296984
1612504800,6.74,6.74,6.74,6.74,917858
1612508400,6.75,6.76,6.7,6.71,10041391
1612512000,6.71,6.72,6.68,6.71,3805182
1612515600,6.71,6.73,6.7,6.71,2899617
1612519200,6.71,6.74,6.69,6.73,4819660
1612522800,6.73,6.78,6.73,6.76,9308410
1612526400,6.77,6.77,6.74,6.74,3170233
1612530000,6.74,6.75,6.68,6.7,8858192
1612533600,6.69,6.71,6.59,6.6,18569282
1612537200,6.61,6.61,6.61,6.61,1593868
1612764000,6.67,6.67,6.67,6.67,313874
1612767600,6.66,6.68,6.6,6.61,11461314
1612771200,6.6,6.63,6.59,6.6,5683496
1612774800,6.61,6.62,6.56,6.59,5000884
1612778400,6.59,6.63,6.58,6.62,5263474
1612782000,6.62,6.65,6.6,6.63,3740484
1612785600,6.62,6.7,6.59,6.7,12318368
1612789200,6.69,6.73,6.68,6.69,12005104
1612792800,6.69,6.72,6.67,6.68,9253002
1612796400,6.67,6.67,6.67,6.67,1725769
1612850400,6.67,6.67,6.67,6.67,168684
1612854000,6.67,6.82,6.64,6.78,34137973
1612857600,6.79,6.87,6.75,6.85,25589861
1612861200,6.85,6.88,6.83,6.83,20577043
1612864800,6.84,6.9,6.81,6.87,22525597
1612868400,6.88,6.9,6.84,6.89,18888385
1612872000,6.89,6.9,6.85,6.88,12068684
1612875600,6.88,6.89,6.81,6.84,13385029
1612879200,6.84,6.87,6.83,6.85,10561179
1612882800,6.85,6.85,6.83,6.83,2257466
1612936800,6.86,6.86,6.86,6.86,556159
1612940400,6.87,6.88,6.82,6.82,11294363
1612944000,6.82,6.86,6.8,6.85,12588788
1612947600,6.84,6.86,6.82,6.83,5256209
1612951200,6.84,6.84,6.79,6.8,6275543
1612954800,6.8,6.83,6.78,6.79,5514675
1612958400,6.8,6.81,6.78,6.8,7969799
1612962000,6.8,6.83,6.75,6.79,10589698
1612965600,6.79,6.84,6.79,6.82,11032448
1612969200,6.82,6.82,6.82,6.82,1684402
1613023200,6.81,6.81,6.81,6.81,92656
1613026800,6.81,6.82,6.77,6.78,7550587
1613030400,6.78,6.8,6.76,6.78,5207100
1613034000,6.77,6.81,6.77,6.78,3548088
1613037600,6.79,6.8,6.76,6.78,4064911
1613041200,6.77,6.78,6.73,6.74,8218684
1613044800,6.74,6.75,6.72,6.72,3650744
1613048400,6.73,6.76,6.72,6.74,5168381
1613052000,6.74,6.74,6.67,6.69,9634931
1613055600,6.7,6.7,6.7,6.7,2519460
1613109600,6.65,6.65,6.65,6.65,220064
1613113200,6.65,6.69,6.64,6.65,6479161
1613116800,6.64,6.65,6.6,6.63,10638096
1613120400,6.63,6.69,6.63,6.66,8681529
1613124000,6.67,6.72,6.66,6.72,9071819
1613127600,6.72,6.74,6.69,6.69,6423697
1613131200,6.69,6.71,6.67,6.67,3703892
1613134800,6.68,6.7,6.67,6.69,2996685
1613138400,6.69,6.7,6.63,6.64,9426837
1613142000,6.64,6.64,6.64,6.64,1267252
1613368800,6.7,6.7,6.7,6.7,334458
1613372400,6.71,6.72,6.66,6.7,13317858
1613376000,6.69,6.71,6.68,6.7,3951948
1613379600,6.69,6.71,6.68,6.7,2455479
1613383200,6.7,6.72,6.69,6.7,4657737
1613386800,6.7,6.7,6.68,6.68,3479578
1613390400,6.68,6.69,6.66,6.68,2548244
1613394000,6.68,6.69,6.67,6.67,2381897
1613397600,6.67,6.72,6.67,6.71,8318663
1613401200,6.7,6.7,6.7,6.7,1019323
1613455200,6.72,6.72,6.72,6.72,427747
1613458800,6.73,6.82,6.71,6.76,30529833
1613462400,6.76,6.78,6.74,6.78,6945274
1613466000,6.78,6.78,6.74,6.74,4354291
1613469600,6.75,6.77,6.74,6.77,4148208
1613473200,6.77,6.77,6.72,6.73,4928783
1613476800,6.73,6.74,6.66,6.67,11159504
1613480400,6.67,6.68,6.55,6.56,20865516
1613484000,6.56,6.57,6.5,6.53,18121654
1613487600,6.51,6.51,6.51,6.51,3478829
1613541600,6.53,6.53,6.53,6.53,331128
1613545200,6.53,6.55,6.4,6.41,24353346
1613548800,6.42,6.44,6.39,6.43,14750301
1613552400,6.42,6.43,6.39,6.41,7256906
1613556000,6.42,6.46,6.39,6.43,11028225
1613559600,6.44,6.53,6.43,6.44,17446217
1613563200,6.43,6.47,6.43,6.44,5402379
1613566800,6.43,6.44,6.39,6.4,13804555
1613570400,6.4,6.45,6.37,6.42,17738288
1613574000,6.41,6.41,6.41,6.41,2102891
1613628000,6.46,6.46,6.46,6.46,448144
1613631600,6.45,6.47,6.37,6.39,17303310
1613635200,6.38,6.46,6.37,6.46,13221414
1613638800,6.46,6.51,6.44,6.48,15253360
1613642400,6.48,6.49,6.43,6.46,10644074
1613646000,6.46,6.51,6.43,6.49,15960615
1613649600,6.49,6.5,6.46,6.46,7821300
1613653200,6.47,6.48,6.36,6.38,17684310
1613656800,6.37,6.38,6.32,6.35,17886167
1613660400,6.35,6.35,6.32,6.32,3366394
1613714400,6.32,6.32,6.32,6.32,187287
1613718000,6.33,6.35,6.27,6.28,13012400
1613721600,6.27,6.3,6.25,6.28,11558868
1613725200,6.27,6.3,6.26,6.27,5962905
1613728800,6.27,6.29,6.26,6.27,3205919
1613732400,6.27,6.29,6.25,6.27,6069021
1613736000,6.26,6.36,6.25,6.34,16439106
1613739600,6.33,6.38,6.29,6.31,16486143
1613743200,6.31,6.44,6.29,6.42,22870352
1613746800,6.44,6.44,6.44,6.44,1763809
1613973600,6.46,6.46,6.46,6.46,439897
1613977200,6.46,6.47,6.33,6.4,17660787
1613980800,6.39,6.42,6.33,6.34,15229263
1613984400,6.34,6.38,6.33,6.37,6764891
1613988000,6.37,6.4,6.36,6.38,3892183
1613991600,6.38,6.41,6.37,6.38,2680189
1613995200,6.37,6.39,6.34,6.36,6645866
1613998800,6.36,6.41,6.34,6.39,5592660
1614002400,6.38,6.4,6.3,6.32,14043279
1614006000,6.32,6.32,6.3,6.3,2537987
1614060000,6.35,6.35,6.35,6.35,160241
1614063600,6.35,6.38,6.31,6.34,13534955
1614067200,6.34,6.35,6.28,6.29,12600903
1614070800,6.3,6.3,6.23,6.29,12092498
1614074400,6.29,6.29,6.24,6.26,6213994
1614078000,6.27,6.3,6.25,6.29,4953592
1614081600,6.29,6.29,6.24,6.26,6116889
1614085200,6.27,6.28,6.23,6.27,9202773
1614088800,6.27,6.28,6.23,6.24,9102245
1614092400,6.24,6.24,6.24,6.24,2148443
1614146400,6.2,6.2,6.2,6.2,178372
1614150000,6.2,6.23,6.17,6.2,13065220
1614153600,6.2,6.24,6.19,6.2,10721518
1614157200,6.19,6.2,6.16,6.17,11742950
1614160800,6.17,6.23,6.16,6.22,8868208
1614164400,6.22,6.23,6.17,6.17,6552934
1614168000,6.18,6.23,6.17,6.18,5770686
1614171600,6.17,6.18,6.08,6.11,14320343
1614175200,6.1,6.13,6.03,6.03,13781775
1614178800,6.01,6.01,6.01,6.01,3385816
1614232800,6.11,6.11,6.11,6.11,491022
1614236400,6.12,6.14,6.06,6.1,15287629
1614240000,6.11,6.12,6.08,6.09,9181204
1614243600,6.09,6.13,6.09,6.1,5276889
1614247200,6.11,6.13,6.07,6.12,7681904
1614250800,6.12,6.13,5.97,6.03,19122457
1614254400,6.03,6.07,6.02,6.06,8714411
1614258000,6.07,6.14,6.05,6.14,9563418
1614261600,6.13,6.18,6.09,6.18,11164259
1614265200,6.18,6.18,6.18,6.18,857317
1614319200,6.02,6.02,6.02,6.02,273723
1614322800,6.03,6.1,6.01,6.08,15919069
1614326400,6.08,6.11,6.05,6.09,7447552
1614330000,6.09,6.1,6.06,6.08,4324983
1614333600,6.08,6.09,6.01,6.04,8502524
1614337200,6.03,6.06,5.99,6.03,10623609
1614340800,6.03,6.1,6.02,6.07,13513214
1614344400,6.07,6.13,6.06,6.11,12389328
1614348000,6.11,6.11,6.02,6.07,21216655
1614351600,6.06,6.06,6.06,6.06,3243327
1614578400,6.13,6.13,6.13,6.13,474634
1614582000,6.14,6.15,6.11,6.13,8974910
1614585600,6.13,6.15,6.07,6.08,13585372
1614589200,6.08,6.1,6.04,6.08,9807650
1614592800,6.09,6.12,6.07,6.12,4915898
1614596400,6.12,6.12,6.09,6.09,5921755
1614600000,6.1,6.16,6.1,6.15,6895612
1614603600,6.14,6.19,6.12,6.18,6040278
1614607200,6.18,6.31,6.18,6.3,13017326
1614610800,6.3,6.3,6.3,6.3,1283280
1614664800,6.28,6.28,6.28,6.28,111995
1614668400,6.28,6.29,6.21,6.25,14777194
1614672000,6.25,6.35,6.24,6.26,14786230
1614675600,6.26,6.35,6.26,6.33,10247779
1614679200,6.32,6.35,6.31,6.33,4339764
1614682800,6.34,6.37,6.31,6.35,7064866
1614686400,6.35,6.37,6.33,6.34,7859311
1614690000,6.34,6.35,6.27,6.3,6600155
1614693600,6.29,6.31,6.25,6.31,8409188
1614697200,6.3,6.3,6.3,6.3,1044655
1614751200,6.33,6.33,6.33,6.33,181209
1614754800,6.33,6.4,6.33,6.37,10288597
1614758400,6.38,6.46,6.37,6.42,16924027
1614762000,6.43,6.46,6.41,6.42,4317761
1614765600,6.42,6.44,6.41,6.42,4730867
1614769200,6.42,6.43,6.37,6.38,5103533
1614772800,6.38,6.4,6.36,6.39,3990225
1614776400,6.39,6.39,6.26,6.31,20143547
1614780000,6.31,6.32,6.26,6.28,7322666
1614783600,6.23,6.23,6.23,6.23,3440679
1614837600,6.21,6.21,6.21,6.21,161198
1614841200,6.21,6.26,6.18,6.2,11071106
1614844800,6.2,6.25,6.19,6.21,5500708
1614848400,6.21,6.23,6.19,6.21,2889552
1614852000,6.22,6.26,6.2,6.22,3723844
1614855600,6.22,6.32,6.21,6.32,11685621
1614859200,6.31,6.33,6.28,6.31,6666946
1614862800,6.31,6.36,6.27,6.34,10998063
1614866400,6.34,6.38,6.31,6.36,8566730
1614870000,6.35,6.35,6.35,6.35,1781545
1614924000,6.31,6.31,6.31,6.31,217745
1614927600,6.31,6.31,6.26,6.28,8242953
1614931200,6.28,6.29,6.23,6.27,7592540
1614934800,6.27,6.31,6.27,6.31,6836874
1614938400,6.31,6.35,6.3,6.34,8161273
1614942000,6.34,6.39,6.33,6.37,9383476
1614945600,6.38,6.39,6.33,6.35,3904401
1614949200,6.35,6.36,6.3,6.33,10278815
1614952800,6.33,6.35,6.3,6.32,10477298
1614956400,6.32,6.32,6.32,6.32,1732349
1615183200,6.34,6.34,6.34,6.34,246658
1615186800,6.34,6.34,6.3,6.31,9272083
1615190400,6.32,6.32,6.28,6.29,6109259
1615194000,6.28,6.28,6.21,6.24,10952794
1615197600,6.24,6.24,6.21,6.23,6392070
1615201200,6.22,6.23,6.16,6.16,7672210
1615204800,6.16,6.18,6.11,6.13,15419278
1615208400,6.12,6.15,6.11,6.13,13018039
1615212000,6.13,6.17,6.1,6.12,18550579
1615215600,6.12,6.12,6.12,6.12,1485750
1615269600,6.16,6.16,6.16,6.16,328662
1615273200,6.17,6.18,6.07,6.16,28773843
1615276800,6.15,6.17,6.13,6.17,10817271
1615280400,6.17,6.24,6.16,6.23,18854320
1615284000,6.23,6.23,6.19,6.19,5549858
1615287600,6.2,6.2,6.17,6.17,5202241
1615291200,6.17,6.18,6.12,6.14,6268750
1615294800,6.14,6.16,6.13,6.15,4630096
1615298400,6.15,6.18,6.14,6.15,11400531
1615302000,6.13,6.13,6.13,6.13,3372841
1615356000,6.12,6.12,6.12,6.12,138071
1615359600,6.12,6.16,6.11,6.15,8166489
1615363200,6.15,6.16,6.12,6.15,3670704
1615366800,6.15,6.18,6.14,6.17,5846150
1615370400,6.17,6.19,6.12,6.13,8894116
1615374000,6.13,6.14,6.08,6.1,12924655
1615377600,6.09,6.12,6.07,6.09,8416382
1615381200,6.09,6.16,6.06,6.15,21207432
1615384800,6.16,6.22,6.15,6.2,24461263
1615388400,6.2,6.2,6.2,6.2,2002135
1615442400,6.25,6.25,6.25,6.25,429172
1615446000,6.25,6.27,6.22,6.23,16023378
1615449600,6.23,6.24,6.21,6.23,6196533
1615453200,6.23,6.24,6.21,6.22,2412092
1615456800,6.22,6.24,6.21,6.22,2354068
1615460400,6.22,6.23,6.19,6.19,6009900
1615464000,6.2,6.2,6.14,6.16,8710758
1615467600,6.15,6.17,6.13,6.15,6208485
1615471200,6.14,6.15,6.08,6.08,10853897
1615474800,6.1,6.1,6.1,6.1,1526462
1615528800,6.11,6.11,6.11,6.11,225273
1615532400,6.1,6.17,6.09,6.15,12755494
1615536000,6.15,6.18,6.13,6.15,9569406
1615539600,6.15,6.15,6.11,6.12,3354119
1615543200,6.12,6.14,6.1,6.13,2078942
1615546800,6.12,6.14,6.11,6.13,2317127
1615550400,6.12,6.18,6.09,6.14,13400915
1615554000,6.14,6.17,6.11,6.12,9445240
1615557600,6.13,6.14,6.08,6.12,9249119
1615561200,6.13,6.13,6.13,6.13,1577211
1615788000,6.13,6.13,6.13,6.13,68741
1615791600,6.13,6.13,6.04,6.08,9423517
1615795200,6.08,6.09,6.05,6.06,5681627
1615798800,6.05,6.07,6.05,6.07,3391813
1615802400,6.06,6.08,6.05,6.07,2044761
1615806000,6.07,6.07,6.05,6.06,4471966
1615809600,6.06,6.06,6.04,6.05,2037018
1615813200,6.05,6.09,6.05,6.06,5654643
1615816800,6.06,6.07,6.03,6.04,10964928
1615820400,6.05,6.05,6.05,6.05,1175570
1615874400,6.05,6.05,6.05,6.05,87547
1615878000,6.06,6.08,6.04,6.07,7755161
1615881600,6.08,6.1,6.07,6.08,9584527
1615885200,6.08,6.11,6.07,6.1,6826495
1615888800,6.1,6.11,6.08,6.08,6244245
1615892400,6.08,6.1,6.08,6.09,3666101
1615896000,6.09,6.12,6.08,6.1,7515563
1615899600,6.11,6.11,6.07,6.08,5178429
1615903200,6.08,6.09,6.06,6.08,7008164
1615906800,6.09,6.09,6.09,6.09,1065763
1615960800,6.07,6.07,6.07,6.07,151272
1615964400,6.07,6.09,6.05,6.08,9278045
1615968000,6.08,6.14,6.07,6.12,11186939
1615971600,6.13,6.15,6.09,6.11,9558441
1615975200,6.11,6.11,6.08,6.08,5047816
1615978800,6.08,6.09,6.04,6.05,10589343
1615982400,6.05,6.05,6.01,6.03,11642415
1615986000,6.03,6.03,5.98,6,8980068
1615989600,6.01,6.03,5.99,6.01,7916856
1615993200,5.99,5.99,5.99,5.99,3565616
1616047200,6.01,6.01,6.01,6.01,189804
1616050800,6.01,6.07,6.01,6.06,10586054
1616054400,6.06,6.09,6.04,6.07,12644184
1616058000,6.08,6.1,6.07,6.08,7073956
1616061600,6.09,6.11,6.08,6.1,9431548
1616065200,6.1,6.2,6.09,6.19,43717358
1616068800,6.18,6.24,6.18,6.19,24851173
1616072400,6.19,6.2,6.14,6.16,10259281
1616076000,6.17,6.17,6.09,6.1,14706349
1616079600,6.11,6.11,6.1,6.1,1759663
1616133600,6.08,6.08,6.08,6.08,320873
1616137200,6.07,6.08,6.02,6.03,11646676
1616140800,6.02,6.06,6.02,6.05,5990259
1616144400,6.05,6.06,6.02,6.03,2440972
1616148000,6.04,6.04,6.02,6.04,3091120
1616151600,6.04,6.04,5.95,5.97,9656388
1616155200,5.96,5.98,5.91,5.95,12745983
1616158800,5.95,5.95,5.87,5.91,12519240
1616162400,5.91,5.93,5.88,5.92,10224674
1616166000,5.92,5.92,5.92,5.92,9463500
1616392800,5.42,5.42,5.42,5.42,6801035
1616396400,5.42,5.47,5.33,5.35,29191666
1616400000,5.33,5.34,5.33,5.33,8865906
1616403600,5.33,5.33,5.33,5.33,1526881
1616407200,5.33,5.33,5.33,5.33,2686322
1616410800,5.33,5.33,5.33,5.33,824572
1616414400,5.33,5.33,5.33,5.33,777535
1616418000,5.33,5.33,5.33,5.33,199638
1616421600,5.33,5.33,5.33,5.33,180537
1616425200,5.33,5.33,5.33,5.33,266421
1616479200,4.8,4.8,4.8,4.8,7539270
1616482800,4.8,4.8,4.8,4.8,9529085
1616486400,4.8,4.92,4.8,4.92,116865609
1616490000,4.91,5.05,4.8,4.98,94549340
1616493600,4.98,4.99,4.82,4.9,38845362
1616497200,4.91,4.95,4.86,4.94,23342848
1616500800,4.95,4.97,4.87,4.95,39106031
1616504400,4.96,4.98,4.82,4.85,39891924
1616508000,4.86,4.87,4.8,4.8,39707524
1616511600,4.8,4.8,4.8,4.8,999618
1616565600,4.88,4.88,4.88,4.88,1141827
1616569200,4.87,4.93,4.78,4.86,47182065
1616572800,4.85,4.92,4.85,4.88,17780687
1616576400,4.87,4.98,4.87,4.95,24976385
1616580000,4.96,4.98,4.92,4.94,14695604
1616583600,4.94,4.98,4.93,4.98,12506521
1616587200,4.98,5.02,4.96,5.01,26733760
1616590800,5.01,5.02,4.93,4.95,18712201
1616594400,4.95,4.95,4.86,4.91,17253872
1616598000,4.9,4.91,4.9,4.91,2502838
1616652000,4.93,4.93,4.93,4.93,600465
1616655600,4.93,4.99,4.93,4.96,23827660
1616659200,4.96,4.96,4.88,4.88,12652738
1616662800,4.89,4.9,4.86,4.88,11827506
1616666400,4.88,4.89,4.85,4.88,6188990
1616670000,4.88,4.9,4.85,4.86,8375723
1616673600,4.86,4.87,4.82,4.84,8999179
1616677200,4.83,4.87,4.81,4.87,13900512
1616680800,4.86,4.92,4.84,4.86,21297902
1616684400,4.85,4.85,4.85,4.85,2750543
1616738400,4.87,4.87,4.87,4.87,1656118
1616742000,4.87,4.87,4.76,4.81,26671105
1616745600,4.81,4.85,4.8,4.82,15369226
1616749200,4.81,4.82,4.76,4.78,9166357
1616752800,4.77,4.78,4.73,4.75,16419884
1616756400,4.75,4.75,4.65,4.68,14109819
1616760000,4.68,4.71,4.66,4.7,10804386
1616763600,4.71,4.74,4.69,4.73,7782989
1616767200,4.72,4.76,4.72,4.73,11529162
1616770800,4.72,4.72,4.72,4.72,1624713
1616997600,4.75,4.75,4.75,4.75,257321
1617001200,4.75,4.79,4.74,4.76,12876182
1617004800,4.75,4.77,4.73,4.77,6242307
1617008400,4.77,4.77,4.74,4.75,5717982
1617012000,4.75,4.77,4.74,4.75,4971932
1617015600,4.75,4.77,4.73,4.75,5268329
1617019200,4.75,4.76,4.74,4.75,4070843
1617022800,4.75,4.76,4.73,4.73,5408805
1617026400,4.74,4.77,4.73,4.75,7808082
1617030000,4.76,4.76,4.76,4.76,781667
1617084000,4.75,4.75,4.75,4.75,214003
1617087600,4.74,4.77,4.7,4.71,13110597
1617091200,4.7,4.73,4.69,4.72,6660885
1617094800,4.72,4.73,4.71,4.72,2264986
1617098400,4.72,4.72,4.68,4.7,7065745
1617102000,4.7,4.73,4.68,4.71,10087968
1617105600,4.72,4.76,4.7,4.75,10177461
1617109200,4.75,4.76,4.72,4.73,7683440
1617112800,4.73,4.74,4.7,4.72,10379520
1617116400,4.72,4.72,4.72,4.72,1827622
1617170400,4.72,4.72,4.72,4.72,317796
1617174000,4.72,4.77,4.7,4.75,20250701
1617177600,4.75,4.76,4.74,4.76,5909720
1617181200,4.76,4.76,4.71,4.72,8575563
1617184800,4.73,4.74,4.7,4.72,6350796
1617188400,4.72,4.73,4.71,4.73,3901902
1617192000,4.73,4.74,4.71,4.72,10589284
1617195600,4.72,4.73,4.7,4.71,8801633
1617199200,4.71,4.73,4.67,4.69,18093235
1617202800,4.69,4.69,4.69,4.69,2558972
1617256800,4.73,4.73,4.73,4.73,580174
1617260400,4.73,4.84,4.71,4.81,33666275
1617264000,4.81,4.82,4.79,4.81,10385826
1617267600,4.8,4.82,4.79,4.8,5968553
1617271200,4.8,4.82,4.78,4.8,11386461
1617274800,4.8,4.86,4.79,4.85,13723808
1617278400,4.85,4.87,4.83,4.86,11087393
1617282000,4.86,4.86,4.81,4.83,8353940
1617285600,4.83,4.91,4.82,4.88,22891211
1617289200,4.89,4.89,4.89,4.89,1620476
1617343200,4.93,4.93,4.93,4.93,511816
1617346800,4.94,4.95,4.89,4.91,16912910
1617350400,4.91,4.93,4.88,4.92,9758679
1617354000,4.92,4.96,4.91,4.96,6643533
1617357600,4.96,4.96,4.91,4.91,6244120
1617361200,4.91,4.92,4.89,4.91,3730071
1617364800,4.9,4.91,4.89,4.91,1522810
1617368400,4.91,4.91,4.86,4.89,5741702
1617372000,4.88,4.9,4.87,4.89,7328377
1617375600,4.89,4.89,4.89,4.89,1049665
1617602400,4.89,4.89,4.89,4.89,279697
1617606000,4.89,4.91,4.87,4.89,7202911
1617609600,4.88,4.89,4.86,4.88,4707675
1617613200,4.88,4.88,4.85,4.85,2784572
1617616800,4.86,4.88,4.85,4.88,1853845
1617620400,4.88,4.88,4.86,4.86,2344798
1617624000,4.86,4.88,4.85,4.86,2922057
1617627600,4.87,4.91,4.86,4.9,5619769
1617631200,4.89,4.9,4.88,4.9,3656213
1617634800,4.89,4.89,4.89,4.89,1322037
1617688800,4.89,4.89,4.89,4.89,157119
1617692400,4.88,4.92,4.87,4.88,17719417
1617696000,4.88,4.89,4.84,4.85,12605600
1617699600,4.85,4.86,4.84,4.86,5302138
1617703200,4.86,4.86,4.84,4.84,2172845
1617706800,4.85,4.86,4.83,4.83,5753579
1617710400,4.84,4.85,4.82,4.84,5094155
1617714000,4.85,4.86,4.82,4.84,9321143
1617717600,4.84,4.88,4.83,4.84,16628682
1617721200,4.82,4.82,4.82,4.82,2762825
1617775200,4.82,4.82,4.82,4.82,167258
1617778800,4.81,4.83,4.76,4.77,12876591
1617782400,4.77,4.79,4.75,4.77,5557234
1617786000,4.77,4.78,4.74,4.75,6174559
1617789600,4.75,4.76,4.73,4.74,4661521
1617793200,4.74,4.76,4.72,4.76,5347633
1617796800,4.75,4.8,4.75,4.79,8787677
1617800400,4.8,4.83,4.79,4.82,8763359
1617804000,4.82,4.85,4.8,4.85,13212156
1617807600,4.85,4.85,4.85,4.85,1552777
1617861600,4.87,4.87,4.87,4.87,338897
1617865200,4.87,4.88,4.84,4.86,13271960
1617868800,4.85,4.86,4.81,4.82,6247332
1617872400,4.82,4.83,4.81,4.82,1798294
1617876000,4.81,4.83,4.81,4.82,1498646
1617879600,4.82,4.85,4.81,4.85,3614100
1617883200,4.85,4.86,4.83,4.83,4801496
1617886800,4.84,4.84,4.8,4.81,8517836
1617890400,4.81,4.83,4.79,4.81,10313188
1617894000,4.8,4.8,4.8,4.8,2382441
1617948000,4.79,4.79,4.79,4.79,158944
1617951600,4.79,4.79,4.75,4.79,9487317
1617955200,4.79,4.8,4.77,4.79,6072353
1617958800,4.79,4.79,4.76,4.77,3355322
1617962400,4.78,4.78,4.75,4.75,3709719
1617966000,4.75,4.76,4.71,4.73,9712396
1617969600,4.73,4.73,4.69,4.7,5884684
1617973200,4.69,4.74,4.68,4.74,13859328
1617976800,4.74,4.77,4.73,4.76,17825062
1617980400,4.76,4.76,4.76,4.76,3712297
1618207200,4.75,4.75,4.75,4.75,218575
1618210800,4.75,4.77,4.69,4.73,9441832
1618214400,4.72,4.74,4.71,4.73,3079119
1618218000,4.73,4.75,4.72,4.73,5119324
1618221600,4.73,4.74,4.72,4.74,2547283
1618225200,4.74,4.75,4.72,4.74,3294645
1618228800,4.74,4.75,4.71,4.73,4158828
1618232400,4.74,4.78,4.71,4.71,8718491
1618236000,4.72,4.73,4.7,4.71,6597655
1618239600,4.7,4.7,4.7,4.7,3296819
1618293600,4.72,4.72,4.72,4.72,160284
1618297200,4.72,4.73,4.68,4.69,9678087
1618300800,4.69,4.7,4.67,4.68,6643452
1618304400,4.69,4.7,4.67,4.69,4237887
1618308000,4.7,4.72,4.68,4.72,2955741
1618311600,4.71,4.76,4.7,4.75,14336696
1618315200,4.75,4.77,4.72,4.76,8680456
1618318800,4.76,4.78,4.73,4.75,11528687
1618322400,4.75,4.79,4.74,4.76,7676119
1618326000,4.76,4.76,4.76,4.76,3646269
1618380000,4.81,4.81,4.81,4.81,576040
1618383600,4.82,4.87,4.82,4.86,18638678
1618387200,4.85,4.93,4.85,4.93,20737940
1618390800,4.92,4.94,4.9,4.9,8353523
1618394400,4.9,4.93,4.89,4.9,5898460
1618398000,4.9,4.91,4.89,4.9,3509358
1618401600,4.9,4.91,4.87,4.89,7811462
1618405200,4.89,4.9,4.88,4.89,3348478
1618408800,4.89,4.94,4.88,4.93,9698772
1618412400,4.94,4.94,4.94,4.94,2254969
1618466400,4.97,4.97,4.97,4.97,879141
1618470000,4.98,5.1,4.97,5.07,32515535
1618473600,5.07,5.08,5.03,5.07,14106478
1618477200,5.07,5.18,5.07,5.14,30380629
1618480800,5.14,5.15,5.09,5.11,13001210
1618484400,5.1,5.13,4.93,5.01,51107818
1618488000,5.02,5.06,4.98,5.03,14972230
1618491600,5.03,5.04,4.99,5.01,10025357
1618495200,5,5.06,4.98,5.05,17658450
1618498800,5.05,5.05,5.05,5.05,3434777
1618552800,5.02,5.02,5.02,5.02,514832
1618556400,5.02,5.04,4.97,4.98,18438288
1618560000,4.99,4.99,4.95,4.97,10676948
1618563600,4.96,5,4.95,4.98,8177748
1618567200,4.98,4.99,4.95,4.99,5323112
1618570800,4.98,4.99,4.96,4.97,4034716
1618574400,4.97,4.99,4.96,4.96,3843289
1618578000,4.97,4.98,4.96,4.97,3679396
1618581600,4.97,4.98,4.95,4.98,8137395
1618585200,4.98,4.98,4.97,4.97,2678012
1618812000,4.98,4.98,4.98,4.98,510900
1618815600,4.98,4.99,4.86,4.87,19283908
1618819200,4.87,4.89,4.85,4.86,9436663
1618822800,4.87,4.88,4.85,4.86,7128888
1618826400,4.87,4.88,4.86,4.87,5341641
1618830000,4.87,4.88,4.83,4.86,10061376
1618833600,4.85,4.87,4.84,4.85,5814771
1618837200,4.85,4.86,4.82,4.84,8026549
1618840800,4.83,4.84,4.81,4.81,12740289
1618844400,4.8,4.8,4.8,4.8,2607115
1618898400,4.79,4.79,4.79,4.79,105413
1618902000,4.79,4.89,4.79,4.85,27007955
1618905600,4.85,4.89,4.84,4.89,8813782
1618909200,4.89,4.89,4.86,4.87,5438780
1618912800,4.88,4.93,4.87,4.92,8889794
1618916400,4.91,4.92,4.89,4.9,2831000
1618920000,4.91,4.92,4.89,4.92,4412126
1618923600,4.92,4.94,4.89,4.91,9821729
1618927200,4.91,4.92,4.86,4.88,9540432
1618930800,4.88,4.88,4.88,4.88,1623747
1618984800,4.86,4.86,4.86,4.86,365182
1618988400,4.86,4.87,4.78,4.8,19038883
1618992000,4.8,4.83,4.78,4.82,8499929
1618995600,4.81,4.83,4.79,4.82,7533940
1618999200,4.82,4.84,4.8,4.84,5853347
1619002800,4.84,4.84,4.8,4.81,2687709
1619006400,4.81,4.82,4.79,4.81,5196016
1619010000,4.82,4.82,4.77,4.82,12364519
1619013600,4.82,4.86,4.8,4.86,16857783
1619017200,4.88,4.88,4.88,4.88,2231824
1619071200,4.82,4.82,4.82,4.82,633845
1619074800,4.83,4.87,4.81,4.83,26415745
1619078400,4.84,4.89,4.84,4.88,13464620
1619082000,4.87,4.89,4.85,4.88,7133162
1619085600,4.89,4.89,4.86,4.87,6997472
1619089200,4.87,4.9,4.86,4.87,7752954
1619092800,4.88,4.88,4.85,4.86,3737892
1619096400,4.85,4.86,4.83,4.85,8728355
1619100000,4.86,4.87,4.84,4.86,9442133
1619103600,4.87,4.87,4.87,4.87,2075452
1619416800,4.86,4.86,4.86,4.86,349872
1619420400,4.86,4.89,4.85,4.88,15099036
1619424000,4.87,4.9,4.86,4.88,9860951
1619427600,4.88,4.9,4.87,4.87,7541056
1619431200,4.88,4.88,4.86,4.87,4155400
1619434800,4.88,4.89,4.85,4.87,4321360
1619438400,4.86,4.87,4.85,4.87,4503264
1619442000,4.87,4.88,4.84,4.87,6548387
1619445600,4.87,4.9,4.85,4.9,11464360
1619449200,4.9,4.9,4.9,4.9,2727631
1619503200,4.92,4.92,4.92,4.92,533970
1619506800,4.92,4.94,4.87,4.91,25728231
1619510400,4.91,4.92,4.87,4.88,8762640
1619514000,4.88,4.89,4.86,4.87,4337188
1619517600,4.87,4.89,4.86,4.88,4585807
1619521200,4.88,4.89,4.85,4.86,6252029
1619524800,4.85,4.87,4.84,4.86,7845366
1619528400,4.87,4.88,4.83,4.85,7826734
1619532000,4.86,4.86,4.83,4.85,11339434
1619535600,4.85,4.85,4.85,4.85,2284242
1619589600,4.85,4.85,4.85,4.85,391821
1619593200,4.85,4.91,4.85,4.86,14019729
1619596800,4.86,4.9,4.85,4.9,6597282
1619600400,4.89,4.91,4.88,4.89,4546784
1619604000,4.88,4.91,4.87,4.89,6164584
1619607600,4.89,4.9,4.86,4.87,3639907
1619611200,4.87,4.87,4.85,4.86,4675343
1619614800,4.86,4.86,4.84,4.86,5730702
1619618400,4.85,4.87,4.84,4.86,6604826
1619622000,4.85,4.85,4.85,4.85,2654993
1619676000,4.88,4.88,4.88,4.88,1146760
1619679600,4.89,4.92,4.87,4.9,22674469
1619683200,4.9,4.92,4.87,4.89,17836123
1619686800,4.89,4.91,4.88,4.9,8834623
1619690400,4.9,4.92,4.89,4.91,8044444
1619694000,4.91,4.92,4.89,4.89,4264819
1619697600,4.9,4.9,4.87,4.87,5609055
1619701200,4.87,4.89,4.86,4.88,4966214
1619704800,4.88,4.89,4.87,4.89,5399910
1619708400,4.88,4.88,4.88,4.88,2476197
1619762400,4.89,4.89,4.89,4.89,656283
1619766000,4.89,4.91,4.87,4.9,15158520
1619769600,4.89,4.9,4.88,4.89,5419878
1619773200,4.89,4.9,4.87,4.89,4138225
1619776800,4.88,4.89,4.86,4.86,6236706
1619780400,4.86,4.87,4.86,4.87,3225928
1619784000,4.86,4.89,4.86,4.88,4495381
1619787600,4.88,4.89,4.87,4.88,4583080
1619791200,4.88,4.9,4.86,4.89,19687816
1619794800,4.88,4.88,4.88,4.88,5530334
1620021600,4.88,4.88,4.88,4.88,720554
1620025200,4.89,4.92,4.88,4.9,20075284
1620028800,4.91,4.93,4.9,4.93,10879508
1620032400,4.93,4.93,4.9,4.91,7143799
1620036000,4.9,4.91,4.88,4.9,15590440
1620039600,4.9,4.92,4.89,4.91,9871920
1620043200,4.91,4.92,4.91,4.91,2337875
1620046800,4.91,4.94,4.91,4.93,11929476
1620050400,4.93,5,4.92,5,17350553
1620054000,4.99,4.99,4.99,4.99,2068510
1620108000,5.01,5.01,5.01,5.01,1446270
1620111600,5.01,5.04,4.97,4.97,21479297
1620115200,4.98,4.99,4.96,4.96,4288775
1620118800,4.97,4.97,4.94,4.96,10251683
1620122400,4.96,4.97,4.95,4.96,2276157
1620126000,4.96,4.97,4.95,4.96,2989192
1620129600,4.96,4.97,4.95,4.97,2501359
1620133200,4.97,4.98,4.94,4.94,11856951
1620136800,4.94,4.95,4.92,4.94,9366963
1620140400,4.94,4.94,4.94,4.94,1770155
1620194400,4.96,4.96,4.96,4.96,300786
1620198000,4.95,4.97,4.91,4.92,13323423
1620201600,4.93,4.93,4.91,4.92,4538278
1620205200,4.92,4.93,4.91,4.92,4213621
1620208800,4.93,4.93,4.91,4.92,1672334
1620212400,4.93,4.93,4.91,4.93,3933880
1620216000,4.93,4.94,4.92,4.92,3356704
1620219600,4.93,4.95,4.92,4.93,7242469
1620223200,4.93,4.95,4.92,4.95,9931250
1620226800,4.94,4.94,4.94,4.94,2864377
1620280800,4.95,4.95,4.95,4.95,411822
1620284400,4.94,4.96,4.93,4.96,12221377
1620288000,4.96,4.98,4.95,4.97,6384121
1620291600,4.97,4.97,4.96,4.97,1099762
1620295200,4.97,4.99,4.97,4.97,8972133
1620298800,4.98,5.01,4.94,4.98,27956633
1620302400,4.97,4.99,4.97,4.99,5153339
1620306000,4.98,4.99,4.94,4.94,7917581
1620309600,4.94,5.02,4.93,5.01,32243000
1620313200,5.01,5.01,5,5,2928082
1620367200,5.03,5.03,5.03,5.03,716167
1620370800,5.04,5.04,4.99,5.01,16869299
1620374400,5.02,5.12,5.01,5.11,27558197
1620378000,5.11,5.14,5.08,5.11,18900808
1620381600,5.11,5.13,5.1,5.11,3879253
1620385200,5.11,5.13,5.06,5.07,11439752
1620388800,5.07,5.2,5.06,5.17,30012527
1620392400,5.17,5.18,5.13,5.15,13638826
1620396000,5.16,5.18,5.12,5.16,17229624
1620399600,5.15,5.15,5.15,5.15,2672864
1620626400,5.18,5.18,5.18,5.18,728802
1620630000,5.18,5.19,5.1,5.12,22764583
1620633600,5.13,5.17,5.12,5.14,10063451
1620637200,5.15,5.16,5.13,5.13,2698364
1620640800,5.14,5.17,5.13,5.15,3946562
1620644400,5.15,5.16,5.12,5.14,4537729
1620648000,5.14,5.17,5.13,5.17,9992412
1620651600,5.17,5.17,5.14,5.15,6420138
1620655200,5.16,5.18,5.13,5.16,19361547
1620658800,5.16,5.16,5.16,5.16,3550060
1620712800,5.1,5.1,5.1,5.1,892946
1620716400,5.09,5.1,5.06,5.07,20056265
1620720000,5.07,5.09,5.06,5.07,4859369
1620723600,5.07,5.09,5.07,5.09,2524693
1620727200,5.09,5.09,5.07,5.07,2222429
1620730800,5.07,5.08,5.05,5.07,5775483
1620734400,5.06,5.07,5.04,5.05,5363921
1620738000,5.05,5.07,5.02,5.07,10536758
1620741600,5.07,5.07,5.04,5.05,8051471
1620745200,5.04,5.04,5.04,5.04,3851822
1620799200,5.02,5.02,5.02,5.02,172544
1620802800,5.02,5.05,5.01,5.04,5947527
1620806400,5.04,5.05,5.03,5.04,4162112
1620810000,5.04,5.05,5.03,5.03,5219451
1621231200,5.06,5.06,5.06,5.06,600970
1621234800,5.07,5.13,5.06,5.11,20148128
1621238400,5.12,5.13,5.09,5.11,6774351
1621242000,5.11,5.11,5.09,5.09,1913074
1621245600,5.09,5.1,5.07,5.08,5183574
1621249200,5.08,5.11,5.08,5.1,7819672
1621252800,5.1,5.11,5.07,5.09,4201552
1621256400,5.08,5.09,5.08,5.09,2370018
1621260000,5.09,5.14,5.06,5.14,15088277
1621263600,5.14,5.14,5.14,5.14,2146308
1621317600,5.2,5.2,5.2,5.2,3268130
1621321200,5.2,5.24,5.19,5.22,23030172
1621324800,5.22,5.24,5.21,5.21,5370270
1621328400,5.21,5.23,5.21,5.22,2199466
1621332000,5.22,5.24,5.21,5.23,2383700
1621335600,5.23,5.23,5.2,5.22,4611934
1621339200,5.22,5.22,5.19,5.2,2649481
1621342800,5.19,5.24,5.19,5.22,7328100
1621346400,5.21,5.22,5.19,5.2,8409012
1621350000,5.2,5.2,5.2,5.2,1932246
1621490400,5.17,5.17,5.17,5.17,508617
1621494000,5.17,5.2,5.17,5.19,12575142
1621497600,5.19,5.19,5.08,5.1,17298982
1621501200,5.09,5.13,5.08,5.11,8614344
1621504800,5.11,5.13,5.11,5.12,3440441
1621508400,5.13,5.13,5.11,5.13,3298317
1621512000,5.12,5.22,5.12,5.21,18677781
1621515600,5.21,5.28,5.2,5.25,25446684
1621519200,5.25,5.3,5.25,5.28,14234763
1621522800,5.3,5.3,5.3,5.3,3664408
1621576800,5.34,5.34,5.34,5.34,1053569
1621580400,5.35,5.36,5.26,5.27,18695311
1621584000,5.27,5.29,5.25,5.25,9725789
1621587600,5.26,5.27,5.25,5.26,3933471
1621591200,5.26,5.31,5.26,5.29,6405359
1621594800,5.3,5.3,5.24,5.26,14991461
1621598400,5.26,5.28,5.25,5.28,4466592
1621602000,5.28,5.28,5.26,5.26,5064145
1621605600,5.27,5.27,5.24,5.24,9276231
1621609200,5.24,5.24,5.24,5.24,3978282
1621836000,5.25,5.25,5.25,5.25,385090
1621839600,5.25,5.26,5.19,5.21,13906818
1621843200,5.2,5.22,5.18,5.21,8741638
1621846800,5.22,5.23,5.19,5.19,4413907
1621850400,5.19,5.21,5.19,5.2,2691142
1621854000,5.21,5.21,5.18,5.19,2688954
1621857600,5.19,5.21,5.18,5.2,2639733
1621861200,5.2,5.23,5.18,5.23,6217039
1621864800,5.23,5.24,5.2,5.21,11506327
1621868400,5.21,5.21,5.21,5.21,1879243
1621922400,5.23,5.23,5.23,5.23,619885
1621926000,5.24,5.28,5.23,5.25,15699388
1621929600,5.25,5.26,5.24,5.25,6073194
1621933200,5.25,5.3,5.23,5.29,10092641
1621936800,5.29,5.31,5.28,5.29,8079650
1621940400,5.29,5.3,5.28,5.28,6334221
1621944000,5.28,5.29,5.21,5.21,9529947
1621947600,5.22,5.23,5.11,5.12,23769766
1621951200,5.12,5.14,5.07,5.1,13055312
1621954800,5.1,5.1,5.1,5.1,3018152
1622008800,5.16,5.16,5.16,5.16,644047
1622012400,5.16,5.18,5.12,5.15,15877817
1622016000,5.15,5.2,5.14,5.18,10892809
1622019600,5.19,5.21,5.17,5.2,6474798
1622023200,5.2,5.2,5.16,5.18,4766788
1622026800,5.17,5.19,5.14,5.14,3878087
1622030400,5.14,5.18,5.14,5.15,6248378
1622034000,5.16,5.18,5.14,5.17,6552204
1622037600,5.17,5.24,5.16,5.22,14578284
1622041200,5.23,5.23,5.23,5.23,1093962
1622095200,5.23,5.23,5.23,5.23,299691
1622098800,5.22,5.25,5.21,5.24,14821495
1622102400,5.23,5.24,5.2,5.21,5451404
1622106000,5.21,5.22,5.2,5.21,3207152
1622109600,5.22,5.24,5.22,5.22,2703305
1622113200,5.23,5.23,5.16,5.18,11539327
1622116800,5.18,5.18,5.15,5.17,6221545
1622120400,5.16,5.19,5.16,5.18,3980484
1622124000,5.18,5.18,5.13,5.13,12603521
1622127600,5.16,5.16,5.16,5.16,11744680
1622181600,5.14,5.14,5.14,5.14,153451
1622185200,5.15,5.19,5.13,5.16,20480331
1622188800,5.16,5.2,5.15,5.17,7753035
1622192400,5.17,5.18,5.16,5.17,3233423
1622196000,5.17,5.22,5.15,5.21,8421501
1622199600,5.21,5.22,5.16,5.17,6741227
1622203200,5.16,5.19,5.15,5.19,7275624
1622206800,5.19,5.21,5.17,5.18,6607917
1622210400,5.18,5.21,5.17,5.21,9847299
1622214000,5.19,5.19,5.19,5.19,1296304
1622440800,5.2,5.2,5.2,5.2,182657
1622444400,5.2,5.25,5.2,5.23,10558612
1622448000,5.23,5.24,5.22,5.23,3718203
1622451600,5.22,5.23,5.17,5.18,9606606
1622455200,5.17,5.2,5.17,5.18,7617351
1622458800,5.19,5.19,5.17,5.18,2682496
1622462400,5.19,5.22,5.18,5.21,7394390
1622466000,5.22,5.23,5.19,5.19,5230483
1622469600,5.19,5.21,5.17,5.2,14147410
1622473200,5.2,5.2,5.2,5.2,2279467
1622527200,5.22,5.22,5.22,5.22,626408
1622530800,5.23,5.3,5.22,5.29,19469221
1622534400,5.3,5.3,5.26,5.28,8418340
1622538000,5.28,5.29,5.26,5.26,4558809
1622541600,5.26,5.29,5.26,5.28,2296723
1622545200,5.27,5.29,5.27,5.28,1783326
1622548800,5.28,5.33,5.27,5.33,12110939
1622552400,5.33,5.34,5.29,5.31,10107460
1622556000,5.31,5.33,5.29,5.31,10881531
1622559600,5.31,5.31,5.31,5.31,918672
1622613600,5.25,5.25,5.25,5.25,378255
1622617200,5.24,5.26,5.22,5.23,15453083
1622620800,5.23,5.25,5.22,5.25,5079204
1622624400,5.25,5.25,5.22,5.23,4961158
1622628000,5.22,5.24,5.22,5.24,2661561
1622631600,5.23,5.28,5.22,5.27,11716151
1622635200,5.27,5.29,5.26,5.29,6279992
1622638800,5.29,5.3,5.27,5.3,5409280
1622642400,5.29,5.3,5.26,5.28,5994324
1622646000,5.28,5.28,5.27,5.27,2459086
1622700000,5.28,5.28,5.28,5.28,310671
1622703600,5.29,5.33,5.28,5.3,8922150
1622707200,5.3,5.31,5.28,5.28,5134726
1622710800,5.28,5.29,5.25,5.26,5856137
1622714400,5.26,5.27,5.24,5.24,5240448
1622718000,5.25,5.25,5.2,5.2,11155849
1622721600,5.2,5.23,5.19,5.21,10368812
1622725200,5.2,5.22,5.18,5.21,9028138
1622728800,5.2,5.26,5.2,5.25,10196857
1622732400,5.26,5.26,5.26,5.26,2163774
1622786400,5.25,5.25,5.25,5.25,155580
1622790000,5.25,5.27,5.23,5.25,9648438
1622793600,5.25,5.25,5.23,5.25,3934568
1622797200,5.26,5.26,5.24,5.26,3506020
1622800800,5.25,5.26,5.24,5.25,1507328
1622804400,5.25,5.3,5.24,5.29,12984721
1622808000,5.29,5.3,5.25,5.28,8062808
1622811600,5.28,5.29,5.27,5.28,2001077
1622815200,5.29,5.3,5.27,5.28,6258843
1622818800,5.28,5.28,5.28,5.28,2258995
1623045600,5.3,5.3,5.3,5.3,278418
1623049200,5.3,5.39,5.28,5.37,21642940
1623052800,5.37,5.41,5.37,5.4,10484530
1623056400,5.39,5.4,5.38,5.38,3075000
1623060000,5.38,5.4,5.37,5.38,4572419
1623063600,5.37,5.39,5.37,5.38,2114965
1623067200,5.38,5.4,5.37,5.39,7218855
1623070800,5.39,5.4,5.38,5.38,4070273
1623074400,5.38,5.41,5.38,5.4,8128763
1623078000,5.38,5.38,5.38,5.38,2130814
1623132000,5.39,5.39,5.39,5.39,156752
1623135600,5.39,5.41,5.34,5.38,17994398
1623139200,5.38,5.38,5.37,5.38,926915
1623142800,5.37,5.38,5.37,5.38,2376920
1623146400,5.38,5.38,5.35,5.36,3230827
1623150000,5.36,5.36,5.34,5.35,3345695
1623153600,5.35,5.39,5.35,5.38,4950044
1623157200,5.38,5.43,5.37,5.4,14168325
1623160800,5.4,5.42,5.38,5.4,10861571
1623164400,5.4,5.4,5.4,5.4,1167416
1623218400,5.4,5.4,5.4,5.4,275992
1623222000,5.4,5.42,5.37,5.38,12054374
1623225600,5.38,5.41,5.37,5.4,4039130
1623229200,5.4,5.4,5.38,5.38,4140003
1623232800,5.38,5.41,5.38,5.39,4258572
1623236400,5.4,5.42,5.39,5.41,8802632
1623240000,5.41,5.44,5.4,5.42,8706803
1623243600,5.43,5.43,5.41,5.43,5589107
1623247200,5.43,5.46,5.41,5.45,16054232
1623250800,5.45,5.45,5.45,5.45,2977324
1623304800,5.47,5.47,5.47,5.47,459436
1623308400,5.48,5.5,5.45,5.47,15160150
1623312000,5.47,5.47,5.44,5.46,3786431
1623315600,5.45,5.47,5.45,5.46,577313
1623319200,5.46,5.47,5.45,5.47,1818824
1623322800,5.47,5.49,5.46,5.48,4092809
1623326400,5.47,5.56,5.46,5.55,19031032
1623330000,5.55,5.57,5.53,5.55,12469732
1623333600,5.54,5.56,5.52,5.52,6676456
1623337200,5.52,5.52,5.52,5.52,1773015
1623391200,5.55,5.55,5.55,5.55,344595
1623394800,5.55,5.58,5.54,5.57,16885949
1623398400,5.57,5.58,5.53,5.55,9283111
1623402000,5.54,5.56,5.53,5.56,4199967
1623405600,5.56,5.56,5.54,5.55,1950860
1623409200,5.54,5.56,5.54,5.55,2776369
1623412800,5.54,5.56,5.54,5.55,2928757
1623416400,5.55,5.55,5.48,5.5,12332522
1623420000,5.49,5.53,5.49,5.52,7864171
1623423600,5.51,5.51,5.51,5.51,1643826
1623650400,5.53,5.53,5.53,5.53,761249
1623654000,5.53,5.54,5.47,5.48,11755648
1623657600,5.49,5.49,5.47,5.48,3251292
1623661200,5.48,5.52,5.48,5.51,2622384
1623664800,5.5,5.53,5.5,5.51,3649216
1623668400,5.51,5.52,5.5,5.51,1373670
1623672000,5.5,5.51,5.49,5.5,1760937
1623675600,5.5,5.51,5.47,5.48,3332346
1623679200,5.47,5.49,5.44,5.48,10756702
1623682800,5.48,5.48,5.48,5.48,1658915
1623736800,5.44,5.44,5.44,5.44,505573
1623740400,5.43,5.46,5.39,5.42,17032616
1623744000,5.41,5.45,5.41,5.44,7081115
1623747600,5.44,5.45,5.42,5.42,4365702
1623751200,5.43,5.43,5.38,5.39,7814653
1623754800,5.39,5.44,5.38,5.44,6891688
1623758400,5.44,5.45,5.42,5.42,5531351
1623762000,5.42,5.49,5.42,5.47,11541309
1623765600,5.47,5.52,5.47,5.49,11551183
1623769200,5.5,5.5,5.5,5.5,1466730
1623823200,5.49,5.49,5.49,5.49,248097
1623826800,5.49,5.5,5.45,5.46,10873272
1623830400,5.46,5.48,5.45,5.47,2538367
1623834000,5.47,5.48,5.44,5.45,2129053
1623837600,5.45,5.48,5.45,5.48,1507516
1623841200,5.48,5.5,5.47,5.49,3405611
1623844800,5.48,5.49,5.47,5.47,1223723
1623848400,5.47,5.49,5.46,5.48,3111997
1623852000,5.48,5.49,5.45,5.45,5544756
1623855600,5.43,5.43,5.43,5.43,3504324
1623909600,5.41,5.41,5.41,5.41,511385
1623913200,5.42,5.43,5.39,5.41,11336994
1623916800,5.41,5.44,5.4,5.4,7162382
1623920400,5.41,5.42,5.39,5.4,2817779
1623924000,5.4,5.42,5.39,5.42,1182025
1623927600,5.42,5.44,5.36,5.37,13515103
1623931200,5.36,5.38,5.35,5.36,5840244
1623934800,5.36,5.38,5.27,5.28,20523407
1623938400,5.28,5.3,5.26,5.27,14745887
1623942000,5.26,5.26,5.26,5.26,2393081
1623996000,5.29,5.29,5.29,5.29,271367
1623999600,5.29,5.33,5.28,5.32,8302508
1624003200,5.31,5.33,5.29,5.3,8370150
1624006800,5.29,5.31,5.28,5.29,2996600
1624010400,5.29,5.34,5.28,5.33,4908652
1624014000,5.34,5.34,5.29,5.31,6024124
1624017600,5.31,5.31,5.24,5.25,10314022
1624021200,5.26,5.3,5.26,5.27,7496561
1624024800,5.28,5.28,5.23,5.25,6648731
1624028400,5.26,5.26,5.26,5.26,6903718
1624255200,5.23,5.23,5.23,5.23,228861
1624258800,5.24,5.25,5.2,5.24,8293308
1624262400,5.23,5.26,5.22,5.23,4417286
1624266000,5.24,5.29,5.23,5.27,5772781
1624269600,5.27,5.28,5.25,5.27,1941956
1624273200,5.26,5.27,5.23,5.25,3420172
1624276800,5.25,5.29,5.23,5.28,4837099
1624280400,5.28,5.29,5.25,5.27,2863571
1624284000,5.26,5.31,5.26,5.29,6376000
1624287600,5.3,5.3,5.3,5.3,1525039
1624341600,5.32,5.32,5.32,5.32,258640
1624345200,5.32,5.33,5.3,5.3,5266858
1624348800,5.31,5.32,5.29,5.3,2976068
1624352400,5.3,5.34,5.3,5.33,3875253
1624356000,5.33,5.37,5.32,5.36,8983716
1624359600,5.36,5.38,5.36,5.38,5429035
1624363200,5.38,5.39,5.37,5.37,4823342
1624366800,5.37,5.39,5.36,5.37,2154048
1624370400,5.37,5.4,5.37,5.38,4558366
1624374000,5.37,5.37,5.37,5.37,1247454
1624428000,5.4,5.4,5.4,5.4,1154936
1624431600,5.41,5.43,5.4,5.41,9503684
1624435200,5.41,5.42,5.39,5.4,9064668
1624438800,5.41,5.41,5.4,5.41,1019276
1624442400,5.41,5.41,5.34,5.35,13371113
1624446000,5.34,5.36,5.33,5.35,6044218
1624449600,5.35,5.37,5.34,5.37,3789858
1624453200,5.37,5.39,5.35,5.36,5732649
1624456800,5.35,5.36,5.34,5.34,6498442
1624460400,5.34,5.34,5.34,5.34,1068808
1624514400,5.36,5.36,5.36,5.36,340335
1624518000,5.36,5.43,5.35,5.41,12161590
1624521600,5.42,5.42,5.39,5.41,8339119
1624525200,5.41,5.45,5.41,5.43,13678943
1624528800,5.44,5.44,5.42,5.43,4058809
1624532400,5.43,5.44,5.42,5.43,1664363
1624536000,5.43,5.44,5.42,5.43,5182997
1624539600,5.43,5.44,5.42,5.44,4560221
1624543200,5.43,5.44,5.39,5.4,5050309
1624546800,5.39,5.39,5.39,5.39,2161037
1624600800,5.42,5.42,5.42,5.42,550661
1624604400,5.42,5.43,5.38,5.39,11306245
1624608000,5.39,5.39,5.37,5.38,4975650
1624611600,5.39,5.39,5.37,5.37,948691
1624615200,5.37,5.39,5.37,5.38,1916867
1624618800,5.38,5.39,5.37,5.37,1458315
1624622400,5.38,5.39,5.35,5.37,4110011
1624626000,5.37,5.38,5.36,5.36,2548215
1624629600,5.36,5.37,5.32,5.33,15164048
1624633200,5.34,5.34,5.34,5.34,1801949
1624860000,5.37,5.37,5.37,5.37,361314
1624863600,5.36,5.39,5.35,5.38,15001726
1624867200,5.39,5.43,5.38,5.42,14134870
1624870800,5.42,5.45,5.39,5.39,12404486
1624874400,5.39,5.4,5.35,5.38,6968735
1624878000,5.37,5.38,5.32,5.33,8846590
1624881600,5.33,5.35,5.3,5.35,7847637
1624885200,5.35,5.35,5.32,5.34,3366492
1624888800,5.35,5.35,5.29,5.32,10263570
1624892400,5.32,5.33,5.32,5.33,2334765
1624946400,5.33,5.33,5.33,5.33,157334
1624950000,5.33,5.35,5.31,5.35,10315901
1624953600,5.35,5.35,5.3,5.33,6946519
1624957200,5.32,5.33,5.29,5.31,5613299
1624960800,5.31,5.34,5.3,5.32,6967331
1624964400,5.31,5.32,5.27,5.31,10361659
1624968000,5.31,5.32,5.3,5.31,5156643
1624971600,5.31,5.31,5.28,5.3,5013096
1624975200,5.3,5.33,5.28,5.32,15651029
1624978800,5.32,5.32,5.32,5.32,7915566
1625032800,5.33,5.33,5.33,5.33,1324373
1625036400,5.33,5.33,5.28,5.32,25516421
1625040000,5.32,5.32,5.28,5.29,8217763
1625043600,5.28,5.31,5.27,5.3,8923451
1625047200,5.3,5.31,5.29,5.3,2960216
1625050800,5.3,5.33,5.29,5.31,12467801
1625054400,5.32,5.33,5.31,5.33,5367578
1625058000,5.32,5.33,5.31,5.32,3865858
1625061600,5.32,5.32,5.26,5.28,16467724
1625065200,5.27,5.28,5.27,5.28,3661573
1625119200,5.3,5.3,5.3,5.3,284607
1625122800,5.3,5.32,5.29,5.31,7123567
1625126400,5.32,5.32,5.31,5.32,2179819
1625130000,5.31,5.33,5.31,5.33,4135716
1625133600,5.33,5.33,5.31,5.31,3779158
1625137200,5.31,5.32,5.29,5.31,4849183
1625140800,5.31,5.32,5.3,5.3,2769880
1625144400,5.31,5.33,5.3,5.31,7656411
1625148000,5.31,5.38,5.31,5.37,17722355
1625151600,5.38,5.38,5.38,5.38,982511
1625205600,5.39,5.39,5.39,5.39,529194
1625209200,5.39,5.4,5.36,5.37,9753200
1625212800,5.36,5.37,5.34,5.35,2419667
1625216400,5.34,5.35,5.33,5.34,3840626
1625220000,5.33,5.35,5.33,5.33,1235083
1625223600,5.34,5.34,5.33,5.34,1269038
1625227200,5.34,5.35,5.33,5.35,7695182
1625230800,5.34,5.35,5.32,5.32,3536995
1625234400,5.33,5.35,5.32,5.34,5876895
1625238000,5.33,5.33,5.33,5.33,2460090
1625464800,5.32,5.32,5.32,5.32,362440
1625468400,5.32,5.36,5.3,5.36,14710319
1625472000,5.35,5.36,5.34,5.35,4285243
1625475600,5.34,5.37,5.34,5.36,2647844
1625479200,5.36,5.38,5.35,5.36,4181749
1625482800,5.36,5.37,5.36,5.36,1451987
1625486400,5.37,5.4,5.36,5.4,7762068
1625490000,5.4,5.42,5.4,5.4,15473778
1625493600,5.41,5.44,5.4,5.43,12613218
1625497200,5.44,5.44,5.44,5.44,1974779
1625551200,5.44,5.44,5.44,5.44,332121
1625554800,5.44,5.45,5.39,5.4,17847246
1625558400,5.39,5.45,5.39,5.45,10709063
1625562000,5.45,5.49,5.44,5.45,21950757
1625565600,5.45,5.46,5.44,5.45,4930939
1625569200,5.45,5.46,5.43,5.46,4299252
1625572800,5.46,5.48,5.45,5.47,7195315
1625576400,5.47,5.47,5.4,5.4,8592159
1625580000,5.4,5.41,5.38,5.39,12340270
1625583600,5.37,5.37,5.37,5.37,2873110
1625637600,5.34,5.34,5.34,5.34,1078935
1625641200,5.34,5.35,5.31,5.34,35829684
1625644800,5.34,5.36,5.33,5.35,12242274
1625648400,5.34,5.39,5.34,5.38,15754369
1625652000,5.39,5.4,5.38,5.39,6674920
1625655600,5.38,5.4,5.37,5.39,7731064
1625659200,5.38,5.39,5.36,5.36,8161589
1625662800,5.36,5.38,5.35,5.37,20586915
1625666400,5.38,5.39,5.34,5.38,23256411
1625670000,5.38,5.38,5.38,5.38,2841750
1625724000,5.38,5.38,5.38,5.38,409980
1625727600,5.38,5.39,5.34,5.35,17290406
1625731200,5.35,5.36,5.34,5.35,3252616
1625734800,5.36,5.36,5.33,5.34,6583821
1625738400,5.34,5.34,5.32,5.33,4513066
1625742000,5.33,5.34,5.32,5.33,3000645
1625745600,5.33,5.34,5.31,5.33,7659104
1625749200,5.33,5.34,5.29,5.31,7804320
1625752800,5.3,5.33,5.3,5.33,8703849
1625756400,5.32,5.32,5.32,5.32,3848473
1625810400,5.33,5.33,5.33,5.33,253265
1625814000,5.33,5.35,5.31,5.31,5945838
1625817600,5.31,5.33,5.3,5.33,4568771
1625821200,5.32,5.33,5.31,5.31,1818326
1625824800,5.32,5.32,5.31,5.32,579020
1625828400,5.32,5.33,5.31,5.33,5034640
1625832000,5.33,5.35,5.32,5.34,9650223
1625835600,5.34,5.34,5.32,5.32,1461105
1625839200,5.33,5.34,5.32,5.33,4765178
1625842800,5.32,5.32,5.32,5.32,2155770
1626069600,5.33,5.33,5.33,5.33,145241
1626073200,5.34,5.37,5.33,5.34,12114849
1626076800,5.34,5.38,5.33,5.38,7777993
1626080400,5.38,5.39,5.35,5.37,7970271
1626084000,5.37,5.37,5.35,5.36,2176473
1626087600,5.35,5.38,5.35,5.37,2857234
1626091200,5.37,5.38,5.36,5.38,1519529
1626094800,5.38,5.39,5.28,5.3,26016562
1626098400,5.3,5.32,5.28,5.3,9363936
1626102000,5.29,5.29,5.29,5.29,3441495
1626156000,5.31,5.31,5.31,5.31,344217
1626159600,5.32,5.32,5.28,5.29,11935221
1626163200,5.28,5.31,5.26,5.3,7631176
1626166800,5.3,5.31,5.29,5.3,7879161
1626170400,5.31,5.32,5.29,5.29,3920498
1626174000,5.3,5.3,5.27,5.28,3245671
1626177600,5.27,5.28,5.25,5.26,6592169
1626181200,5.26,5.28,5.24,5.25,14400958
1626184800,5.26,5.27,5.24,5.26,22140872
1626188400,5.24,5.24,5.24,5.24,4263754
1626242400,5.25,5.25,5.25,5.25,326697
1626246000,5.26,5.33,5.26,5.32,15136053
1626249600,5.32,5.33,5.3,5.3,1751523
1626253200,5.31,5.33,5.28,5.32,4538084
1626256800,5.32,5.34,5.32,5.33,2885016
1626260400,5.34,5.34,5.3,5.3,7027690
1626264000,5.31,5.31,5.29,5.3,1135807
1626267600,5.3,5.31,5.29,5.3,1237724
1626271200,5.29,5.31,5.29,5.31,3288295
1626274800,5.29,5.29,5.29,5.29,1900074
1626415200,5.32,5.32,5.32,5.32,373991
1626418800,5.32,5.33,5.28,5.29,5504534
1626422400,5.29,5.3,5.26,5.29,7389999
1626426000,5.29,5.3,5.27,5.27,2032327
1626429600,5.27,5.28,5.26,5.26,2088335
1626433200,5.26,5.28,5.26,5.26,1159542
1626436800,5.26,5.28,5.26,5.27,2178974
1626440400,5.26,5.28,5.25,5.25,3136823
1626444000,5.25,5.26,5.21,5.24,11683945
1626447600,5.24,5.24,5.24,5.24,1819323
1626674400,5.21,5.21,5.21,5.21,151309
1626678000,5.21,5.21,5.14,5.15,14691922
1626681600,5.16,5.16,5.14,5.14,3558396
1626685200,5.14,5.16,5.14,5.16,3735902
1627279200,5.18,5.18,5.18,5.18,357429
1627282800,5.17,5.19,5.13,5.15,7922919
1627286400,5.14,5.16,5.09,5.11,11372053
1627290000,5.11,5.13,5.09,5.12,3080425
1627293600,5.13,5.13,5.11,5.11,1568404
1627297200,5.11,5.12,5.09,5.11,1690687
1627300800,5.11,5.12,5.09,5.11,2251690
1627304400,5.11,5.11,5.09,5.1,2366856
1627308000,5.1,5.13,5.09,5.12,6140930
1627311600,5.13,5.13,5.13,5.13,1711327
1627365600,5.12,5.12,5.12,5.12,171474
1627369200,5.12,5.13,5.07,5.09,8733423
1627372800,5.09,5.1,5.07,5.09,4447850
1627376400,5.08,5.09,5.07,5.09,964458
1627380000,5.09,5.13,5.08,5.11,6122919
1627383600,5.11,5.15,5.11,5.13,4826157
1627387200,5.14,5.16,5.13,5.15,7879374
1627390800,5.16,5.16,5.13,5.13,4712431
1627394400,5.13,5.16,5.13,5.15,11179008
1627398000,5.14,5.14,5.14,5.14,3493330
1627452000,5.14,5.14,5.14,5.14,490441
1627455600,5.14,5.18,5.13,5.18,11103204
1627459200,5.18,5.18,5.15,5.16,2405322
1627462800,5.16,5.17,5.15,5.16,4978450
1627466400,5.17,5.17,5.12,5.12,5249932
1627470000,5.13,5.14,5.1,5.1,6993706
1627473600,5.1,5.12,5.09,5.11,4393399
1627477200,5.11,5.12,5.09,5.1,8974314
1627480800,5.1,5.12,5.09,5.09,6324203
1627484400,5.1,5.1,5.1,5.1,1869963
1627538400,5.15,5.15,5.15,5.15,761971
1627542000,5.16,5.17,5.14,5.16,13993759
1627545600,5.16,5.19,5.16,5.19,10522322
1627549200,5.19,5.2,5.18,5.2,10286987
1627552800,5.19,5.2,5.17,5.19,5826268
1627556400,5.19,5.2,5.17,5.18,5825689
1627560000,5.18,5.19,5.17,5.19,2141951
1627563600,5.18,5.2,5.18,5.19,2374512
1627567200,5.19,5.23,5.19,5.22,7655314
1627570800,5.21,5.21,5.21,5.21,1719930
1627624800,5.18,5.18,5.18,5.18,282019
1627628400,5.18,5.22,5.18,5.22,9429605
1627632000,5.22,5.22,5.19,5.19,1957998
1627635600,5.19,5.23,5.19,5.22,4093891
1627639200,5.22,5.24,5.21,5.22,4340789
1627642800,5.23,5.23,5.2,5.21,1637921
1627646400,5.2,5.23,5.2,5.21,2254489
1627650000,5.22,5.28,5.21,5.27,9392650
1627653600,5.27,5.28,5.23,5.24,10021869
1627657200,5.26,5.26,5.26,5.26,2917186
1627884000,5.3,5.3,5.3,5.3,692617
1627887600,5.31,5.32,5.27,5.27,7501355
1627891200,5.27,5.29,5.25,5.29,4698140
1627894800,5.28,5.29,5.27,5.27,2297450
1627898400,5.27,5.33,5.27,5.32,13388537
1627902000,5.32,5.33,5.29,5.31,7476161
1627905600,5.31,5.33,5.3,5.32,5380322
1627909200,5.32,5.33,5.31,5.31,2073130
1627912800,5.32,5.33,5.29,5.3,4874319
1627916400,5.3,5.3,5.3,5.3,1932555
1627970400,5.3,5.3,5.3,5.3,206539
1627974000,5.29,5.33,5.28,5.32,17276915
1627977600,5.32,5.33,5.3,5.32,6011331
1627981200,5.32,5.34,5.31,5.34,12111286
1627984800,5.34,5.38,5.33,5.36,12223924
1627988400,5.36,5.38,5.35,5.37,10294308
1627992000,5.36,5.37,5.31,5.33,10473150
1627995600,5.33,5.34,5.29,5.29,9509095
1627999200,5.3,5.36,5.29,5.36,14788392
1628002800,5.36,5.36,5.35,5.35,5397748
1628056800,5.36,5.36,5.36,5.36,440320
1628060400,5.36,5.44,5.36,5.42,41856312
1628064000,5.42,5.43,5.4,5.42,13433344
1628067600,5.42,5.44,5.41,5.43,9188241
1628071200,5.43,5.43,5.39,5.4,7636254
1628074800,5.39,5.41,5.39,5.4,6768108
1628078400,5.41,5.43,5.39,5.41,11168186
1628082000,5.4,5.42,5.39,5.41,4489752
1628085600,5.4,5.45,5.4,5.44,20509578
1628089200,5.42,5.42,5.42,5.42,1891897
1628143200,5.38,5.38,5.38,5.38,425356
1628146800,5.39,5.39,5.35,5.36,18646000
1628150400,5.37,5.38,5.35,5.38,3669326
1628154000,5.38,5.39,5.36,5.37,4790708
1628157600,5.36,5.4,5.36,5.39,6102466
1628161200,5.39,5.45,5.39,5.42,29245039
1628164800,5.43,5.44,5.4,5.41,6548089
1628168400,5.42,5.5,5.41,5.5,23926350
1628172000,5.49,5.52,5.47,5.51,21106359
1628175600,5.52,5.52,5.52,5.52,2152351
1628229600,5.51,5.51,5.51,5.51,215325
1628233200,5.51,5.56,5.48,5.52,27885196
1628236800,5.53,5.54,5.5,5.52,5274169
1628240400,5.51,5.52,5.46,5.48,9782181
1628244000,5.48,5.5,5.46,5.47,6363419
1628247600,5.46,5.49,5.46,5.47,3680651
1628251200,5.47,5.48,5.42,5.45,16521482
1628254800,5.44,5.49,5.43,5.48,10502299
1628258400,5.48,5.48,5.43,5.44,10926450
1628262000,5.43,5.43,5.43,5.43,4673976
1628488800,5.42,5.42,5.42,5.42,549784
1628492400,5.43,5.52,5.41,5.49,27613031
1628496000,5.49,5.5,5.47,5.48,3278243
1628499600,5.48,5.49,5.47,5.48,1385943
1628503200,5.48,5.49,5.46,5.47,1710703
1628506800,5.47,5.49,5.42,5.43,10845286
1628510400,5.43,5.44,5.4,5.41,5228405
1628514000,5.41,5.44,5.41,5.43,2323342
1628517600,5.42,5.45,5.4,5.43,8744094
1628521200,5.41,5.41,5.41,5.41,2856730
1628575200,5.42,5.42,5.42,5.42,176396
1628578800,5.42,5.43,5.4,5.41,7502840
1628582400,5.42,5.45,5.41,5.44,5169746
1628586000,5.43,5.44,5.41,5.41,1962347
1628589600,5.41,5.46,5.41,5.45,3558502
1628593200,5.46,5.47,5.45,5.47,4480570
1628596800,5.46,5.52,5.46,5.51,15664894
1628600400,5.51,5.52,5.49,5.51,6341369
1628604000,5.5,5.51,5.49,5.51,5960512
1628607600,5.49,5.49,5.49,5.49,4129978
1628661600,5.5,5.5,5.5,5.5,307668
1628665200,5.49,5.5,5.44,5.44,9864660
1628668800,5.45,5.46,5.42,5.44,6460995
1628672400,5.45,5.45,5.41,5.42,5116694
1628676000,5.42,5.42,5.4,5.42,5020823
1628679600,5.41,5.43,5.38,5.43,15562472
1628683200,5.43,5.44,5.4,5.42,5833370
1628686800,5.42,5.44,5.41,5.43,3369061
1628690400,5.43,5.43,5.33,5.35,12954150
1628694000,5.36,5.36,5.36,5.36,2010681
1628748000,5.41,5.41,5.41,5.41,468983
1628751600,5.41,5.43,5.4,5.43,9017618
1628755200,5.42,5.44,5.4,5.43,5311970
1628758800,5.42,5.43,5.41,5.41,2758038
1628762400,5.41,5.44,5.41,5.44,2546983
1628766000,5.44,5.48,5.44,5.46,16930256
1628769600,5.46,5.48,5.45,5.48,7232724
1628773200,5.47,5.52,5.46,5.5,21412623
1628776800,5.5,5.51,5.47,5.49,8881251
1628780400,5.49,5.49,5.49,5.49,3182994
1628834400,5.5,5.5,5.5,5.5,327139
1628838000,5.5,5.53,5.49,5.51,16647828
1628841600,5.51,5.54,5.5,5.53,10427242
1628845200,5.53,5.53,5.5,5.51,4959099
1628848800,5.52,5.52,5.49,5.51,4522017
1628852400,5.52,5.52,5.5,5.51,3344589
1628856000,5.51,5.52,5.49,5.51,3566469
1628859600,5.5,5.52,5.48,5.48,3728147
1628863200,5.49,5.49,5.46,5.48,6832329
1628866800,5.48,5.48,5.48,5.48,1805192
1629093600,5.5,5.5,5.5,5.5,450520
1629097200,5.5,5.6,5.49,5.58,29459724
1629100800,5.59,5.62,5.57,5.6,13504324
1629104400,5.59,5.65,5.58,5.64,15842647
1629108000,5.63,5.71,5.61,5.68,28991183
1629111600,5.68,5.68,5.64,5.65,5432968
1629115200,5.66,5.71,5.65,5.67,13730015
1629118800,5.68,5.69,5.65,5.66,8676636
1629122400,5.66,5.67,5.63,5.65,11470597
1629126000,5.64,5.64,5.64,5.64,4117509
1629180000,5.64,5.64,5.64,5.64,319801
1629183600,5.64,5.68,5.6,5.63,20293602
1629187200,5.62,5.66,5.62,5.65,5725111
1629190800,5.65,5.65,5.6,5.6,6534406
1629194400,5.61,5.63,5.59,5.63,3700618
1629198000,5.63,5.63,5.6,5.62,3169046
1629201600,5.61,5.65,5.59,5.64,8483635
1629205200,5.64,5.65,5.62,5.64,7173075
1629208800,5.64,5.67,5.62,5.66,23349435
1629212400,5.67,5.67,5.67,5.67,3531991
1629266400,5.71,5.71,5.71,5.71,968783
1629270000,5.71,5.72,5.66,5.67,19115592
1629273600,5.68,5.7,5.66,5.67,10950271
1629277200,5.67,5.68,5.65,5.67,2607246
1629280800,5.67,5.69,5.64,5.69,6892352
1629284400,5.69,5.69,5.6,5.6,13305912
1629288000,5.6,5.63,5.58,5.62,12224431
1629291600,5.62,5.65,5.61,5.64,5173877
1629295200,5.64,5.65,5.6,5.62,12258338
1629298800,5.62,5.62,5.62,5.62,2703163
1629352800,5.58,5.58,5.58,5.58,373563
1629356400,5.58,5.6,5.53,5.56,22524988
1629360000,5.57,5.57,5.54,5.55,6567004
1629363600,5.55,5.58,5.54,5.57,7434664
1629367200,5.57,5.58,5.55,5.56,3184028
1629370800,5.56,5.57,5.53,5.54,4637115
1629374400,5.54,5.56,5.53,5.54,4222496
1629378000,5.54,5.58,5.53,5.57,6336849
1629381600,5.57,5.59,5.55,5.57,6144493
1629385200,5.57,5.57,5.57,5.57,1722057
1629439200,5.56,5.56,5.56,5.56,117511
1629442800,5.56,5.58,5.52,5.53,9278463
1629446400,5.54,5.55,5.53,5.54,2182254
1629450000,5.54,5.55,5.53,5.54,2146216
1629453600,5.54,5.55,5.52,5.53,2163298
1629457200,5.53,5.53,5.51,5.52,2116012
1629460800,5.52,5.53,5.51,5.53,3196502
1629464400,5.52,5.58,5.52,5.58,12411167
1629468000,5.58,5.6,5.57,5.58,12284284
1629471600,5.59,5.59,5.59,5.59,1481862
1629698400,5.63,5.63,5.63,5.63,699715
1629702000,5.64,5.67,5.62,5.67,11561816
1629705600,5.66,5.76,5.65,5.74,39478369
1629709200,5.73,5.74,5.71,5.73,5923058
1629712800,5.73,5.74,5.7,5.71,7125134
1629716400,5.7,5.72,5.69,5.72,3690200
1629720000,5.72,5.73,5.71,5.71,3381020
1629723600,5.72,5.72,5.69,5.71,4045550
1629727200,5.71,5.73,5.7,5.7,7683573
1629730800,5.7,5.7,5.7,5.7,2899017
1629784800,5.73,5.73,5.73,5.73,411565
1629788400,5.73,5.74,5.7,5.71,10658031
1629792000,5.7,5.72,5.69,5.71,6871797
1629795600,5.71,5.76,5.71,5.73,13616406
1629799200,5.73,5.77,5.72,5.76,5525750
1629802800,5.75,5.78,5.74,5.75,10554210
1629806400,5.75,5.76,5.73,5.74,3935381
1629810000,5.74,5.74,5.71,5.72,5000746
1629813600,5.72,5.73,5.69,5.72,7952560
1629817200,5.71,5.71,5.71,5.71,2535841
1629871200,5.72,5.72,5.72,5.72,341617
1629874800,5.72,5.77,5.71,5.74,14215014
1629878400,5.74,5.74,5.7,5.71,7149730
1629882000,5.71,5.73,5.68,5.7,6142503
1629885600,5.69,5.71,5.68,5.7,1662233
1629889200,5.71,5.72,5.7,5.71,1290670
1629892800,5.71,5.71,5.67,5.68,7301050
1629896400,5.68,5.72,5.68,5.7,5103449
1629900000,5.71,5.73,5.7,5.71,5537168
1629903600,5.7,5.7,5.7,5.7,2265681
1629957600,5.72,5.72,5.72,5.72,195356
1629961200,5.72,5.75,5.69,5.74,12247393
1629964800,5.74,5.74,5.7,5.72,3183393
1629968400,5.71,5.72,5.68,5.72,5447117
1629972000,5.72,5.74,5.71,5.72,5272063
1629975600,5.73,5.74,5.72,5.72,2316535
1629979200,5.73,5.74,5.71,5.72,5431996
1629982800,5.72,5.72,5.68,5.69,6986641
1629986400,5.7,5.71,5.66,5.69,11771175
1629990000,5.69,5.69,5.69,5.69,1325077
1630044000,5.7,5.7,5.7,5.7,170647
1630047600,5.71,5.71,5.66,5.68,8461075
1630051200,5.69,5.69,5.65,5.67,5051471
1630054800,5.67,5.67,5.64,5.64,3778881
1630058400,5.65,5.68,5.64,5.66,2222980
1630062000,5.66,5.7,5.66,5.68,8321532
1630065600,5.69,5.7,5.68,5.69,4472795
1630069200,5.69,5.71,5.67,5.7,7999058
1630072800,5.69,5.74,5.68,5.71,16197155
1630076400,5.73,5.73,5.73,5.73,2358786
1630389600,5.78,5.78,5.78,5.78,1243949
1630393200,5.78,5.82,5.77,5.79,23123434
1630396800,5.79,5.81,5.78,5.8,10734865
1630400400,5.8,5.83,5.8,5.82,7907877
1630404000,5.82,5.82,5.8,5.82,6251956
1630407600,5.82,5.84,5.81,5.81,8381741
1630411200,5.82,5.82,5.8,5.82,3361367
1630414800,5.82,5.85,5.81,5.85,7639186
1630418400,5.85,5.92,5.84,5.91,21842106
1630422000,5.89,5.89,5.89,5.89,8096593
1630476000,5.9,5.9,5.9,5.9,124863
1630479600,5.91,5.93,5.86,5.91,13791389
1630483200,5.9,5.92,5.9,5.91,3166170
1630486800,5.91,5.92,5.86,5.88,6820813
1630490400,5.88,5.91,5.87,5.88,3923504
1630494000,5.88,5.89,5.85,5.86,7160242
1630497600,5.87,5.88,5.86,5.87,1734486
1630501200,5.87,5.9,5.86,5.88,11846562
1630504800,5.89,5.9,5.86,5.87,6160648
1630508400,5.88,5.88,5.88,5.88,2175912
1630562400,5.88,5.88,5.88,5.88,162686
1630566000,5.89,5.92,5.87,5.9,10911574
1630569600,5.91,5.97,5.9,5.96,14951129
1630573200,5.97,5.98,5.94,5.94,8712020
1630576800,5.95,5.95,5.93,5.94,2628875
1630580400,5.94,5.96,5.93,5.94,4074601
1630584000,5.94,5.95,5.94,5.94,1213781
1630587600,5.95,5.96,5.92,5.92,3892487
1630591200,5.93,5.94,5.91,5.91,4461387
1630594800,5.91,5.91,5.91,5.91,1554483
1630648800,5.92,5.92,5.92,5.92,426265
1630652400,5.92,5.93,5.85,5.87,12969725
1630656000,5.86,5.88,5.84,5.86,5362878
1630659600,5.86,5.87,5.84,5.86,1859661
1630663200,5.85,5.87,5.85,5.86,1657984
1630666800,5.86,5.87,5.84,5.85,3207307
1630670400,5.85,5.9,5.85,5.89,7486464
1630674000,5.89,5.91,5.88,5.9,9010352
1630677600,5.89,5.9,5.88,5.89,3701050
1630681200,5.89,5.89,5.89,5.89,1482728
1630908000,5.91,5.91,5.91,5.91,152801
1630911600,5.91,5.97,5.9,5.96,18330713
1630915200,5.95,5.97,5.94,5.95,5993936
1630918800,5.95,5.95,5.93,5.93,2516073
1630922400,5.93,5.95,5.92,5.92,2901109
1630926000,5.93,5.93,5.91,5.92,2893027
1630929600,5.92,5.94,5.9,5.93,6202390
1630933200,5.93,5.95,5.92,5.94,4510122
1630936800,5.93,5.94,5.91,5.93,4791144
1630940400,5.91,5.91,5.91,5.91,2657165
1630994400,5.91,5.91,5.91,5.91,314664
1630998000,5.91,5.94,5.89,5.91,13357036
1631001600,5.9,5.91,5.88,5.89,3940742
1631005200,5.89,5.9,5.88,5.89,3369392
1631008800,5.88,5.9,5.88,5.88,2378891
1631012400,5.89,5.9,5.88,5.88,2306192
1631016000,5.88,5.9,5.88,5.89,2168866
1631019600,5.88,5.9,5.84,5.86,5624919
1631023200,5.86,5.86,5.8,5.81,12931974
1631026800,5.83,5.83,5.83,5.83,1152959
1631080800,5.83,5.83,5.83,5.83,84124
1631084400,5.82,5.84,5.79,5.8,13935148
1631088000,5.79,5.8,5.74,5.77,15252149
1631091600,5.78,5.78,5.72,5.73,9293970
1631095200,5.73,5.75,5.72,5.74,6644788
1631098800,5.74,5.76,5.73,5.74,3605123
1631102400,5.73,5.75,5.7,5.7,6925041
1631106000,5.7,5.76,5.7,5.74,6411318
1631109600,5.74,5.74,5.65,5.65,14848278
1631113200,5.65,5.65,5.64,5.64,4602380
1631167200,5.61,5.61,5.61,5.61,487261
1631170800,5.61,5.65,5.58,5.61,14209706
1631174400,5.61,5.64,5.59,5.62,7442211
1631178000,5.62,5.67,5.61,5.67,8365456
1631181600,5.67,5.67,5.64,5.67,2283538
1631185200,5.67,5.71,5.66,5.71,5803040
1631188800,5.71,5.71,5.67,5.7,5644119
1631192400,5.7,5.71,5.68,5.71,4501585
1631196000,5.71,5.72,5.68,5.71,6964563
1631199600,5.74,5.74,5.74,5.74,1831310
1631253600,5.76,5.76,5.76,5.76,233939
1631257200,5.76,5.78,5.72,5.74,22938113
1631260800,5.73,5.75,5.72,5.73,2451995
1631264400,5.73,5.74,5.72,5.73,3623287
1631268000,5.72,5.75,5.72,5.73,2994583
1631271600,5.73,5.73,5.69,5.71,5675013
1631275200,5.71,5.73,5.7,5.71,3396381
1631278800,5.72,5.72,5.68,5.69,3337775
1631282400,5.68,5.69,5.63,5.63,11250513
1631286000,5.64,5.64,5.64,5.64,1180468
1631512800,5.65,5.65,5.65,5.65,95548
1631516400,5.65,5.66,5.56,5.63,22588343
1631520000,5.62,5.63,5.61,5.63,4737461
1631523600,5.62,5.67,5.62,5.65,6012590
1631527200,5.65,5.7,5.65,5.68,11810319
1631530800,5.69,5.69,5.66,5.67,4448089
1631534400,5.67,5.68,5.65,5.65,3523850
1631538000,5.66,5.67,5.64,5.65,4879111
1631541600,5.65,5.66,5.61,5.64,9356890
1631545200,5.65,5.65,5.65,5.65,1727661
1631599200,5.67,5.67,5.67,5.67,39673
1631602800,5.66,5.71,5.66,5.68,20002343
1631606400,5.67,5.69,5.64,5.66,4588923
1631610000,5.66,5.67,5.64,5.64,2715507
1631613600,5.64,5.66,5.63,5.65,1887447
1631617200,5.66,5.66,5.59,5.61,7211323
1631620800,5.6,5.7,5.59,5.66,13430723
1631624400,5.67,5.73,5.67,5.69,25543035
1631628000,5.68,5.71,5.64,5.66,10910046
1631631600,5.65,5.65,5.65,5.65,1879604
1631685600,5.63,5.63,5.63,5.63,145022
1631689200,5.63,5.65,5.61,5.63,9544355
1631692800,5.62,5.67,5.6,5.65,5635623
1631696400,5.65,5.66,5.63,5.65,1750256
1631700000,5.66,5.67,5.64,5.64,4840622
1631703600,5.64,5.64,5.59,5.62,5297151
1631707200,5.61,5.62,5.59,5.6,5164918
1631710800,5.6,5.61,5.56,5.58,7298696
1631714400,5.58,5.59,5.55,5.57,6740659
1631718000,5.56,5.56,5.56,5.56,1992270
1631772000,5.59,5.59,5.59,5.59,565097
1631775600,5.59,5.62,5.59,5.6,12703193
1631779200,5.59,5.62,5.59,5.61,4755959
1631782800,5.61,5.62,5.58,5.59,4242699
1631786400,5.59,5.6,5.56,5.58,3890259
1631790000,5.59,5.61,5.58,5.58,3882219
1631793600,5.58,5.61,5.56,5.58,6891177
1631797200,5.59,5.59,5.52,5.53,6353877
1631800800,5.53,5.55,5.52,5.53,7173238
1631804400,5.53,5.54,5.53,5.54,2103322
1631858400,5.58,5.58,5.58,5.58,334582
1631862000,5.58,5.59,5.53,5.57,8945459
1631865600,5.56,5.57,5.54,5.55,2434566
1631869200,5.54,5.55,5.51,5.53,3441343
1631872800,5.53,5.53,5.51,5.53,2569736
1631876400,5.52,5.54,5.51,5.52,2560987
1631880000,5.51,5.58,5.51,5.56,7011453
1631883600,5.56,5.57,5.52,5.53,3356423
1631887200,5.54,5.54,5.49,5.51,6979020
1631890800,5.55,5.55,5.55,5.55,6924657
1632117600,5.48,5.48,5.48,5.48,240631
1632121200,5.48,5.49,5.44,5.45,12594714
1632124800,5.45,5.46,5.44,5.46,4614433
1632128400,5.45,5.46,5.43,5.45,3528551
1632132000,5.44,5.46,5.43,5.44,2569009
1632135600,5.44,5.45,5.37,5.38,6856933
1632139200,5.37,5.4,5.36,5.37,5273672
1632142800,5.37,5.4,5.36,5.38,7305324
1632146400,5.38,5.39,5.34,5.35,10587028
1632150000,5.35,5.35,5.35,5.35,1743258
1632204000,5.4,5.4,5.4,5.4,432237
1632207600,5.4,5.43,5.38,5.41,14008133
1632211200,5.4,5.41,5.38,5.4,6087331
1632214800,5.4,5.4,5.38,5.38,3298176
1632218400,5.39,5.4,5.37,5.39,3202034
1632222000,5.39,5.39,5.36,5.37,4176325
1632225600,5.37,5.38,5.34,5.36,6711388
1632229200,5.36,5.38,5.34,5.37,6691013
1632232800,5.36,5.38,5.34,5.38,6354693
1632236400,5.38,5.38,5.38,5.38,2483407
1632290400,5.41,5.41,5.41,5.41,493811
1632294000,5.42,5.43,5.4,5.4,12826246
1632297600,5.41,5.42,5.4,5.41,5264487
1632301200,5.41,5.42,5.39,5.4,6389511
1632304800,5.4,5.4,5.37,5.38,2773167
1632308400,5.38,5.38,5.36,5.37,1517679
1632312000,5.37,5.38,5.36,5.37,923049
1632315600,5.38,5.42,5.37,5.4,5819064
1632319200,5.41,5.48,5.41,5.48,12517839
1632322800,5.48,5.48,5.48,5.48,3239035
1632376800,5.49,5.49,5.49,5.49,319577
1632380400,5.49,5.51,5.44,5.47,12661309
1632384000,5.47,5.5,5.46,5.49,5189392
1632387600,5.5,5.54,5.49,5.52,10597718
1632391200,5.52,5.53,5.48,5.51,6598810
1632394800,5.51,5.51,5.33,5.36,47231803
1632398400,5.35,5.36,5.33,5.34,13779620
1632402000,5.34,5.35,5.29,5.31,24149875
1632405600,5.3,5.31,5.28,5.3,21195071
1632409200,5.3,5.3,5.3,5.3,3114883
1632463200,5.26,5.26,5.26,5.26,500688
1632466800,5.26,5.26,5.15,5.17,36604421
1632470400,5.17,5.19,5.16,5.18,13102645
1632474000,5.17,5.19,5.16,5.17,7393870
1632477600,5.17,5.17,5.14,5.16,7250850
1632481200,5.16,5.16,5.11,5.13,11433602
1632484800,5.13,5.14,5.1,5.12,9129557
1632488400,5.12,5.14,5.11,5.11,9481934
1632492000,5.12,5.15,5.11,5.13,12283406
1632495600,5.14,5.14,5.14,5.14,3326466
1632722400,5.19,5.19,5.19,5.19,556470
1632726000,5.19,5.2,5.14,5.17,9294358
1632729600,5.17,5.18,5.15,5.16,5155432
1632733200,5.16,5.19,5.15,5.18,6582699
1632736800,5.18,5.19,5.14,5.15,4562268
1632740400,5.14,5.15,5.12,5.14,6951421
1632744000,5.14,5.15,5.12,5.14,6278760
1632747600,5.14,5.16,5.12,5.15,6170063
1632751200,5.15,5.19,5.14,5.18,10190217
1632754800,5.19,5.19,5.19,5.19,1684694
1632808800,5.2,5.2,5.2,5.2,658873
1632812400,5.19,5.2,5.13,5.15,13499088
1632816000,5.15,5.17,5.12,5.17,7921444
1632819600,5.16,5.17,5.14,5.14,3760682
1632823200,5.14,5.16,5.13,5.15,4023188
1632826800,5.14,5.17,5.13,5.17,7309878
1632830400,5.17,5.18,5.15,5.16,7077711
1632834000,5.16,5.18,5.13,5.15,10091511
1632837600,5.16,5.17,5.13,5.16,8949392
1632841200,5.17,5.17,5.17,5.17,1943409
1632895200,5.21,5.21,5.21,5.21,819375
1632898800,5.21,5.22,5.17,5.22,21509871
1632902400,5.21,5.22,5.19,5.2,4649980
1632906000,5.19,5.2,5.18,5.2,2152792
1632909600,5.2,5.2,5.18,5.19,2882891
1632913200,5.19,5.27,5.18,5.24,21813907
1632916800,5.24,5.26,5.21,5.22,11332606
1632920400,5.22,5.23,5.2,5.22,13638077
1632924000,5.23,5.26,5.22,5.24,14711370
1632927600,5.24,5.24,5.24,5.24,2907732
1632981600,5.26,5.26,5.26,5.26,586546
1632985200,5.25,5.26,5.18,5.2,14845417
1632988800,5.2,5.24,5.2,5.23,11218649
1632992400,5.24,5.25,5.22,5.24,4939021
1632996000,5.23,5.24,5.18,5.21,11121066
1632999600,5.2,5.34,5.2,5.31,53940901
1633003200,5.31,5.31,5.28,5.3,7950669
1633006800,5.3,5.35,5.29,5.32,18392422
1633010400,5.33,5.36,5.31,5.32,15424180
1633014000,5.33,5.33,5.33,5.33,4398656
1633068000,5.28,5.28,5.28,5.28,538419
1633071600,5.28,5.32,5.27,5.3,14682155
1633075200,5.31,5.31,5.27,5.3,8064344
1633078800,5.3,5.32,5.29,5.3,4979830
1633082400,5.29,5.31,5.29,5.3,891099
1633086000,5.3,5.35,5.3,5.34,6728179
1633089600,5.34,5.34,5.31,5.32,3995402
1633093200,5.32,5.35,5.31,5.32,10714242
1633096800,5.32,5.33,5.3,5.31,5731840
1633100400,5.3,5.3,5.3,5.3,1644932
1633327200,5.32,5.32,5.32,5.32,380365
1633330800,5.31,5.33,5.29,5.31,14484955
1633334400,5.3,5.33,5.3,5.31,10497118
1633338000,5.31,5.34,5.31,5.33,5363560
1633341600,5.33,5.34,5.32,5.33,2856763
1633345200,5.33,5.34,5.31,5.32,8441251
1633348800,5.32,5.34,5.31,5.33,9057592
1633352400,5.32,5.34,5.31,5.32,6468047
1633356000,5.31,5.32,5.28,5.28,16557994
1633359600,5.28,5.28,5.28,5.28,1810576
1633413600,5.29,5.29,5.29,5.29,289614
1633417200,5.28,5.29,5.25,5.26,9860964
1633420800,5.27,5.3,5.26,5.29,5127779
1633424400,5.28,5.3,5.28,5.3,2437737
1633428000,5.29,5.3,5.28,5.29,1458916
1633431600,5.28,5.3,5.28,5.29,1067781
1633435200,5.3,5.3,5.28,5.29,1339907
1633438800,5.28,5.29,5.25,5.27,6259275
1633442400,5.27,5.3,5.26,5.28,8185789
1633446000,5.27,5.27,5.27,5.27,2377802
1633500000,5.26,5.26,5.26,5.26,555344
1633503600,5.25,5.26,5.22,5.22,13499689
1633507200,5.22,5.23,5.19,5.22,7984539
1633510800,5.22,5.22,5.19,5.2,4395754
1633514400,5.21,5.22,5.19,5.2,5134429
1633518000,5.2,5.23,5.2,5.22,3234295
1633521600,5.23,5.26,5.22,5.23,6983186
1633525200,5.23,5.27,5.23,5.24,6888411
1633528800,5.24,5.24,5.22,5.22,9654244
1633532400,5.22,5.22,5.22,5.22,2241352
1633586400,5.28,5.28,5.28,5.28,1330860
1633590000,5.29,5.3,5.26,5.28,16138485
1633593600,5.28,5.28,5.26,5.26,4673553
1633597200,5.26,5.28,5.26,5.26,5318939
1633600800,5.27,5.29,5.26,5.29,12283689
1633604400,5.28,5.31,5.27,5.28,17449672
1633608000,5.28,5.3,5.28,5.3,5818971
1633611600,5.3,5.31,5.29,5.3,4499632
1633615200,5.3,5.31,5.28,5.29,11224835
1633618800,5.28,5.28,5.28,5.28,3879930
1633672800,5.29,5.29,5.29,5.29,415068
1633676400,5.28,5.3,5.26,5.26,15745480
1633680000,5.27,5.29,5.25,5.27,8180999
1633683600,5.27,5.28,5.26,5.28,3089563
1633687200,5.27,5.3,5.26,5.28,9899070
1633690800,5.28,5.29,5.28,5.29,585608
1633694400,5.28,5.32,5.28,5.31,16827768
1633698000,5.3,5.31,5.26,5.26,10267818
1633701600,5.26,5.28,5.25,5.26,14667563
1633705200,5.26,5.26,5.26,5.26,2498090
1633932000,5.28,5.28,5.28,5.28,210323
1633935600,5.27,5.3,5.27,5.3,10494542
1633939200,5.29,5.31,5.28,5.29,4977793
1633942800,5.29,5.3,5.28,5.29,3317880
1633946400,5.28,5.3,5.28,5.29,2609786
1633950000,5.29,5.32,5.28,5.32,6156747
1633953600,5.32,5.34,5.31,5.32,7693793
1633957200,5.33,5.36,5.31,5.36,11129506
1633960800,5.36,5.36,5.31,5.33,14996534
1633964400,5.32,5.32,5.32,5.32,3839434
1634018400,5.29,5.29,5.29,5.29,322146
1634022000,5.29,5.35,5.28,5.33,26340802
1634025600,5.33,5.34,5.32,5.33,6786041
1634029200,5.33,5.34,5.32,5.33,2083653
1634032800,5.33,5.34,5.32,5.33,886772
1634036400,5.33,5.33,5.31,5.33,6330217
1634040000,5.32,5.36,5.31,5.33,14479086
1634043600,5.34,5.35,5.33,5.34,6666579
1634047200,5.33,5.34,5.31,5.33,13851883
1634050800,5.31,5.31,5.31,5.31,2880950
1634104800,5.34,5.34,5.34,5.34,719079
1634108400,5.33,5.34,5.31,5.32,16415169
1634112000,5.33,5.35,5.32,5.33,4852471
1634115600,5.33,5.35,5.33,5.35,5190795
1634119200,5.35,5.35,5.32,5.32,8049177
1634122800,5.32,5.33,5.3,5.3,7654586
1634126400,5.31,5.31,5.26,5.28,12463978
1634130000,5.27,5.28,5.25,5.27,10218429
1634133600,5.27,5.28,5.23,5.26,14021718
1634137200,5.25,5.25,5.25,5.25,3574946
1634191200,5.24,5.24,5.24,5.24,322425
1634194800,5.24,5.28,5.24,5.28,10597399
1634198400,5.27,5.28,5.25,5.25,2218314
1634202000,5.25,5.26,5.23,5.23,4882159
1634205600,5.23,5.25,5.21,5.24,8139137
1634209200,5.23,5.25,5.22,5.25,3724880
1634212800,5.25,5.27,5.24,5.26,6499238
1634216400,5.25,5.27,5.25,5.27,6008250
1634220000,5.27,5.28,5.24,5.24,6679197
1634223600,5.25,5.25,5.25,5.25,1667068
1634277600,5.27,5.27,5.27,5.27,767030
1634281200,5.26,5.27,5.2,5.21,17430218
1634284800,5.2,5.21,5.14,5.18,20973229
1634288400,5.18,5.18,5.15,5.17,5299092
1634292000,5.17,5.17,5.15,5.16,6001586
1634295600,5.16,5.17,5.15,5.16,4416872
1634299200,5.16,5.16,5.09,5.09,13988410
1634302800,5.09,5.14,5.09,5.13,12399189
1634306400,5.13,5.16,5.12,5.14,9931179
1634310000,5.14,5.14,5.14,5.14,2482159
1634536800,5.14,5.14,5.14,5.14,340840
1634540400,5.14,5.15,5.07,5.09,22738535
1634544000,5.09,5.13,5.07,5.11,12650983
1634547600,5.12,5.12,5.09,5.11,8061045
1634551200,5.11,5.11,5.08,5.09,4628931
1634554800,5.1,5.1,5.09,5.1,3333667
1634558400,5.09,5.11,5.08,5.1,8815106
1634562000,5.09,5.12,5.09,5.11,9149734
1634565600,5.11,5.11,5.07,5.1,14355214
1634569200,5.08,5.08,5.08,5.08,4961105
1634623200,5.11,5.11,5.11,5.11,856502
1634626800,5.12,5.17,5.11,5.17,27831222
1634630400,5.16,5.19,5.15,5.18,9699148
1634634000,5.18,5.19,5.17,5.18,14529768
1634637600,5.19,5.2,5.18,5.2,5222696
1634641200,5.19,5.22,5.18,5.21,13621155
1634644800,5.22,5.23,5.2,5.2,7274365
1634648400,5.2,5.22,5.19,5.21,5210812
1634652000,5.2,5.24,5.2,5.24,11300349
1634655600,5.23,5.23,5.23,5.23,1291723
1634709600,5.23,5.23,5.23,5.23,178185
1634713200,5.23,5.26,5.21,5.23,14903093
1634716800,5.23,5.27,5.22,5.23,11571730
1634720400,5.24,5.26,5.23,5.25,3246266
1634724000,5.26,5.29,5.25,5.27,12495657
1634727600,5.28,5.3,5.26,5.28,8988020
1634731200,5.27,5.31,5.27,5.3,11171848
1634734800,5.29,5.31,5.28,5.3,7663036
1634738400,5.3,5.3,5.27,5.29,7311990
1634742000,5.3,5.3,5.3,5.3,3457535
1634796000,5.3,5.3,5.3,5.3,70727
1634799600,5.3,5.32,5.28,5.3,11469037
1634803200,5.3,5.31,5.28,5.29,10858053
1634806800,5.29,5.29,5.25,5.26,6299647
1634810400,5.27,5.37,5.26,5.35,13495296
1634814000,5.36,5.39,5.11,5.21,58750924
1634817600,5.21,5.25,5.19,5.22,16626781
1634821200,5.22,5.28,5.21,5.27,14419031
1634824800,5.27,5.32,5.23,5.29,17780682
1634828400,5.32,5.32,5.32,5.32,2988124
1634882400,5.31,5.31,5.31,5.31,832397
1634886000,5.31,5.35,5.3,5.35,18108681
1634889600,5.34,5.38,5.34,5.37,9950283
1634893200,5.36,5.44,5.34,5.42,30807323
1634896800,5.42,5.43,5.39,5.39,19511221
1634900400,5.4,5.42,5.39,5.42,7040600
1634904000,5.42,5.42,5.38,5.39,5685109
1634907600,5.39,5.47,5.38,5.46,18045645
1634911200,5.47,5.49,5.44,5.46,15183606
1634914800,5.45,5.45,5.45,5.45,2159937
1635141600,5.41,5.41,5.41,5.41,503270
1635145200,5.41,5.47,5.4,5.42,30677142
1635148800,5.43,5.51,5.42,5.5,27808497
1635152400,5.5,5.57,5.49,5.51,26063443
1635156000,5.5,5.51,5.48,5.48,8451150
1635159600,5.48,5.54,5.48,5.51,16778522
1635163200,5.52,5.52,5.46,5.48,10979496
1635166800,5.48,5.55,5.47,5.54,15647707
1635170400,5.53,5.55,5.52,5.53,13532778
1635174000,5.54,5.54,5.54,5.54,2002696
1635228000,5.58,5.58,5.58,5.58,950980
1635231600,5.58,5.62,5.58,5.6,19873376
1635235200,5.6,5.61,5.59,5.6,5354559
1635238800,5.6,5.61,5.57,5.6,9059468
1635242400,5.6,5.61,5.59,5.6,5850451
1635246000,5.6,5.61,5.58,5.59,7221290
1635249600,5.59,5.61,5.58,5.59,11604497
1635253200,5.6,5.61,5.57,5.58,12876227
1635256800,5.57,5.59,5.56,5.58,13645577
1635260400,5.58,5.58,5.58,5.58,5537401
1635314400,5.6,5.6,5.6,5.6,1306462
1635318000,5.6,5.75,5.58,5.72,67603025
1635321600,5.71,5.75,5.7,5.7,19841853
1635325200,5.7,5.75,5.69,5.74,22316881
1635328800,5.74,5.76,5.72,5.74,9322614
1635332400,5.73,5.76,5.73,5.73,10181467
1635336000,5.74,5.75,5.73,5.74,6651641
1635339600,5.75,5.79,5.72,5.78,18780684
1635343200,5.78,5.81,5.75,5.77,41269455
1635346800,5.78,5.78,5.78,5.78,2474784
1635400800,5.78,5.78,5.78,5.78,418746
1635404400,5.78,5.88,5.75,5.85,36370227
1635408000,5.86,5.89,5.84,5.85,14411149
1635411600,5.85,5.9,5.85,5.86,12874938
1635746400,5.9,5.9,5.9,5.9,802955
1635750000,5.9,5.92,5.86,5.9,28692488
1635753600,5.9,5.96,5.89,5.95,28175690
1635757200,5.96,5.96,5.93,5.96,9901985
1635760800,5.96,5.98,5.94,5.97,8620433
1635764400,5.97,5.99,5.95,5.97,10429806
1635768000,5.97,5.98,5.92,5.94,8620896
1635771600,5.95,5.98,5.94,5.96,9704836
1635775200,5.97,5.98,5.95,5.96,12106092
1635778800,5.95,5.95,5.95,5.95,1778686
1635832800,5.97,5.97,5.97,5.97,674025
1635836400,5.97,6.09,5.96,6.07,39375063
1635840000,6.06,6.08,6.03,6.07,7757250
1635843600,6.07,6.11,6.06,6.08,15286216
1635847200,6.09,6.1,6.07,6.08,7879053
1635850800,6.07,6.09,6.01,6.02,29953828
1635854400,6.02,6.08,6.01,6.08,13772093
1635858000,6.07,6.08,6.04,6.06,8290933
1635861600,6.07,6.09,6.05,6.07,16024871
1635865200,6.07,6.07,6.07,6.07,2641580
1635919200,6.06,6.06,6.06,6.06,247018
1635922800,6.05,6.1,6.03,6.08,17447010
1635926400,6.07,6.11,6.06,6.09,10433329
1635930000,6.09,6.09,5.91,5.98,36888753
1635933600,5.98,6.07,5.9,6.04,27229370
1635937200,6.04,6.08,6.04,6.06,5799077
1635940800,6.06,6.08,6.03,6.06,9092318
1635944400,6.06,6.1,6.04,6.09,13606858
1635948000,6.09,6.22,6.08,6.19,27428947
1635951600,6.19,6.2,6.18,6.2,2610796
1636005600,6.3,6.3,6.3,6.3,917814
1636009200,6.3,6.38,6.29,6.31,26128825
1636012800,6.32,6.32,6.23,6.26,15532276
1636016400,6.27,6.27,6.24,6.26,6347583
1636020000,6.25,6.29,6.24,6.28,11963551
1636023600,6.28,6.3,6.24,6.27,16698594
1636027200,6.27,6.29,6.25,6.28,13481907
1636030800,6.28,6.33,6.27,6.32,21396079
1636034400,6.31,6.33,6.29,6.31,15876389
1636038000,6.32,6.32,6.32,6.32,1802661
1636092000,6.33,6.33,6.33,6.33,680265
1636095600,6.32,6.33,6.27,6.31,22300565
1636099200,6.31,6.32,6.22,6.23,17046460
1636102800,6.22,6.27,6.21,6.26,12227917
1636106400,6.26,6.28,6.25,6.27,4591074
1636110000,6.27,6.28,6.23,6.24,5225783
1636113600,6.24,6.3,6.23,6.28,7678129
1636117200,6.27,6.35,6.24,6.32,31804276
1636120800,6.33,6.35,6.3,6.33,18469077
1636124400,6.33,6.33,6.33,6.33,2374751
1636351200,6.34,6.34,6.34,6.34,373984
1636354800,6.35,6.35,6.28,6.33,18460150
1636358400,6.33,6.34,6.3,6.31,7803440
1636362000,6.31,6.35,6.3,6.33,13556500
1636365600,6.32,6.34,6.31,6.32,6992049
1636369200,6.33,6.33,6.29,6.29,10267687
1636372800,6.29,6.31,6.29,6.3,7298569
1636376400,6.3,6.34,6.29,6.33,11044243
1636380000,6.33,6.37,6.32,6.36,18797751
1636383600,6.37,6.37,6.37,6.37,1576453
1636437600,6.37,6.37,6.37,6.37,495023
1636441200,6.36,6.39,6.32,6.33,19083040
1636444800,6.32,6.37,6.32,6.34,8432287
1636448400,6.34,6.42,6.32,6.41,13393888
1636452000,6.41,6.44,6.4,6.43,18361027
1636455600,6.43,6.43,6.36,6.37,13424572
1636459200,6.36,6.4,6.34,6.39,11793062
1636462800,6.39,6.42,6.36,6.37,11973101
1636466400,6.37,6.39,6.29,6.3,20817536
1636470000,6.3,6.3,6.3,6.3,2922289
1636524000,6.3,6.3,6.3,6.3,477891
1636527600,6.3,6.36,6.27,6.35,25773591
1636531200,6.34,6.36,6.31,6.33,19046996
1636534800,6.33,6.34,6.27,6.3,22245080
1636538400,6.29,6.35,6.28,6.33,9359259
1636542000,6.33,6.39,6.33,6.38,15913882
1636545600,6.37,6.39,6.35,6.37,7818798
1636549200,6.38,6.41,6.35,6.4,17701152
1636552800,6.41,6.43,6.37,6.4,22210669
1636556400,6.4,6.4,6.4,6.4,2181927
1636610400,6.37,6.37,6.37,6.37,246131
1636614000,6.36,6.39,6.36,6.37,13831093
1636617600,6.38,6.4,6.33,6.35,17008528
1636621200,6.35,6.36,6.29,6.33,13908161
1636624800,6.33,6.36,6.32,6.32,10115521
1636628400,6.33,6.36,6.31,6.35,7921275
1636632000,6.35,6.36,6.32,6.34,5391445
1636635600,6.34,6.36,6.29,6.31,12791759
1636639200,6.31,6.34,6.28,6.32,14852943
1636642800,6.3,6.3,6.3,6.3,2983585
1636696800,6.33,6.33,6.33,6.33,470054
1636700400,6.33,6.36,6.33,6.34,8828139
1636704000,6.34,6.36,6.32,6.35,6520600
1636707600,6.35,6.35,6.33,6.34,2421138
1636711200,6.34,6.36,6.33,6.35,7938669
1636714800,6.35,6.4,6.34,6.36,14887884
1636718400,6.36,6.38,6.35,6.35,9393459
1636722000,6.35,6.37,6.34,6.36,7632860
1636725600,6.36,6.37,6.32,6.35,13077424
1636729200,6.34,6.34,6.34,6.34,1406807
1636956000,6.85,6.85,6.85,6.85,4365725
1636959600,6.84,6.87,6.75,6.83,72546473
1636963200,6.84,6.97,6.83,6.97,61514688
1636966800,6.97,6.97,6.93,6.96,25082769
1636970400,6.97,6.97,6.96,6.97,2130327
1636974000,6.97,6.97,6.97,6.97,1331736
1636977600,6.97,6.97,6.96,6.97,4748983
1636981200,6.97,6.97,6.97,6.97,210385
1636984800,6.97,6.97,6.97,6.97,2086303
1636988400,6.97,6.97,6.97,6.97,53809
1637042400,7.66,7.66,7.66,7.66,31969220
1637046000,7.66,7.66,7.11,7.21,95989634
1637049600,7.21,7.54,7.19,7.25,85418132
1637053200,7.25,7.28,7.21,7.27,23363889
1637056800,7.26,7.29,7.22,7.25,14837456
1637060400,7.25,7.26,7.19,7.25,25042412
1637064000,7.24,7.25,7.14,7.15,29707772
1637067600,7.15,7.18,7.09,7.12,42981826
1637071200,7.13,7.13,6.97,7,41007535
1637074800,7.03,7.03,7.03,7.03,3627817
1637128800,7,7,7,7,373667
1637132400,7.01,7.05,6.97,6.99,25379044
1637136000,6.98,7.1,6.98,7.09,17196520
1637139600,7.09,7.1,7.01,7.03,6789741
1637143200,7.03,7.09,6.99,7.06,10929550
1637146800,7.06,7.07,7.02,7.04,3838277
1637150400,7.03,7.06,7.01,7.02,5961317
1637154000,7.02,7.04,7,7.03,6708470
1637157600,7.04,7.21,7.02,7.13,33604499
1637161200,7.11,7.11,7.11,7.11,2586351
1637215200,7.12,7.12,7.12,7.12,103296
1637218800,7.13,7.18,7.11,7.18,12605377
1637222400,7.17,7.21,7.07,7.1,17480302
1637226000,7.09,7.14,7.08,7.13,16467456
1637229600,7.13,7.16,7.07,7.14,18299105
1637233200,7.15,7.28,7.05,7.28,67921047
1637236800,7.27,7.66,7.26,7.44,143198126
1637240400,7.45,7.45,7.03,7.18,78592837
1637244000,7.19,7.39,7.18,7.26,49769586
1637247600,7.25,7.25,7.25,7.25,4284298
1637301600,7.31,7.31,7.31,7.31,481509
1637305200,7.32,7.35,7.22,7.24,34079611
1637308800,7.24,7.29,7.22,7.25,11364212
1637312400,7.24,7.27,7.22,7.25,7837258
1637316000,7.25,7.26,7.18,7.25,14827353
1637319600,7.24,7.25,7.17,7.19,9335437
1637323200,7.19,7.22,7.18,7.21,8619045
1637326800,7.21,7.24,7.19,7.22,8660635
1637330400,7.22,7.24,7.21,7.22,13382150
1637334000,7.23,7.23,7.23,7.23,1802902
1637560800,7.3,7.3,7.3,7.3,1177712
1637564400,7.29,7.33,7.25,7.25,23584601
1637568000,7.26,7.28,7.25,7.26,6582915
1637571600,7.26,7.27,7.22,7.24,7591757
1637575200,7.23,7.24,7.19,7.22,12575094
1637578800,7.21,7.23,7.19,7.21,5298073
1637582400,7.2,7.23,7.19,7.21,7706069
1637586000,7.2,7.21,7.17,7.2,9983815
1637589600,7.19,7.21,7.17,7.19,8076717
1637593200,7.19,7.19,7.19,7.19,3498512
1637647200,7.17,7.17,7.17,7.17,930515
1637650800,7.16,7.21,7.1,7.18,33555417
1637654400,7.18,7.23,7.05,7.07,38007358
1637658000,7.07,7.08,6.94,7.04,42702664
1637661600,7.05,7.07,7,7.01,21277971
1637665200,7.01,7.05,6.98,7.03,15214297
1637668800,7.03,7.04,6.82,6.93,48592304
1637672400,6.92,6.96,6.85,6.91,46984077
1637676000,6.91,6.97,6.88,6.91,40420131
1637679600,6.91,6.91,6.9,6.9,3330022
1637733600,6.95,6.95,6.95,6.95,730278
1637737200,6.95,7,6.91,6.94,54405607
1637740800,6.94,7.03,6.91,6.99,81159795
1637744400,6.99,6.99,6.93,6.96,35990155
1637748000,6.96,6.99,6.95,6.97,18222323
1637751600,6.96,7,6.95,6.95,40127110
1637755200,6.96,7.09,6.94,7.05,64048509
1637758800,7.05,7.05,6.96,7.02,41856706
1637762400,7.02,7.04,6.96,6.98,22722982
1637766000,6.99,6.99,6.98,6.98,4205683
1637820000,7,7,7,7,1298085
1637823600,7,7.01,6.97,6.99,25334187
1637827200,6.98,6.99,6.95,6.97,16108168
1637830800,6.97,6.98,6.95,6.96,9899264
1637834400,6.96,6.97,6.9,6.93,26336544
1637838000,6.94,6.96,6.89,6.93,29333216
1637841600,6.93,6.98,6.9,6.94,18393362
1637845200,6.94,6.95,6.87,6.9,19192458
1637848800,6.89,6.9,6.83,6.86,19218104
1637852400,6.84,6.84,6.84,6.84,3231366
1637906400,6.77,6.77,6.77,6.77,1117423
1637910000,6.76,6.76,6.69,6.73,24873685
1637913600,6.73,6.76,6.7,6.73,20346437
1637917200,6.72,6.73,6.67,6.67,13195007
1637920800,6.67,6.69,6.64,6.66,18999325
1637924400,6.66,6.67,6.6,6.62,12154457
1637928000,6.62,6.65,6.58,6.6,23887214
1637931600,6.59,6.6,6.5,6.55,13634059
1637935200,6.54,6.61,6.5,6.59,29789627
1637938800,6.61,6.61,6.61,6.61,1361642
1638165600,6.62,6.62,6.62,6.62,844850
1638169200,6.63,6.65,6.53,6.55,20165514
1638172800,6.54,6.57,6.5,6.52,14089462
1638176400,6.52,6.54,6.5,6.52,13233463
1638180000,6.52,6.54,6.51,6.53,8108146
1638183600,6.53,6.55,6.51,6.53,19426039
1638187200,6.53,6.56,6.51,6.55,16275140
1638190800,6.55,6.67,6.54,6.63,18429420
1638194400,6.63,6.68,6.6,6.61,13187894
1638198000,6.6,6.6,6.6,6.6,3440155
1638252000,6.55,6.55,6.55,6.55,1011429
1638255600,6.55,6.58,6.48,6.58,53183427
1638259200,6.58,6.6,6.53,6.55,29628993
1638262800,6.55,6.58,6.55,6.57,13642394
1638266400,6.57,6.61,6.55,6.57,18873901
1638270000,6.58,6.58,6.53,6.54,14349507
1638273600,6.55,6.56,6.52,6.53,15220426
1638277200,6.53,6.55,6.49,6.55,21434393
1638280800,6.54,6.59,6.54,6.57,28817512
1638284400,6.52,6.52,6.52,6.52,12139234
1638338400,6.59,6.59,6.59,6.59,2073546
1638342000,6.59,6.67,6.57,6.66,24816873
1638345600,6.65,6.67,6.63,6.66,19531136
1638349200,6.66,6.79,6.65,6.72,40956820
1638352800,6.73,6.76,6.68,6.73,17559485
1638356400,6.73,6.74,6.68,6.71,19258845
1638360000,6.72,6.72,6.69,6.7,7587260
1638363600,6.7,6.74,6.68,6.72,11650707
1638367200,6.73,6.75,6.71,6.72,15110339
1638370800,6.73,6.73,6.73,6.73,3618550
1638424800,6.75,6.75,6.75,6.75,701407
1638428400,6.76,6.81,6.76,6.8,22455688
1638432000,6.8,6.8,6.74,6.77,14148271
1638435600,6.77,6.85,6.77,6.8,17607719
1638439200,6.81,6.82,6.8,6.81,5874226
1638442800,6.81,6.82,6.78,6.78,5241279
1638446400,6.78,6.81,6.76,6.79,10562993
1638450000,6.79,6.82,6.78,6.78,9759580
1638453600,6.78,6.81,6.76,6.8,19092561
1638457200,6.81,6.81,6.81,6.81,2692504
1638511200,6.85,6.85,6.85,6.85,901796
1638514800,6.84,6.86,6.82,6.84,14403359
1638518400,6.84,6.87,6.8,6.85,25264748
1638522000,6.85,6.86,6.83,6.86,8633650
1638525600,6.86,6.9,6.83,6.85,25012766
1638529200,6.84,6.89,6.83,6.88,15457352
1638532800,6.88,6.92,6.87,6.92,14211148
1638536400,6.92,6.92,6.86,6.88,11038732
1638540000,6.89,6.92,6.87,6.89,17712327
1638543600,6.88,6.88,6.88,6.88,3738115
1638770400,6.9,6.9,6.9,6.9,670407
1638774000,6.9,7.03,6.88,7.01,37111163
1638777600,7.01,7.11,7.01,7.09,22185781
1638781200,7.09,7.11,7.07,7.07,9777091
1638784800,7.08,7.12,7.08,7.11,11993311
1638788400,7.11,7.12,7.06,7.11,9298277
1638792000,7.11,7.14,7.1,7.12,10867596
1638795600,7.13,7.14,7.11,7.13,5041715
1638799200,7.14,7.2,7.13,7.19,22299261
1638802800,7.19,7.19,7.19,7.19,2314738
1638856800,7.27,7.27,7.27,7.27,1140302
1638860400,7.27,7.3,7.23,7.27,30059397
1638864000,7.26,7.27,7.15,7.16,26527578
1638867600,7.16,7.16,7.09,7.12,17759234
1638871200,7.12,7.2,7.12,7.19,11558668
1638874800,7.19,7.24,7.16,7.22,24226686
1638878400,7.21,7.23,7.15,7.18,23695039
1638882000,7.18,7.21,7.17,7.2,13480031
1638885600,7.19,7.22,7.16,7.19,32699243
1638889200,7.19,7.21,7.19,7.21,6511675
1638943200,7.26,7.26,7.26,7.26,1502205
1638946800,7.26,7.33,7.24,7.3,35812153
1638950400,7.29,7.37,7.28,7.35,27353026
1638954000,7.35,7.35,7.27,7.35,21597685
1638957600,7.34,7.35,7.3,7.31,9377115
1638961200,7.31,7.37,7.26,7.3,31652804
1638964800,7.3,7.33,7.27,7.33,17538704
1638968400,7.33,7.4,7.32,7.38,26181579
1638972000,7.38,7.46,7.37,7.43,34401596
1638975600,7.43,7.43,7.41,7.41,3775496
1639029600,7.44,7.44,7.44,7.44,577489
1639033200,7.44,7.51,7.42,7.43,28348290
1639036800,7.43,7.57,7.42,7.51,31480985
1639040400,7.51,7.55,7.5,7.54,13890731
1639044000,7.53,7.54,7.48,7.53,14986230
1639047600,7.52,7.53,7.47,7.48,9676041
1639051200,7.48,7.48,7.37,7.43,23223424
1639054800,7.44,7.45,7.41,7.44,14952402
1639058400,7.44,7.46,7.39,7.41,24999520
1639062000,7.42,7.42,7.42,7.42,5197125
1639116000,7.4,7.4,7.4,7.4,913675
1639119600,7.4,7.4,7.3,7.31,26699489
1639123200,7.31,7.33,7.22,7.25,20947805
1639126800,7.25,7.25,7.19,7.23,17097438
1639130400,7.23,7.27,7.2,7.24,13076655
1639134000,7.23,7.24,7.2,7.21,13134893
1639137600,7.22,7.22,7.14,7.18,23241493
1639141200,7.18,7.25,7.18,7.24,22117926
1639144800,7.24,7.27,7.23,7.27,19732037
1639148400,7.27,7.27,7.27,7.27,2637380
1639375200,7.27,7.27,7.27,7.27,1450666
1639378800,7.27,7.37,7.2,7.32,38472937
1639382400,7.32,7.34,7.31,7.32,15298393
1639386000,7.32,7.38,7.32,7.35,16426252
1639389600,7.35,7.39,7.33,7.37,14788617
1639393200,7.37,7.48,7.37,7.46,23341121
1639396800,7.45,7.49,7.42,7.49,15455133
1639400400,7.48,7.56,7.46,7.53,26049897
1639404000,7.52,7.61,7.49,7.51,32438293
1639407600,7.51,7.51,7.51,7.51,1962352
1639461600,7.54,7.54,7.54,7.54,2229814
1639465200,7.55,7.81,7.55,7.78,53140772
1639468800,7.77,7.93,7.77,7.92,48638980
1639472400,7.92,8,7.87,7.88,38621395
1639476000,7.87,7.94,7.86,7.94,11912181
1639479600,7.93,7.99,7.9,7.97,19363928
1639483200,7.98,8.03,7.93,7.97,25754386
1639486800,7.97,7.97,7.87,7.89,15834532
1639490400,7.88,7.93,7.83,7.89,18906806
1639494000,7.91,7.91,7.91,7.91,3030726
1639548000,8.05,8.05,8.05,8.05,1934524
1639551600,8.05,8.16,7.95,7.98,53108763
1639555200,7.98,8,7.83,7.88,27783650
1639558800,7.88,7.95,7.85,7.92,19205726
1639562400,7.92,7.93,7.87,7.92,7613927
1639566000,7.92,7.99,7.89,7.95,13672899
1639569600,7.94,7.95,7.87,7.93,10964991
1639573200,7.94,7.98,7.92,7.95,11041681
1639576800,7.95,7.96,7.84,7.9,17813392
1639580400,7.87,7.87,7.87,7.87,2767658
1639634400,8,8,8,8,1477420
1639638000,8,8.05,7.96,8.01,23634493
1639641600,8.01,8.05,7.96,8.05,21476588
1639645200,8.04,8.11,8,8.06,19537338
1639648800,8.07,8.1,8.04,8.09,12872539
1639652400,8.08,8.19,7.98,8.1,80333071
1639656000,8.09,8.14,8.07,8.09,24282741
1639659600,8.1,8.16,8.08,8.12,18949154
1639663200,8.12,8.22,8.11,8.21,48450354
1639666800,8.22,8.22,8.22,8.22,4851591
1639720800,8.33,8.33,8.33,8.33,2896550
1639724400,8.33,8.56,8.32,8.55,72482435
1639728000,8.56,8.7,8.55,8.69,68102784
1639731600,8.69,8.74,8.6,8.7,35077333
1639735200,8.7,8.73,8.41,8.49,89568304
1639738800,8.49,8.55,8.46,8.5,51676448
1639742400,8.5,8.52,8.03,8.21,55781256
1639746000,8.21,8.22,7.41,7.65,25045070
1639749600,7.43,7.66,7.4,7.4,45269688
1639753200,7.4,7.4,7.4,7.4,3995450
1639980000,7,7,7,7,4645192
1639983600,7,7.46,6.92,7.27,42779424
1639987200,7.27,7.47,7.25,7.47,20556352
1639990800,7.46,7.62,7.44,7.46,27576705
1639994400,7.46,7.76,7.44,7.68,26555742
1639998000,7.68,7.86,7.58,7.61,39455459
1640001600,7.6,7.62,7.15,7.17,19282911
1640005200,7.1,7.12,6.81,7,9600896
1640008800,7,7.3,6.9,7.3,41796563
1640012400,7.33,7.33,7.33,7.33,2344821
1640066400,8.06,8.06,8.06,8.06,5842516
1640070000,8.05,8.06,7.61,7.83,69207969
1640073600,7.83,7.85,7.68,7.69,30636459
1640077200,7.7,7.76,7.53,7.63,20922590
1640080800,7.64,7.72,7.57,7.71,29559081
1640084400,7.72,7.74,7.43,7.51,22083250
1640088000,7.52,7.53,7.19,7.38,28230211
1640091600,7.38,7.5,7.34,7.44,19442447
1640095200,7.44,7.5,7.21,7.25,31290251
1640098800,7.25,7.25,7.25,7.25,3550598
1640152800,7.25,7.25,7.25,7.25,1029260
1640156400,7.24,7.55,7.19,7.52,47095532
1640160000,7.51,7.56,7.44,7.48,18967645
1640163600,7.49,7.57,7.48,7.56,15752324
1640167200,7.56,7.64,7.44,7.48,22769901
1640170800,7.47,7.48,7.33,7.34,9577831
1640174400,7.34,7.5,7.28,7.46,16040254
1640178000,7.46,7.62,7.43,7.62,19273277
1640181600,7.61,7.62,7.5,7.57,16017492
1640185200,7.58,7.59,7.58,7.59,1567114
1640239200,7.74,7.74,7.74,7.74,1669189
1640242800,7.74,7.8,7.69,7.71,24613714
1640246400,7.71,7.75,7.57,7.68,16951128
1640250000,7.68,7.74,7.62,7.66,9900775
1640253600,7.66,7.66,7.55,7.6,10666107
1640257200,7.59,7.6,7.4,7.6,21105242
1640260800,7.6,7.7,7.58,7.64,21511318
1640264400,7.64,7.72,7.64,7.67,13417666
1640268000,7.67,7.71,7.6,7.62,14978483
1640271600,7.62,7.62,7.62,7.62,4552301
1640325600,7.64,7.64,7.64,7.64,650738
1640329200,7.63,7.64,7.56,7.57,15190443
1640332800,7.57,7.68,7.57,7.63,10532249
1640336400,7.63,7.65,7.61,7.63,2408174
1640340000,7.62,7.66,7.61,7.63,4271970
1640343600,7.62,7.64,7.59,7.61,2897817
1640347200,7.6,7.66,7.59,7.64,9203853
1640350800,7.63,7.64,7.59,7.6,6418458
1640354400,7.59,7.63,7.58,7.62,12964953
1640358000,7.62,7.62,7.62,7.62,3071199
1640584800,7.62,7.62,7.62,7.62,865007
1640588400,7.62,7.75,7.62,7.74,18677203
1640592000,7.74,7.82,7.73,7.78,24535960
1640595600,7.78,7.82,7.76,7.79,13216561
1640599200,7.79,7.81,7.75,7.77,4570312
1640602800,7.77,7.79,7.71,7.72,5880612
1640606400,7.72,7.75,7.63,7.73,14595107
1640610000,7.73,7.79,7.67,7.78,13078732
1640613600,7.79,7.86,7.78,7.83,22301538
1640617200,7.83,7.83,7.83,7.83,1502082
1640671200,7.79,7.79,7.79,7.79,1015366
1640674800,7.78,7.78,7.58,7.61,24164459
1640678400,7.61,7.62,7.53,7.55,10134829
1640682000,7.56,7.56,7.47,7.53,9091598
1640685600,7.53,7.53,7.47,7.5,5373202
1640689200,7.5,7.54,7.47,7.5,6285084
1640692800,7.5,7.56,7.49,7.56,8660300
1640696400,7.55,7.55,7.45,7.48,5604456
1640700000,7.48,7.49,7.36,7.38,16936040
1640703600,7.39,7.39,7.36,7.36,3057536
1640757600,7.26,7.26,7.26,7.26,550249
1640761200,7.26,7.26,7.14,7.24,22386895
1640764800,7.24,7.35,7.23,7.34,19824124
1640768400,7.33,7.36,7.3,7.33,12255538
1640772000,7.33,7.38,7.29,7.33,10921110
1640775600,7.33,7.34,7.23,7.31,10446969
1640779200,7.31,7.43,7.3,7.37,17411393
1640782800,7.38,7.42,7.36,7.4,6595369
1640786400,7.39,7.41,7.32,7.36,10080940
1640790000,7.35,7.35,7.35,7.35,2934080
1640844000,7.37,7.37,7.37,7.37,417999
1640847600,7.38,7.49,7.36,7.44,23194319
1640851200,7.44,7.52,7.43,7.49,14666248
1640854800,7.49,7.5,7.45,7.49,9053158
1640858400,7.48,7.51,7.47,7.49,8332996
1640862000,7.49,7.51,7.41,7.43,10615151
1640865600,7.43,7.47,7.41,7.43,11320559
1640869200,7.43,7.45,7.41,7.45,5750742
1640872800,7.44,7.45,7.35,7.36,10787978
1640876400,7.34,7.34,7.34,7.34,3853250
1640930400,7.35,7.35,7.35,7.35,877074
1640934000,7.34,7.37,7.28,7.35,6310710
1640937600,7.36,7.43,7.34,7.41,9742440
1640941200,7.41,7.42,7.39,7.4,3495351
1640944800,7.41,7.41,7.36,7.38,4439616
1640948400,7.38,7.38,7.36,7.37,2502754
1640952000,7.37,7.37,7.3,7.31,2504248
1640955600,7.31,7.32,7.23,7.26,6293435
1640959200,7.26,7.27,7.13,7.17,13872402
1640962800,7.2,7.2,7.2,7.2,1455519
1641189600,7.2,7.2,7.2,7.2,336877
1641193200,7.2,7.27,7.18,7.25,19735303
1641196800,7.26,7.31,7.24,7.28,16832976
1641200400,7.28,7.31,7.28,7.3,9368253
1641204000,7.31,7.32,7.28,7.29,6707165
1641207600,7.29,7.37,7.29,7.32,13466683
1641211200,7.32,7.32,7.28,7.29,5004344
1641214800,7.29,7.31,7.28,7.29,10755876
1641218400,7.3,7.33,7.28,7.32,10814192
1641222000,7.33,7.33,7.33,7.33,1493152
1641276000,7.33,7.33,7.33,7.33,1791276
1641279600,7.34,7.44,7.31,7.43,35759742
1641283200,7.43,7.44,7.38,7.4,13764943
1641286800,7.4,7.41,7.35,7.36,8357510
1641290400,7.37,7.41,7.36,7.37,6743122
1641294000,7.37,7.38,7.33,7.34,6359408
1641297600,7.35,7.35,7.17,7.23,21725866
1641301200,7.22,7.26,7.18,7.22,13983021
1641304800,7.22,7.28,7.18,7.26,11231868
1641308400,7.27,7.27,7.27,7.27,1997446
1641362400,7.27,7.27,7.27,7.27,314626
1641366000,7.27,7.3,7.23,7.24,9587048
1641369600,7.24,7.31,7.21,7.29,12945905
1641373200,7.29,7.31,7.24,7.26,8867911
1641376800,7.26,7.27,7.24,7.26,5817914
1641380400,7.26,7.29,7.25,7.28,6897867
1641384000,7.27,7.28,7.26,7.27,4339800
1641387600,7.27,7.29,7.26,7.26,9768853
1641391200,7.26,7.35,7.26,7.35,23294693
1641394800,7.34,7.34,7.34,7.34,2116333
1641448800,7.28,7.28,7.28,7.28,361560
1641452400,7.27,7.35,7.25,7.33,22072529
1641456000,7.33,7.36,7.31,7.33,17627416
1641459600,7.33,7.4,7.33,7.37,14671483
1641463200,7.37,7.39,7.33,7.35,6050929
1641466800,7.35,7.36,7.32,7.34,6667490
1641470400,7.34,7.36,7.33,7.34,11547314
1641474000,7.35,7.36,7.32,7.34,16057292
1641477600,7.33,7.35,7.32,7.32,17531988
1641481200,7.32,7.32,7.32,7.32,2917010
1641535200,7.35,7.35,7.35,7.35,430233
1641538800,7.35,7.41,7.35,7.41,15665581
1641542400,7.41,7.55,7.4,7.52,41325196
1641546000,7.53,7.54,7.51,7.53,5797473
1641549600,7.53,7.59,7.48,7.58,15561155
1641553200,7.57,7.58,7.43,7.5,15119039
1641556800,7.5,7.5,7.43,7.46,9134545
1641560400,7.47,7.5,7.42,7.5,13490795
1641564000,7.5,7.62,7.49,7.6,31531058
1641567600,7.62,7.62,7.62,7.62,3467721
1641794400,7.72,7.72,7.72,7.72,1886730
1641798000,7.72,7.81,7.72,7.73,26425111
1641801600,7.74,7.75,7.71,7.71,10539200
1641805200,7.71,7.73,7.67,7.69,8284149
1641808800,7.69,7.75,7.69,7.74,10677476
1641812400,7.73,7.75,7.71,7.73,5852562
1641816000,7.72,7.75,7.72,7.74,10129081
1641819600,7.74,7.74,7.72,7.73,6935463
1641823200,7.72,7.73,7.63,7.63,20559031
1641826800,7.58,7.58,7.58,7.58,3286452
1641880800,7.64,7.64,7.64,7.64,1048328
1641884400,7.64,7.65,7.5,7.56,24891829
1641888000,7.56,7.58,7.51,7.52,10130192
1641891600,7.52,7.54,7.49,7.54,20510489
1641895200,7.54,7.57,7.54,7.56,16410482
1641898800,7.56,7.6,7.54,7.59,18173553
1641902400,7.59,7.74,7.59,7.69,40800017
1641906000,7.7,7.71,7.64,7.65,13907504
1641909600,7.65,7.66,7.59,7.61,27127154
1641913200,7.61,7.61,7.61,7.61,3004653
1641967200,7.68,7.68,7.68,7.68,2181518
1641970800,7.68,7.7,7.66,7.67,22997402
1641974400,7.67,7.68,7.62,7.64,11914479
1641978000,7.64,7.65,7.62,7.63,7578063
1641981600,7.64,7.65,7.62,7.64,4685891
1641985200,7.64,7.65,7.61,7.64,11172581
1641988800,7.64,7.64,7.61,7.63,13497909
1641992400,7.62,7.65,7.62,7.65,18559206
1641996000,7.65,7.66,7.62,7.64,43095866
1641999600,7.63,7.63,7.63,7.63,6923259
1642053600,7.63,7.63,7.63,7.63,2775987
1642057200,7.62,7.67,7.61,7.66,30367249
1642060800,7.66,7.68,7.61,7.63,33079897
1642064400,7.63,7.64,7.62,7.64,7084658
1642068000,7.63,7.65,7.62,7.64,15402172
1642071600,7.64,7.64,7.62,7.64,10467333
1642075200,7.63,7.65,7.62,7.62,13894771
1642078800,7.62,7.63,7.58,7.58,19568013
1642082400,7.59,7.59,7.55,7.55,31256750
1642086000,7.56,7.56,7.56,7.56,15663527
1642140000,7.57,7.57,7.57,7.57,2317160
1642143600,7.57,7.58,7.49,7.5,22824751
1642147200,7.5,7.51,7.46,7.49,9930290
1642150800,7.49,7.51,7.48,7.5,6011226
1642154400,7.49,7.54,7.47,7.54,12273768
1642158000,7.53,7.55,7.5,7.51,7270013
1642161600,7.5,7.52,7.48,7.49,12927128
1642165200,7.49,7.51,7.47,7.5,11988897
1642168800,7.49,7.54,7.49,7.52,44477395
1642172400,7.51,7.51,7.51,7.51,6855736
1642399200,7.66,7.66,7.66,7.66,4956944
1642402800,7.66,7.67,7.58,7.61,62979769
1642406400,7.61,7.62,7.58,7.59,41941315
1642410000,7.59,7.6,7.58,7.58,13836580
1642413600,7.59,7.63,7.58,7.61,18022483
1642417200,7.61,7.63,7.59,7.63,27961557
1642420800,7.63,7.71,7.62,7.68,78597381
1642424400,7.69,7.72,7.67,7.71,57462738
1642428000,7.71,7.77,7.71,7.74,51578393
1642431600,7.75,7.75,7.75,7.75,4582127
1642485600,7.74,7.74,7.74,7.74,3797548
1642489200,7.74,7.79,7.66,7.78,53003884
1642492800,7.77,7.79,7.71,7.73,24795109
1642496400,7.72,7.75,7.68,7.74,18348634
1642500000,7.73,7.82,7.72,7.81,29393026
1642503600,7.81,7.86,7.75,7.82,32520345
1642507200,7.82,7.87,7.81,7.84,18542397
1642510800,7.85,7.85,7.75,7.81,26432215
1642514400,7.8,7.81,7.4,7.41,62522799
1642572000,7.47,7.47,7.47,7.47,971719
1642575600,7.47,7.62,7.47,7.55,47491502
1642579200,7.54,7.58,7.53,7.55,24289007
1642582800,7.55,7.57,7.5,7.54,19637305
1642586400,7.54,7.58,7.49,7.5,16507854
1642590000,7.5,7.59,7.43,7.58,25763131
1642593600,7.58,7.65,7.54,7.64,23032986
1642597200,7.65,7.79,7.64,7.76,35738207
1642600800,7.75,7.85,7.75,7.85,31066244
1642604400,7.85,7.88,7.85,7.88,4887863
1642658400,7.95,7.95,7.95,7.95,3779329
1642662000,7.96,7.98,7.9,7.95,42122398
1642665600,7.95,7.96,7.87,7.94,25644210
1642669200,7.93,7.96,7.9,7.93,11830542
1642672800,7.93,8,7.91,7.97,19639156
1642676400,7.98,8.03,7.7,7.75,75473309
1642680000,7.74,7.86,7.63,7.79,41552474
1642683600,7.79,7.89,7.76,7.87,18956899
1642687200,7.88,7.88,7.67,7.85,42822993
1642690800,7.84,7.84,7.84,7.84,4068086
1642744800,7.81,7.81,7.81,7.81,936293
1642748400,7.8,7.84,7.76,7.82,19396823
1642752000,7.81,7.86,7.75,7.78,11148369
1642755600,7.78,7.85,7.78,7.83,10551425
1642759200,7.83,7.88,7.79,7.85,14096903
1642762800,7.84,7.85,7.73,7.78,23860106
1642766400,7.78,7.8,7.75,7.77,8593933
1642770000,7.78,7.84,7.76,7.83,18333420
1642773600,7.82,7.94,7.82,7.9,27565052
1642777200,7.92,7.92,7.92,7.92,3101553
1643004000,7.9,7.9,7.9,7.9,1411172
1643007600,7.89,7.96,7.88,7.95,22878468
1643011200,7.94,8,7.93,7.94,21016592
1643014800,7.94,7.95,7.9,7.9,10596883
1643018400,7.91,7.91,7.72,7.76,32278389
1643022000,7.76,7.8,7.7,7.76,22935268
1643025600,7.76,7.77,7.58,7.64,20797388
1643029200,7.63,7.71,7.59,7.63,28946602
1643032800,7.63,7.7,7.57,7.58,16881867
1643090400,7.67,7.67,7.67,7.67,1269532
1643094000,7.66,7.69,7.58,7.68,15459108
1643097600,7.67,7.68,7.55,7.62,12438980
1643101200,7.62,7.66,7.6,7.64,5767426
1643104800,7.64,7.68,7.6,7.62,6865256
1643108400,7.61,7.64,7.6,7.62,4639580
1643112000,7.63,7.69,7.62,7.69,10053248
1643115600,7.69,7.71,7.66,7.69,9670104
1643119200,7.69,7.76,7.67,7.69,16891920
1643122800,7.7,7.7,7.7,7.7,1930207
1643176800,7.74,7.74,7.74,7.74,999290
1643180400,7.73,7.76,7.7,7.73,9935610
1643184000,7.73,7.83,7.73,7.81,13788441
1643187600,7.8,7.81,7.75,7.76,10119678
1643191200,7.76,7.79,7.75,7.77,5695000
1643194800,7.76,7.77,7.74,7.76,4409729
1643198400,7.77,7.77,7.7,7.72,4281298
1643202000,7.71,7.77,7.7,7.77,6014214
1643205600,7.76,7.77,7.69,7.73,10417704
1643209200,7.7,7.7,7.7,7.7,2509842
1643263200,7.6,7.6,7.6,7.6,1591565
1643266800,7.59,7.65,7.56,7.61,16425208
1643270400,7.61,7.65,7.6,7.65,10950056
1643274000,7.64,7.69,7.61,7.68,11792195
1643277600,7.68,7.7,7.65,7.65,8442478
1643281200,7.65,7.72,7.63,7.71,10847132
1643284800,7.7,7.71,7.63,7.65,8381773
1643288400,7.65,7.7,7.64,7.69,8356531
1643292000,7.68,7.78,7.68,7.74,18097108
1643295600,7.76,7.76,7.76,7.76,2569919
1643349600,7.79,7.79,7.79,7.79,1376286
1643353200,7.79,7.83,7.76,7.79,27821908
1643356800,7.79,7.88,7.77,7.86,28386334
1643360400,7.86,7.9,7.81,7.82,26011927
1643364000,7.82,7.82,7.76,7.81,9510990
1643367600,7.81,7.81,7.74,7.78,6951781
1643371200,7.78,7.78,7.73,7.75,4649271
1643374800,7.74,7.79,7.74,7.77,8258243
1643378400,7.76,7.8,7.72,7.73,26099454
1643382000,7.73,7.73,7.73,7.73,2271650
1643608800,7.82,7.82,7.82,7.82,1866716
1643612400,7.82,7.9,7.8,7.87,33230782
1643616000,7.87,7.93,7.87,7.91,22605563
1643619600,7.91,7.94,7.9,7.92,8385594
1643623200,7.92,7.97,7.9,7.93,13517411
1643626800,7.94,8,7.93,7.99,22533542
1643630400,7.99,7.99,7.94,7.97,15146190
1643634000,7.96,8.01,7.95,8.01,19155174
1643637600,8,8.03,7.98,8.03,17757062
1643641200,8.04,8.04,8.04,8.04,6135179
1643695200,8.09,8.09,8.09,8.09,1915547
1643698800,8.1,8.13,8.08,8.09,23021617
1643702400,8.1,8.1,8.06,8.07,12030916
1643706000,8.07,8.08,8.06,8.06,11455566
1643709600,8.06,8.07,8.05,8.06,7611704
1643713200,8.06,8.08,8.06,8.07,5905386
1643716800,8.08,8.08,7.97,8.01,22000027
1643720400,8.01,8.02,7.99,8,9114705
1643724000,8.01,8.01,7.98,8,15150377
1643727600,8,8,8,8,4629218
1643781600,8.11,8.11,8.11,8.11,6233067
1643785200,8.12,8.17,8.07,8.15,57033002
1643788800,8.15,8.16,8.11,8.12,34548435
1643792400,8.12,8.18,8.12,8.16,24083491
1643796000,8.16,8.16,8.12,8.13,11853682
1643799600,8.13,8.14,8.08,8.1,13807537
1643803200,8.1,8.15,8.09,8.14,17561197
1643806800,8.15,8.16,8.11,8.13,26456085
1643810400,8.13,8.16,8.1,8.14,33624371
1643814000,8.14,8.14,8.12,8.12,3496443
1643868000,8.04,8.04,8.04,8.04,2401814
1643871600,8.04,8.12,8,8.02,25586204
1643875200,8.02,8.02,7.9,7.98,24343820
1643878800,7.98,8,7.95,7.96,8442787
1643882400,7.96,8,7.93,7.93,7064506
1643886000,7.94,7.98,7.92,7.98,8441872
1643889600,7.98,8.01,7.96,7.99,5367068
1643893200,7.99,8.03,7.9,7.94,11955656
1643896800,7.93,7.94,7.77,7.81,27364449
1643900400,7.77,7.77,7.77,7.77,2229198
1643954400,7.84,7.84,7.84,7.84,1320575
1643958000,7.84,7.86,7.77,7.82,11432602
1643961600,7.81,7.84,7.75,7.78,6365477
1643965200,7.79,7.86,7.79,7.84,6558253
1643968800,7.84,7.88,7.81,7.87,7305670
1643972400,7.87,7.9,7.83,7.86,11826911
1643976000,7.86,7.91,7.83,7.9,8791341
1643979600,7.9,7.92,7.83,7.87,9451130
1643983200,7.87,7.88,7.78,7.8,13593344
1643986800,7.8,7.81,7.8,7.81,1773742
1644213600,7.79,7.79,7.79,7.79,504856
1644217200,7.79,7.81,7.68,7.71,17030251
1644220800,7.71,7.73,7.54,7.6,27629794
1644224400,7.61,7.62,7.59,7.61,10424700
1644228000,7.61,7.62,7.57,7.58,15136862
1644231600,7.58,7.64,7.57,7.61,20759710
1644235200,7.62,7.68,7.6,7.65,11871146
1644238800,7.66,7.74,7.66,7.73,14686361
1644242400,7.73,7.87,7.72,7.85,27730102
1644246000,7.85,7.85,7.84,7.84,5034946
1644300000,7.86,7.86,7.86,7.86,603207
1644303600,7.85,8.03,7.8,8,34568467
1644307200,8,8.03,7.97,8,9713917
1644310800,8,8.02,7.93,7.94,9055979
1644314400,7.93,7.94,7.89,7.92,12235135
1644318000,7.93,7.93,7.84,7.89,12158058
1644321600,7.89,7.9,7.84,7.88,14447557
1644325200,7.88,7.96,7.86,7.96,25694990
1644328800,7.96,7.97,7.88,7.92,11821639
1644332400,7.92,7.92,7.92,7.92,4904587
1644386400,7.97,7.97,7.97,7.97,1391168
1644390000,7.98,8.02,7.95,7.96,15851272
1644393600,7.96,8.02,7.95,8.01,14873398
1644397200,8.01,8.03,7.97,7.99,9557057
1644400800,7.99,8.08,7.97,8.07,20191971
1644404400,8.07,8.09,8.05,8.06,13506390
1644408000,8.06,8.07,8.02,8.05,9597138
1644411600,8.05,8.12,8.05,8.1,14577903
1644415200,8.1,8.13,8.09,8.11,13277766
1644418800,8.13,8.13,8.13,8.13,2890218
1644472800,8.14,8.14,8.14,8.14,527189
1644476400,8.14,8.18,8.1,8.13,18049141
1644480000,8.12,8.14,8.08,8.1,9540849
1644483600,8.09,8.13,8.09,8.11,6445756
1644487200,8.11,8.13,8.09,8.12,5065477
1644490800,8.12,8.13,8.09,8.12,5617202
1644494400,8.11,8.17,8.11,8.17,8607738
1644498000,8.17,8.18,8,8.07,32999518
1644501600,8.06,8.07,8.02,8.06,15868069
1644505200,8.06,8.06,8.04,8.04,3252457
1644559200,7.99,7.99,7.99,7.99,251378
1644562800,7.98,8.02,7.97,8.02,6610583
1644566400,8.01,8.05,7.98,8,6965880
1644570000,7.99,8,7.87,7.88,16850664
1644573600,7.88,7.89,7.84,7.88,16548122
1644577200,7.88,7.91,7.85,7.9,8560435
1644580800,7.9,7.95,7.89,7.93,8251469
1644584400,7.94,8.04,7.93,8.03,17693014
1644588000,8.04,8.12,8.03,8.08,29238504
1644591600,8.12,8.12,8.12,8.12,1752323
1644818400,7.98,7.98,7.98,7.98,377330
1644822000,7.97,8,7.89,7.95,18573624
1644825600,7.95,7.96,7.78,7.82,16528854
1644829200,7.82,7.89,7.79,7.86,12739193
1644832800,7.86,7.92,7.84,7.9,5416448
1644836400,7.9,7.94,7.88,7.92,8481196
1644840000,7.93,8,7.86,7.99,14647363
1644843600,7.99,8.05,7.96,7.99,19120045
1644847200,8,8.03,7.93,7.96,13854686
1644850800,7.98,7.98,7.98,7.98,1194628
1644904800,8,8,8,8,114098
1644908400,7.99,8.02,7.93,7.97,13454325
1644912000,7.97,8.1,7.95,8.07,23935620
1644915600,8.08,8.1,8.05,8.07,7949724
1644919200,8.07,8.09,8.05,8.07,5814592
1644922800,8.08,8.14,8.08,8.09,16171418
1644926400,8.09,8.1,8.04,8.08,6587148
1644930000,8.07,8.08,8.02,8.02,5393843
1644933600,8.02,8.08,8.01,8.07,10700810
1644937200,8.08,8.08,8.08,8.08,1780853
1644991200,8.09,8.09,8.09,8.09,226388
1644994800,8.1,8.13,8.06,8.08,6034875
1644998400,8.09,8.12,8.05,8.06,6478648
1645002000,8.07,8.08,8.01,8.04,5575731
1645005600,8.04,8.06,8.02,8.05,2879122
1645009200,8.05,8.07,8.04,8.05,1773330
1645012800,8.05,8.08,8.02,8.03,3437847
1645016400,8.03,8.05,8.01,8.03,4708435
1645020000,8.02,8.02,7.94,7.95,16313351
1645023600,7.94,7.94,7.94,7.94,2458576
1645077600,7.98,7.98,7.98,7.98,221888
1645081200,7.98,8.06,7.98,8.01,11051277
1645084800,8.01,8.04,7.87,7.93,26092789
1645088400,7.93,7.97,7.92,7.95,4626513
1645092000,7.96,7.98,7.94,7.97,6826046
1645095600,7.97,7.98,7.93,7.95,6341523
1645099200,7.96,8.01,7.96,7.99,12252376
1645102800,7.98,7.99,7.91,7.92,9918061
1645106400,7.91,7.96,7.84,7.86,14043957
1645110000,7.84,7.84,7.84,7.84,1599885
1645164000,7.91,7.91,7.91,7.91,180444
1645167600,7.92,7.93,7.86,7.91,9033795
1645171200,7.9,7.94,7.89,7.89,10059992
1645174800,7.89,7.92,7.88,7.92,5587224
1645178400,7.92,7.93,7.89,7.91,2960917
1645182000,7.9,7.91,7.87,7.89,4355756
1645185600,7.89,7.94,7.88,7.91,6601692
1645189200,7.92,7.94,7.85,7.89,10078147
1645192800,7.89,7.94,7.86,7.94,8945626
1645196400,7.95,7.95,7.95,7.95,2380323
1645423200,8.04,8.04,8.04,8.04,348767
1645426800,8.04,8.09,8.01,8.04,19839485
1645430400,8.03,8.06,8.01,8.04,10322857
1645434000,8.04,8.04,7.99,8,8086988
1645437600,8,8.01,7.94,7.96,6649495
1645441200,7.97,7.98,7.87,7.91,9809210
1645444800,7.91,7.93,7.88,7.9,6873483
1645448400,7.9,7.9,7.85,7.88,5604608
1645452000,7.88,7.96,7.88,7.92,18206355
1645455600,7.92,7.92,7.92,7.92,1099797
1645509600,7.77,7.77,7.77,7.77,430635
1645513200,7.77,7.82,7.72,7.79,25407869
1645516800,7.78,7.87,7.78,7.86,14578934
1645520400,7.86,7.88,7.83,7.84,5406940
1645524000,7.83,7.92,7.82,7.92,8948734
1645527600,7.92,7.93,7.85,7.86,6441859
1645531200,7.85,7.86,7.81,7.81,13368214
1645534800,7.82,7.87,7.81,7.84,8094393
1645538400,7.84,7.87,7.8,7.85,12266099
1645542000,7.89,7.89,7.89,7.89,2720549
1645596000,7.92,7.92,7.92,7.92,340184
1645599600,7.92,7.93,7.88,7.9,5323680
1645603200,7.89,7.9,7.84,7.84,8694609
1645606800,7.85,7.87,7.84,7.86,4375521
1645610400,7.86,7.87,7.82,7.84,4062030
1645614000,7.85,7.86,7.8,7.82,5221408
1645617600,7.81,7.83,7.79,7.79,3865778
1645621200,7.79,7.8,7.76,7.79,5919825
1645624800,7.78,7.81,7.76,7.76,6012650
1645628400,7.76,7.76,7.76,7.76,3224804
1645682400,7.17,7.17,7.17,7.17,808741
1645686000,7.05,7.36,7,7.22,20536602
1645689600,7.23,7.26,7.07,7.12,24709901
1645693200,7.12,7.26,7.08,7.09,13408972
1645696800,7.08,7.09,6.99,6.99,14993384
1645700400,6.99,7.01,6.99,6.99,5650690
1645704000,6.99,6.99,6.99,6.99,656641
1645707600,6.99,7,6.99,6.99,4782462
1645711200,6.99,7,6.99,6.99,5520376
1645714800,6.99,6.99,6.99,6.99,985836
1645768800,7.18,7.18,7.18,7.18,1793853
1645772400,7.15,7.17,6.97,7.01,21342443
1645776000,7,7.02,6.95,6.99,16148154
1645779600,7,7.11,6.98,7.08,15813912
1645783200,7.08,7.1,7.05,7.08,18407859
1645786800,7.09,7.16,7.06,7.13,19947803
1645790400,7.13,7.23,7.09,7.22,27021566
1645794000,7.23,7.25,7.19,7.21,20182188
1645797600,7.21,7.24,7.18,7.19,12803161
1645801200,7.17,7.17,7.17,7.17,2312629
1646028000,6.99,6.99,6.99,6.99,883802
1646031600,6.98,7.04,6.92,7.02,34884219
1646035200,7.02,7.04,6.95,6.97,16676773
1646038800,6.98,7.04,6.94,7,16780438
1646042400,7,7.02,6.96,6.98,7610544
1646046000,6.98,7.01,6.94,6.96,9563572
1646049600,6.96,6.98,6.95,6.96,17584602
1646053200,6.95,6.96,6.87,6.87,21344948
1646056800,6.87,7.01,6.87,6.99,32690883
1646060400,7.03,7.03,7.03,7.03,6333487
1646114400,7.09,7.09,7.09,7.09,327358
1646118000,7.1,7.12,7.06,7.1,28216789
1646121600,7.11,7.33,7.09,7.32,56847586
1646125200,7.33,7.34,7.22,7.25,20911216
1646128800,7.26,7.27,7.11,7.13,23224520
1646132400,7.12,7.2,7.08,7.1,12301110
1646136000,7.1,7.11,7,7.07,23213368
1646139600,7.06,7.13,7.05,7.1,19514802
1646143200,7.1,7.13,7.03,7.05,24995982
1646146800,7.04,7.04,7.04,7.04,2789222
1646200800,7.04,7.04,7.04,7.04,705992
1646204400,7.04,7.08,7.02,7.06,16552972
1646208000,7.07,7.11,7.04,7.07,15742643
1646211600,7.08,7.15,7.06,7.12,14534447
1646215200,7.13,7.15,7.08,7.09,15809028
1646218800,7.09,7.1,7.05,7.08,11284088
1646222400,7.08,7.11,7.07,7.09,12385271
1646226000,7.09,7.09,7.04,7.07,7455919
1646229600,7.06,7.07,7.02,7.07,7777250
1646233200,7.07,7.07,7.07,7.07,1911513
1646287200,7.14,7.14,7.14,7.14,388805
1646290800,7.15,7.17,7.13,7.14,19517248
1646294400,7.14,7.16,7.1,7.15,11701738
1646298000,7.15,7.15,7.12,7.13,6228198
1646301600,7.13,7.13,7.09,7.11,4316363
1646305200,7.11,7.12,7.08,7.1,3168036
1646308800,7.1,7.13,7.09,7.12,4746618
1646312400,7.12,7.16,7.11,7.15,8843119
1646316000,7.15,7.2,7.11,7.13,20124141
1646319600,7.14,7.14,7.14,7.14,878129
1646373600,7.1,7.1,7.1,7.1,212832
1646377200,7.09,7.12,7.08,7.1,12174295
1646380800,7.1,7.11,7.05,7.07,9274791
1646384400,7.07,7.07,7.03,7.07,4151661
1646388000,7.06,7.07,7.05,7.06,3203501
1646391600,7.06,7.08,7.03,7.07,6099284
1646395200,7.06,7.08,7.03,7.05,5839208
1646398800,7.05,7.07,7.03,7.04,6816605
1646402400,7.04,7.1,7.03,7.04,25620381
1646406000,7.02,7.02,7.02,7.02,2390050
1646632800,6.97,6.97,6.97,6.97,228126
1646636400,6.98,7.03,6.96,6.98,13540009
1646640000,6.98,7,6.91,6.93,12453878
1646643600,6.93,6.96,6.89,6.91,6545700
1646647200,6.91,6.92,6.89,6.9,3384835
1646650800,6.9,6.91,6.87,6.9,6486997
1646654400,6.9,6.96,6.89,6.95,11336534
1646658000,6.95,7,6.93,6.97,12196232
1646661600,6.98,7,6.93,6.96,11115151
1646665200,6.93,6.93,6.93,6.93,2634250
1646719200,6.89,6.89,6.89,6.89,349230
1646722800,6.88,6.92,6.86,6.88,20430029
1646726400,6.87,6.93,6.87,6.91,16211332
1646730000,6.91,6.96,6.91,6.94,14617169
1646733600,6.94,6.95,6.91,6.95,6254128
1646737200,6.94,6.97,6.93,6.95,7271810
1646740800,6.96,6.99,6.94,6.95,6078711
1646744400,6.96,6.96,6.9,6.93,8190933
1646748000,6.94,6.96,6.91,6.93,8970035
1646751600,6.9,6.9,6.9,6.9,2088663
1646805600,6.96,6.96,6.96,6.96,231113
1646809200,6.96,6.98,6.95,6.98,10690820
1646812800,6.98,7.02,6.96,6.99,9919003
1646816400,7,7.05,6.99,7.04,8053551
1646820000,7.04,7.07,7.02,7.03,7372208
1646823600,7.02,7.04,6.98,6.99,7064558
1646827200,7,7.03,6.99,7.02,4541138
1646830800,7.02,7.13,7.02,7.08,18327534
1646834400,7.08,7.14,7.07,7.11,16276683
1646838000,7.11,7.11,7.1,7.1,4889277
1646892000,7.21,7.21,7.21,7.21,2865188
1646895600,7.21,7.24,7.18,7.2,28934754
1646899200,7.2,7.21,7.11,7.16,20934486
1646902800,7.16,7.19,7.12,7.13,14350893
1646906400,7.13,7.14,7.08,7.1,12881222
1646910000,7.1,7.1,7.02,7.05,11626163
1646913600,7.05,7.06,7.02,7.06,6268880
1646917200,7.05,7.08,7.03,7.07,8177257
1646920800,7.07,7.08,7,7,18727319
1646924400,7,7,7,7,3855763
1646978400,7.11,7.11,7.11,7.11,2043190
1646982000,7.11,7.14,7.06,7.07,18317059
1646985600,7.07,7.08,7.06,7.07,5687655
1646989200,7.08,7.08,7.04,7.06,4243070
1646992800,7.05,7.08,7.04,7.06,4551447
1646996400,7.06,7.17,7.04,7.13,30789593
1647000000,7.12,7.15,7.1,7.12,9027259
1647003600,7.11,7.15,7.11,7.14,7298848
1647007200,7.14,7.15,7.06,7.08,14655966
1647010800,7.09,7.09,7.09,7.09,2341392
1647237600,7.1,7.1,7.1,7.1,257878
1647241200,7.1,7.12,7.08,7.1,17302834
1647244800,7.1,7.13,7.1,7.13,10172238
1647248400,7.12,7.15,7.12,7.14,15045819
1647252000,7.13,7.16,7.12,7.14,8781707
1647255600,7.14,7.19,7.14,7.15,18737817
1647259200,7.15,7.17,7.13,7.15,10160188
1647262800,7.15,7.16,7.13,7.14,7711654
1647266400,7.14,7.18,7.13,7.17,16661254
1647270000,7.16,7.16,7.16,7.16,3089207
1647324000,7.14,7.14,7.14,7.14,483869
1647327600,7.14,7.21,7.12,7.14,28535101
1647331200,7.13,7.15,7.1,7.11,10977841
1647334800,7.11,7.15,7.1,7.12,8250589
1647338400,7.13,7.15,7.12,7.14,6426081
1647342000,7.14,7.21,7.13,7.18,38243490
1647345600,7.17,7.2,7.17,7.2,24371834
1647349200,7.19,7.2,7.17,7.2,18264613
1647352800,7.2,7.2,7.16,7.17,21087019
1647356400,7.16,7.17,7.16,7.17,2553264
1647410400,7.21,7.21,7.21,7.21,872147
1647414000,7.21,7.22,7.18,7.2,17509009
1647417600,7.21,7.21,7.16,7.17,8554483
1647421200,7.18,7.27,7.17,7.26,34662354
1647424800,7.26,7.28,7.24,7.26,14396944
1647428400,7.26,7.29,7.26,7.27,11143006
1647432000,7.27,7.29,7.24,7.25,9266582
1647435600,7.25,7.26,7.2,7.26,14688292
1647439200,7.25,7.28,7.22,7.24,20077137
1647442800,7.24,7.24,7.24,7.24,3274876
1647496800,7.29,7.29,7.29,7.29,1349529
1647500400,7.29,7.34,7.28,7.34,21125624
1647504000,7.33,7.34,7.29,7.29,9163047
1647507600,7.29,7.34,7.29,7.33,6403734
1647511200,7.33,7.35,7.3,7.33,11098611
1647514800,7.32,7.36,7.29,7.31,21816258
1647518400,7.32,7.38,7.29,7.36,18884732
1647522000,7.36,7.41,7.36,7.4,19001327
1647525600,7.39,7.46,7.38,7.41,23304213
1647529200,7.4,7.4,7.4,7.4,2000538
1647583200,7.41,7.41,7.41,7.41,206615
1647586800,7.42,7.44,7.35,7.37,15210998
1647590400,7.38,7.4,7.34,7.35,5829168
1647594000,7.35,7.37,7.33,7.36,3467672
1647597600,7.36,7.39,7.36,7.37,2914754
1647601200,7.38,7.38,7.35,7.37,3571355
1647604800,7.37,7.38,7.35,7.36,4523887
1647608400,7.37,7.37,7.33,7.34,8041300
1647612000,7.34,7.35,7.31,7.33,10700640
1647615600,7.4,7.4,7.4,7.4,13242620
1647842400,7.44,7.44,7.44,7.44,732222
1647846000,7.43,7.46,7.41,7.45,10279998
1647849600,7.46,7.51,7.44,7.47,14019364
1647853200,7.47,7.49,7.46,7.48,3617622
1647856800,7.48,7.51,7.47,7.47,4016468
1647860400,7.48,7.49,7.45,7.48,4443843
1647864000,7.47,7.49,7.46,7.48,2991843
1647867600,7.48,7.56,7.48,7.52,13412999
1647871200,7.52,7.54,7.49,7.5,8393344
1647874800,7.51,7.51,7.51,7.51,1681460
1647928800,7.51,7.51,7.51,7.51,340874
1647932400,7.51,7.55,7.49,7.54,12714638
1647936000,7.54,7.56,7.51,7.53,9174136
1647939600,7.53,7.56,7.52,7.55,6374541
1647943200,7.56,7.57,7.53,7.54,5371991
1647946800,7.54,7.58,7.54,7.56,9402322
1647950400,7.55,7.57,7.54,7.57,4600087
1647954000,7.56,7.61,7.56,7.6,17673309
1647957600,7.6,7.62,7.57,7.6,32282460
1647961200,7.6,7.6,7.6,7.6,4232649
1648015200,7.63,7.63,7.63,7.63,634914
1648018800,7.63,7.66,7.59,7.61,28717909
1648022400,7.61,7.63,7.57,7.61,13969830
1648026000,7.6,7.61,7.59,7.6,7464246
1648029600,7.61,7.63,7.6,7.61,10052475
1648033200,7.61,7.62,7.6,7.61,9957766
1648036800,7.61,7.62,7.53,7.57,13958294
1648040400,7.57,7.58,7.53,7.57,10863259
1648044000,7.58,7.61,7.58,7.59,15289680
1648047600,7.58,7.58,7.58,7.58,2755004
1648101600,7.6,7.6,7.6,7.6,396640
1648105200,7.6,7.63,7.59,7.61,16114468
1648108800,7.61,7.61,7.59,7.6,8099405
1648112400,7.6,7.6,7.56,7.58,7643807
1648116000,7.58,7.58,7.42,7.46,30883776
1648119600,7.45,7.47,7.43,7.45,12783177
1648123200,7.45,7.46,7.43,7.44,8573640
1648126800,7.45,7.46,7.43,7.44,6294728
1648130400,7.44,7.45,7.41,7.43,12441114
1648134000,7.42,7.42,7.42,7.42,3280693
1648188000,7.43,7.43,7.43,7.43,287527
1648191600,7.43,7.47,7.42,7.46,14415191
1648195200,7.46,7.47,7.42,7.44,10037723
1648198800,7.44,7.45,7.43,7.44,2662739
1648202400,7.45,7.45,7.43,7.45,1460861
1648206000,7.44,7.46,7.43,7.44,10064580
1648209600,7.44,7.45,7.42,7.43,7353860
1648213200,7.43,7.43,7.39,7.4,12099304
1648216800,7.4,7.4,7.27,7.28,34635324
1648220400,7.29,7.29,7.27,7.27,5112933
1648447200,7.28,7.28,7.28,7.28,581262
1648450800,7.29,7.3,7.22,7.3,17940694
1648454400,7.3,7.32,7.28,7.3,11258888
1648458000,7.31,7.31,7.29,7.3,4501708
1648461600,7.29,7.31,7.28,7.3,4700790
1648465200,7.3,7.31,7.26,7.28,10052009
1648468800,7.27,7.28,7.26,7.27,2416174
1648472400,7.27,7.28,7.23,7.25,9118960
1648476000,7.24,7.25,7.23,7.23,6668667
1648479600,7.22,7.22,7.22,7.22,2758022
1648533600,7.26,7.26,7.26,7.26,723880
1648537200,7.26,7.27,7.24,7.25,15466093
1648540800,7.25,7.27,7.24,7.27,5319013
1648544400,7.27,7.29,7.24,7.25,16310858
1648548000,7.26,7.28,7.25,7.27,6777748
1648551600,7.27,7.31,7.26,7.3,15715115
1648555200,7.29,7.36,7.29,7.33,30921214
1648558800,7.34,7.35,7.3,7.32,15638258
1648562400,7.32,7.35,7.3,7.33,19845813
1648566000,7.34,7.34,7.34,7.34,1985842
1648620000,7.17,7.17,7.17,7.17,1862238
1648623600,7.16,7.25,7.16,7.25,33943108
1648627200,7.24,7.26,7.23,7.25,15925376
1648630800,7.25,7.26,7.22,7.24,9677243
1648634400,7.23,7.26,7.23,7.25,5751078
1648638000,7.26,7.26,7.2,7.2,12518086
1648641600,7.2,7.23,7.18,7.22,10956229
1648645200,7.23,7.3,7.2,7.29,38274097
1648648800,7.29,7.32,7.26,7.3,27836410
1648652400,7.3,7.31,7.3,7.31,5110964
1648706400,7.33,7.33,7.33,7.33,792611
1648710000,7.33,7.36,7.28,7.29,37031124
1648713600,7.29,7.3,7.26,7.27,8367967
1648717200,7.28,7.28,7.25,7.28,9473288
1648720800,7.28,7.28,7.23,7.24,11010585
1648724400,7.24,7.25,7.23,7.25,6761618
1648728000,7.25,7.3,7.24,7.3,10721711
1648731600,7.3,7.31,7.26,7.28,18121553
1648735200,7.28,7.29,7.2,7.24,29445063
1648738800,7.26,7.26,7.26,7.26,4110515
1648792800,7.33,7.33,7.33,7.33,1474079
1648796400,7.33,7.34,7.23,7.27,52838970
1648800000,7.27,7.3,7.26,7.28,24051040
1648803600,7.28,7.32,7.27,7.3,18260633
1648807200,7.3,7.32,7.29,7.31,23757092
1648810800,7.31,7.38,7.3,7.34,66317045
1648814400,7.33,7.35,7.31,7.33,37950495
1648818000,7.33,7.34,7.31,7.32,34189072
1648821600,7.32,7.34,7.31,7.32,28992245
1648825200,7.32,7.32,7.31,7.31,9940345
1649052000,7.35,7.35,7.35,7.35,2428221
1649055600,7.35,7.36,7.32,7.34,40198480
1649059200,7.34,7.42,7.32,7.41,64112413
1649062800,7.42,7.46,7.41,7.45,35679314
1649066400,7.45,7.48,7.41,7.48,41572601
1649070000,7.48,7.52,7.44,7.52,31948372
1649073600,7.52,7.58,7.48,7.57,49643413
1649077200,7.58,7.64,7.56,7.6,43825928
1649080800,7.6,7.74,7.57,7.72,47004981
1649084400,7.72,7.72,7.72,7.72,3698412
1649138400,7.77,7.77,7.77,7.77,2447755
1649142000,7.75,7.89,7.73,7.75,93760967
1649145600,7.74,7.8,7.73,7.79,30069746
1649149200,7.79,7.83,7.75,7.77,19811624
1649152800,7.77,7.82,7.74,7.77,18563619
1649156400,7.77,7.77,7.75,7.77,8287167
1649160000,7.76,7.81,7.76,7.77,17572174
1649163600,7.77,7.79,7.74,7.75,16824989
1649167200,7.75,7.75,7.64,7.69,48780325
1649170800,7.69,7.69,7.68,7.68,3249402
1649224800,7.7,7.7,7.7,7.7,1032740
1649228400,7.7,7.75,7.67,7.73,42510604
1649232000,7.73,7.74,7.66,7.72,23374882
1649235600,7.71,7.73,7.69,7.73,8934479
1649239200,7.73,7.79,7.71,7.73,23906439
1649242800,7.72,7.73,7.64,7.66,17668579
1649246400,7.65,7.69,7.62,7.68,15638486
1649250000,7.67,7.71,7.62,7.67,16483170
1649253600,7.66,7.71,7.64,7.71,20435110
1649257200,7.69,7.69,7.69,7.69,3440172
1649311200,7.75,7.75,7.75,7.75,993954
1649314800,7.75,7.91,7.75,7.91,53926723
1649318400,7.91,7.94,7.86,7.92,24137155
1649322000,7.92,7.95,7.89,7.91,13762582
1649325600,7.9,7.93,7.88,7.89,11842531
1649329200,7.89,7.92,7.88,7.92,13943073
1649332800,7.91,8.02,7.9,7.99,36474294
1649336400,7.99,8.01,7.97,7.99,23651270
1649340000,7.99,8.03,7.95,8.02,33481863
1649343600,8.04,8.04,8.04,8.04,3955095
1649397600,8.12,8.12,8.12,8.12,2146447
1649401200,8.13,8.32,8.13,8.32,71134965
1649404800,8.32,8.41,8.31,8.35,37880780
1649408400,8.35,8.36,8.29,8.32,14804407
1649412000,8.33,8.35,8.29,8.29,12006963
1649415600,8.3,8.37,8.24,8.31,22933504
1649419200,8.32,8.33,8.29,8.3,9134093
1649422800,8.3,8.37,8.23,8.35,23562447
1649426400,8.35,8.5,8.33,8.5,59282820
1649430000,8.5,8.5,8.5,8.5,4729991
1649656800,8.64,8.64,8.64,8.64,2029024
1649660400,8.65,8.88,8.62,8.74,77304081
1649664000,8.75,8.76,8.65,8.71,24634999
1649667600,8.71,8.78,8.69,8.75,22101299
1649671200,8.76,8.79,8.72,8.77,13718672
1649674800,8.77,8.87,8.73,8.87,33291065
1649678400,8.86,8.87,8.7,8.85,42699806
1649682000,8.85,9.08,8.81,9.06,47666930
1649685600,9.07,9.13,8.96,9.13,52243940
1649689200,9.15,9.15,9.15,9.15,4549535
1649743200,9.12,9.12,9.12,9.12,1281446
1649746800,9.11,9.11,8.89,8.92,69136477
1649750400,8.92,8.93,8.87,8.9,25345730
1649754000,8.9,8.91,8.86,8.87,22727063
1649757600,8.88,8.98,8.87,8.92,29358769
1649761200,8.91,8.95,8.85,8.93,27199349
1649764800,8.93,9.04,8.89,9.01,30271614
1649768400,9.02,9.19,9.01,9.18,76019773
1649772000,9.18,9.25,9.03,9.13,75721845
1649775600,9.13,9.13,9.11,9.11,7970873
1649829600,9.25,9.25,9.25,9.25,3298273
1649833200,9.25,9.27,9.12,9.2,47162799
1649836800,9.21,9.27,9.19,9.23,23790813
1649840400,9.23,9.23,9.13,9.16,20250397
1649844000,9.17,9.2,9.12,9.17,17705346
1649847600,9.16,9.17,9.07,9.13,18329020
1649851200,9.13,9.13,8.94,9,35484608
1649854800,9.01,9.09,8.93,9.07,35118138
1649858400,9.07,9.15,8.98,9.02,33455515
1649862000,8.99,8.99,8.99,8.99,4248845
1649916000,9.09,9.09,9.09,9.09,2581631
1649919600,9.08,9.13,9.03,9.08,31119637
1649923200,9.09,9.16,9.08,9.14,20218388
1649926800,9.13,9.16,9.05,9.14,23417371
1649930400,9.14,9.16,9.11,9.15,13948446
1649934000,9.15,9.19,9.08,9.14,25227933
1649937600,9.14,9.18,9.09,9.14,27347812
1649941200,9.13,9.25,9.12,9.17,39963476
1649944800,9.17,9.27,9.13,9.24,46158765
1649948400,9.24,9.24,9.24,9.24,5057690
1650002400,9.25,9.25,9.25,9.25,1593808
1650006000,9.25,9.28,9.19,9.25,24474677
1650009600,9.24,9.25,9.19,9.21,7461422
1650013200,9.2,9.22,9.2,9.21,3676702
1650016800,9.21,9.24,9.19,9.23,8337215
1650020400,9.23,9.26,9.18,9.23,13069545
1650024000,9.23,9.35,9.23,9.33,24561558
1650027600,9.34,9.43,9.32,9.39,24318847
1650031200,9.4,9.45,9.38,9.41,15842789
1650034800,9.4,9.4,9.4,9.4,2208904
1650261600,9.4,9.4,9.4,9.4,2226851
1650265200,9.39,9.47,9.33,9.37,39534380
1650268800,9.37,9.52,9.34,9.47,34084619
1650272400,9.46,9.49,9.44,9.47,5424858
1650276000,9.46,9.49,9.4,9.47,13620164
1650279600,9.47,9.55,9.47,9.51,16780980
1650283200,9.51,9.56,9.46,9.54,20404522
1650286800,9.54,9.55,9.48,9.5,21799141
1650290400,9.5,9.61,9.48,9.55,37560713
1650294000,9.54,9.54,9.54,9.54,2644409
1650348000,9.59,9.59,9.59,9.59,1365334
1650351600,9.59,9.64,9.56,9.59,37069831
1650355200,9.6,9.65,9.57,9.58,24275324
1650358800,9.58,9.65,9.58,9.62,10170755
1650362400,9.61,9.63,9.6,9.61,5301676
1650366000,9.6,9.64,9.6,9.61,8645884
1650369600,9.61,9.61,9.39,9.41,51899174
1650373200,9.41,9.42,9.28,9.4,44798851
1650376800,9.4,9.43,9.35,9.37,25342998
1650380400,9.38,9.38,9.38,9.38,7260686
1650434400,9.42,9.42,9.42,9.42,1223633
1650438000,9.42,9.43,9.32,9.37,31174853
1650441600,9.37,9.45,9.33,9.42,20963559
1650445200,9.42,9.44,9.38,9.41,7886595
1650448800,9.41,9.44,9.4,9.42,8231993
1650452400,9.43,9.51,9.38,9.49,16101637
1650456000,9.49,9.51,9.45,9.49,21675877
1650459600,9.48,9.51,9.46,9.48,10720155
1650463200,9.49,9.52,9.44,9.49,17563797
1650466800,9.47,9.47,9.47,9.47,3421775
1650520800,9.49,9.49,9.49,9.49,634818
1650524400,9.48,9.58,9.48,9.55,27640719
1650528000,9.55,9.57,9.51,9.56,14021400
1650531600,9.55,9.59,9.54,9.56,17477273
1650535200,9.56,9.57,9.53,9.57,8256682
1650538800,9.57,9.58,9.55,9.57,9624549
1650542400,9.56,9.58,9.51,9.53,17677051
1650546000,9.53,9.57,9.5,9.54,21739191
1650549600,9.54,9.58,9.53,9.54,17084479
1650553200,9.53,9.53,9.53,9.53,5565182
1650607200,9.5,9.5,9.5,9.5,672638
1650610800,9.49,9.56,9.46,9.51,28084165
1650614400,9.5,9.54,9.49,9.52,13442801
1650618000,9.51,9.52,9.49,9.5,5001219
1650621600,9.51,9.53,9.44,9.44,16075765
1650625200,9.44,9.49,9.43,9.46,8200257
1650628800,9.46,9.47,9.37,9.4,15820463
1650632400,9.41,9.43,9.36,9.39,17901176
1650636000,9.38,9.41,9.11,9.14,57404026
1650639600,9.14,9.14,9.14,9.14,3281034
1650866400,9.27,9.27,9.27,9.27,2516054
1650870000,9.27,9.34,9.16,9.28,70275502
1650873600,9.28,9.34,9.24,9.27,29613963
1650877200,9.27,9.29,9.22,9.28,9364838
1650880800,9.28,9.29,9.26,9.26,4989320
1650884400,9.27,9.35,9.26,9.33,18818757
1650888000,9.33,9.37,9.29,9.37,23949964
1650891600,9.37,9.39,9.33,9.37,20665028
1650895200,9.37,9.45,9.35,9.35,38532960
1650898800,9.36,9.36,9.36,9.36,8152253
1650952800,9.4,9.4,9.4,9.4,2243905
1650956400,9.4,9.42,9.31,9.33,39952565
1650960000,9.32,9.37,9.29,9.3,21612585
1650963600,9.3,9.31,9.26,9.3,9156705
1650967200,9.3,9.31,9.23,9.25,12528499
1650970800,9.25,9.25,9.15,9.19,21247009
1650974400,9.19,9.22,9.16,9.18,17545270
1650978000,9.17,9.19,9.06,9.09,18530027
1650981600,9.09,9.11,8.98,9.03,34382056
1650985200,9.03,9.03,9.03,9.03,4023352
1651039200,9.07,9.07,9.07,9.07,1081189
1651042800,9.08,9.17,9.02,9.16,30586088
1651046400,9.15,9.18,9.06,9.08,16826926
1651050000,9.08,9.08,8.95,9.01,22249047
1651053600,9,9.07,9,9.06,12880775
1651057200,9.05,9.07,9.02,9.05,16103822
1651060800,9.06,9.12,9.05,9.07,16280532
1651064400,9.07,9.17,9.05,9.16,29369171
1651068000,9.16,9.17,9.09,9.14,20712717
1651071600,9.15,9.15,9.15,9.15,2540590
1651125600,9.23,9.23,9.23,9.23,2042866
1651129200,9.22,9.29,9.18,9.2,47360637
1651132800,9.2,9.21,9.18,9.21,11456067
1651136400,9.2,9.26,9.2,9.22,21769480
1651140000,9.21,9.21,9.14,9.15,14674237
1651143600,9.16,9.16,9,9.04,27712922
1651147200,9.04,9.08,9.03,9.05,11453596
1651150800,9.04,9.09,8.99,9.03,20550244
1651154400,9.02,9.05,8.96,8.98,28503208
1651158000,8.97,8.97,8.97,8.97,4116083
1651212000,9.01,9.01,9.01,9.01,1075188
1651215600,9.02,9.09,8.93,8.97,33858409
1651219200,8.96,9,8.95,8.98,6680248
1651222800,8.98,8.99,8.91,8.93,12648012
1651226400,8.94,8.94,8.89,8.91,6926949
1651230000,8.9,8.94,8.82,8.86,26220689
1651233600,8.86,8.9,8.84,8.85,22393126
1651237200,8.86,8.9,8.8,8.86,18555518
1651240800,8.86,8.94,8.86,8.93,37885354
1651244400,8.92,8.92,8.92,8.92,4423638
1651730400,9.04,9.04,9.04,9.04,1879537
1651734000,9.05,9.08,9.01,9.02,31356249
1651737600,9.02,9.03,8.99,9.01,18719332
1651741200,9.01,9.02,9,9.01,6839122
1651744800,9.01,9.02,8.99,9.01,13019837
1651748400,9.01,9.03,8.99,9.01,13464881
1651752000,9.02,9.02,8.98,9,21282300
1651755600,8.99,9.01,8.94,8.94,12866330
1651759200,8.95,8.96,8.8,8.81,46480254
1651762800,8.78,8.78,8.78,8.78,12316475
1651816800,8.7,8.7,8.7,8.7,637291
1651820400,8.7,8.79,8.65,8.77,26364502
1651824000,8.76,8.78,8.73,8.75,19056817
1651827600,8.74,8.75,8.69,8.7,16132791
1651831200,8.7,8.73,8.67,8.69,15676274
1651834800,8.69,8.72,8.68,8.7,13968020
1651838400,8.7,8.81,8.69,8.8,24627028
1651842000,8.81,8.83,8.68,8.71,37034299
1651845600,8.71,8.75,8.7,8.73,24568988
1651849200,8.72,8.72,8.72,8.72,2796804
1652076000,8.71,8.71,8.71,8.71,483050
1652079600,8.71,8.72,8.61,8.63,28149344
1652083200,8.62,8.64,8.56,8.62,24685406
1652086800,8.62,8.63,8.59,8.62,6464359
1652090400,8.62,8.64,8.56,8.57,8827864
1652094000,8.56,8.62,8.55,8.61,10549006
1652097600,8.6,8.69,8.58,8.66,35824584
1652101200,8.67,8.69,8.64,8.68,26144613
1652104800,8.68,8.7,8.64,8.68,24068507
1652108400,8.66,8.66,8.66,8.66,3557422
1652162400,8.7,8.7,8.7,8.7,1663082
1652166000,8.7,8.75,8.65,8.73,45621094
1652169600,8.73,8.75,8.71,8.72,21224250
1652173200,8.73,8.73,8.69,8.7,14052824
1652176800,8.7,8.72,8.68,8.7,11802733
1652180400,8.7,8.7,8.67,8.69,12035665
1652184000,8.68,8.7,8.64,8.67,21617078
1652187600,8.66,8.68,8.66,8.67,11774079
1652191200,8.67,8.68,8.64,8.66,21350704
1652194800,8.66,8.66,8.66,8.66,4729730
1652248800,8.68,8.68,8.68,8.68,487820
1652252400,8.69,8.69,8.59,8.63,26652034
1652256000,8.63,8.63,8.6,8.62,8132245
1652259600,8.61,8.63,8.6,8.61,3415742
1652263200,8.61,8.63,8.59,8.62,8271686
1652266800,8.62,8.62,8.59,8.6,5511089
1652270400,8.6,8.62,8.47,8.49,20662643
1652274000,8.48,8.51,8.37,8.49,32236651
1652277600,8.49,8.53,8.46,8.5,16597138
1652281200,8.5,8.5,8.47,8.47,3798279
1652335200,8.41,8.41,8.41,8.41,452965
1652338800,8.41,8.44,8.31,8.34,26367365
1652342400,8.34,8.36,8.2,8.24,23051194
1652346000,8.23,8.25,8.1,8.14,29761662
1652349600,8.14,8.2,8.13,8.2,11629630
1652353200,8.2,8.22,8.18,8.22,7097282
1652356800,8.21,8.3,8.16,8.17,23556600
1652360400,8.17,8.19,8.11,8.16,22648099
1652364000,8.16,8.26,8.14,8.22,19333087
1652367600,8.27,8.27,8.27,8.27,2950869
1652421600,8.32,8.32,8.32,8.32,277534
1652425200,8.32,8.34,8.26,8.28,12984461
1652428800,8.27,8.33,8.26,8.28,7113296
1652432400,8.29,8.31,8.25,8.3,6643513
1652436000,8.3,8.33,8.29,8.3,7784291
1652439600,8.31,8.33,8.27,8.3,9084979
1652443200,8.3,8.31,8.27,8.3,5746828
1652446800,8.29,8.3,8.21,8.26,22145178
1652450400,8.26,8.3,8.24,8.28,15223396
1652454000,8.25,8.25,8.25,8.25,3385647
1652680800,8.25,8.25,8.25,8.25,475477
1652684400,8.24,8.24,8.06,8.1,28264607
1652688000,8.09,8.12,8.08,8.1,8552568
1652691600,8.1,8.1,8.04,8.06,11375414
1652695200,8.06,8.07,8,8.02,15520886
1652698800,8.01,8.03,7.97,8,12007369
1652702400,7.99,8.03,7.99,8.01,10906114
1652706000,8,8.02,7.99,7.99,5398566
1652709600,8,8.02,7.95,7.96,15189237
1652713200,7.97,7.97,7.97,7.97,2640992
1652767200,8,8,8,8,318101
1652770800,8.01,8.01,7.9,7.92,37623081
1652774400,7.92,7.95,7.9,7.92,19873124
1652778000,7.92,7.94,7.89,7.93,27310552
1652781600,7.92,7.94,7.88,7.89,12189328
1652785200,7.89,7.89,7.78,7.88,33974484
1652788800,7.88,7.88,7.83,7.87,9247687
1652792400,7.86,7.91,7.86,7.89,11144261
1652796000,7.89,7.91,7.83,7.84,14232666
1652799600,7.85,7.85,7.85,7.85,2882956
1652853600,7.84,7.84,7.84,7.84,331512
1652857200,7.83,7.93,7.79,7.92,25836871
1652860800,7.91,8.02,7.91,7.99,28230495
1652864400,8,8.01,7.96,7.98,9547806
1652868000,7.97,8.11,7.96,8.11,33787906
1652871600,8.11,8.12,8.02,8.08,16108752
1652875200,8.08,8.09,7.99,8.02,16858198
1652878800,8.01,8.05,7.98,8.01,15532832
1652882400,8.01,8.2,8,8.11,43916940
1652886000,8.11,8.11,8.11,8.11,2566280
1653026400,8.06,8.06,8.06,8.06,893102
1653030000,8.05,8.25,8.01,8.18,79141961
1653033600,8.17,8.21,8.13,8.14,29187559
1653037200,8.15,8.18,8.1,8.12,12216743
1653040800,8.12,8.15,8.08,8.14,12515062
1653044400,8.14,8.14,8.07,8.09,11937019
1653048000,8.09,8.12,8.07,8.1,10022572
1653051600,8.09,8.15,8.08,8.12,17889877
1653055200,8.12,8.12,8.04,8.06,29739299
1653058800,8.04,8.04,8.04,8.04,3911198
1653285600,8.09,8.09,8.09,8.09,804613
1653289200,8.09,8.16,8.05,8.14,34406506
1653292800,8.14,8.15,8.11,8.12,11000183
1653296400,8.11,8.14,8.11,8.13,6393174
1653300000,8.13,8.14,8.06,8.07,13854369
1653303600,8.07,8.07,7.98,8.04,18315804
1653307200,8.04,8.1,8.01,8.08,14341538
1653310800,8.08,8.1,8.04,8.09,16337667
1653314400,8.09,8.17,8.09,8.12,30926360
1653318000,8.16,8.16,8.16,8.16,5321112
1653372000,8.2,8.2,8.2,8.2,854917
1653375600,8.2,8.21,8.11,8.14,23763768
1653379200,8.14,8.14,8.07,8.12,18245031
1653382800,8.11,8.15,8.11,8.13,8570084
1653386400,8.13,8.16,8.11,8.15,6454388
1653390000,8.15,8.16,8.12,8.15,7497689
1653393600,8.15,8.15,8.1,8.11,7824401
1653397200,8.11,8.13,8.1,8.11,8448358
1653400800,8.11,8.13,8.04,8.1,22114015
1653404400,8.06,8.06,8.06,8.06,2676269
1653458400,8.08,8.08,8.08,8.08,258270
1653462000,8.09,8.11,8.04,8.05,16015636
1653465600,8.06,8.06,8,8.02,11298563
1653469200,8.02,8.03,8,8.01,7163376
1653472800,8.01,8.01,7.96,7.97,8903914
1653476400,7.97,7.99,7.94,7.97,7786161
1653480000,7.97,8.16,7.95,8.14,40601408
1653483600,8.15,8.16,8.09,8.15,25314925
1653487200,8.16,8.22,8.14,8.17,32898199
1653490800,8.17,8.17,8.17,8.17,3060579
1653544800,8.19,8.19,8.19,8.19,368092
1653548400,8.19,8.2,8.12,8.16,20003630
1653552000,8.16,8.17,8.12,8.16,5099467
1653555600,8.15,8.16,8.11,8.16,6539288
1653559200,8.16,8.17,8.13,8.16,4975848
1653562800,8.15,8.18,8.12,8.17,13248076
1653566400,8.16,8.19,8.14,8.18,9376503
1653570000,8.18,8.22,8.16,8.21,22380592
1653573600,8.21,8.25,8.17,8.2,26821762
1653577200,8.19,8.19,8.19,8.19,2718847
1653631200,8.19,8.19,8.19,8.19,535156
1653634800,8.2,8.23,8.17,8.18,18525181
1653638400,8.18,8.22,8.18,8.2,17345778
1653642000,8.2,8.23,8.19,8.21,11972351
1653645600,8.22,8.22,8.18,8.2,7453043
1653649200,8.19,8.2,8.15,8.17,20734592
1653652800,8.18,8.19,8.12,8.14,19586053
1653656400,8.14,8.15,8.06,8.09,32260467
1653660000,8.09,8.12,8.03,8.06,28355634
1653663600,8.06,8.06,8.06,8.06,3232702
1653890400,8.11,8.11,8.11,8.11,642780
1653894000,8.12,8.2,8.11,8.2,25100373
1653897600,8.2,8.22,8.16,8.18,18539366
1653901200,8.18,8.24,8.17,8.23,23640221
1653904800,8.23,8.24,8.21,8.23,7656496
1653908400,8.23,8.26,8.21,8.24,19507251
1653912000,8.24,8.26,8.19,8.22,11267556
1653915600,8.23,8.3,8.22,8.29,24502603
1653919200,8.29,8.31,8.23,8.25,27146864
1653922800,8.25,8.25,8.23,8.23,3821675
1653976800,8.25,8.25,8.25,8.25,527214
1653980400,8.25,8.37,8.23,8.34,43015954
1653984000,8.34,8.38,8.32,8.35,20211386
1653987600,8.36,8.36,8.31,8.31,12887994
1653991200,8.31,8.32,8.26,8.3,14619819
1653994800,8.3,8.32,8.26,8.27,11225519
1653998400,8.27,8.32,8.25,8.31,12644286
1654002000,8.31,8.32,8.25,8.28,15317037
1654005600,8.28,8.37,8.26,8.36,38241456
1654009200,8.36,8.36,8.36,8.36,16773506
1654063200,8.38,8.38,8.38,8.38,900143
1654066800,8.38,8.45,8.37,8.42,32833081
1654070400,8.41,8.44,8.4,8.44,11069114
1654074000,8.44,8.52,8.43,8.5,31617755
1654077600,8.49,8.5,8.42,8.43,14395474
1654081200,8.43,8.48,8.41,8.45,10053817
1654084800,8.45,8.5,8.44,8.5,13031025
1654088400,8.5,8.5,8.46,8.49,24562813
1654092000,8.49,8.56,8.41,8.46,44498200
1654095600,8.46,8.46,8.46,8.46,5857311
1654149600,8.48,8.48,8.48,8.48,479531
1654153200,8.48,8.57,8.47,8.51,34989913
1654156800,8.51,8.52,8.46,8.51,14694006
1654160400,8.51,8.55,8.51,8.53,10004408
1654164000,8.53,8.66,8.52,8.64,37268124
1654167600,8.65,8.69,8.62,8.66,18191132
1654171200,8.66,8.75,8.65,8.7,61922404
1654174800,8.69,8.72,8.61,8.71,47968829
1654178400,8.71,8.85,8.71,8.83,86030390
1654182000,8.83,8.83,8.83,8.83,5695950
1654236000,8.83,8.83,8.83,8.83,1753334
1654239600,8.84,8.84,8.71,8.76,48774753
1654243200,8.76,8.78,8.73,8.74,11302294
1654246800,8.75,8.76,8.72,8.73,4870188
1654250400,8.73,8.78,8.73,8.74,5327852
1654254000,8.74,8.78,8.72,8.73,10623424
1654257600,8.73,8.73,8.65,8.68,32164116
1654261200,8.69,8.7,8.65,8.65,5632442
1654264800,8.66,8.83,8.64,8.77,38682529
1654268400,8.78,8.78,8.76,8.76,2734611
1654495200,8.8,8.8,8.8,8.8,894214
1654498800,8.8,8.86,8.79,8.83,40380454
1654502400,8.83,8.88,8.79,8.8,39007636
1654506000,8.81,8.83,8.79,8.8,17182283
1654509600,8.81,8.84,8.8,8.82,10322354
1654513200,8.81,8.93,8.81,8.89,66449668
1654516800,8.89,8.94,8.86,8.93,53440135
1654520400,8.93,9.05,8.92,8.99,116971294
1654524000,8.99,9.13,8.98,9.11,112673333
1654527600,9.1,9.1,9.1,9.1,2518222
1654581600,9.08,9.08,9.08,9.08,1392955
1654585200,9.07,9.07,8.91,8.93,55186672
1654588800,8.94,8.95,8.89,8.91,13630217
1654592400,8.92,8.94,8.91,8.94,3293267
1654596000,8.94,8.97,8.93,8.95,6761241
1654599600,8.95,8.96,8.92,8.96,6379260
1654603200,8.96,8.97,8.92,8.93,6190544
1654606800,8.93,8.94,8.81,8.86,29889570
1654610400,8.86,8.92,8.81,8.87,24998941
1654614000,8.87,8.87,8.87,8.87,3804240
1654668000,8.91,8.91,8.91,8.91,479789
1654671600,8.92,8.95,8.75,8.75,36218151
1654675200,8.76,8.76,8.71,8.73,16670931
1654678800,8.73,8.75,8.68,8.74,18977162
1654682400,8.74,8.78,8.69,8.77,17540812
1654686000,8.77,8.77,8.66,8.67,21399569
1654689600,8.67,8.68,8.59,8.64,25652619
1654693200,8.63,8.7,8.6,8.68,18357178
1654696800,8.68,8.68,8.27,8.27,30149479
1654700400,8.28,8.28,8.27,8.27,4326869
1654754400,8.25,8.25,8.25,8.25,984625
1654758000,8.26,8.37,8.24,8.35,33356067
1654761600,8.36,8.38,8.3,8.36,14003897
1654765200,8.36,8.38,8.32,8.33,7393627
1654768800,8.34,8.34,8.18,8.26,18593852
1654772400,8.25,8.33,8.24,8.32,11276481
1654776000,8.32,8.36,8.26,8.33,10453542
1654779600,8.33,8.36,8.28,8.32,9333726
1654783200,8.32,8.4,8.28,8.37,17651278
1654786800,8.37,8.37,8.37,8.37,3459782
1654840800,8.25,8.25,8.25,8.25,1521311
1654844400,8.24,8.73,8.24,8.68,76753164
1654848000,8.68,8.7,8.58,8.65,22546790
1654851600,8.67,8.72,8.62,8.67,16274219
1654855200,8.67,8.69,8.59,8.65,13855388
1654858800,8.65,8.7,8.58,8.59,18436167
1654862400,8.6,8.63,8.52,8.53,21240235
1654866000,8.54,8.58,8.45,8.53,19865544
1654869600,8.53,8.58,8.42,8.53,23405640
1654873200,8.53,8.53,8.52,8.52,2979183
1655100000,8.48,8.48,8.48,8.48,416074
1655103600,8.48,8.58,8.46,8.52,26136915
1655107200,8.51,8.65,8.5,8.57,18021187
1655110800,8.58,8.59,8.55,8.57,5730979
1655114400,8.57,8.65,8.57,8.6,7672840
1655118000,8.61,8.69,8.58,8.61,14102085
1655121600,8.61,8.61,8.52,8.58,9306652
1655125200,8.58,8.64,8.56,8.6,12482189
1655128800,8.61,8.61,8.46,8.49,23557178
1655132400,8.48,8.48,8.48,8.48,4569734
1655186400,8.55,8.55,8.55,8.55,971976
1655190000,8.55,8.57,8.5,8.51,21492740
1655193600,8.52,8.55,8.5,8.52,4747658
1655197200,8.52,8.52,8.44,8.46,12221738
1655200800,8.46,8.47,8.43,8.45,6397394
1655204400,8.44,8.45,8.37,8.38,7973844
1655208000,8.37,8.46,8.37,8.44,10478135
1655211600,8.44,8.47,8.41,8.45,10321087
1655215200,8.46,8.47,8.38,8.41,13991057
1655218800,8.43,8.43,8.43,8.43,2256229
1655272800,8.43,8.43,8.43,8.43,304237
1655276400,8.43,8.44,8.35,8.38,16686270
1655280000,8.38,8.42,8.35,8.4,10854406
1655283600,8.4,8.41,8.37,8.4,7690952
1655287200,8.4,8.42,8.36,8.41,4186125
1655290800,8.41,8.56,8.4,8.52,26314031
1655294400,8.52,8.64,8.49,8.6,30598762
1655298000,8.6,8.69,8.59,8.66,16385110
1655301600,8.66,8.68999958,8.6,8.66,15247845
1655305200,8.66,8.66,8.66,8.66,2933991
1655359200,8.66,8.66,8.66,8.66,422549
1655362800,8.67,8.7,8.6,8.64,13827839
1655366400,8.63,8.64,8.57,8.59,13679727
1655370000,8.59,8.6,8.52,8.55,13668418
1655373600,8.55,8.58,8.44,8.45,11516945
1655377200,8.44,8.48,8.41,8.47,10031652
1655380800,8.48,8.51,8.45,8.49,9874713
1655384400,8.48,8.51,8.43,8.46,10403450
1655388000,8.45,8.51,8.43,8.46,14000428
1655391600,8.47,8.47,8.47,8.47,1916337
1655445600,8.46,8.46,8.46,8.46,956096
1655449200,8.47,8.55,8.46,8.53,20555671
1655452800,8.52,8.62,8.5,8.59,20160775
1655456400,8.6,8.62,8.58,8.6,5620579
1655460000,8.6,8.6,8.55,8.56,6513928
1655463600,8.56,8.7,8.56,8.68,28720927
1655467200,8.68,8.71,8.66,8.67,17420457
1655470800,8.67,8.88,8.65,8.88,37034422
1655474400,8.88,9.02,8.85,9.02,62134534
1655478000,9.1,9.1,9.1,9.1,25229964
1655704800,9.08,9.08,9.08,9.08,1042303
1655708400,9.07,9.1,8.97,9.01,37625898
1655712000,9.01,9.11,8.96,9.05,18033424
1655715600,9.05,9.06,9,9.01,10268458
1655719200,9.01,9.05,8.97,8.99,4386860
1655722800,8.98,9.02,8.96,9,5118325
1655726400,9,9.01,8.9,8.91,10220777
1655730000,8.9,9.01,8.89,9,11010856
1655733600,9.01,9.09,9,9.05,24513202
1655737200,9.05,9.05,9.05,9.05,2521165
1655791200,9.09,9.09,9.09,9.09,533822
1655794800,9.09,9.24,9.08,9.2,43945199
1655798400,9.19,9.3,9.19,9.27,22843392
1655802000,9.27,9.29,9.24,9.25,16591337
1655805600,9.26,9.27,9.19,9.21,12361797
1655809200,9.21,9.24,9.17,9.18,6822731
1655812800,9.17,9.2,9.15,9.17,11507996
1655816400,9.16,9.21,9.14,9.18,11164473
1655820000,9.18,9.22,9.14,9.15,18982036
1655823600,9.13,9.13,9.13,9.13,5104675
1655877600,9.08,9.08,9.08,9.08,570807
1655881200,9.08,9.1,9.05,9.07,21948599
1655884800,9.07,9.19,9.01,9.18,24285617
1655888400,9.18,9.19,9.13,9.14,10525233
1655892000,9.14,9.2,9.14,9.17,11326913
1655895600,9.17,9.22,9.15,9.18,14304526
1655899200,9.17,9.19,9.13,9.18,17253092
1655902800,9.18,9.21,9.14,9.16,20311872
1655906400,9.16,9.17,9.06,9.1,16690773
1655910000,9.09,9.09,9.09,9.09,4448234
1655964000,9.08,9.08,9.08,9.08,502375
1655967600,9.08,9.13,9.06,9.09,21652441
1655971200,9.08,9.09,9.06,9.08,5939758
1655974800,9.09,9.1,9.07,9.08,5222273
1655978400,9.08,9.13,9.08,9.12,4138392
1655982000,9.12,9.14,8.95,8.96,37790220
1655985600,8.96,8.96,8.87,8.93,24758303
1655989200,8.93,8.94,8.83,8.86,16765625
1655992800,8.86,8.87,8.78,8.82,26774944
1655996400,8.82,8.82,8.82,8.82,3309965
1656050400,8.87,8.87,8.87,8.87,486268
1656054000,8.87,8.89,8.77,8.81,17191204
1656057600,8.81,8.85,8.71,8.74,18119755
1656061200,8.73,8.77,8.72,8.75,5223525
1656064800,8.75,8.77,8.69,8.72,10511073
1656068400,8.72,8.81,8.72,8.81,11146659
1656072000,8.81,8.82,8.78,8.79,5772449
1656075600,8.8,8.86,8.77,8.85,11585074
1656079200,8.85,8.9,8.8,8.81,17068393
1656082800,8.77,8.77,8.77,8.77,4108914
1656309600,8.59,8.59,8.59,8.59,1229373
1656313200,8.58,8.61,8.46,8.55,26393788
1656316800,8.55,8.6,8.54,8.57,12197739
1656320400,8.57,8.58,8.51,8.52,7612359
1656324000,8.53,8.56,8.5,8.54,14525472
1656327600,8.54,8.58,8.51,8.54,19827562
1656331200,8.54,8.58,8.54,8.57,7995175
1656334800,8.57,8.62,8.55,8.57,9377417
1656338400,8.57,8.6,8.51,8.52,13315187
1656342000,8.51,8.51,8.51,8.51,3499230
1656396000,8.55,8.55,8.55,8.55,561016
1656399600,8.54,8.63,8.54,8.6,22533963
1656403200,8.6,8.6,8.54,8.58,9739191
1656406800,8.57,8.59,8.55,8.57,9170706
1656410400,8.57,8.57,8.52,8.55,11223159
1656414000,8.55,8.55,8.49,8.5,13965159
1656417600,8.49,8.5,8.44,8.48,16827359
1656421200,8.47,8.5,8.45,8.47,11889512
1656424800,8.46,8.46,8.27,8.31,44027385
1656428400,8.31,8.31,8.31,8.31,3840890
1656482400,8.3,8.3,8.3,8.3,353350
1656486000,8.29,8.38,8.24,8.28,34589643
1656489600,8.28,8.33,8.24,8.29,14944690
1656493200,8.29,8.33,8.26,8.3,8463500
1656496800,8.3,8.34,8.28,8.3,5098016
1656500400,8.3,8.31,8.25,8.31,8790847
1656504000,8.31,8.34,8.27,8.34,8791037
1656507600,8.33,8.36,8.25,8.27,24579215
1656511200,8.27,8.28,8.02,8.04,35711442
1656514800,8.02,8.02,8.02,8.02,4220233
1656568800,7.93,7.93,7.93,7.93,408407
1656572400,7.93,8.09,7.92,8.08,26339709
1656576000,8.07,8.12,7.94,7.99,18560378
1656579600,7.98,8.07,7.98,8.07,7525446
1656583200,8.07,8.07,7.99,8.02,6278284
1656586800,8.02,8.06,7.93,8.04,15888958
1656590400,8.04,8.13,8.03,8.07,14836441
1656594000,8.06,8.12,8.01,8.06,11884036
1656597600,8.05,8.06,7.98,8.02,13880196
1656601200,8.02,8.02,8.02,8.02,3665111
1656655200,8.02,8.02,8.02,8.02,377141
1656658800,8.01,8.06,7.98,8.05,10641127
1656662400,8.05,8.15,8.01,8.13,13305616
1656666000,8.13,8.16,8.11,8.12,6323062
1656669600,8.11,8.13,8.08,8.09,5171770
1656673200,8.09,8.11,8.07,8.11,4264129
1656676800,8.1,8.14,8.1,8.14,9079134
1656680400,8.15,8.24,8.14,8.22,12567664
1656684000,8.22,8.23,8.16,8.18,7020639
1656687600,8.16,8.16,8.16,8.16,2305177
1656914400,8.23,8.23,8.23,8.23,687725
1656918000,8.22,8.26,8.19,8.25,11905870
1656921600,8.25,8.26,8.2,8.22,4667035
1656925200,8.22,8.23,8.17,8.2,3621764
1656928800,8.2,8.23,8.18,8.22,2994193
1656932400,8.22,8.22,8.16,8.17,3322654
1656936000,8.17,8.18,8.11,8.12,6817188
1656939600,8.12,8.15,8.03,8.04,6722802
1656943200,8.03,8.04,7.92,7.94,15208954
1656946800,7.94,7.95,7.94,7.95,1787524
1657000800,7.96,7.96,7.96,7.96,133617
1657004400,7.97,8.01,7.93,7.99,14193702
1657008000,7.98,8.03,7.92,7.99,11879618
1657011600,8,8.09,8,8.05,15689100
1657015200,8.05,8.07,8,8.01,3673837
1657018800,8.01,8.02,7.95,8,6259644
1657022400,8,8.03,7.95,7.97,6303863
1657026000,7.97,7.99,7.78,7.82,15643654
1657029600,7.82,7.9,7.8,7.8,13320610
1657033200,7.8,7.8,7.8,7.8,2598272
1657087200,7.88,7.88,7.88,7.88,621288
1657090800,7.89,7.93,7.83,7.89,12186519
1657094400,7.88,7.89,7.74,7.8,18414736
1657098000,7.8,7.84,7.76,7.83,7269000
1657101600,7.83,7.85,7.78,7.8,6089285
1657105200,7.8,7.82,7.76,7.79,8181936
1657108800,7.79,7.85,7.79,7.84,7455657
1657112400,7.84,7.88,7.8,7.87,13267017
1657116000,7.88,7.91,7.84,7.89,19532145
1657119600,7.91,7.91,7.91,7.91,2034517
1657173600,7.95,7.95,7.95,7.95,438028
1657177200,7.95,8.08,7.93,8.05,23143070
1657180800,8.06,8.09,7.99,8.02,12987824
1657184400,8.02,8.05,7.99,8.04,5644657
1657188000,8.05,8.05,8.01,8.03,2955128
1657191600,8.03,8.1,8.02,8.09,6887098
1657195200,8.08,8.15,8.08,8.1,12386278
1657198800,8.1,8.12,8.03,8.1,9100524
1657202400,8.11,8.11,8.05,8.08,8175014
1657206000,8.06,8.06,8.06,8.06,2185429
1657260000,8.07,8.07,8.07,8.07,769827
1657263600,8.06,8.12,8.03,8.09,11023846
1657267200,8.09,8.11,8.08,8.08,4253918
1657270800,8.09,8.09,8.07,8.09,3883900
1657692000,8.11,8.11,8.11,8.11,357966
1657695600,8.1,8.11,7.92,7.94,16016696
1657699200,7.93,7.99,7.93,7.97,6191239
1657702800,7.97,7.99,7.95,7.97,3160701
1657706400,7.96,8.01,7.94,7.99,4848589
1657710000,7.99,8,7.96,7.97,2080820
1657713600,7.97,8.01,7.9,7.97,10883020
1657717200,7.96,7.98,7.93,7.96,4795728
1657720800,7.96,7.97,7.86,7.93,11072198
1657724400,7.93,7.96,7.93,7.96,2497804
1657778400,7.95,7.95,7.95,7.95,146427
1657782000,7.95,8.01,7.94,7.99,12275356
1657785600,7.99,8,7.9,7.94,6154746
1657789200,7.94,8.01,7.94,8,5166957
1657792800,8,8,7.96,7.97,2816328
1657796400,7.96,8,7.94,7.98,3626972
1657800000,7.98,8,7.93,7.99,7894000
1657803600,7.98,8.01,7.94,7.95,7014091
1657807200,7.95,7.96,7.82,7.87,15510671
1657810800,7.91,7.91,7.91,7.91,3659528
1658124000,8.03,8.03,8.03,8.03,898119
1658127600,8.04,8.12,8.03,8.1,20993952
1658131200,8.1,8.17,8.08,8.16,12374639
1658134800,8.16,8.2,8.15,8.19,6583230
1658138400,8.19,8.22,8.18,8.21,9060496
1658142000,8.21,8.27,8.2,8.26,14675425
1658145600,8.26,8.29,8.23,8.25,9928928
1658149200,8.25,8.28,8.25,8.25,4095369
1658152800,8.25,8.28,8.23,8.27,7548672
1658156400,8.27,8.27,8.27,8.27,1556017
1658210400,8.24,8.24,8.24,8.24,281954
1658214000,8.24,8.26,8.18,8.2,11463639
1658217600,8.2,8.27,8.19,8.25,3313569
1658221200,8.25,8.39,8.24,8.38,16218680
1658224800,8.39,8.42,8.33,8.39,15233733
1658228400,8.39,8.5,8.37,8.45,19793939
1658232000,8.45,8.49,8.44,8.46,10200642
1658235600,8.46,8.54,8.45,8.48,19632015
1658239200,8.48,8.51,8.47,8.47,7663607
1658242800,8.48,8.5,8.48,8.5,2545023
1658296800,8.54,8.54,8.54,8.54,338708
1658300400,8.53,8.54,8.42,8.46,15120221
1658304000,8.46,8.48,8.43,8.44,4602127
1658307600,8.44,8.55,8.44,8.52,12182347
1658311200,8.52,8.55,8.45,8.49,16322552
1658314800,8.49,8.51,8.4,8.45,14113839
1658318400,8.45,8.51,8.43,8.5,14491752
1658322000,8.49,8.57,8.48,8.56,18167382
1658325600,8.55,8.57,8.52,8.55,11661260
1658329200,8.56,8.56,8.56,8.56,2726464
1658383200,8.58,8.58,8.58,8.58,411530
1658386800,8.59,8.6,8.51,8.55,8574977
1658390400,8.55,8.56,8.51,8.53,7158788
1658394000,8.53,8.57,8.52,8.57,3773104
1658397600,8.57,8.61,8.56,8.59,8819404
1658401200,8.58,8.66,8.54,8.62,26018397
1658404800,8.61,8.67,8.6,8.65,8286569
1658408400,8.65,8.66,8.6,8.62,7717302
1658412000,8.63,8.63,8.48,8.53,12957503
1658415600,8.54,8.58,8.54,8.58,2085124
1658469600,8.62,8.62,8.62,8.62,348029
1658473200,8.62,8.69,8.6,8.65,19094255
1658476800,8.65,8.7,8.64,8.67,11093266
1658480400,8.67,8.68,8.66,8.66,1490999
1658484000,8.67,8.69,8.66,8.69,1659132
1658487600,8.69,8.69,8.65,8.67,2887435
1658491200,8.67,8.71,8.67,8.69,4635951
1658494800,8.69,8.69,8.62,8.62,5493593
1658498400,8.63,8.66,8.59,8.63,10064139
1658502000,8.64,8.64,8.64,8.64,3024773
1658728800,8.64,8.64,8.64,8.64,264078
1658732400,8.65,8.78,8.64,8.74,17073440
1658736000,8.74,8.83,8.74,8.79,17664060
1658739600,8.79,8.83,8.78,8.82,8898676
1658743200,8.82,8.84,8.77,8.77,10758031
1658746800,8.78,8.8,8.75,8.77,5688747
1658750400,8.78,8.89,8.77,8.89,20004627
1658754000,8.88,8.97,8.85,8.96,17180420
1658757600,8.96,9.01,8.94,8.97,16689559
1658761200,8.97,8.97,8.95,8.95,3358468
1658815200,9,9,9,9,818126
1658818800,9,9.04,8.8,8.84,24250415
1658822400,8.83,8.93,8.82,8.87,12390007
1658826000,8.87,8.88,8.8,8.83,9349450
1658829600,8.83,8.83,8.74,8.76,13866147
1658833200,8.75,8.81,8.74,8.76,6924253
1658836800,8.77,8.8,8.71,8.79,12374589
1658840400,8.8,8.8,8.68,8.71,12387100
1658844000,8.71,8.73,8.65,8.71,25187623
1658847600,8.71,8.71,8.71,8.71,3094032
1658901600,8.8,8.8,8.8,8.8,1180817
1658905200,8.79,8.8,8.69,8.72,17033447
1658908800,8.73,8.83,8.71,8.79,12198070
1658912400,8.79,8.82,8.75,8.76,5828240
1658916000,8.76,8.78,8.74,8.76,2558558
1658919600,8.76,8.78,8.75,8.76,5716539
1658923200,8.76,8.78,8.74,8.77,7372718
1658926800,8.77,8.85,8.76,8.8,14279554
1658930400,8.81,8.87,8.77,8.82,21053900
1658934000,8.83,8.83,8.83,8.83,2867123
1658988000,8.86,8.86,8.86,8.86,1008098
1658991600,8.87,8.88,8.77,8.79,31088740
1658995200,8.79,8.8,8.73,8.74,10828705
1658998800,8.75,8.76,8.72,8.73,9687754
1659002400,8.72,8.75,8.7,8.72,7841505
1659006000,8.72,8.72,8.67,8.69,19635689
1659009600,8.68,8.69,8.62,8.62,16324040
1659013200,8.63,8.63,8.5,8.52,32332864
1659016800,8.52,8.54,8.48,8.53,25800796
1659020400,8.51,8.51,8.51,8.51,4551341
1659074400,8.53,8.53,8.53,8.53,693434
1659078000,8.53,8.58,8.47,8.48,22718096
1659081600,8.48,8.51,8.43,8.46,14823343
1659085200,8.46,8.47,8.43,8.47,7404655
1659088800,8.46,8.52,8.45,8.5,18920389
1659092400,8.5,8.6,8.48,8.59,22247549
1659096000,8.59,8.66,8.59,8.64,21567253
1659099600,8.65,8.65,8.59,8.61,8151863
1659103200,8.61,8.62,8.57,8.6,12219339
1659106800,8.63,8.63,8.63,8.63,5403056
1659333600,8.64,8.64,8.64,8.64,385108
1659337200,8.64,8.73,8.63,8.68,20897263
1659340800,8.68,8.72,8.68,8.71,9261267
1659344400,8.71,8.8,8.69,8.78,13890411
1659348000,8.78,8.85,8.77,8.83,18698892
1659351600,8.82,8.89,8.79,8.81,19679016
1659355200,8.81,8.85,8.79,8.81,12482602
1659358800,8.81,8.89,8.8,8.88,11274362
1659362400,8.89,8.89,8.84,8.85,11908997
1659366000,8.85,8.85,8.85,8.85,2279457
1659420000,8.85,8.85,8.85,8.85,500292
1659423600,8.86,8.92,8.83,8.88,20474438
1659427200,8.88,8.89,8.79,8.81,19403675
1659430800,8.81,8.84,8.8,8.81,5139676
1659434400,8.82,8.86,8.81,8.84,5187976
1659438000,8.85,8.86,8.83,8.84,4097806
1659441600,8.85,8.86,8.83,8.86,5270751
1659445200,8.85,8.9,8.79,8.82,21580783
1659448800,8.82,8.85,8.77,8.8,21159602
1659452400,8.79,8.79,8.79,8.79,3566209
1659506400,8.82,8.82,8.82,8.82,1242057
1659510000,8.83,8.83,8.71,8.75,21912657
1659513600,8.74,8.8,8.74,8.78,10341971
1659517200,8.78,8.8,8.76,8.76,3535011
1659520800,8.76,8.81,8.76,8.78,4189410
1659524400,8.78,8.88,8.77,8.87,15015307
1659528000,8.86,8.91,8.85,8.88,24818698
1659531600,8.88,8.9,8.85,8.9,7073658
1659535200,8.9,8.9,8.86,8.9,8071481
1659538800,8.89,8.89,8.89,8.89,2069146
1659592800,8.97,8.97,8.97,8.97,1319969
1659596400,8.97,9.03,8.96,9,31656504
1659600000,9,9.01,8.96,8.99,7183730
1659603600,8.98,8.99,8.95,8.98,7833041
1659607200,8.98,9.12,8.98,9.08,37007469
1659610800,9.08,9.12,9.05,9.07,15023142
1659614400,9.06,9.1,9.06,9.07,7477941
1659618000,9.07,9.11,9.03,9.08,13046794
1659621600,9.08,9.12,9.05,9.11,17189613
1659625200,9.11,9.11,9.11,9.11,3444414
1659679200,9.13,9.13,9.13,9.13,1556376
1659682800,9.13,9.2,9.07,9.15,42188693
1659686400,9.14,9.17,9.13,9.15,7953951
1659690000,9.15,9.16,9.1,9.14,5768157
1659693600,9.14,9.17,9.11,9.15,7321281
1659697200,9.15,9.21,9.14,9.2,16958839
1659700800,9.19,9.2,9.08,9.16,24114601
1659704400,9.16,9.39,9.15,9.38,62616100
1659708000,9.39,9.62,9.34,9.36,105065083
1659711600,9.37,9.37,9.37,9.37,3708023
1659938400,9.42,9.42,9.42,9.42,945931
1659942000,9.42,9.47,9.21,9.24,43615577
1659945600,9.24,9.29,9.19,9.28,22792513
1659949200,9.27,9.36,9.24,9.32,27144258
1659952800,9.33,9.37,9.29,9.29,16600615
1659956400,9.3,9.33,9.18,9.24,18213210
1659960000,9.24,9.28,9.22,9.26,9370882
1659963600,9.26,9.31,9.24,9.31,13319132
1659967200,9.3,9.34,9.26,9.29,17783007
1659970800,9.28,9.28,9.28,9.28,2976955
1660024800,9.28,9.28,9.28,9.28,501532
1660028400,9.28,9.3,9.19,9.3,30010622
1660032000,9.3,9.39,9.28,9.34,22212578
1660035600,9.33,9.38,9.27,9.33,12550235
1660039200,9.32,9.36,9.3,9.34,6344207
1660042800,9.35,9.39,9.32,9.37,10294495
1660046400,9.37,9.4,9.29,9.36,17097298
1660050000,9.36,9.41,9.34,9.39,20255252
1660053600,9.4,9.56,9.38,9.49,42256453
1660057200,9.49,9.49,9.48,9.48,3611833
1660111200,9.49,9.49,9.49,9.49,719282
1660114800,9.49,9.7,9.46,9.69,39111861
1660118400,9.69,9.82,9.66,9.77,35933037
1660122000,9.78,9.85,9.7,9.72,32652581
1660125600,9.72,9.78,9.71,9.77,11719924
1660129200,9.76,9.79,9.72,9.74,12569902
1660132800,9.74,9.83,9.72,9.79,33562265
1660136400,9.78,9.83,9.73,9.75,23628712
1660140000,9.74,9.83,9.73,9.8,23530457
1660143600,9.8,9.8,9.8,9.8,13105273
1660197600,9.9,9.9,9.9,9.9,1894707
1660201200,9.9,10.03,9.83,10,65740312
1660204800,10,10.02,9.9,9.98,30229114
1660208400,9.98,10.01,9.96,9.99,21085282
1660212000,10,10.04,9.95,10,37848207
1660215600,10,10.06,9.97,9.97,27772228
1660219200,9.97,10.08,9.95,10.05,35613582
1660222800,10.05,10.11,10.05,10.09,50866715
1660226400,10.09,10.21,10.06,10.06,63896945
1660230000,10.06,10.07,10.06,10.07,5016971
1660284000,10.08,10.08,10.08,10.08,525252
1660287600,10.08,10.28,10,10.25,49921579
1660291200,10.25,10.28,10.16,10.25,19459196
1660294800,10.24,10.32,10.19,10.31,22112295
1660298400,10.31,10.33,10.27,10.32,23960759
1660302000,10.32,10.36,10.3,10.35,11780280
1660305600,10.35,10.39,10.25,10.28,26455157
1660309200,10.28,10.31,10.1,10.14,37285603
1660312800,10.15,10.15,9.89,10,49589016
1660316400,10,10,10,10,3810703
1660543200,10.11,10.11,10.11,10.11,811843
1660546800,10.11,10.21,9.96,10.15,36646396
1660550400,10.16,10.23,10.14,10.17,21546629
1660554000,10.17,10.25,10.15,10.2,12318179
1660557600,10.21,10.23,10.16,10.22,8246703
1660561200,10.22,10.28,10.19,10.27,11148054
1660564800,10.27,10.33,10.23,10.24,30376822
1660568400,10.24,10.27,10.18,10.25,31583278
1660572000,10.25,10.26,10.17,10.23,28885886
1660575600,10.22,10.22,10.22,10.22,1915738
1660629600,10.32,10.32,10.32,10.32,1709196
1660633200,10.32,10.41,10.27,10.36,37918546
1660636800,10.36,10.38,10.31,10.34,22949688
1660640400,10.34,10.35,10.28,10.3,12283688
1660644000,10.3,10.37,10.3,10.35,11313532
1660647600,10.35,10.48,10.34,10.43,29815017
1660651200,10.43,10.44,9.87,10.2,72758493
1660654800,10.19,10.5,10.11,10.47,42248987
1660658400,10.47,10.65,10.43,10.55,34571832
1660662000,10.56,10.58,10.56,10.58,8227473
1660716000,10.66,10.66,10.66,10.66,1633867
1660719600,10.67,10.85,10.5,10.8,83328862
1660723200,10.81,10.82,10.59,10.61,64015749
1660726800,10.61,10.7,10.61,10.67,37635595
1660730400,10.66,10.75,10.65,10.72,23597288
1660734000,10.72,10.83,10.65,10.81,40724126
1660737600,10.81,11.1,10.77,11.04,73894839
1660741200,11.04,11.15,11.01,11.13,47416152
1660744800,11.13,11.38,11.12,11.31,102508570
1660748400,11.31,11.31,11.31,11.31,6947441
1660802400,11.28,11.28,11.28,11.28,682941
1660806000,11.27,11.6,11.22,11.29,80149261
1660809600,11.28,11.44,11.2,11.4,33926692
1660813200,11.4,11.4,11.16,11.21,24892274
1660816800,11.21,11.33,11.15,11.31,18783154
1660820400,11.31,11.32,10.79,11.19,94593376
1660824000,11.18,11.27,11.01,11.08,34179646
1660827600,11.08,11.1,10.97,11.07,31308201
1660831200,11.06,11.14,10.98,11.03,57695313
1660834800,11.03,11.04,11.03,11.04,4791661
1660888800,11.05,11.05,11.05,11.05,1174575
1660892400,11.05,11.16,10.9,10.93,46721912
1660896000,10.92,10.94,10.74,10.79,29987748
1660899600,10.78,10.8,10.65,10.7,34506958
1660903200,10.7,10.72,10.58,10.61,26686407
1660906800,10.61,10.65,10.58,10.63,17016444
1660910400,10.63,10.75,10.55,10.7,28955839
1660914000,10.69,10.76,10.66,10.7,18569127
1660917600,10.69,10.71,10.59,10.61,29002041
1660921200,10.61,10.61,10.6,10.6,3853309
1661148000,10.5,10.5,10.5,10.5,2304553
1661151600,10.5,10.67,10.33,10.51,54564738
1661155200,10.5,10.52,10.43,10.46,13359980
1661158800,10.45,10.47,10.37,10.41,17732439
1661162400,10.42,10.58,10.41,10.53,31104260
1661166000,10.53,10.73,10.53,10.71,46126177
1661169600,10.71,10.81,10.7,10.79,47516631
1661173200,10.8,10.89,10.74,10.77,62197011
1661176800,10.77,10.8,10.66,10.77,38375361
1661180400,10.78,10.78,10.76,10.76,5401532
1661234400,10.82,10.82,10.82,10.82,886538
1661238000,10.82,11.2,10.75,11.18,89373814
1661241600,11.17,11.19,11.05,11.16,28804239
1661245200,11.16,11.17,11.09,11.13,14702353
1661248800,11.13,11.28,11.12,11.26,54966048
1661252400,11.27,11.35,11.15,11.29,72891262
1661256000,11.29,11.38,11.24,11.27,70661055
1661259600,11.26,11.31,11.23,11.3,26351470
1661263200,11.31,11.6,11.24,11.5,130426781
1661266800,11.49,11.49,11.48,11.48,8425912
1661320800,11.55,11.55,11.55,11.55,1778077
1661324400,11.55,11.68,11.16,11.38,128066209
1661328000,11.39,11.48,11.29,11.38,26740772
1661331600,11.37,11.41,11.32,11.36,17991040
1661335200,11.36,11.37,11.27,11.32,19932810
1661338800,11.33,11.33,11.12,11.16,29403270
1661342400,11.15,11.23,11.09,11.19,36851511
1661346000,11.19,11.23,11.03,11.09,26757444
1661349600,11.09,11.17,11.03,11.13,37945590
1661353200,11.07,11.07,11.07,11.07,5636113
1661407200,11.18,11.18,11.18,11.18,1338297
1661410800,11.19,11.33,11.07,11.32,52856230
1661414400,11.32,11.75,11.24,11.6,106480479
1661418000,11.6,11.69,11.52,11.55,35945237
1661421600,11.55,11.66,11.54,11.63,30381078
1661425200,11.63,11.82,11.62,11.74,47333366
1661428800,11.74,11.81,11.68,11.68,34297647
1661432400,11.69,11.77,11.62,11.77,44907167
1661436000,11.77,12.16,11.7,12.01,95479061
1661439600,12.02,12.02,11.98,11.98,5472488
1661493600,12.01,12.01,12.01,12.01,1533129
1661497200,12.02,12.75,11.99,12.1,179764297
1661500800,12.1,12.43,11.97,12.13,83230263
1661504400,12.13,12.15,11.97,12.04,39716910
1661508000,12.04,12.17,12,12.07,25913882
1661511600,12.07,12.13,12.04,12.08,17748081
1661515200,12.07,12.28,12.04,12.25,37541530
1661518800,12.24,12.75,12.18,12.68,129007092
1661522400,12.68,12.8,11.89,11.99,173678339
1661526000,11.99,11.99,11.98,11.98,11301004
1661752800,12.03,12.03,12.03,12.03,969290
1661756400,12.03,12.23,11.88,12.02,56669600
1661760000,12.03,12.04,11.74,11.77,28528683
1661763600,11.78,11.79,11.64,11.71,28538647
1661767200,11.71,11.74,11.67,11.71,13141823
1661770800,11.71,11.8,11.68,11.78,18165172
1661774400,11.78,12.01,11.76,11.92,35948707
1661778000,11.93,12.08,11.86,12,37390336
1661781600,12,12.05,11.89,11.92,27945491
1661785200,11.89,11.89,11.89,11.89,4587409
1661925600,11.91,11.91,11.91,11.91,1280937
1661929200,11.91,11.96,11.75,11.83,38075432
1661932800,11.82,11.83,11.72,11.75,16481241
1661936400,11.76,11.76,11.65,11.7,13973737
1661940000,11.7,11.77,11.68,11.77,9296313
1661943600,11.78,11.98,11.75,11.92,49111884
1661947200,11.92,12,11.87,11.97,34259217
1661950800,11.97,12.2,11.94,12.1,66680202
1661954400,12.1,12.16,11.75,11.76,60351136
1661958000,11.76,11.76,11.72,11.72,11464043
1662012000,11.74,11.74,11.74,11.74,1303523
1662015600,11.73,11.89,11.56,11.58,54751780
1662019200,11.58,11.72,11.5,11.71,30038283
1662022800,11.72,11.95,11.71,11.89,75361573
1662026400,11.89,12.02,11.81,11.98,46075502
1662030000,11.98,12.12,11.88,12,63469840
1662033600,11.99,12.11,11.93,12.1,37092431
1662037200,12.1,12.25,12.03,12.09,71683996
1662040800,12.1,12.11,11.83,11.87,54452469
1662044400,11.85,11.85,11.85,11.85,5943162
1662098400,12.1,12.1,12.1,12.1,2119098
1662102000,12.11,12.3,11.91,12.29,95991816
1662105600,12.28,12.65,12.28,12.56,86361561
1662109200,12.57,12.79,12.56,12.67,80656042
1662112800,12.67,12.74,12.6,12.63,36542493
1662116400,12.64,12.86,12.63,12.74,47287015
1662120000,12.74,13.03,12.66,13.02,67870410
1662123600,13.02,13.03,12.98,13.03,14975503
1662127200,13.03,13.03,13.03,13.03,1582383
1662130800,13.03,13.03,13.03,13.03,1024953
1662357600,13.5,13.5,13.5,13.5,3488940
1662361200,13.5,13.62,13.02,13.47,123800675
1662364800,13.47,13.67,13.3,13.5,64171034
1662368400,13.5,13.52,13.36,13.49,33912161
1662372000,13.5,13.5,13.39,13.42,18095462
1662375600,13.43,13.71,13.4,13.67,62440390
1662379200,13.67,14.31,13.53,14.25,107435691
1662382800,14.25,14.33,14.2,14.32,38538560
1662386400,14.32,14.33,14.1,14.23,44175130
1662390000,14.19,14.19,14.19,14.19,3615191
1662444000,14.5,14.5,14.5,14.5,3093156
1662447600,14.51,15.08,14.43,15.08,119480673
1662451200,15.08,15.1,14.3,14.84,121938942
1662454800,14.85,14.87,14.67,14.8,37682892
1662458400,14.79,15.12,14.73,14.92,50045429
1662462000,14.92,15.27,14.88,15.17,46833258
1662465600,15.17,15.58,15,15.54,71932057
1662469200,15.54,15.6,15.5,15.6,44731401
1662472800,15.6,15.6,15.51,15.6,14444581
1662476400,15.57,15.57,15.57,15.57,2125103
1662530400,15.57,15.57,15.57,15.57,2948883
1662534000,15.58,16.06,15.07,15.14,142600971
1662537600,15.13,15.32,14.87,15.2,59329733
1662541200,15.2,15.44,15.1,15.36,33795530
1662544800,15.37,15.66,15.22,15.29,44917366
1662548400,15.29,15.36,15.04,15.15,32216630
1662552000,15.15,15.19,14.98,15.13,35361604
1662555600,15.12,15.18,15,15.15,41798928
1662559200,15.15,15.96,14.99,15.68,117077700
1662562800,15.66,15.7,15.66,15.69,6352517
1662616800,16.1,16.1,16.1,16.1,2149053
1662620400,16.11,16.23,15.52,15.57,62680609
1662624000,15.56,15.58,15.26,15.39,40364446
1662627600,15.39,16.11,15.38,16.06,176988300
1662631200,16.05,16.06,15.79,15.82,126529805
1662634800,15.83,15.88,15.65,15.77,101926235
1662638400,15.77,15.92,15.53,15.6,113079969
1662642000,15.6,15.94,15.56,15.7,123474549
1662645600,15.7,15.71,15.04,15.17,167792317
1662649200,15.15,15.15,15.15,15.15,16839662
1662703200,15.25,15.25,15.25,15.25,2675315
1662706800,15.24,15.84,15.09,15.76,176260145
1662710400,15.76,16.28,15.71,16.26,210381740
1662714000,16.26,16.27,15.7,15.78,153629814
1662717600,15.78,16.09,15.67,16.08,134777819
1662721200,16.08,16.09,15.91,15.95,62304323
1662724800,15.95,16.12,15.91,16.08,62244673
1662728400,16.07,16.15,15.97,16.05,70668378
1662732000,16.05,16.1,15.83,15.93,100789095
1662735600,15.93,15.93,15.91,15.92,14793976
1662962400,16.46,16.46,16.46,16.46,5808320
1662966000,16.47,17.04,16,16.55,210728429
1662969600,16.54,16.62,16.47,16.61,67926132
1662973200,16.6,17.06,16.54,17.01,87228062
1662976800,17.01,17.5,16.92,17.21,123646441
1662980400,17.21,17.45,17.05,17.35,50196526
1662984000,17.35,17.37,17,17.2,51967704
1662987600,17.2,17.27,17.1,17.24,25209116
1662991200,17.25,17.51,17.14,17.51,63508566
1662994800,17.51,17.51,17.51,17.51,887896
1663048800,17.95,17.95,17.95,17.95,4659070
1663052400,17.95,18.7,17.2,18.43,159980916
1663056000,18.43,19.04,18.22,18.95,98806715
1663059600,18.96,19.14,18.01,18.75,132414354
1663063200,18.74,18.76,17.2,18.43,123128434
1663066800,18.44,18.64,18.26,18.35,40032206
1663070400,18.36,18.42,18.14,18.15,50682295
1663074000,18.14,18.28,17.42,18.01,98385229
1663077600,18,18.03,16.06,16.06,81326647
1663081200,15.76,15.76,15.76,15.76,5509608
1663135200,15.55,15.55,15.55,15.55,2950754
1663138800,15.56,15.63,14.19,14.19,68144999
1663142400,14.19,14.26,14.19,14.19,17562986
1663146000,14.19,14.21,14.19,14.19,6411317
1663149600,14.19,14.45,14.19,14.25,39194879
1663153200,14.26,14.76,14.24,14.35,53748599
1663156800,14.35,14.5,14.19,14.19,24946084
1663160400,14.19,14.23,14.19,14.19,12337781
1663164000,14.19,14.19,14.19,14.19,7150925
1663167600,14.19,14.19,14.19,14.19,5774541
1663221600,14.25,14.25,14.25,14.25,1584496
1663225200,14.26,14.72,13.54,13.54,77638232
1663228800,13.55,13.56,12.94,13.31,41646646
1663232400,13.31,13.43,13.13,13.23,18044957
1663236000,13.24,13.34,13.15,13.21,12044546
1663239600,13.21,13.35,12.98,12.98,19594394
1663243200,12.99,12.99,12.78,12.79,26778787
1663246800,12.78,12.83,12.78,12.78,15746396
1663250400,12.78,12.84,12.78,12.78,15793039
1663254000,12.78,12.78,12.78,12.78,379911
1663308000,12.02,12.02,12.02,12.02,2890819
1663311600,12.01,12.4,11.72,12.11,148200633
1663315200,12.11,12.24,12.05,12.16,41797886
1663318800,12.16,12.24,12.14,12.2,69293088
1663322400,12.2,12.22,12.11,12.19,51351527
1663326000,12.19,12.48,12.12,12.23,76137364
1663329600,12.23,12.24,11.92,12.06,41459507
1663333200,12.06,12.38,12.03,12.29,62983003
1663336800,12.3,12.56,12.08,12.17,91523464
1663340400,12.19,12.19,12.19,12.19,18281373
1663567200,12.26,12.26,12.26,12.26,1783862
1663570800,12.26,12.32,11.93,12.04,62428346
1663574400,12.04,12.06,11.75,11.85,39126674
1663578000,11.84,12.06,11.76,11.99,76535075
1663581600,11.99,12.16,11.94,12.09,73646492
1663585200,12.1,12.1,11.8,11.95,34445069
1663588800,11.95,12.01,11.9,11.95,14978845
1663592400,11.95,11.95,11.21,11.39,49686044
1663596000,11.39,11.44,11.08,11.08,9011079
1663599600,11.06,11.06,11.06,11.06,12417996
1663653600,11.4,11.4,11.4,11.4,2246801
1663657200,11.41,11.7,11.41,11.54,60242067
1663660800,11.55,11.78,11.26,11.32,44614847
1663664400,11.32,11.43,10.95,11.36,40549615
1663668000,11.35,11.83,11.25,11.82,30769302
1663671600,11.81,11.87,11.64,11.83,29405602
1663675200,11.83,11.85,11.53,11.62,22393100
1663678800,11.62,11.7,11.42,11.67,22213465
1663682400,11.67,11.81,11.46,11.81,29949537
1663686000,11.88,11.88,11.88,11.88,4469583
1663740000,11.82,11.82,11.82,11.82,885648
1663743600,11.81,12.03,11.71,11.79,49068572
1663747200,11.79,12.01,11.75,11.93,27219272
1663750800,11.93,12.08,11.74,11.79,20338005
1663754400,11.79,11.82,11.62,11.78,16578950
1663758000,11.78,11.9,11.67,11.7,10622739
1663761600,11.7,11.82,11.56,11.72,15798241
1663765200,11.72,11.75,11.57,11.75,13337311
1663768800,11.74,11.77,11.52,11.54,17015594
1663772400,11.54,11.54,11.52,11.52,2372838
1663826400,11.6,11.6,11.6,11.6,832872
1663830000,11.6,11.77,11.37,11.74,47313379
1663833600,11.74,11.82,11.63,11.72,23490293
1663837200,11.72,11.77,11.67,11.76,9261802
1663840800,11.76,11.81,11.73,11.76,15486527
1663844400,11.76,11.99,11.62,11.69,47105204
1663848000,11.69,11.79,11.65,11.71,26400053
1663851600,11.7,11.76,11.61,11.62,17691164
1663855200,11.62,11.67,11.44,11.62,33097857
1663858800,11.62,11.62,11.62,11.62,2662952
1663912800,11.62,11.62,11.62,11.62,622460
1663916400,11.62,11.73,11.47,11.67,30066235
1663920000,11.67,11.69,11.56,11.6,9541551
1663923600,11.6,11.61,11.49,11.5,12350555
1663927200,11.51,11.52,11.36,11.39,16521388
1663930800,11.39,11.47,11.34,11.44,17242548
1663934400,11.43,11.45,11.25,11.31,11139507
1663938000,11.3,11.41,11.3,11.33,13493175
1663941600,11.33,11.35,11.26,11.29,17195647
1663945200,11.28,11.28,11.28,11.28,2447091
1664172000,11.2,11.2,11.2,11.2,261956
1664175600,11.2,11.32,11.1,11.13,21530289
1664179200,11.13,11.16,11.03,11.03,17157479
1664182800,11.03,11.05,10.73,10.9,24852267
1664186400,10.89,10.92,10.81,10.85,9613736
1664190000,10.85,10.88,10.78,10.8,9101592
1664193600,10.8,10.89,10.77,10.83,12192958
1664197200,10.82,10.89,10.77,10.84,11738256
1664200800,10.84,11.36,10.8,11.34,57178257
1664204400,11.34,11.35,11.34,11.35,4080552
1664258400,11.42,11.42,11.42,11.42,1061143
1664262000,11.43,11.63,11.32,11.56,41454693
1664265600,11.55,11.91,11.55,11.87,35274902
1664269200,11.87,11.91,11.81,11.89,17972374
1664272800,11.9,12.02,11.89,11.98,19079202
1664276400,11.99,12.34,11.98,12.09,36580544
1664280000,12.09,12.1,11.93,11.95,21044823
1664283600,11.95,12.04,11.84,11.87,17177531
1664287200,11.88,11.97,11.71,11.82,23962021
1664290800,11.82,11.82,11.82,11.82,2748638
1664344800,11.74,11.74,11.74,11.74,512057
1664348400,11.73,11.84,11.55,11.78,36172983
1664352000,11.77,12.05,11.77,11.88,42414687
1664355600,11.88,11.92,11.73,11.85,16357340
1664359200,11.85,11.92,11.82,11.83,13951574
1664362800,11.83,11.88,11.63,11.67,21820191
1664366400,11.66,11.74,11.58,11.73,19395150
1664370000,11.73,11.76,11.54,11.65,17127043
1664373600,11.66,11.68,11.44,11.48,21823440
1664377200,11.42,11.42,11.42,11.42,4875500
1664431200,11.53,11.53,11.53,11.53,613777
1664434800,11.53,11.7,11.5,11.61,30951145
1664438400,11.6,11.6,11.29,11.3,18249193
1664442000,11.3,11.49,11.27,11.46,10975926
1664445600,11.47,11.54,11.39,11.53,8687975
1664449200,11.53,11.62,11.44,11.46,14485041
1664452800,11.46,11.59,11.37,11.38,13883408
1664456400,11.38,11.73,11.29,11.3,35662726
1664460000,11.3,11.32,10.96,11.26,36602056
1664463600,11.26,11.26,11.26,11.26,2930073
1664517600,11.28,11.28,11.28,11.28,657896
1664521200,11.28,11.41,11.26,11.37,17357612
1664524800,11.37,11.42,11.19,11.23,10537173
1664528400,11.23,11.3,11.09,11.19,13713049
1664532000,11.2,11.24,11.17,11.17,4722685
1664535600,11.17,11.29,11.16,11.28,10891668
1664539200,11.28,11.5,11.23,11.33,26351728
1664542800,11.33,11.54,11.21,11.36,27443088
1664546400,11.36,11.4,11.25,11.3,21607758
1664550000,11.29,11.29,11.29,11.29,7197624
1664776800,11.35,11.35,11.35,11.35,1159794
1664780400,11.36,11.45,11.29,11.42,34592051
1664784000,11.42,11.55,11.39,11.51,20033750
1664787600,11.5,11.64,11.49,11.6,19045834
1664791200,11.6,11.75,11.57,11.72,14747993
1664794800,11.71,11.79,11.68,11.75,12791621
1664798400,11.75,11.85,11.71,11.81,12403142
1664802000,11.81,12.11,11.8,12.11,23558558
1664805600,12.11,12.41,12.09,12.41,34622559
1664809200,12.41,12.41,12.41,12.41,716699
1664863200,12.85,12.85,12.85,12.85,2829725
1664866800,12.85,13.13,12.57,12.9,102315087
1664870400,12.91,12.92,12.59,12.61,40566178
1664874000,12.61,12.72,12.48,12.61,25008062
1664877600,12.61,12.62,12.48,12.49,17655788
1664881200,12.49,12.63,12.48,12.57,17826411
1664884800,12.58,12.83,12.55,12.73,31706292
1664888400,12.74,12.76,12.58,12.59,26297573
1664892000,12.59,12.66,12.35,12.39,44991086
1664895600,12.38,12.38,12.38,12.38,3905043
1664949600,12.5,12.5,12.5,12.5,927434
1664953200,12.5,12.52,12.2,12.34,38177695
1664956800,12.33,12.36,12.07,12.08,27259385
1664960400,12.09,12.19,12.07,12.16,11208410
1664964000,12.17,12.32,12.15,12.24,11795596
1664967600,12.23,12.51,12.23,12.35,32241236
1664971200,12.35,12.35,12.2,12.26,11059249
1664974800,12.26,12.28,12.04,12.09,18786296
1664978400,12.09,12.43,12.07,12.36,24742910
1664982000,12.37,12.37,12.37,12.37,5900657
1665036000,12.54,12.54,12.54,12.54,1822377
1665039600,12.54,12.77,12.45,12.71,59703474
1665043200,12.71,12.74,12.61,12.73,19865094
1665046800,12.73,12.75,12.68,12.7,11142960
1665050400,12.7,12.74,12.65,12.72,11152768
1665054000,12.71,12.8,12.67,12.68,19413849
1665057600,12.68,12.78,12.66,12.73,16602775
1665061200,12.73,12.77,12.68,12.73,12954795
1665064800,12.72,12.91,12.6,12.86,40942468
1665068400,12.9,12.9,12.9,12.9,4934340
1665122400,12.9,12.9,12.9,12.9,813756
1665126000,12.9,12.9,12.67,12.74,28872281
1665129600,12.74,12.88,12.72,12.78,24428707
1665133200,12.78,12.83,12.74,12.81,11135376
1665136800,12.81,12.83,12.75,12.76,5067943
1665140400,12.77,12.85,12.72,12.82,8005218
1665144000,12.83,13.05,12.69,12.76,38184729
1665147600,12.75,12.87,12.71,12.82,23468950
1665151200,12.82,12.96,12.78,12.89,21131835
1665154800,12.86,12.86,12.86,12.86,1680771
1665381600,12.89,12.89,12.89,12.89,712804
1665385200,12.9,13.04,12.78,12.94,27890399
1665388800,12.93,12.95,12.84,12.86,13647157
1665392400,12.86,12.9,12.82,12.83,6169984
1665396000,12.83,12.84,12.78,12.8,12815059
1665399600,12.79,12.86,12.74,12.85,18756792
1665403200,12.85,12.9,12.79,12.89,15521472
1665406800,12.9,12.97,12.86,12.89,15199643
1665410400,12.89,12.91,12.73,12.8,17384374
1665414000,12.79,12.79,12.79,12.79,3098573
1665468000,12.86,12.86,12.86,12.86,1337116
1665471600,12.85,12.91,12.76,12.84,30415637
1665475200,12.85,12.9,12.83,12.85,17995510
1665478800,12.85,12.87,12.81,12.81,6833502
1665482400,12.82,12.83,12.74,12.78,10498052
1665486000,12.78,12.92,12.77,12.88,22097454
1665489600,12.88,13.04,12.85,12.99,38142756
1665493200,12.98,13.17,12.95,12.97,51875092
1665496800,12.96,13.23,12.89,13.04,61241091
1665500400,13.06,13.06,13.06,13.06,3886621
1665554400,13.06,13.06,13.06,13.06,1024879
1665558000,13.06,13.09,12.89,13.07,42681533
1665561600,13.07,13.11,12.97,13.09,22155136
1665565200,13.09,13.12,13.03,13.03,9209925
1665568800,13.03,13.04,12.89,12.93,15886412
1665572400,12.93,12.99,12.92,12.96,14168782
1665576000,12.96,12.98,12.86,12.88,12041801
1665579600,12.87,12.98,12.82,12.94,17079437
1665583200,12.93,12.98,12.84,12.85,24577549
1665586800,12.93,12.93,12.93,12.93,7799700
1665640800,12.94,12.94,12.94,12.94,555766
1665644400,12.94,13.01,12.94,12.97,23347152
1665648000,12.97,13.03,12.92,13.02,35518722
1665651600,13.02,13.04,12.95,12.96,13716753
1665655200,12.96,13.05,12.95,13.04,9543678
1665658800,13.04,13.08,13.02,13.05,15283473
1665662400,13.05,13.06,12.87,12.92,33681496
1665666000,12.92,12.97,12.82,12.87,19297351
1665669600,12.86,13.06,12.85,13.01,45629349
1665673200,13.01,13.01,13.01,13.01,3371846
1665727200,13.4,13.4,13.4,13.4,4672099
1665730800,13.41,13.58,13.38,13.58,62100575
1665734400,13.57,13.63,13.39,13.41,33660094
1665738000,13.4,13.49,13.4,13.45,10507642
1665741600,13.45,13.52,13.44,13.49,10897104
1665745200,13.5,13.5,13.37,13.37,11439664
1665748800,13.37,13.51,13.31,13.49,24398912
1665752400,13.49,13.57,13.46,13.5,25386364
1665756000,13.49,13.5,13.34,13.48,20564852
1665759600,13.5,13.5,13.5,13.5,4826441
1665986400,13.6,13.6,13.6,13.6,2725420
1665990000,13.61,14.41,13.61,14.37,62034517
1665993600,14.37,14.85,14.26,14.85,33815688
1665997200,14.85,14.85,14.85,14.85,3047262
1666000800,14.85,14.85,14.85,14.85,889836
1666004400,14.85,14.85,14.85,14.85,713447
1666008000,14.85,14.85,14.85,14.85,443319
1666011600,14.85,14.85,14.85,14.85,273183
1666015200,14.85,14.85,14.85,14.85,1069272
1666018800,14.85,14.85,14.85,14.85,1190556
1666072800,15.91,15.91,15.91,15.91,6986877
1666076400,15.9,15.95,15.47,15.55,84241653
1666080000,15.55,15.61,15.17,15.46,44674350
1666083600,15.46,15.46,15.1,15.21,20057567
1666087200,15.21,15.36,15.06,15.3,25293934
1666090800,15.31,15.63,15.29,15.34,26876878
1666094400,15.33,15.43,15.1,15.2,36131613
1666098000,15.21,15.25,15.04,15.18,33985002
1666101600,15.19,15.24,14.79,15.06,50157982
1666105200,15.07,15.09,15.07,15.09,3888780
1666159200,15.22,15.22,15.22,15.22,2089147
1666162800,15.23,15.53,14.98,15,59850895
1666166400,15,15.36,14.94,15.28,36622303
1666170000,15.28,15.43,15.19,15.4,24070975
1666173600,15.39,15.53,15.3,15.45,23352025
1666177200,15.45,15.9,15.43,15.76,72965450
1666180800,15.76,15.77,15.5,15.54,33244035
1666184400,15.54,15.55,15.12,15.23,41457212
1666188000,15.23,15.86,15.19,15.73,74650403
1666191600,15.73,15.73,15.71,15.71,4413710
1666245600,15.69,15.69,15.69,15.69,1574718
1666249200,15.69,16.13,15.51,16.08,87610802
1666252800,16.07,16.08,15.78,15.92,32374730
1666256400,15.93,16.02,15.86,15.97,12811522
1666260000,15.96,16.07,15.9,16.04,16410062
1666263600,16.04,16.15,15.76,16.12,64047309
1666267200,16.12,16.14,15.87,15.89,26907116
1666270800,15.89,16.01,15.8,15.92,24381099
1666274400,15.91,16.1,15.56,15.71,61499573
1666278000,15.71,15.75,15.71,15.75,5249928
1666332000,15.78,15.78,15.78,15.78,570435
1666335600,15.78,15.87,15.64,15.67,33793730
1666339200,15.67,15.68,15.52,15.67,22889056
1666342800,15.68,15.72,15.6,15.66,6949667
1666346400,15.67,15.79,15.6,15.61,14461226
1666350000,15.6,15.71,15.56,15.66,9905834
1666353600,15.66,15.66,15.55,15.6,10494591
1666357200,15.59,15.9,15.59,15.74,32118827
1666360800,15.74,15.84,15.54,15.58,21143251
1666364400,15.58,15.58,15.55,15.55,4466250
1666591200,15.71,15.71,15.71,15.71,1136786
1666594800,15.72,15.97,15.62,15.66,36476762
1666598400,15.66,15.68,15.33,15.34,18666527
1666602000,15.35,15.45,15.27,15.44,11513167
1666605600,15.44,15.51,15.4,15.46,6929265
1666609200,15.47,15.65,15.47,15.59,15627200
1666612800,15.59,15.79,15.53,15.71,20868710
1666616400,15.71,15.76,15.65,15.66,17041458
1666620000,15.66,15.67,15.45,15.49,23432037
1666623600,15.46,15.46,15.46,15.46,4575325
1666677600,15.56,15.56,15.56,15.56,1220456
1666681200,15.56,15.7,15.46,15.67,40775496
1666684800,15.67,15.89,15.66,15.81,31391003
1666688400,15.81,15.82,15.66,15.77,21033049
1666692000,15.77,15.81,15.71,15.78,10234322
1666695600,15.79,15.89,15.68,15.7,26431024
1666699200,15.69,15.71,15.41,15.49,34661883
1666702800,15.5,15.61,15.47,15.59,26634279
1666706400,15.58,15.59,15.44,15.48,29172183
1666710000,15.52,15.52,15.52,15.52,5943152
1666764000,15.68,15.68,15.68,15.68,2184276
1666767600,15.68,15.94,15.68,15.8,57672961
1666771200,15.79,15.85,15.78,15.82,19124249
1666774800,15.82,15.89,15.75,15.85,21613544
1666778400,15.84,15.87,15.79,15.83,11620384
1666782000,15.83,15.9,15.8,15.81,13324245
1666785600,15.82,15.82,15.62,15.77,29851512
1666789200,15.77,15.86,15.63,15.65,33684974
1666792800,15.65,15.85,15.64,15.79,30405945
1666796400,15.79,15.79,15.78,15.78,6115132
1666850400,15.7,15.7,15.7,15.7,4501767
1666854000,15.69,15.74,15.34,15.38,74608925
1666857600,15.37,15.39,15.27,15.38,28932520
1666861200,15.38,15.44,15.3,15.32,18134460
1666864800,15.32,15.5,15.31,15.4,22606779
1666868400,15.4,15.43,15.35,15.37,10303994
1666872000,15.36,15.4,15.32,15.39,9244257
1666875600,15.38,15.47,15.28,15.29,24186484
1666879200,15.29,15.31,15.17,15.21,42733798
1666882800,15.21,15.23,15.21,15.23,4664567
1666936800,15.22,15.22,15.22,15.22,640820
1666940400,15.21,15.32,15.1,15.14,30867279
1666944000,15.13,15.27,14.76,14.77,60715391
1666947600,14.77,14.9,14.65,14.68,29073008
1667196000,14.79,14.79,14.79,14.79,1170489
1667199600,14.78,14.8,14.2,14.29,46269889
1667203200,14.29,14.66,14.29,14.56,33288373
1667206800,14.56,14.63,14.4,14.44,15739959
1667210400,14.44,14.53,14.42,14.47,14622150
1667214000,14.48,14.59,14.4,14.42,15700935
1667217600,14.41,14.53,14.37,14.51,15776335
1667221200,14.51,14.74,14.5,14.72,37146025
1667224800,14.72,14.83,14.55,14.6,46173458
1667228400,14.62,14.62,14.62,14.62,10917963
1667282400,14.76,14.76,14.76,14.76,1028339
1667286000,14.77,15.1,14.66,15.1,61248722
1667289600,15.09,15.21,15.02,15.05,28021789
1667293200,15.05,15.21,15,15.08,16286506
1667296800,15.07,15.14,15.03,15.09,12495275
1667300400,15.09,15.14,14.99,15.02,10044386
1667304000,15.02,15.11,14.98,15,10427022
1667307600,14.99,15,14.66,14.68,34442510
1667311200,14.67,14.72,14.49,14.54,33792266
1667314800,14.54,14.55,14.54,14.55,3894682
1667368800,14.58,14.58,14.58,14.58,794402
1667372400,14.58,14.65,14.46,14.48,26084957
1667376000,14.48,14.67,14.47,14.5,27957395
1667379600,14.51,14.61,14.48,14.59,16610987
1667383200,14.58,14.63,14.56,14.59,7541786
1667386800,14.59,14.65,14.54,14.56,8273746
1667390400,14.56,14.67,14.5,14.64,22002845
1667394000,14.64,14.72,14.47,14.5,23238722
1667397600,14.5,14.54,14.39,14.47,21732011
1667401200,14.45,14.45,14.45,14.45,2351644
1667455200,14.42,14.42,14.42,14.42,703102
1667458800,14.42,14.57,14.27,14.28,34042052
1667462400,14.27,14.43,14.25,14.43,18454789
1667466000,14.43,14.49,14.37,14.45,12546995
1667469600,14.45,14.46,14.35,14.39,8379739
1667473200,14.39,14.39,14.33,14.36,5895020
1667476800,14.37,14.37,14.17,14.25,18074909
1667480400,14.25,14.29,14.23,14.28,9503925
1667484000,14.28,14.29,14.14,14.23,19551691
1667487600,14.23,14.23,14.19,14.19,4873252
1667541600,14.32,14.32,14.32,14.32,1736006
1667545200,14.32,14.37,14.15,14.2,22096235
1667548800,14.2,14.35,14.19,14.33,21638759
1667552400,14.33,14.34,14.21,14.27,14971432
1667556000,14.27,14.32,14.25,14.28,9179797
1667559600,14.28,14.29,14.22,14.26,5579009
1667563200,14.25,14.64,14.24,14.63,43248971
1667566800,14.63,14.7,14.5,14.59,33080373
1667570400,14.59,14.61,14.46,14.57,21085296
1667574000,14.57,14.57,14.57,14.57,2138011
1667800800,14.77,14.77,14.77,14.77,1514277
1667804400,14.77,15.02,14.76,14.94,43299769
1667808000,14.94,15.06,14.91,15.03,22517993
1667811600,15.03,15.14,15.01,15.11,24826689
1667815200,15.1,15.26,15.07,15.13,26156492
1667818800,15.13,15.32,15.08,15.14,20309969
1667822400,15.14,15.28,15.09,15.27,16395298
1667826000,15.28,15.29,15.17,15.25,13942229
1667829600,15.26,15.3,15.15,15.19,21088470
1667833200,15.24,15.24,15.24,15.24,2628863
1667887200,15.29,15.29,15.29,15.29,794484
1667890800,15.29,15.45,15.01,15.44,48142518
1667894400,15.42,15.59,15.37,15.4,28299484
1667898000,15.4,15.43,15.33,15.4,9852697
1667901600,15.4,15.46,15.37,15.42,12667177
1667905200,15.41,15.56,15.41,15.43,16998077
1667908800,15.44,15.45,15.32,15.43,25281676
1667912400,15.44,15.49,15.38,15.44,19697501
1667916000,15.45,15.45,14.98,15.21,37881867
1667919600,15.21,15.21,15.21,15.21,2371357
1667973600,15.24,15.24,15.24,15.24,533137
1667977200,15.24,15.3,15.15,15.16,20719174
1667980800,15.16,15.3,15.09,15.28,23571523
1667984400,15.27,15.28,15.11,15.14,12092279
1667988000,15.15,15.21,15.12,15.17,7100619
1667991600,15.17,15.3,15.16,15.29,16310407
1667995200,15.29,15.38,15.01,15.06,36092363
1667998800,15.06,15.09,14.86,14.95,30358504
1668002400,14.94,15.02,14.85,14.89,18042293
1668006000,14.89,14.89,14.89,14.89,4372773
1668060000,14.95,14.95,14.95,14.95,1060189
1668063600,14.96,15.11,14.94,14.99,21250884
1668067200,14.99,15.06,14.95,14.99,8398539
1668070800,14.99,15.12,14.94,15.1,14349227
1668074400,15.1,15.17,15.09,15.15,16382356
1668078000,15.16,15.26,15.14,15.15,19134189
1668081600,15.15,15.15,15.03,15.1,16428329
1668085200,15.11,15.4,15,15.39,49374851
1668088800,15.38,15.53,15.34,15.41,38482771
1668092400,15.41,15.43,15.41,15.43,3820953
1668146400,15.8,15.8,15.8,15.8,3075277
1668150000,15.81,15.89,15.55,15.57,38466077
1668153600,15.57,15.58,15.44,15.51,18346069
1668157200,15.5,15.51,15.3,15.39,11924955
1668160800,15.39,15.53,15.35,15.44,9917999
1668164400,15.44,15.51,15.34,15.36,9142382
1668168000,15.36,15.37,15.21,15.24,17845001
1668171600,15.25,15.33,15.18,15.24,9968950
1668175200,15.24,15.27,14.89,15,26021929
1668178800,15.01,15.01,14.98,14.98,5242792
1668405600,15.04,15.04,15.04,15.04,1024942
1668409200,15.04,15.1,14.9,15.08,30183826
1668412800,15.08,15.15,15.02,15.08,19248952
1668416400,15.08,15.11,14.91,15.05,20972560
1668420000,15.06,15.09,14.97,15,10288145
1668423600,15.01,15.03,14.95,14.98,12037948
1668427200,14.99,15.1,14.97,15.06,17865397
1668430800,15.06,15.1,15.01,15.08,16823777
1668434400,15.07,15.22,15.02,15.2,32496481
1668438000,15.23,15.23,15.23,15.23,3072734
1668492000,15.4,15.4,15.4,15.4,1713146
1668495600,15.4,15.5,15.33,15.48,33912830
1668499200,15.49,15.73,15.14,15.41,80826896
1668502800,15.41,15.6,15.13,15.5,39644676
1668506400,15.5,15.74,15.49,15.67,36958174
1668510000,15.68,15.79,15.6,15.64,36353233
1668513600,15.64,15.8,15.62,15.71,22533821
1668517200,15.72,15.8,15.6,15.67,21488048
1668520800,15.67,16.2,15.56,16.2,65557090
1668524400,16.19,16.19,16.18,16.19,5712325
1668578400,16.25,16.25,16.25,16.25,2744900
1668582000,16.25,16.8,15.96,16.65,96400892
1668585600,16.65,17.49,16.57,17.25,79192688
1668589200,17.24,17.45,17.16,17.27,31453726
1668592800,17.27,17.42,17.18,17.33,21109032
1668596400,17.33,17.34,16.95,17.28,42239219
1668600000,17.28,17.29,16.76,17.08,44418332
1668603600,17.07,17.29,16.88,17.15,34952690
1668607200,17.15,17.36,16.56,16.63,49882616
1668610800,16.63,16.67,16.6,16.67,5537367
1668664800,16.78,16.78,16.78,16.78,1791296
1668668400,16.78,16.89,15.95,16.4,65103049
1668672000,16.4,16.52,15.95,16.22,37846377
1668675600,16.21,16.25,16.06,16.08,18271571
1668679200,16.08,16.09,15.92,15.99,17409669
1668682800,15.99,16.15,15.95,16.03,17560671
1668686400,16.03,16.08,15.94,15.94,14007523
1668690000,15.94,16.01,15.73,15.74,22557300
1668693600,15.73,15.95,15.65,15.66,35585563
1668697200,15.66,15.66,15.55,15.55,5580662
1668751200,15.65,15.65,15.65,15.65,716822
1668754800,15.66,16,15.64,15.98,38978943
1668758400,15.98,16.38,15.98,16.25,37176673
1668762000,16.24,16.3,16.15,16.2,14403677
1668765600,16.21,16.37,16.1,16.21,19003766
1668769200,16.21,16.32,16.1,16.24,19281342
1668772800,16.24,16.3,16.06,16.21,17056915
1668776400,16.21,16.26,16.14,16.2,12892046
1668780000,16.21,16.23,15.99,16.21,23587402
1668783600,16.22,16.25,16.22,16.25,2522059
1669010400,16.4,16.4,16.4,16.4,1336566
1669014000,16.41,16.56,16.29,16.33,26349289
1669017600,16.32,16.34,16.11,16.23,21802308
1669021200,16.22,16.25,16.11,16.22,13558708
1669024800,16.22,16.24,16.09,16.1,18033623
1669028400,16.1,16.2,15.96,16.12,22356340
1669032000,16.13,16.16,16.03,16.04,6580667
1669035600,16.04,16.18,16.03,16.16,10092300
1669039200,16.17,16.53,16.06,16.51,58763749
1669042800,16.53,16.53,16.53,16.53,4566384
1669096800,16.75,16.75,16.75,16.75,1929426
1669100400,16.75,16.79,16.43,16.58,38631067
1669104000,16.58,16.63,16.38,16.46,27928536
1669107600,16.45,16.64,16.44,16.61,18059391
1669111200,16.61,16.68,16.55,16.58,17058087
1669114800,16.59,16.76,16.56,16.76,28310644
1669118400,16.75,16.98,16.75,16.89,60422637
1669122000,16.89,17.07,16.78,16.93,30148406
1669125600,16.95,17.03,16.79,16.97,23707088
1669129200,16.97,16.97,16.97,16.97,4417782
1669183200,17.01,17.01,17.01,17.01,1488924
1669186800,17.01,17.19,16.81,17.08,50319256
1669190400,17.08,17.26,16.95,17.12,36699489
1669194000,17.12,17.25,17.11,17.14,19537682
1669197600,17.13,17.21,17.05,17.2,16503500
1669201200,17.2,17.35,17.2,17.33,37194507
1669204800,17.33,17.36,17.23,17.34,21122204
1669208400,17.34,17.54,17.3,17.48,39215015
1669212000,17.49,17.78,17.49,17.67,39265276
1669215600,17.63,17.63,17.63,17.63,3693868
1669269600,17.75,17.75,17.75,17.75,1829878
1669273200,17.75,17.87,17.63,17.65,37005000
1669276800,17.66,17.78,17.58,17.6,23633365
1669280400,17.6,17.64,17.47,17.59,20016649
1669284000,17.59,17.7,17.52,17.69,18004381
1669287600,17.7,17.87,17.51,17.62,61077638
1669291200,17.62,17.78,17.54,17.69,32738218
1669294800,17.7,17.7,17.05,17.14,52082201
1669298400,17.13,17.43,17.11,17.22,29798957
1669302000,17.21,17.21,17.2,17.2,6672437
1669356000,17,17,17,17,1472042
1669359600,17,17.11,16.92,16.97,33675743
1669363200,16.96,17.15,16.92,16.98,23395369
1669366800,16.98,17.04,16.87,16.94,10417949
1669370400,16.94,17.09,16.91,17.06,12672872
1669374000,17.07,17.08,16.94,16.96,10236395
1669377600,16.96,17.27,16.95,17.03,25772397
1669381200,17.03,17.12,16.94,16.98,9448827
1669384800,16.98,17.01,16.8,16.82,21591362
1669388400,16.82,16.82,16.82,16.82,2299140
1669615200,16.93,16.93,16.93,16.93,853514
1669618800,16.94,17.25,16.88,17.18,42761395
1669622400,17.18,17.46,17.15,17.39,34252848
1669626000,17.4,17.46,17.27,17.39,14625253
1669629600,17.39,17.56,17.39,17.54,18141753
1669633200,17.55,17.58,17.44,17.51,16884274
1669636800,17.52,17.57,17.44,17.51,15309212
1669640400,17.51,17.69,17.5,17.68,21985614
1669644000,17.68,17.7,17.41,17.44,22191656
1669647600,17.49,17.49,17.49,17.49,2912813
1669701600,17.59,17.59,17.59,17.59,1418285
1669705200,17.58,17.7,17.15,17.34,50542664
1669708800,17.34,17.6,17.3,17.56,25992111
1669712400,17.57,17.62,17.43,17.5,14252565
1669716000,17.51,17.56,17.39,17.51,10912236
1669719600,17.51,17.64,17.43,17.48,13978745
1669723200,17.48,17.5,17.4,17.44,8624151
1669726800,17.44,17.57,17.34,17.57,15443803
1669730400,17.57,17.75,17.56,17.63,27840754
1669734000,17.63,17.66,17.63,17.66,2365807
1669788000,17.7,17.7,17.7,17.7,741807
1669791600,17.7,17.82,17.62,17.79,29294793
1669795200,17.79,17.85,17.76,17.81,16648638
1669798800,17.82,17.88,17.77,17.82,22576852
1669802400,17.83,17.83,17.73,17.73,14096609
1669806000,17.73,17.8,17.61,17.77,20526232
1669809600,17.76,17.88,17.69,17.82,23508990
1669813200,17.82,17.85,17.65,17.69,20137561
1669816800,17.68,17.68,17.37,17.53,39143674
1669820400,17.31,17.31,17.31,17.31,24630808
1669874400,17.65,17.65,17.65,17.65,2858173
1669878000,17.65,17.7,17.49,17.51,37378571
1669881600,17.5,17.52,17.39,17.45,23527506
1669885200,17.44,17.54,17.42,17.52,18359804
1669888800,17.51,17.53,17.41,17.45,13855079
1669892400,17.44,17.46,17.32,17.46,22471209
1669896000,17.46,17.46,17.34,17.34,14807391
1669899600,17.35,17.4,17.2,17.2,16809067
1669903200,17.2,17.45,17.14,17.44,27341924
1669906800,17.43,17.43,17.43,17.43,3467507
1669960800,17.44,17.44,17.44,17.44,464374
1669964400,17.43,17.49,17.32,17.44,20844733
1669968000,17.44,17.49,17.24,17.31,16125715
1669971600,17.31,17.35,17.16,17.2,12229197
1669975200,17.19,17.26,17.15,17.23,8796264
1669978800,17.23,17.28,17.17,17.2,6743657
1669982400,17.2,17.22,17.08,17.1,11465296
1669986000,17.1,17.12,16.88,16.91,22724430
1669989600,16.91,16.98,16.65,16.86,31425645
1669993200,16.86,16.86,16.86,16.86,2003456
1670220000,16.95,16.95,16.95,16.95,733993
1670223600,16.96,16.99,16.8,16.87,26086490
1670227200,16.86,16.9,16.72,16.89,14983802
1670230800,16.88,17.02,16.81,16.89,18980418
1670234400,16.9,16.95,16.85,16.89,13135910
1670238000,16.89,16.9,16.75,16.77,14391171
1670241600,16.77,16.86,16.75,16.78,27780227
1670245200,16.78,16.78,16.44,16.49,30386136
1670248800,16.49,16.49,16.27,16.28,50791955
1670252400,16.29,16.29,16.28,16.28,5454636
1670306400,16.36,16.36,16.36,16.36,625814
1670310000,16.35,16.52,16.25,16.44,46539529
1670313600,16.44,16.59,16.32,16.39,54926273
1670317200,16.38,16.58,16.33,16.39,38674451
1670320800,16.38,16.41,16.23,16.34,24215163
1670324400,16.33,16.38,16.09,16.3,34451349
1670328000,16.3,16.35,16.21,16.26,15114690
1670331600,16.26,16.32,16.2,16.31,14428223
1670335200,16.3,16.38,16.21,16.25,34395804
1670338800,16.23,16.23,16.23,16.23,7026786
1670392800,16.26,16.26,16.26,16.26,1114819
1670396400,16.26,16.35,16.21,16.33,35893667
1670400000,16.32,16.44,16.29,16.36,28743849
1670403600,16.36,16.44,16.29,16.33,14717476
1670407200,16.33,16.44,16.33,16.37,15712578
1670410800,16.38,16.43,16.34,16.35,11063803
1670414400,16.35,16.36,16.23,16.26,16645539
1670418000,16.26,16.26,15.92,16,37199742
1670421600,15.99,15.99,15.58,15.75,54718976
1670425200,15.75,15.75,15.75,15.75,4787775
1670479200,15.76,15.76,15.76,15.76,775969
1670482800,15.77,16.08,15.67,16.07,33769151
1670486400,16.08,16.12,15.95,15.97,19877581
1670490000,15.96,16.06,15.82,15.84,11923623
1670493600,15.84,15.85,15.66,15.69,18427103
1670497200,15.69,15.91,15.56,15.9,32682538
1670500800,15.9,16.17,15.84,16.14,32667790
1670504400,16.13,16.3,16.08,16.19,31260670
1670508000,16.19,16.26,16.13,16.17,19007155
1670511600,16.24,16.24,16.24,16.24,3921043
1670565600,16.25,16.25,16.25,16.25,608640
1670569200,16.25,16.39,16.19,16.35,28652159
1670572800,16.35,16.36,16.16,16.17,15212856
1670576400,16.16,16.19,16.11,16.16,11428001
1670580000,16.15,16.31,16.13,16.25,11655018
1670583600,16.25,16.36,16.2,16.35,16506938
1670587200,16.36,16.36,16.26,16.29,12149982
1670590800,16.29,16.33,16.18,16.29,19958847
1670594400,16.29,16.7,16.26,16.68,48865190
1670598000,16.67,16.67,16.67,16.67,2707152
1670824800,16.67,16.67,16.67,16.67,1440919
1670828400,16.68,16.87,16.44,16.86,54340772
1670832000,16.86,16.98,16.77,16.97,26256192
1670835600,16.97,17.4,16.96,17.28,58257114
1670839200,17.28,17.57,17.24,17.56,37320660
1670842800,17.57,17.62,17.44,17.51,28109263
1670846400,17.51,17.56,17.33,17.37,21829406
1670850000,17.37,17.7,17.27,17.65,43927753
1670853600,17.64,17.67,17.34,17.35,35353131
1670857200,17.34,17.34,17.34,17.34,5269228
1670911200,17.35,17.35,17.35,17.35,854567
1670914800,17.35,17.47,17.21,17.24,41312191
1670918400,17.23,17.32,17.14,17.27,20328475
1670922000,17.26,17.45,17.17,17.43,17658195
1670925600,17.44,17.68,17.43,17.6,38868725
1670929200,17.61,17.75,17.58,17.65,25326148
1670932800,17.65,17.73,17.45,17.48,22482060
1670936400,17.48,17.78,17.46,17.63,54023396
1670940000,17.62,17.74,17.45,17.46,31177388
1670943600,17.46,17.46,17.46,17.46,2473003
1670997600,17.54,17.54,17.54,17.54,318938
1671001200,17.53,18.01,17.45,17.99,61041375
1671004800,17.99,18.26,17.75,18.11,76995045
1671008400,18.13,18.27,18.05,18.13,32553295
1671012000,18.13,18.21,17.97,18.04,43744180
1671015600,18.05,18.05,17.75,17.83,41730414
1671019200,17.83,17.91,17.55,17.91,30778818
1671022800,17.91,18.04,17.84,17.88,26603264
1671026400,17.88,17.9,16.9,17.3,48726796
1671030000,17.29,17.29,17.29,17.29,2364703
1671084000,17.81,17.81,17.81,17.81,1799764
1671087600,17.8,18.04,17.69,17.9,56240662
1671091200,17.91,18.43,17.89,18.27,57810054
1671094800,18.28,18.44,18.25,18.29,40578493
1671098400,18.29,18.33,18.15,18.27,18957550
1671102000,18.28,18.38,18.15,18.28,26125392
1671105600,18.28,18.32,17.78,18.05,42383371
1671109200,18.05,18.19,17.88,17.89,25827046
1671112800,17.89,18.66,17.82,18.49,50365747
1671116400,18.48,18.5,18.48,18.5,1957251
1671170400,18.66,18.66,18.66,18.66,2146565
1671174000,18.67,19,18.66,18.72,58051820
1671177600,18.72,18.92,18.6,18.81,33492229
1671181200,18.81,19.33,18.65,19.22,48680801
1671184800,19.22,19.32,19.13,19.2,24717321
1671188400,19.21,19.22,19.01,19.16,15344325
1671192000,19.17,19.18,18.9,19.1,22710640
1671195600,19.09,19.14,18.6,18.73,31630430
1671199200,18.73,18.9,18.55,18.68,34842409
1671202800,18.65,18.65,18.65,18.65,7924132
1671429600,18.97,18.97,18.97,18.97,1439252
1671433200,18.98,19.94,18.98,19.66,64599951
1671436800,19.66,20.24,19.54,20.22,55403147
1671440400,20.22,20.48,20.18,20.38,46013573
1671444000,20.38,20.46,20.32,20.42,21797994
1671447600,20.42,20.46,20.32,20.42,13834082
1671451200,20.42,20.5,20.4,20.44,37306337
1671454800,20.46,20.5,20.2,20.4,40124438
1671458400,20.4,20.5,20.38,20.5,32739203
1671462000,20.5,20.5,20.5,20.5,778691
1671516000,20.5,20.5,20.5,20.5,2814605
1671519600,20.5,20.5,19.48,19.69,80768213
1671523200,19.69,19.93,19.51,19.87,30789199
1671526800,19.86,19.95,19.67,19.77,13259627
1671530400,19.76,19.78,19.56,19.64,9748254
1671534000,19.64,19.75,19.56,19.67,9833510
1671537600,19.67,19.7,19.55,19.59,9598446
1671541200,19.58,20.32,19.53,20,48832665
1671544800,20,20.16,19.73,19.96,34069199
1671548400,20,20,20,20,3088072
1671602400,20.22,20.22,20.22,20.22,1320262
1671606000,20.22,21.4,20.22,20.98,83065133
1671609600,20.98,21.16,20.46,20.74,51436747
1671613200,20.72,20.8,20.2,20.52,25505658
1671616800,20.52,20.54,20.14,20.26,19358120
1671620400,20.24,20.26,20,20.12,18879142
1671624000,20.12,20.26,19.8,19.99,28111202
1671627600,19.97,20.04,19.76,19.98,19261677
1671631200,19.97,20.08,19.76,20,23098672
1671634800,19.95,19.95,19.95,19.95,6315701
1671688800,20.24,20.24,20.24,20.24,1288837
1671692400,20.24,20.4,19.95,20.22,39250659
1671696000,20.22,20.5,20.14,20.3,37101898
1671699600,20.32,20.34,20.16,20.16,15914910
1671703200,20.18,20.28,20.14,20.26,10047762
1671706800,20.24,20.3,20.06,20.18,19810810
1671710400,20.18,20.22,19.94,20,17303752
1671714000,20.02,20.02,19.64,19.77,22049814
1671717600,19.76,19.94,19.59,19.85,30435024
1671721200,19.85,19.85,19.85,19.85,3667495
1671775200,19.86,19.86,19.86,19.86,732390
1671778800,19.87,19.96,19.51,19.63,31139019
1671782400,19.63,20.12,19.62,19.98,27103051
1671786000,19.99,20.14,19.87,20.02,24708548
1671789600,20.02,20.08,19.87,19.95,11869992
1671793200,19.94,20,19.89,19.92,7975352
1671796800,19.92,19.96,19.73,19.79,15928756
1671800400,19.79,19.87,19.67,19.69,15090121
1671804000,19.69,19.79,19.66,19.73,19791873
1671807600,19.72,19.72,19.72,19.72,4047717
1672034400,20.02,20.02,20.02,20.02,1203059
1672038000,20.04,20.3,20,20.06,40004723
1672041600,20.04,20.12,19.97,20.02,14577546
1672045200,20,20.1,20,20.04,5273194
1672048800,20.04,20.06,19.97,20,8173864
1672052400,20,20.08,19.99,20.06,8418431
1672056000,20.04,20.12,19.99,20,8293433
1672059600,20.02,20.06,19.84,19.9,11487386
1672063200,19.89,20.08,19.84,19.92,22195181
1672066800,19.92,19.92,19.92,19.92,2892766
1672120800,20,20,20,20,853087
1672124400,20,20.06,19.82,19.92,20676388
1672128000,19.92,20.02,19.71,19.94,17478337
1672131600,19.93,19.94,19.85,19.89,6637041
1672135200,19.89,20.08,19.86,20.02,14906252
1672138800,20,20.04,19.86,19.92,11862314
1672142400,19.91,20.16,19.83,20.12,20298413
1672146000,20.14,20.2,19.92,19.96,18669565
1672149600,19.95,19.96,19.56,19.62,23393254
1672153200,19.63,19.63,19.63,19.63,3559397
1672207200,19.65,19.65,19.65,19.65,661804
1672210800,19.64,19.73,19.24,19.36,31565632
1672214400,19.37,19.63,19.31,19.58,20481835
1672218000,19.59,19.68,19.52,19.63,14389857
1672221600,19.64,19.65,19.44,19.5,8208604
1672225200,19.5,19.54,19.36,19.45,7591123
1672228800,19.45,19.5,19.31,19.34,8862533
1672232400,19.34,19.34,19.07,19.17,21091919
1672236000,19.16,19.19,18.79,19.13,29745499
1672239600,19.13,19.13,19.13,19.13,2210209
1672293600,19.17,19.17,19.17,19.17,452975
1672297200,19.17,19.45,19.17,19.35,25540062
1672300800,19.36,19.7,19.32,19.57,28752333
1672304400,19.57,19.69,19.49,19.53,11303831
1672308000,19.54,19.6,19.47,19.6,8324760
1672311600,19.59,19.63,19.51,19.54,6306751
1672315200,19.55,19.61,19.5,19.6,8303407
1672318800,19.6,19.84,19.57,19.76,18428497
1672322400,19.75,19.84,19.56,19.67,17532128
1672326000,19.68,19.73,19.68,19.73,1931911
1672380000,19.88,19.88,19.88,19.88,1142936
1672383600,19.89,20.08,19.87,19.91,30515060
1672387200,19.91,19.93,19.65,19.7,20753521
1672390800,19.69,19.76,19.64,19.75,8417398
1672394400,19.74,19.82,19.72,19.74,8032480
1672398000,19.73,19.87,19.71,19.8,9650353
1672401600,19.8,19.81,19.73,19.75,7741033
1672405200,19.76,19.82,19.69,19.78,14638079
1672408800,19.79,19.79,19.51,19.54,29380642
1672412400,19.55,19.55,19.55,19.55,6425007
1672639200,19.7,19.7,19.7,19.7,1460285
1672642800,19.71,19.89,19.67,19.84,35556203
1672646400,19.83,20.16,19.8,20.14,34972626
1672650000,20.14,20.26,20.04,20.16,22447330
1672653600,20.18,20.2,20.08,20.18,8577923
1672657200,20.18,20.2,20.06,20.12,6957135
1672660800,20.12,20.18,20.06,20.1,7252909
1672664400,20.1,20.12,19.97,20.02,11152762
1672668000,20.02,20.12,19.95,20.02,13303421
1672671600,20.02,20.02,20.02,20.02,3176915
1672725600,20.2,20.2,20.2,20.2,1181922
1672729200,20.22,20.26,19.98,20.1,25491532
1672732800,20.08,20.1,19.79,19.8,28027208
1672736400,19.8,19.82,19.72,19.81,19333342
1672740000,19.81,19.83,19.76,19.79,9627674
1672743600,19.79,19.8,19.67,19.7,16797642
1672747200,19.7,19.73,19.62,19.69,20904158
1672750800,19.68,19.72,19.63,19.66,16551843
1672754400,19.66,19.67,19.54,19.57,25912046
1672758000,19.58,19.58,19.58,19.58,3316258
1672812000,19.63,19.63,19.63,19.63,731706
1672815600,19.64,19.97,19.59,19.93,35847692
1672819200,19.93,20.02,19.82,19.92,31418540
1672822800,19.91,20.08,19.9,20.04,28060827
1672826400,20.06,20.06,19.94,19.98,16195588
1672830000,19.99,20.08,19.84,19.84,16254006
1672833600,19.85,20,19.82,19.86,15154370
1672837200,19.85,19.86,19.61,19.64,21795842
1672840800,19.63,19.7,19.33,19.62,30758106
1672844400,19.62,19.65,19.61,19.65,3505646
1672898400,19.89,19.89,19.89,19.89,1287250
1672902000,19.89,19.96,19.52,19.71,40347640
1672905600,19.72,19.81,19.15,19.79,55901689
1672909200,19.78,19.88,19.44,19.65,30578447
1672912800,19.65,19.78,19.64,19.7,11586263
1672916400,19.7,19.72,19.24,19.36,28991301
1672920000,19.36,19.36,18.9,19.02,31804068
1672923600,19.02,19.1,18.82,18.82,8075719
1672927200,18.82,18.84,18.07,18.17,13436195
1672930800,18.06,18.06,18.06,18.06,8105776
1672984800,18.1,18.1,18.1,18.1,1415246
1672988400,18.11,18.49,17.52,18.04,47946546
1672992000,18.04,18.56,18.02,18.43,26467553
1672995600,18.44,18.79,18.39,18.77,15863954
1672999200,18.77,18.85,18.67,18.72,14852529
1673002800,18.73,18.84,18.44,18.59,19936516
1673006400,18.59,18.77,18.49,18.69,13950112
1673010000,18.69,18.98,18.62,18.96,18287511
1673013600,18.97,19.11,18.6,18.68,33503978
1673017200,18.7,18.7,18.7,18.7,2655129
1673244000,18.9,18.9,18.9,18.9,668125
1673247600,18.89,18.93,18.47,18.49,34773543
1673251200,18.5,18.52,18.1,18.31,30056100
1673254800,18.32,18.37,18.18,18.29,10508452
1673258400,18.29,18.43,18.21,18.41,9773956
1673262000,18.41,18.44,18.25,18.26,8010576
1673265600,18.26,18.29,17.99,18,15756734
1673269200,18,18.13,17.92,17.96,16835510
1673272800,17.95,18.06,17.5,17.82,33338020
1673276400,17.81,17.81,17.81,17.81,4301127
1673330400,17.9,17.9,17.9,17.9,1299003
1673334000,17.9,17.9,17.33,17.76,35183515
1673337600,17.76,18.25,17.74,17.98,37343798
1673341200,17.99,18.09,17.84,18.06,9880849
1673344800,18.05,18.16,17.84,17.97,11998817
1673348400,17.96,17.99,17.78,17.82,12428923
1673352000,17.82,18.1,17.7,17.96,20359593
1673355600,17.95,17.98,17.39,17.49,23596679
1673359200,17.48,17.67,17.01,17.01,24308503
1673362800,17.03,17.03,17.03,17.03,5786061
1673416800,17.06,17.06,17.06,17.06,1098707
1673420400,17.05,17.4,16.68,17.02,57094618
1673424000,17.02,17.17,16.78,16.94,18148901
1673427600,16.93,16.93,16.75,16.82,11277985
1673431200,16.82,16.96,16.7,16.77,17798842
1673434800,16.77,16.86,16.25,16.42,33073101
1673438400,16.43,16.75,16.4,16.64,17869567
1673442000,16.64,16.74,16.25,16.46,18236702
1673445600,16.47,16.5,16.21,16.21,2922686
1673449200,16.1,16.1,16.1,16.1,9935810
1673503200,16.51,16.51,16.51,16.51,1233732
1673506800,16.51,16.7,16.38,16.47,27226934
1673510400,16.47,16.73,16.47,16.55,20936315
1673514000,16.56,16.56,15.76,16.03,39130270
1673517600,16.03,16.04,15.27,15.75,36044603
1673521200,15.74,16.03,15.68,15.88,17664506
1673524800,15.87,16.38,15.86,16.25,24345990
1673528400,16.25,16.66,16.21,16.48,23328336
1673532000,16.48,16.77,16.36,16.61,24792751
1673535600,16.65,16.65,16.65,16.65,3070606
1673589600,16.6,16.6,16.6,16.6,956867
1673593200,16.6,16.91,16.32,16.84,32986475
1673596800,16.84,16.86,16.55,16.8,14725098
1673600400,16.79,16.97,16.7,16.86,14862000
1673604000,16.85,16.92,16.74,16.76,8926198
1673607600,16.76,16.8,16.61,16.67,11874025
1673611200,16.67,16.74,16.35,16.49,15372138
1673614800,16.48,16.58,16.33,16.48,14197294
1673618400,16.47,16.6,16.26,16.55,22046677
1673622000,16.55,16.55,16.55,16.55,2602285
1673848800,16.83,16.83,16.83,16.83,1297744
1673852400,16.83,17.29,16.82,17.01,47299817
1673856000,17.01,17.14,16.84,17.13,23015178
1673859600,17.12,17.13,16.93,17,18408586
1673863200,17,17.09,16.97,16.99,11865253
1673866800,17,17.1,16.96,17,13369815
1673870400,16.99,17,16.83,16.89,28370564
1673874000,16.9,17.04,16.9,16.97,19493475
1673877600,16.97,17.31,16.9,17.24,41489306
1673881200,17.25,17.27,17.25,17.27,3883284
1673935200,17.3,17.3,17.3,17.3,1637382
1673938800,17.3,17.52,17.15,17.38,44892469
1673942400,17.38,17.42,17.08,17.33,34694535
1673946000,17.34,17.44,17.25,17.37,11449665
1673949600,17.36,17.44,17.34,17.34,7852755
1673953200,17.34,17.4,17.2,17.33,13451930
1673956800,17.33,17.75,17.27,17.58,36873396
1673960400,17.58,17.78,17.52,17.69,22981269
1673964000,17.69,17.75,17.37,17.49,25396464
1673967600,17.52,17.52,17.52,17.52,3048548
1674021600,17.55,17.55,17.55,17.55,526909
1674025200,17.56,17.93,17.46,17.78,44226136
1674028800,17.78,17.88,17.62,17.81,26024843
1674032400,17.81,17.87,17.55,17.56,30188362
1674036000,17.56,17.64,17.26,17.38,36097634
1674039600,17.37,17.52,17.36,17.44,14002453
1674043200,17.43,17.54,17.34,17.42,15553189
1674046800,17.41,17.5,17.24,17.31,27768218
1674050400,17.31,17.34,17.1,17.33,39874941
1674054000,17.36,17.36,17.36,17.36,5075261
1674108000,17.31,17.31,17.31,17.31,684540
1674111600,17.3,17.64,17.2,17.56,46932388
1674115200,17.56,17.78,17.53,17.69,35102783
1674118800,17.69,17.85,17.67,17.78,27935337
1674122400,17.79,17.79,17.66,17.74,9732127
1674126000,17.74,17.83,17.66,17.67,19750993
1674129600,17.67,17.71,17.45,17.48,24656924
1674133200,17.48,17.5,17.32,17.43,17452721
1674136800,17.43,17.59,17.36,17.58,21172701
1674140400,17.59,17.59,17.59,17.59,3480261
1674194400,17.66,17.66,17.66,17.66,928723
1674198000,17.66,17.79,17.61,17.78,34712673
1674201600,17.79,18.57,17.78,18.42,98986445
1674205200,18.42,18.51,18.33,18.38,26939965
1674208800,18.39,18.53,18.33,18.46,12407532
1674212400,18.46,18.46,18.34,18.4,16061154
1674216000,18.4,18.54,18.38,18.41,21833339
1674219600,18.43,18.56,18.32,18.39,29076311
1674223200,18.39,18.78,18.37,18.73,41236747
1674226800,18.71,18.71,18.71,18.71,4206727
1674453600,19.15,19.15,19.15,19.15,3955797
1674457200,19.14,19.28,19.01,19.28,71597005
1674460800,19.28,19.72,19.24,19.52,65321551
1674464400,19.52,19.71,19.51,19.61,25062894
1674468000,19.62,19.63,19.47,19.53,10314330
1674471600,19.53,19.54,19.22,19.27,26139260
1674475200,19.27,19.29,19.06,19.11,26915931
1674478800,19.1,19.12,18.94,19.03,31326282
1674482400,19.03,19.03,18.33,18.57,61327262
1674486000,18.57,18.57,18.57,18.57,4760492
1674540000,18.61,18.61,18.61,18.61,1259804
1674543600,18.6,18.91,18.44,18.54,64158016
1674547200,18.55,18.62,18.15,18.58,45349038
1674550800,18.58,18.89,18.5,18.74,25686203
1674554400,18.73,18.78,18.53,18.57,15263582
1674558000,18.57,18.6,18.34,18.49,14661797
1674561600,18.48,18.5,18.18,18.29,25878396
1674565200,18.29,18.34,18.05,18.06,19310510
1674568800,18.05,18.39,18.02,18.31,30684374
1674572400,18.31,18.31,18.31,18.31,4052879
1674626400,18.47,18.47,18.47,18.47,1133819
1674630000,18.48,18.6,18.32,18.35,32829207
1674633600,18.34,18.36,17.93,18,35277258
1674637200,18,18.09,17.88,17.94,21859366
1674640800,17.93,17.93,17.65,17.76,25985424
1674644400,17.75,17.79,17.31,17.49,27856949
1674648000,17.48,17.62,17.2,17.36,26503137
1674651600,17.36,17.66,17.01,17.49,45500361
1674655200,17.48,17.76,17.42,17.74,34934140
1674658800,17.74,17.74,17.74,17.74,4694828
1674712800,17.74,17.74,17.74,17.74,897772
1674716400,17.74,17.74,17.31,17.45,43728559
1674720000,17.45,17.63,17.02,17.19,68038048
1674723600,17.19,17.39,17.18,17.25,29271882
1674727200,17.24,17.34,17.17,17.2,32374770
1674730800,17.2,17.33,17.13,17.17,45911457
1674734400,17.17,17.24,17.13,17.18,17991062
1674738000,17.19,17.38,17.12,17.29,29631769
1674741600,17.29,17.39,17.05,17.09,46264913
1674745200,17.05,17.05,17.05,17.05,8306672
1674799200,16.86,16.86,16.86,16.86,925096
1674802800,16.86,17.01,16.74,16.91,48230677
1674806400,16.92,16.92,16.63,16.7,38013546
1674810000,16.7,16.76,16.55,16.61,19182262
1674813600,16.6,16.61,16.41,16.49,20047127
1674817200,16.48,16.63,16.43,16.6,27844582
1674820800,16.6,16.61,16.23,16.33,32313930
1674824400,16.33,16.41,16.03,16.22,29749394
1674828000,16.21,16.77,16.19,16.68,42429105
1674831600,16.67,16.67,16.65,16.65,3773035
1675058400,16.71,16.71,16.71,16.71,866534
1675062000,16.71,17.01,16.68,16.98,64441455
1675065600,16.98,17.37,16.97,17.32,47957962
1675069200,17.31,17.37,17.2,17.28,22929925
1675072800,17.28,17.28,17.06,17.23,26032104
1675076400,17.24,17.24,16.89,17,26146748
1675080000,16.99,17.15,16.93,16.97,19816284
1675083600,16.97,17.19,16.92,17.14,21808962
1675087200,17.13,17.21,16.99,17.07,34456100
1675090800,17.03,17.03,17.03,17.03,4785503
1675144800,17.03,17.03,17.03,17.03,1481541
1675148400,17.02,17.07,16.69,16.72,43737083
1675152000,16.72,17.07,16.68,16.84,29009861
1675155600,16.83,16.95,16.77,16.82,16985014
1675159200,16.82,17.12,16.74,17.08,21076160
1675162800,17.08,17.3,17.08,17.16,44550863
1675166400,17.16,17.5,17.14,17.4,44796001
1675170000,17.4,17.43,17.21,17.25,20499338
1675173600,17.25,17.32,16.83,17.01,44028311
1675177200,16.98,16.98,16.98,16.98,8693886
1675231200,17.21,17.21,17.21,17.21,3164938
1675234800,17.2,17.3,16.94,17.14,61687096
1675238400,17.14,17.15,16.48,16.51,48146723
1675242000,16.5,16.64,16.35,16.35,37455858
1675245600,16.35,16.39,16.26,16.32,23570947
1675249200,16.32,16.49,16.28,16.48,17737745
1675252800,16.49,16.55,16.35,16.44,22042677
1675256400,16.43,16.45,15.74,15.74,44408942
1675260000,15.74,15.91,15.57,15.64,24105707
1675263600,15.55,15.55,15.55,15.55,14006204
1675317600,15.57,15.57,15.57,15.57,1684548
1675321200,15.56,15.77,15.14,15.32,84958942
1675324800,15.33,16.01,15.32,15.69,80071115
1675328400,15.69,15.81,15.39,15.51,32413279
1675332000,15.52,15.56,15.32,15.45,32627455
1675335600,15.45,15.51,15.12,15.25,39488646
1675339200,15.24,15.3,14.8,14.8,47795907
1675342800,14.66,14.98,14.35,14.87,63944895
1675346400,14.86,15.28,14.48,14.99,58564216
1675350000,15.03,15.06,15.03,15.06,5033544
1675404000,15.12,15.12,15.12,15.12,1444083
1675407600,15.12,15.52,15.08,15.47,74133000
1675411200,15.46,15.64,15.32,15.54,45321469
1675414800,15.54,15.62,15.45,15.5,24452234
1675418400,15.5,15.53,15.35,15.51,19886768
1675422000,15.51,15.72,15.43,15.67,24192103
1675425600,15.67,15.9,15.67,15.9,29360756
1675429200,15.9,16.1,15.86,16.09,44042796
1675432800,16.09,16.54,16.08,16.5,47147159
1675436400,16.51,16.51,16.51,16.51,4290280
1675663200,16.02,16.02,16.02,16.02,1326367
1675666800,16.03,16.5,15.73,16.03,27705358
1675670400,16.03,16.19,15.51,16.19,6494477
1675674000,16.18,16.47,16.05,16.35,2190881
1675677600,16.35,16.35,15.61,15.96,3213494
1675681200,15.96,15.96,15.64,15.72,2939542
1675684800,15.72,15.86,15.6,15.71,1707825
1675688400,15.71,15.82,15.65,15.66,987743
1675692000,15.66,16.44,15.65,16.21,4029614
1675695600,16.2,16.2,16.2,16.2,402922
1675749600,16.13,16.13,16.13,16.13,421395
1675753200,16.13,16.13,15.6,15.9,17625642
1675756800,15.9,15.91,15.51,15.51,10385649
1675760400,15.52,15.6,15.24,15.34,9087822
1675764000,15.33,15.44,14.91,15.44,9873285
1675767600,15.43,15.44,14.58,14.64,21394432
1675771200,14.64,15.14,14.62,15.05,14461702
1675774800,15.06,15.43,15.04,15.19,12434046
1675778400,15.19,15.22,14.58,14.63,20027981
1675782000,14.7,14.7,14.7,14.7,1877026
1676440800,15.5,15.5,15.5,15.5,2232436
1676444400,15.5,16.17,15.26,16.16,41166539
1676448000,16.16,16.17,16.13,16.17,13710596
1676451600,16.17,16.17,16.16,16.17,2314114
1676455200,16.17,16.17,16.17,16.17,313653
1676458800,16.17,16.17,16.17,16.17,217234
1676462400,16.17,16.17,16.17,16.17,227953
1676466000,16.17,16.17,16.17,16.17,196746
1676469600,16.17,16.17,16.17,16.17,478647
1676473200,16.17,16.17,16.17,16.17,73473
1676527200,17.4,17.4,17.4,17.4,2751996
1676530800,17.32,17.41,16.56,16.9,58927950
1676534400,16.89,16.91,16.18,16.7,35234105
1676538000,16.69,16.72,16.24,16.29,18060827
1676541600,16.3,16.47,16.11,16.3,29854570
1676545200,16.31,16.5,16.04,16.39,25260567
1676548800,16.39,16.52,16.32,16.5,20881242
1676552400,16.5,16.6,16.38,16.39,29357017
1676556000,16.39,16.49,15.94,16.09,24308405
1676559600,16.1,16.1,16.1,16.1,3523239
1676613600,15.92,15.92,15.92,15.92,684059
1676617200,15.91,16.47,15.82,16.31,37022191
1676620800,16.31,16.34,16.14,16.17,12289597
1676624400,16.15,16.24,16.07,16.18,9464358
1676628000,16.18,16.29,16.05,16.1,12798608
1676631600,16.1,16.15,15.98,16.03,9817075
1676635200,16.03,16.07,15.95,15.99,13165881
1676638800,15.99,16.05,15.9,15.98,11780938
1676642400,15.98,16.05,15.89,15.98,17572135
1676646000,15.99,15.99,15.99,15.99,3490119
1676872800,16.06,16.06,16.06,16.06,679927
1676876400,16.06,16.15,15.8,15.94,23326524
1676880000,15.92,16.31,15.9,16.2,30986989
1676883600,16.21,16.26,16.03,16.06,15596302
1676887200,16.07,16.35,16.05,16.27,20587685
1676890800,16.27,16.29,16.12,16.16,14803538
1676894400,16.16,16.17,15.9,15.96,17962120
1676898000,15.95,16.03,15.92,15.98,10125505
1676901600,15.98,16.03,15.94,15.99,11084860
1676905200,15.99,15.99,15.99,15.99,4248725
1676959200,15.94,15.94,15.94,15.94,647704
1676962800,15.94,16.25,15.9,16.16,29310158
1676966400,16.16,16.19,15.94,16.02,14782457
1676970000,16.01,16.14,15.94,16.08,10896476
1676973600,16.07,16.11,15.98,16.05,11026308
1676977200,16.05,16.07,16,16.05,6819498
1676980800,16.06,16.11,16.01,16.1,11916585
1676984400,16.08,16.24,16.07,16.12,21633114
1676988000,16.12,16.14,15.8,15.92,27196609
1676991600,15.9,15.9,15.9,15.9,2624616
1677045600,15.89,15.89,15.89,15.89,571040
1677049200,15.88,16.23,15.82,16.13,45169238
1677052800,16.13,16.29,16.09,16.2,23126984
1677056400,16.2,16.21,16.05,16.06,12219559
1677060000,16.06,16.15,16.03,16.14,7338176
1677063600,16.14,16.19,16.02,16.09,12766228
1677067200,16.07,16.14,16.03,16.08,11266926
1677070800,16.08,16.13,15.98,16.06,16972961
1677074400,16.06,16.11,15.99,16.03,21439029
1677078000,16.06,16.06,16.06,16.06,3598475
1677132000,16.09,16.09,16.09,16.09,1052468
1677135600,16.1,16.42,16.09,16.4,47155713
1677139200,16.4,16.57,16.37,16.45,33609794
1677142800,16.46,16.51,16.42,16.46,9632930
1677146400,16.47,16.56,16.43,16.53,12058255
1677150000,16.53,16.55,16.1,16.17,47043537
1677153600,16.18,16.19,15.94,16.07,29818625
1677157200,16.07,16.2,16.05,16.13,17190079
1677160800,16.12,16.16,16.06,16.11,14641036
1677164400,16.11,16.11,16.11,16.11,3221585
1677218400,16.11,16.11,16.11,16.11,669795
1677222000,16.11,16.27,16.06,16.08,38216525
1677225600,16.08,16.09,15.98,16.07,17061315
1677229200,16.07,16.14,16.06,16.09,8951176
1677232800,16.09,16.13,16.06,16.09,7692761
1677236400,16.1,16.15,16.04,16.06,7420036
1677240000,16.06,16.06,15.97,16.02,9645204
1677243600,16.01,16.07,15.93,16.02,12801524
1677247200,16.01,16.1,15.97,16,18027005
1677250800,15.96,15.96,15.96,15.96,3823075
1677477600,16.3,16.3,16.3,16.3,2796548
1677481200,16.31,16.42,16.11,16.3,47781269
1677484800,16.3,16.31,16.18,16.22,13795916
1677488400,16.22,16.31,16.17,16.3,14082436
1677492000,16.3,16.48,16.28,16.47,21704351
1677495600,16.47,16.73,16.41,16.63,29709796
1677499200,16.64,16.76,16.56,16.63,15833625
1677502800,16.64,16.86,16.63,16.81,17479338
1677506400,16.82,17.55,16.77,17.35,54568293
1677510000,17.32,17.32,17.32,17.32,3783838
1677564000,17.42,17.42,17.42,17.42,2164424
1677567600,17.42,17.86,17.08,17.84,67960754
1677571200,17.85,17.87,17.37,17.47,33285801
1677574800,17.46,17.48,17.25,17.38,19437931
1677578400,17.37,17.49,17.32,17.41,9590831
1677582000,17.41,17.66,17.37,17.49,23324557
1677585600,17.5,17.51,17.35,17.35,9443715
1677589200,17.36,17.38,17.23,17.26,16141972
1677592800,17.26,17.31,17.07,17.24,23681044
1677596400,17.28,17.5,17.22,17.5,12886880
1677650400,17.5,17.5,17.5,17.5,823700
1677654000,17.5,17.7,17.42,17.54,30899458
1677657600,17.54,17.61,17.42,17.42,9608753
1677661200,17.43,17.64,17.39,17.54,13796466
1677664800,17.54,17.56,17.49,17.5,3630328
1677668400,17.51,17.56,17.45,17.54,5141459
1677672000,17.54,17.89,17.53,17.78,52802192
1677675600,17.78,17.83,17.62,17.82,21366098
1677679200,17.82,17.88,17.58,17.64,22808786
1677682800,17.61,17.61,17.61,17.61,3442764
1677736800,17.64,17.64,17.64,17.64,945041
1677740400,17.63,17.81,17.61,17.79,24724973
1677744000,17.79,18.07,17.77,17.9,37104407
1677747600,17.91,17.93,17.68,17.77,16905619
1677751200,17.77,17.84,17.71,17.72,8028890
1677754800,17.72,17.84,17.72,17.79,5487563
1677758400,17.79,17.81,17.63,17.76,10818223
1677762000,17.76,17.87,17.69,17.73,13353424
1677765600,17.74,17.92,17.68,17.79,17239943
1677769200,17.79,17.79,17.74,17.74,4011572
1677823200,17.72,17.72,17.72,17.72,642048
1677826800,17.71,17.78,17.54,17.75,19968483
1677830400,17.75,17.87,17.31,17.31,30586271
1677834000,17.32,17.35,17.08,17.3,26364027
1677837600,17.31,17.41,17.27,17.3,8222026
1677841200,17.3,17.33,17.21,17.26,7615745
1677844800,17.26,17.56,16.85,17.39,55204232
1677848400,17.39,17.43,17.16,17.32,27108416
1677852000,17.32,17.44,17.17,17.41,23562063
1677855600,17.41,17.41,17.41,17.41,2226061
1678082400,17.65,17.65,17.65,17.65,1466255
1678086000,17.66,18.05,17.5,17.92,46207246
1678089600,17.93,18.07,17.83,17.92,35679136
1678093200,17.92,17.93,17.79,17.86,7735505
1678096800,17.86,18.04,17.84,18,14526553
1678100400,18,18.54,17.95,18.52,54226985
1678104000,18.52,18.89,18.5,18.65,59461067
1678107600,18.65,18.8,18.63,18.78,19986358
1678111200,18.77,18.88,18.61,18.76,36313815
1678114800,18.75,18.75,18.75,18.75,4041638
1678168800,18.93,18.93,18.93,18.93,3184035
1678172400,18.93,19.55,18.83,19.23,97133320
1678176000,19.23,19.24,18.93,19.12,31417062
1678179600,19.13,19.21,18.96,18.97,20024562
1678183200,18.97,19.11,18.88,18.95,19691759
1678186800,18.94,19.06,18.85,19,15123553
1678190400,19,19.02,18.86,18.89,7712550
1678194000,18.9,19.11,18.71,19.06,21834364
1678197600,19.06,19.07,18.59,18.67,24208655
1678201200,18.62,18.62,18.62,18.62,5796841
1678255200,18.58,18.58,18.58,18.58,375536
1678258800,18.57,18.98,18.49,18.9,41462374
1678262400,18.91,19,18.82,18.86,28062109
1678266000,18.87,18.9,18.78,18.79,4701064
1678269600,18.8,18.8,18.6,18.62,9283810
1678273200,18.61,18.73,18.54,18.69,11098483
1678276800,18.69,18.79,18.66,18.76,8700798
1678280400,18.77,19.45,18.76,19.25,81607694
1678284000,19.25,20.3,19.06,19.98,139610485
1678287600,19.97,19.97,19.93,19.93,8002659
1678341600,19.77,19.77,19.77,19.77,2906365
1678345200,19.76,20.2,18.79,19.99,93675192
1678348800,19.99,20.18,19.76,19.88,54100072
1678352400,19.88,20.02,19.78,19.85,18247497
1678356000,19.84,20.12,19.77,20.08,24603645
1678359600,20.08,20.32,19.98,20.1,43604000
1678363200,20.1,20.4,20,20.24,35586801
1678366800,20.24,20.44,20.18,20.24,32848940
1678370400,20.26,20.26,19.8,19.83,37622111
1678374000,19.83,19.83,19.81,19.81,5203118
1678428000,19.65,19.65,19.65,19.65,536957
1678431600,19.65,20.08,19.6,19.81,40435797
1678435200,19.8,19.91,19.76,19.81,12712599
1678438800,19.81,19.89,19.64,19.7,18005968
1678442400,19.69,19.73,19.63,19.66,6752706
1678446000,19.66,19.99,19.65,19.9,32599522
1678449600,19.9,20.34,19.89,19.93,66269880
1678453200,19.92,20.04,19.69,19.83,38024427
1678456800,19.82,19.88,19.45,19.51,32019015
1678460400,19.52,19.52,19.52,19.52,5829307
1678687200,19.53,19.53,19.53,19.53,1164553
1678690800,19.54,19.6,18.66,19.15,39795005
1678694400,19.15,19.16,18.93,18.95,13868191
1678698000,18.95,19.02,18.87,18.91,10172542
1678701600,18.91,18.91,18.6,18.86,20540961
1678705200,18.86,19.01,18.7,18.7,13196394
1678708800,18.69,18.78,18.6,18.78,13364909
1678712400,18.78,18.99,18.76,18.96,26179774
1678716000,18.96,18.99,18.68,18.77,19401454
1678719600,18.7,18.7,18.7,18.7,5562256
1678773600,18.72,18.72,18.72,18.72,610708
1678777200,18.72,19.06,18.71,18.91,26214109
1678780800,18.9,18.94,18.67,18.73,11856655
1678784400,18.74,18.84,18.68,18.73,9815857
1678788000,18.72,18.9,18.71,18.87,12740604
1678791600,18.88,18.92,18.74,18.79,11026870
1678795200,18.79,18.86,18.74,18.81,7231040
1678798800,18.81,19.17,18.81,19.02,36008128
1678802400,19.02,19.09,18.5,18.6,26045359
1678806000,18.61,18.61,18.55,18.55,4550879
1678860000,18.62,18.62,18.62,18.62,851738
1678863600,18.63,18.8,18.28,18.36,24324085
1678867200,18.35,18.85,18.33,18.66,29412354
1678870800,18.67,18.75,18.57,18.58,11180640
1678874400,18.58,18.71,18.44,18.45,20733965
1678878000,18.45,18.6,18.28,18.38,27010867
1678881600,18.37,18.56,18.25,18.44,15391661
1678885200,18.44,18.6,18.33,18.36,11719919
1678888800,18.35,18.7,18.3,18.57,29569395
1678892400,18.6,18.6,18.6,18.6,2834936
1678946400,18.74,18.74,18.74,18.74,1099492
1678950000,18.75,19,18.64,18.97,34155324
1678953600,18.96,19.02,18.83,18.86,18062847
1678957200,18.85,18.93,18.78,18.88,6806466
1678960800,18.89,18.99,18.87,18.97,7508994
1678964400,18.98,19,18.86,18.88,6758301
1678968000,18.87,18.91,18.66,18.68,8067637
1678971600,18.66,18.76,18.57,18.75,12265570
1678975200,18.75,18.9,18.66,18.88,18275356
1678978800,18.88,18.88,18.88,18.88,3578386
1679032800,19.03,19.03,19.03,19.03,1536143
1679036400,19.04,19.22,18.92,18.93,24037169
1679040000,18.93,19.04,18.89,19.01,9718345
1679043600,19.01,19.09,18.98,19.02,7607621
1679047200,19.02,19.03,18.87,18.9,6722738
1679050800,18.9,18.94,18.78,18.81,11710993
1679054400,18.81,18.9,18.71,18.78,13814830
1679058000,18.79,18.88,18.75,18.79,8742965
1679061600,18.78,18.93,18.62,18.68,15215663
1679065200,18.67,18.67,18.21,18.21,28436667
1679292000,18.18,18.18,18.18,18.18,1354431
1679295600,18.18,18.54,18.11,18.36,32674577
1679299200,18.35,18.4,18.25,18.31,11611494
1679302800,18.31,18.32,18.13,18.2,9056637
1679306400,18.19,18.28,18.17,18.19,4835983
1679310000,18.18,18.21,17.97,18.04,11216456
1679313600,18.03,18.39,17.99,18.31,20290092
1679317200,18.31,18.35,18.17,18.28,8312105
1679320800,18.28,18.36,18.09,18.17,25535338
1679324400,18.15,18.15,18.15,18.15,5446103
1679378400,18.2,18.2,18.2,18.2,558901
1679382000,18.19,18.29,17.9,17.9,21158897
1679385600,17.9,18.06,17.88,17.94,10001852
1679389200,17.93,17.94,17.57,17.6,12488448
1679392800,17.61,17.76,17.51,17.75,10781845
1679396400,17.76,17.83,17.67,17.75,6773413
1679400000,17.76,18.11,17.69,17.97,28051559
1679403600,17.97,18.15,17.95,18.09,20453576
1679407200,18.09,18.2,17.64,17.65,25716466
1679410800,17.59,17.59,17.59,17.59,3692818
1679464800,17.69,17.69,17.69,17.69,895555
1679468400,17.69,17.79,17.53,17.73,17058532
1679472000,17.72,17.88,17.62,17.88,14573975
1679475600,17.88,17.88,17.74,17.77,7755740
1679479200,17.77,17.84,17.74,17.81,8891286
1679482800,17.82,17.82,17.62,17.7,9570791
1679486400,17.69,17.75,17.67,17.7,7506320
1679490000,17.69,17.94,17.58,17.91,18393438
1679493600,17.91,17.94,17.76,17.9,22161531
1679497200,17.9,17.93,17.9,17.93,2285115
1679551200,17.84,17.84,17.84,17.84,374958
1679554800,17.83,18.2,17.83,18.15,22347127
1679558400,18.15,18.23,18.06,18.1,14047280
1679562000,18.1,18.1,17.97,18,8287540
1679565600,18.02,18.03,17.91,18.02,6245552
1679569200,18.03,18.1,17.94,17.99,8949586
1679572800,18,18.09,17.95,18,6837084
1679576400,17.99,18.02,17.89,17.99,5293669
1679580000,17.99,18.33,17.95,18.27,22171280
1679583600,18.31,18.31,18.31,18.31,2215398
1679637600,18.37,18.37,18.37,18.37,546438
1679641200,18.37,18.45,18.3,18.43,18526236
1679644800,18.43,18.44,18.27,18.28,8735831
1679648400,18.29,18.31,18.23,18.26,6799933
1679652000,18.26,18.27,18.19,18.2,4193010
1679655600,18.2,18.21,18,18.03,9355353
1679659200,18.03,18.19,18,18.14,5109804
1679662800,18.14,18.16,18.05,18.14,5097461
1679666400,18.14,18.23,17.98,18,15321586
1679670000,18,18,18,18,3315167
1679896800,18.15,18.15,18.15,18.15,463819
1679900400,18.15,18.23,17.99,17.99,15181621
1679904000,17.99,18.16,17.98,18.11,8175815
1679907600,18.11,18.15,18.08,18.14,2668501
1679911200,18.14,18.17,18.12,18.13,3626891
1679914800,18.14,18.22,18.09,18.21,5476481
1679918400,18.21,18.37,18.18,18.32,14574720
1679922000,18.33,18.57,18.25,18.55,13463499
1679925600,18.56,18.65,18.34,18.34,17824751
1679929200,18.35,18.35,18.35,18.35,2089309
1679983200,18.35,18.35,18.35,18.35,625467
1679986800,18.34,18.42,18.24,18.29,17144703
1679990400,18.29,18.36,18.13,18.16,13780586
1679994000,18.17,18.23,18.11,18.22,7033075
1679997600,18.23,18.25,18.17,18.23,3389583
1680001200,18.23,18.31,18.2,18.25,6879882
1680004800,18.25,18.31,18.13,18.15,7193287
1680008400,18.14,18.18,18.03,18.07,11981232
1680012000,18.08,18.09,17.8,17.83,18190170
1680015600,17.78,17.78,17.78,17.78,4078932
1680069600,17.75,17.75,17.75,17.75,385655
1680073200,17.75,18.1,17.73,17.92,20252949
1680076800,17.91,18.18,17.88,18.03,8987043
1680080400,18.04,18.15,18.02,18.04,16281773
1680084000,18.04,18.09,18.02,18.05,6802191
1680087600,18.05,18.11,18.02,18.09,9415985
1680091200,18.09,18.17,18.06,18.09,6798786
1680094800,18.09,18.6,18.09,18.51,21744280
1680098400,18.52,18.72,18.52,18.63,26882415
1680102000,18.65,18.65,18.65,18.65,3054002
1680156000,16.98,16.98,16.98,16.98,888948
1680159600,16.98,17.25,16.7,17.1,33693417
1680163200,17.1,17.19,16.98,17.13,15422822
1680166800,17.14,17.14,17,17.05,6805840
1680170400,17.05,17.15,17.02,17.12,7448283
1680174000,17.12,17.21,17.08,17.18,12480499
1680177600,17.18,17.19,17.03,17.04,10617258
1680181200,17.04,17.08,16.84,16.92,16377416
1680184800,16.91,16.95,16.61,16.69,19863920
1680188400,16.7,16.7,16.7,16.7,2444577
1680242400,16.49,16.49,16.49,16.49,915267
1680246000,16.49,16.57,16.33,16.35,22566876
1680249600,16.35,16.37,16.27,16.34,9266037
1680253200,16.34,16.43,16.3,16.31,5998136
1680256800,16.32,16.36,16.28,16.3,5177116
1680260400,16.3,16.35,16.22,16.26,7208051
1680264000,16.26,16.33,16.24,16.31,6515171
1680267600,16.31,16.4,16.2,16.26,14631738
1680271200,16.26,16.98,16.2,16.7,45443194
1680274800,16.94,16.94,16.94,16.94,9513196
1680501600,16.82,16.82,16.82,16.82,329065
1680505200,16.82,17.1,16.82,16.9,19941971
1680508800,16.89,17.05,16.86,16.9,11559453
1680512400,16.88,16.93,16.81,16.84,5765396
1680516000,16.83,16.88,16.79,16.85,3563270
1680519600,16.85,16.88,16.75,16.83,6013060
1680523200,16.83,16.84,16.56,16.61,6089824
1680526800,16.62,17.1,16.45,17.02,36614657
1680530400,17.02,17.1,16.85,17,16365382
1680534000,17.02,17.02,17.02,17.02,1836603
1680588000,17.01,17.01,17.01,17.01,243437
1680591600,17.02,17.31,17,17.2,25272887
1680595200,17.21,17.25,17.11,17.15,6800624
1680598800,17.15,17.17,17.08,17.14,4663899
1680602400,17.13,17.18,17,17.05,5334770
1680606000,17.04,17.1,16.96,16.97,6683784
1680609600,16.97,17.07,16.93,16.99,5683844
1680613200,16.99,17.24,16.94,17.23,11706882
1680616800,17.23,17.39,17.2,17.33,29390794
1680620400,17.36,17.36,17.36,17.36,1886465
1680674400,17.36,17.36,17.36,17.36,308351
1680678000,17.37,17.46,17.24,17.37,16042723
1680681600,17.37,17.41,17.22,17.32,14188166
1680685200,17.31,17.36,17.29,17.32,5485304
1680688800,17.32,17.34,17.26,17.29,3205716
1680692400,17.29,17.29,17.17,17.28,5781766
1680696000,17.28,17.31,17.22,17.24,5044981
1680699600,17.23,17.26,17.08,17.12,8565252
1680703200,17.12,17.14,16.88,16.9,14642162
1680706800,16.91,16.91,16.86,16.86,3530359
1680760800,16.88,16.88,16.88,16.88,397998
1680764400,16.89,17.02,16.88,16.94,11436067
1680768000,16.95,17.01,16.92,16.95,5325936
1680771600,16.94,16.98,16.92,16.94,3485247
1680775200,16.95,16.97,16.92,16.96,2579570
1680778800,16.96,16.97,16.89,16.89,4493867
1680782400,16.9,16.92,16.75,16.77,8354196
1680786000,16.77,16.88,16.68,16.84,6985986
1680789600,16.85,16.9,16.62,16.63,9815799
1680793200,16.65,16.65,16.65,16.65,1988018
1680847200,16.67,16.67,16.67,16.67,207978
1680850800,16.68,16.77,16.65,16.7,9677386
1680854400,16.71,16.78,16.68,16.75,4143179
1680858000,16.75,16.83,16.73,16.77,4075783
1680861600,16.77,16.78,16.69,16.69,1592642
1680865200,16.7,16.71,16.65,16.68,2674838
1680868800,16.67,16.95,16.67,16.94,8625585
1680872400,16.93,17.01,16.78,16.96,8510379
1680876000,16.96,17.04,16.77,16.82,12173659
1680879600,16.83,16.83,16.83,16.83,1450623
1681106400,16.9,16.9,16.9,16.9,431138
1681110000,16.9,17.09,16.9,17.01,10682280
1681113600,17.01,17.12,17,17.06,8378383
1681117200,17.07,17.21,17.05,17.19,11715544
1681120800,17.2,17.3,17.19,17.22,8247427
1681124400,17.23,17.28,17.19,17.2,3631249
1681128000,17.21,17.26,17.18,17.26,3510443
1681131600,17.26,17.3,17.22,17.27,9974190
1681135200,17.28,17.39,17.24,17.27,16345125
1681138800,17.27,17.27,17.27,17.27,2229144
1681192800,17.3,17.3,17.3,17.3,963571
1681196400,17.31,17.9,17.23,17.88,42921088
1681200000,17.89,17.89,17.7,17.78,14872032
1681203600,17.78,17.82,17.64,17.68,8070570
1681207200,17.69,17.73,17.59,17.65,5818858
1681210800,17.65,17.67,17.56,17.62,10972677
1681214400,17.62,17.67,17.57,17.59,7445519
1681218000,17.59,17.59,17.48,17.55,13210102
1681221600,17.55,17.86,17.53,17.83,21327580
1681225200,17.85,17.85,17.85,17.85,2697321
1681279200,17.86,17.86,17.86,17.86,639261
1681282800,17.87,17.93,17.74,17.86,19230852
1681286400,17.86,17.86,17.78,17.78,5476960
1681290000,17.77,17.87,17.76,17.82,11079127
1681293600,17.83,17.85,17.8,17.84,5952797
1681297200,17.84,18.09,17.82,17.96,23100126
1681300800,17.97,18.49,17.95,18.36,39331445
1681304400,18.37,18.48,18.28,18.31,16851936
1681308000,18.31,18.4,18.18,18.3,26397302
1681311600,18.29,18.29,18.29,18.29,2531927
1681365600,18.34,18.34,18.34,18.34,847540
1681369200,18.34,18.47,18.12,18.19,24403888
1681372800,18.19,18.43,18.18,18.28,19689690
1681376400,18.27,18.32,18.21,18.23,4864784
1681380000,18.22,18.3,18.21,18.28,3214555
1681383600,18.28,18.37,18.26,18.29,5816222
1681387200,18.29,18.31,18.21,18.24,10141186
1681390800,18.25,18.26,18,18.03,13259251
1681394400,18.04,18.13,17.92,17.95,12756008
1681398000,17.85,17.85,17.85,17.85,9567492
1681452000,17.88,17.88,17.88,17.88,1350010
1681455600,17.88,18.17,17.86,18.05,28742976
1681459200,18.05,18.07,17.91,17.97,7406926
1681462800,17.97,17.99,17.89,17.98,4984772
1681466400,17.97,18,17.89,17.91,4200981
1681470000,17.91,17.92,17.76,17.79,8668663
1681473600,17.79,17.79,17.69,17.73,9307276
1681477200,17.73,17.79,17.68,17.73,7385666
1681480800,17.72,17.76,17.53,17.54,12182132
1681484400,17.57,17.57,17.57,17.57,3355425
1681711200,17.63,17.63,17.63,17.63,617301
1681714800,17.63,17.95,17.63,17.84,28021365
1681718400,17.83,17.93,17.83,17.87,7510722
1681722000,17.88,17.93,17.84,17.92,7498695
1681725600,17.93,17.98,17.89,17.93,6710186
1681729200,17.93,18,17.87,17.94,5197688
1681732800,17.93,17.98,17.79,17.82,5323817
1681736400,17.82,17.93,17.78,17.79,6739261
1681740000,17.78,17.9,17.69,17.85,12975109
1681743600,17.88,17.88,17.88,17.88,3914758
1681797600,17.89,17.89,17.89,17.89,417592
1681801200,17.89,18.21,17.84,18.13,24056981
1681804800,18.13,18.15,17.99,18.01,6215907
1681808400,18,18.03,17.89,17.89,7748192
1681812000,17.89,17.98,17.87,17.97,3422434
1681815600,17.96,18.02,17.87,17.97,5121786
1681819200,17.97,18.02,17.89,17.9,2890090
1681822800,17.9,17.99,17.85,17.95,7265949
1681826400,17.95,18.06,17.85,17.96,12463034
1681830000,17.97,17.97,17.97,17.97,2518296
1681884000,18.04,18.04,18.04,18.04,796297
1681887600,18.04,18.09,17.8,17.82,13782915
1681891200,17.83,17.83,17.72,17.74,8454927
1681894800,17.73,17.78,17.68,17.72,7623218
1681898400,17.71,17.77,17.69,17.75,3564835
1681902000,17.74,17.8,17.73,17.76,2779974
1681905600,17.77,17.82,17.73,17.79,3799197
1681909200,17.79,17.88,17.74,17.75,7923736
1681912800,17.76,19.05,17.67,18.35,97668886
1681916400,18.48,18.48,18.48,18.48,3649277
1681970400,18,18,18,18,1023498
1681974000,18,18.15,17.78,17.88,37364528
1681977600,17.87,17.92,17.67,17.72,15588374
1681981200,17.72,17.77,17.61,17.7,11569754
1682316000,17.8,17.8,17.8,17.8,1516910
1682319600,17.8,17.95,17.73,17.94,21540046
1682323200,17.94,17.97,17.84,17.88,10616359
1682326800,17.89,17.9,17.84,17.86,3634685
1682330400,17.86,17.91,17.76,17.78,6666246
1682334000,17.77,17.86,17.76,17.77,6362711
1682337600,17.78,17.88,17.71,17.72,8909970
1682341200,17.71,17.77,17.67,17.7,4952200
1682344800,17.7,17.82,17.64,17.68,10310832
1682348400,17.68,17.68,17.68,17.68,3009341
1682402400,17.7,17.7,17.7,17.7,756824
1682406000,17.71,17.77,17.55,17.58,19912040
1682409600,17.58,17.61,17.51,17.58,4955956
1682413200,17.58,17.63,17.54,17.62,4682978
1682416800,17.61,17.66,17.57,17.58,3495043
1682420400,17.58,17.64,17.56,17.61,3333589
1682424000,17.61,17.68,17.57,17.66,5229643
1682427600,17.65,17.66,17.35,17.37,13677585
1682431200,17.37,17.48,17.2,17.28,19781281
1682434800,17.25,17.25,17.25,17.25,3237017
1682488800,17.12,17.12,17.12,17.12,638671
1682492400,17.13,17.45,17.13,17.27,23511924
1682496000,17.28,17.31,17.17,17.2,9378844
1682499600,17.2,17.23,17.11,17.16,7573168
1682503200,17.17,17.25,17.16,17.19,6036587
1682506800,17.19,17.21,17.1,17.17,4284332
1682510400,17.17,17.19,16.94,17.05,9777145
1682514000,17.05,17.18,16.99,17.02,11146363
1682517600,17.02,17.08,16.78,16.84,17479035
1682521200,16.84,16.86,16.84,16.86,2637828
1682575200,16.97,16.97,16.97,16.97,522128
1682578800,16.96,16.97,16.66,16.76,27051013
1682582400,16.77,16.82,16.67,16.72,13686015
1682586000,16.72,16.91,16.71,16.87,10401472
1682589600,16.87,16.99,16.82,16.83,8552394
1682593200,16.83,16.87,16.75,16.79,6462282
1682596800,16.8,16.99,16.79,16.83,15007946
1682600400,16.83,16.91,16.79,16.89,17423580
1682604000,16.9,17.11,16.87,16.97,24887966
1682607600,17,17,17,17,2349672
1682661600,17.04,17.04,17.04,17.04,326013
1682665200,17.02,17.08,16.76,16.77,15132506
1682668800,16.78,16.78,16.62,16.64,13593915
1682672400,16.65,16.69,16.6,16.63,5155170
1682676000,16.63,16.65,16.6,16.62,4993251
1682679600,16.62,16.67,16.55,16.57,9014171
1682683200,16.57,16.67,16.54,16.56,10881206
1682686800,16.56,16.58,16.43,16.45,8586896
1682690400,16.46,16.52,15.97,16.09,18131170
1682694000,16.09,16.09,16.05,16.05,4410122
1683007200,16.09,16.09,16.09,16.09,440511
1683010800,16.09,16.34,15.97,16.21,19224972
1683014400,16.19,16.21,15.87,15.88,11398394
1683018000,15.88,16.12,15.86,15.99,6307028
1683021600,15.99,16.13,15.94,16.08,6071738
1683025200,16.09,16.29,16.08,16.27,7629592
1683028800,16.28,16.32,16.13,16.15,7656802
1683032400,16.15,16.16,15.97,16.01,7349509
1683036000,16,16.01,15.6,15.67,16944437
1683039600,15.67,15.67,15.67,15.67,2703997
1683093600,15.72,15.72,15.72,15.72,587859
1683097200,15.73,15.91,15.46,15.66,18506617
1683100800,15.66,15.69,15.3,15.31,9177924
1683104400,15.31,15.43,15.15,15.4,8654252
1683108000,15.41,15.43,15.28,15.4,4236137
1683111600,15.4,15.67,15.4,15.55,7991226
1683115200,15.56,15.61,15.36,15.4,4078167
1683118800,15.4,15.6,15.19,15.53,9612889
1683122400,15.54,15.67,15.25,15.5,14423356
1683126000,15.5,15.52,15.5,15.52,2745755
1683180000,15.5,15.5,15.5,15.5,262552
1683183600,15.49,15.77,15.42,15.74,15548777
1683187200,15.74,15.83,15.68,15.78,8827677
1683190800,15.79,15.85,15.71,15.74,3849811
1683194400,15.73,15.77,15.63,15.63,4276708
1683198000,15.63,15.72,15.61,15.69,3531751
1683201600,15.69,15.7,15.61,15.68,3941376
1683205200,15.68,15.7,15.5,15.52,5232209
1683208800,15.51,15.53,15.29,15.48,11305943
1683212400,15.54,15.54,15.54,15.54,1724742
1683266400,15.52,15.52,15.52,15.52,148858
1683270000,15.54,15.72,15.45,15.58,12478105
1683273600,15.57,15.58,15.31,15.35,6824187
1683277200,15.34,15.35,15.22,15.32,5681681
1683280800,15.32,15.38,15.26,15.28,2597138
1683284400,15.29,15.32,15.22,15.26,3026632
1683288000,15.26,15.28,15.13,15.22,5550416
1683291600,15.23,15.28,15.13,15.17,4672942
1683295200,15.17,15.26,15.1,15.24,8126181
1683298800,15.23,15.24,15.22,15.24,2148926
1683525600,15.4,15.4,15.4,15.4,465268
1683529200,15.4,15.5,15.25,15.41,10536838
1683532800,15.42,15.58,15.41,15.5,6283617
1683536400,15.51,15.53,15.45,15.47,2691707
1683540000,15.47,15.63,15.46,15.6,4559599
1683543600,15.6,15.7,15.48,15.54,5357585
1683547200,15.54,15.95,15.49,15.91,8645245
1683550800,15.91,16.36,15.86,16.34,24223911
1683554400,16.35,16.63,16.31,16.48,28802261
1683558000,16.49,16.49,16.49,16.49,1749348
1683612000,16.4,16.4,16.4,16.4,364370
1683615600,16.45,16.7,16.35,16.38,27844057
1683619200,16.37,16.88,16.35,16.87,32107407
1683622800,16.88,17.38,16.86,17.13,41527376
1683626400,17.13,17.23,17.09,17.16,10578129
1683630000,17.16,17.28,17.01,17.02,11622955
1683633600,17.02,17.02,16.63,16.7,24340490
1683637200,16.71,17.05,16.62,17,16191720
1683640800,16.99,17.03,16.66,16.76,18224455
1683644400,16.71,16.71,16.71,16.71,2806580
1683698400,16.7,16.7,16.7,16.7,408847
1683702000,16.7,16.95,16.68,16.74,16556729
1683705600,16.74,17,16.65,16.89,13156077
1683709200,16.88,16.92,16.73,16.86,5380720
1683712800,16.85,16.86,16.76,16.79,3261643
1683716400,16.78,17.14,16.72,17.06,30718544
1683720000,17.07,17.19,17,17.12,21557841
1683723600,17.12,17.13,16.81,16.87,11048626
1683727200,16.86,17.05,16.82,16.86,23885879
1683730800,16.81,16.81,16.81,16.81,3085593
1683784800,16.81,16.81,16.81,16.81,255218
1683788400,16.82,17.88,16.82,17.86,34230109
1683792000,17.87,18.12,17.82,18,24125950
1683795600,18,18.16,17.9,17.99,18893196
1683799200,17.99,18.05,17.75,17.8,11312059
1683802800,17.8,18.48,17.62,18.33,52182767
1683806400,18.33,18.49,18.32,18.49,18963163
1683810000,18.49,18.49,18.42,18.49,6078563
1683813600,18.49,18.49,18.49,18.49,2349430
1683817200,18.49,18.49,18.49,18.49,773422
1683871200,19.23,19.23,19.23,19.23,2567521
1683874800,19.24,19.61,18.95,19.08,51325420
1683878400,19.07,19.33,19.03,19.12,22560264
1683882000,19.13,19.23,18.98,19.18,21866603
1683885600,19.18,19.36,19.15,19.2,12573443
1683889200,19.2,19.3,19.1,19.14,8215817
1683892800,19.14,19.41,19.11,19.28,17249078
1683896400,19.27,19.76,18.83,19.06,46302990
1683900000,19.06,19.55,19.04,19.23,35032529
1683903600,19.29,19.29,19.29,19.29,2240236
1684130400,17.37,17.37,17.37,17.37,1202847
1684134000,17.37,17.37,17.37,17.37,3719217
1684137600,17.37,17.37,17.37,17.37,7187352
1684141200,17.37,17.37,17.37,17.37,542512
1684144800,17.37,17.37,17.37,17.37,277362
1684148400,17.37,17.37,17.37,17.37,847224
1684152000,17.37,17.37,17.37,17.37,149607
1684155600,17.37,17.37,17.37,17.37,79390
1684159200,17.37,17.37,17.37,17.37,64467
1684162800,17.37,17.37,17.37,17.37,228135
1684216800,15.64,15.64,15.64,15.64,5322138
1684220400,15.64,15.64,15.64,15.64,11551091
1684224000,15.64,15.64,15.64,15.64,9328650
1684227600,15.64,15.64,15.64,15.64,3930332
1684231200,15.64,15.86,15.64,15.67,130539067
1684234800,15.67,16.16,15.67,15.97,93845141
1684238400,15.98,16.11,15.7,15.82,49671348
1684242000,15.83,15.85,15.65,15.76,37009899
1684245600,15.75,15.87,15.67,15.75,25840541
1684249200,15.75,15.77,15.75,15.77,3121025
1684303200,15.89,15.89,15.89,15.89,1910118
1684306800,15.88,16.16,15.81,16.03,61815070
1684310400,16.03,16.06,15.81,15.84,28352552
1684314000,15.83,15.87,15.61,15.63,27614656
1684317600,15.63,15.72,15.62,15.64,14471957
1684321200,15.63,15.65,15.45,15.48,16908288
1684324800,15.49,15.62,15.48,15.58,10875709
1684328400,15.58,15.61,15.46,15.48,11380380
1684332000,15.49,15.61,15.42,15.56,22028092
1684335600,15.56,15.58,15.56,15.58,3088814
1684389600,15.61,15.61,15.61,15.61,729537
1684393200,15.61,15.74,15.49,15.7,43869496
1684396800,15.7,15.71,15.5,15.53,18419631
1684400400,15.53,15.66,15.52,15.56,15993608
1684404000,15.56,15.57,15.5,15.51,8406383
1684407600,15.51,15.52,15.35,15.35,16547740
1684411200,15.35,15.36,15.11,15.15,21143966
1684414800,15.15,15.32,15.1,15.18,16200541
1684418400,15.18,15.25,14.97,15,25238670
1684422000,14.98,14.98,14.98,14.98,3147122
1684735200,15.2,15.2,15.2,15.2,1583418
1684738800,15.2,15.24,14.67,14.7,25771663
1684742400,14.71,14.75,14.61,14.68,13066519
1684746000,14.67,14.81,14.65,14.78,6646837
1684749600,14.78,14.81,14.6,14.62,6105094
1684753200,14.62,14.65,14.51,14.62,12557014
1684756800,14.61,14.72,14.56,14.67,10535009
1684760400,14.68,14.77,14.6,14.6,10400044
1684764000,14.6,14.64,14.38,14.47,16166644
1684767600,14.44,14.44,14.44,14.44,2802692
1684821600,14.46,14.46,14.46,14.46,378376
1684825200,14.47,14.69,14.45,14.61,30886157
1684828800,14.63,14.64,14.51,14.53,11202365
1684832400,14.53,14.57,14.45,14.48,7117754
1684836000,14.48,14.49,14.4,14.47,7774465
1684839600,14.48,14.55,14.43,14.5,10013193
1684843200,14.49,14.62,14.47,14.55,13737673
1684846800,14.56,14.57,14.44,14.49,7399787
1684850400,14.5,14.58,14.37,14.41,16707953
1684854000,14.4,14.4,14.4,14.4,4551137
1684908000,14.43,14.43,14.43,14.43,635333
1684911600,14.42,14.53,14.41,14.52,17342715
1684915200,14.53,14.61,14.41,14.44,18229237
1684918800,14.44,14.49,14.4,14.41,5800321
1684922400,14.41,14.41,14.24,14.27,10678456
1684926000,14.26,14.31,14.18,14.28,5887000
1684929600,14.28,14.28,14.05,14.08,10279973
1684933200,14.08,14.15,14.04,14.09,10171638
1684936800,14.09,14.11,13.96,13.98,15204566
1684940400,13.97,13.97,13.95,13.95,3442707
1684994400,14.03,14.03,14.03,14.03,945962
1684998000,14.04,14.15,14.01,14.12,18085278
1685001600,14.12,14.13,14.04,14.06,5922002
1685005200,14.08,14.39,14.06,14.35,24823780
1685008800,14.35,14.4,14.25,14.35,14763769
1685012400,14.35,14.49,14.3,14.38,11175355
1685016000,14.38,14.38,14.3,14.35,3770011
1685019600,14.36,14.37,14.15,14.21,7835547
1685023200,14.21,14.37,14.13,14.27,17662103
1685026800,14.28,14.3,14.28,14.3,1939580
1685080800,14.39,14.39,14.39,14.39,864921
1685084400,14.39,14.41,14.19,14.19,18648158
1685088000,14.2,14.24,14.14,14.22,11394147
1685091600,14.23,14.3,14.2,14.23,9394193
1685095200,14.23,14.25,14.19,14.2,6022607
1685098800,14.2,14.24,14.14,14.23,8058153
1685102400,14.23,14.29,14.2,14.22,16907284
1685106000,14.23,14.64,14.21,14.61,44226692
1685109600,14.62,15.73,14.46,14.54,34407979
1685113200,14.51,14.51,14.51,14.51,4005844
1685340000,14.59,14.59,14.59,14.59,1113926
1685343600,14.58,14.72,14.16,14.64,49287744
1685347200,14.64,14.84,14.58,14.82,18038945
1685350800,14.82,15.16,14.77,15.01,34251345
1685354400,15.01,15.02,14.82,14.85,12782071
1685358000,14.85,14.93,14.83,14.9,9737301
1685361600,14.9,15,14.8,14.86,11427980
1685365200,14.86,15,14.84,14.97,12483211
1685368800,14.97,15.01,14.79,14.83,14789607
1685372400,14.89,14.89,14.89,14.89,3006541
1685426400,15.54,15.54,15.54,15.54,3828247
1685430000,15.55,16.37,15.46,16.25,118195225
1685433600,16.24,16.37,16.15,16.26,40366449
1685437200,16.26,16.36,16.22,16.35,11524657
1685440800,16.33,16.35,16.24,16.26,7200395
1685444400,16.26,16.3,16.24,16.25,7118224
1685448000,16.25,16.31,16.06,16.28,22096707
1685451600,16.28,16.37,16.25,16.36,19180206
1685455200,16.35,16.37,16.32,16.37,13122104
1685458800,16.37,16.37,16.37,16.37,6559218
1685512800,16.3,16.3,16.3,16.3,2140861
1685516400,16.29,16.45,16.06,16.19,61282765
1685520000,16.19,16.4,16.19,16.36,29251554
1685523600,16.37,16.63,16.33,16.56,31629173
1685527200,16.56,16.77,16.47,16.49,38810485
1685530800,16.48,16.66,16.44,16.53,22511114
1685534400,16.54,16.72,16.49,16.61,12074524
1685538000,16.62,16.65,16.15,16.16,33092131
1685541600,16.16,16.19,15.84,15.86,41929509
1685545200,15.86,15.86,15.8,15.8,23563028
1685599200,16,16,16,16,4714233
1685602800,15.99,16.63,15.99,16.47,53144578
1685606400,16.47,16.5,16.33,16.4,13688373
1685610000,16.4,16.51,16.37,16.46,9262498
1685613600,16.45,16.5,16.36,16.39,7857325
1685617200,16.38,16.41,16.27,16.27,7821008
1685620800,16.27,16.32,16.16,16.23,12912441
1685624400,16.24,16.34,16.14,16.19,17188460
1685628000,16.19,16.34,16.14,16.3,17897855
1685631600,16.3,16.34,16.3,16.34,3392275
1685685600,17.5,17.5,17.5,17.5,5593329
1685689200,17.5,17.58,17.14,17.52,70031659
1685692800,17.52,17.61,17.36,17.59,25855842
1685696400,17.59,17.79,17.55,17.66,20918473
1685700000,17.66,17.68,17.42,17.55,15245141
1685703600,17.54,17.65,17.39,17.46,16893132
1685707200,17.46,17.51,17.4,17.44,9687508
1685710800,17.44,17.52,17.23,17.4,22251239
1685714400,17.41,17.72,17.39,17.55,42314906
1685718000,17.56,17.56,17.55,17.55,4113292
1685944800,18.23,18.23,18.23,18.23,5299336
1685948400,18.23,18.32,17.46,17.65,89479999
1685952000,17.65,17.88,17.64,17.79,28759898
1685955600,17.79,17.93,17.75,17.85,17464936
1685959200,17.85,17.95,17.74,17.92,22090858
1685962800,17.93,18.02,17.84,17.95,33586634
1685966400,17.96,18.25,17.93,18.1,33881405
1685970000,18.1,18.2,17.93,18.05,21639858
1685973600,18.05,18.19,18.04,18.17,37353584
1685977200,18.17,18.17,18.17,18.17,2906216
1686031200,18.02,18.02,18.02,18.02,2229299
1686034800,18.02,18.07,17.77,17.84,45577193
1686038400,17.84,18.21,17.84,18.05,45117385
1686042000,18.04,18.05,17.8,17.84,25320655
1686045600,17.83,17.94,17.82,17.83,13949722
1686049200,17.82,17.94,17.8,17.9,15451266
1686052800,17.89,17.95,17.82,17.84,14406121
1686056400,17.84,17.89,17.8,17.83,16230536
1686060000,17.83,18.04,17.79,18,34487921
1686063600,18.04,18.04,18.04,18.04,5268829
1686117600,18.25,18.25,18.25,18.25,3431534
1686121200,18.25,18.4,17.94,18.19,70589306
1686124800,18.19,18.36,18.18,18.32,33922856
1686128400,18.32,18.73,18.3,18.66,63995289
1686132000,18.65,18.84,18.62,18.65,47092048
1686135600,18.65,18.74,18.55,18.64,19192225
1686139200,18.64,18.68,18.51,18.65,16369129
1686142800,18.65,18.71,18.56,18.66,14101229
1686146400,18.65,18.7,18.35,18.38,31955643
1686150000,18.39,18.39,18.39,18.39,5858490
1686204000,18.38,18.38,18.38,18.38,1028256
1686207600,18.37,18.97,18.28,18.7,79440837
1686211200,18.69,18.83,18.68,18.77,18046061
1686214800,18.77,18.86,18.73,18.84,17273999
1686218400,18.85,18.88,18.75,18.75,13413785
1686222000,18.76,18.77,18.49,18.52,20681711
1686225600,18.51,18.59,18.24,18.31,34184874
1686229200,18.3,18.51,18.27,18.46,18399000
1686232800,18.46,18.62,18.3,18.6,26016725
1686236400,18.61,18.65,18.61,18.65,4078011
1686290400,18.76,18.76,18.76,18.76,3945586
1686294000,18.77,18.84,18.37,18.47,44358081
1686297600,18.47,18.64,18.46,18.54,18622159
1686301200,18.54,18.57,18.41,18.45,6449601
1686304800,18.45,18.5,18.36,18.39,7053254
1686308400,18.38,18.47,18.33,18.43,10251807
1686312000,18.42,18.56,18.39,18.49,12970874
1686315600,18.49,18.62,18.46,18.52,15807679
1686319200,18.53,18.57,18.47,18.47,21049044
1686322800,18.48,18.48,18.46,18.46,4947694
1686549600,18.61,18.61,18.61,18.61,1570984
1686553200,18.6,18.71,18.45,18.6,37417572
1686556800,18.61,18.7,18.58,18.64,19814378
1686560400,18.64,18.68,18.61,18.64,4535795
1686564000,18.63,18.66,18.43,18.49,11739948
1686567600,18.48,18.56,18.42,18.43,9701269
1686571200,18.44,18.45,18.21,18.25,16348061
1686574800,18.27,18.27,18.12,18.21,10700211
1686578400,18.21,18.23,18.07,18.08,15693590
1686582000,18.08,18.08,18.08,18.08,2867737
1686636000,18.08,18.08,18.08,18.08,942738
1686639600,18.09,18.41,18.04,18.14,41725208
1686643200,18.14,18.14,17.81,17.95,20753055
1686646800,17.96,18.01,17.89,17.9,7324464
1686650400,17.9,17.92,17.74,17.83,8427063
1686654000,17.82,18.32,17.8,18.28,31187136
1686657600,18.27,18.33,18.16,18.28,27726870
1686661200,18.29,18.45,17.95,17.98,25375129
1686664800,17.99,18.18,17.84,17.96,26543484
1686668400,18.03,18.03,18.03,18.03,2886099
1686722400,18.1,18.1,18.1,18.1,1288730
1686726000,18.11,18.46,17.97,18.38,46055096
1686729600,18.38,18.48,18.28,18.32,21880809
1686733200,18.32,18.45,18.22,18.44,11133866
1686736800,18.44,18.79,18.32,18.74,56651078
1686740400,18.74,18.92,18.48,18.7,53163046
1686744000,18.7,18.75,18.37,18.4,24735491
1686747600,18.39,18.46,18.27,18.36,31892163
1686751200,18.36,18.62,18.35,18.39,25959927
1686754800,18.37,18.37,18.37,18.37,4540221
1686808800,18.64,18.64,18.64,18.64,2851427
1686812400,18.63,18.81,18.51,18.65,41095906
1686816000,18.66,18.79,18.64,18.69,22112913
1686819600,18.69,18.74,18.62,18.63,8470684
1686823200,18.64,18.8,18.63,18.76,14013979
1686826800,18.76,18.93,18.75,18.9,33640005
1686830400,18.9,18.91,18.72,18.77,23295309
1686834000,18.77,18.83,18.67,18.83,22737776
1686837600,18.82,19.21,18.8,19.21,70699575
1686841200,19.21,19.23,19.21,19.23,6383954
1686895200,19.25,19.25,19.25,19.25,2210783
1686898800,19.26,19.41,19.09,19.23,54946548
1686902400,19.24,19.26,19.1,19.21,14600903
1686906000,19.21,19.26,19.07,19.17,16258974
1686909600,19.17,19.33,19.12,19.23,21583963
1686913200,19.24,19.41,19.19,19.19,35142984
1686916800,19.19,19.33,19.15,19.31,17760715
1686920400,19.31,19.33,19.18,19.22,18525899
1686924000,19.23,19.34,18.8,18.98,46352235
1686927600,18.89,18.89,18.89,18.89,9160479
1687154400,18.99,18.99,18.99,18.99,1347847
1687158000,18.97,18.97,18.43,18.45,32372483
1687161600,18.43,18.5,18.3,18.48,16530805
1687165200,18.48,18.62,18.45,18.61,16648542
1687168800,18.6,18.81,18.56,18.79,20094947
1687172400,18.79,19.02,18.58,18.96,26391012
1687176000,18.97,19.1,18.76,18.93,33646174
1687179600,18.93,19.09,18.86,19.02,40917824
1687183200,19.03,19.05,18.47,18.48,30578842
1687186800,18.48,18.51,18.48,18.51,3088314
1687240800,18.51,18.51,18.51,18.51,624019
1687244400,18.5,18.79,18.45,18.61,32389921
1687248000,18.6,18.67,18.39,18.62,21617447
1687251600,18.63,18.78,18.61,18.75,13579385
1687255200,18.76,19,18.75,18.93,30480713
1687258800,18.93,19.19,18.92,19.11,28924098
1687262400,19.1,19.23,18.97,18.98,22874591
1687266000,18.98,19.08,18.81,19.01,26627089
1687269600,19.02,19.06,18.73,18.94,33108912
1687273200,18.98,19.04,18.98,19.04,4287620
1687327200,19.22,19.22,19.22,19.22,1904704
1687330800,19.22,19.38,19.2,19.29,36485879
1687334400,19.29,19.39,19.15,19.19,18311899
1687338000,19.19,19.37,19.19,19.27,18026832
1687341600,19.27,19.31,19.03,19.08,13236075
1687345200,19.07,19.18,18.93,19.12,13246811
1687348800,19.12,19.25,19.01,19.22,11084943
1687352400,19.21,19.35,19.08,19.11,23010425
1687356000,19.11,19.38,19.04,19.32,33104046
1687359600,19.31,19.31,19.31,19.31,3467244
1687413600,19.3,19.3,19.3,19.3,689247
1687417200,19.3,19.35,18.93,19.09,42961803
1687420800,19.1,19.34,19.08,19.17,31674838
1687424400,19.17,19.25,19.11,19.23,9897003
1687428000,19.24,19.38,19.23,19.32,27895389
1687431600,19.32,19.55,18.6,18.77,133602437
1687435200,18.78,19.15,18.72,19.1,56075333
1687438800,19.1,19.4,18.98,19.12,68955340
1687442400,19.12,19.36,19.09,19.19,60800328
1687446000,19.19,19.19,19.19,19.19,6979356
1687500000,19.44,19.44,19.44,19.44,2064542
1687503600,19.45,20.14,19.45,20.1,105801142
1687507200,20.1,20.14,19.93,19.96,23011060
1687510800,19.95,19.96,19.7,19.73,21932095
1687514400,19.73,19.81,19.68,19.72,10601863
1687518000,19.72,19.74,19.62,19.68,13178321
1687521600,19.68,19.86,19.58,19.62,19491563
1687525200,19.61,19.86,19.6,19.85,16264873
1687528800,19.85,19.99,19.75,19.79,38681438
1687532400,19.78,19.79,19.78,19.79,4206292
1687759200,20.54,20.54,20.54,20.54,2716372
1687762800,20.54,20.78,20.38,20.46,60628907
1687766400,20.46,20.64,20.44,20.6,14885174
1687770000,20.58,20.6,20.46,20.5,8588201
1687773600,20.48,20.5,20.24,20.3,12015392
1687777200,20.3,20.42,20.24,20.38,8529975
1687780800,20.4,20.5,20.38,20.46,17666075
1687784400,20.44,20.58,20.44,20.54,15226166
1687788000,20.54,20.64,20.42,20.44,24828845
1687791600,20.42,20.42,20.42,20.42,3901486
1687847400,20.28,20.4,20.14,20.26,11688654
1687851000,20.24,20.34,20.16,20.24,10613781
1687854600,20.24,20.44,20.12,20.3,16991865
1687858200,20.32,20.32,20.2,20.2,7549972
1688364000,20.44,20.44,20.44,20.44,1262376
1688367600,20.46,20.68,20.24,20.58,48209069
1688371200,20.58,20.76,20.54,20.58,17554790
1688374800,20.56,20.68,20.56,20.66,8074486
1688378400,20.66,20.74,20.64,20.66,11631331
1688382000,20.66,20.72,20.48,20.6,11575764
1688385600,20.6,20.64,20.54,20.6,7637472
1688389200,20.6,20.76,20.6,20.68,12060536
1688392800,20.68,20.74,20.58,20.68,17233434
1688396400,20.68,20.7,20.68,20.7,2322714
1688450400,21,21,21,21,1362118
1688454000,20.98,21.16,20.82,20.96,40848541
1688457600,20.96,21.2,20.96,21.06,25391788
1688461200,21.04,21.12,20.92,21.08,11757931
1688464800,21.06,21.14,21.02,21.08,8458542
1688468400,21.06,21.16,21.04,21.1,12291374
1688472000,21.08,21.34,21.08,21.16,25848830
1688475600,21.16,21.38,20.86,21.26,38665467
1688479200,21.24,21.38,21,21.06,26850734
1688482800,21.04,21.1,21.04,21.1,2869910
1688536800,21.18,21.18,21.18,21.18,1289145
1688540400,21.16,21.18,20.66,20.74,30660363
1688544000,20.74,20.78,20.66,20.7,10532968
1688547600,20.68,20.7,20.22,20.38,26878697
1688551200,20.38,20.52,20.24,20.38,12898424
1688554800,20.38,20.54,20.32,20.52,10481924
1688558400,20.52,20.58,20.38,20.56,11338897
1688562000,20.58,20.92,20.54,20.8,32788336
1688565600,20.8,20.9,20.76,20.82,24239349
1688569200,20.8,20.86,20.8,20.86,4923390
1688623200,21,21,21,21,1962836
1688626800,20.98,21.04,20.7,20.92,43682338
1688630400,20.94,21.14,20.74,20.86,39360941
1688634000,20.86,20.9,20.78,20.88,8925811
1688637600,20.86,20.9,20.82,20.84,6237359
1688641200,20.84,20.9,20.64,20.66,12953525
1688644800,20.66,20.68,20.56,20.62,12604975
1688648400,20.62,20.72,20.46,20.66,12294481
1688652000,20.68,20.68,20.44,20.5,17626779
1688655600,20.46,20.46,20.46,20.46,4617663
1688709600,20.4,20.4,20.4,20.4,509434
1688713200,20.42,20.76,20.34,20.6,33106725
1688716800,20.6,20.64,20.46,20.52,9103327
1688720400,20.5,20.54,20.36,20.38,8257700
1688724000,20.38,20.46,20.34,20.44,5689160
1688727600,20.44,20.46,20.32,20.34,7166402
1688731200,20.34,20.54,20.3,20.46,13233505
1688734800,20.48,20.5,20.38,20.4,8380319
1688738400,20.42,20.42,20.22,20.28,19044421
1688742000,20.28,20.28,20.24,20.26,5595396
1688968800,20.56,20.56,20.56,20.56,1222454
1688972400,20.52,20.58,20.38,20.4,27218744
1688976000,20.42,20.46,20.32,20.44,8102523
1688979600,20.42,20.56,20.36,20.42,8463416
1688983200,20.42,20.42,20.3,20.38,6601111
1688986800,20.38,20.44,20.32,20.4,8182617
1688990400,20.4,20.46,20.36,20.42,8276440
1688994000,20.42,20.54,20.4,20.48,12099701
1688997600,20.48,20.52,20.38,20.48,20492286
1689001200,20.48,20.5,20.48,20.5,3595974
1689055200,20.92,20.92,20.92,20.92,3208425
1689058800,20.9,20.94,20.46,20.72,38605526
1689062400,20.72,20.8,20.66,20.74,18296975
1689066000,20.74,20.8,20.66,20.76,7707762
1689069600,20.76,20.84,20.74,20.84,11953519
1689073200,20.84,21.3,20.82,21.28,57596499
1689076800,21.3,21.74,21.3,21.56,51153948
1689080400,21.58,22.04,21.58,21.98,44547714
1689084000,21.98,22.16,21.48,21.92,48718079
1689087600,21.88,21.88,21.88,21.88,4491821
1689141600,21.88,21.88,21.88,21.88,1281437
1689145200,21.86,23.08,21.8,22.96,107470006
1689148800,22.94,23.1,22.56,22.7,30388939
1689152400,22.68,22.8,22.52,22.72,15864381
1689156000,22.7,22.86,22.66,22.84,8528844
1689159600,22.84,23.02,22.74,22.98,18204934
1689163200,22.98,23.28,22.76,22.98,38445709
1689166800,22.96,23.46,22.96,23.38,28349855
1689170400,23.4,23.54,23.1,23.14,36326337
1689174000,23.14,23.16,23.1,23.1,3992369
1689228000,23.34,23.34,23.34,23.34,1657597
1689231600,23.32,24,23.2,23.82,67124698
1689235200,23.8,23.82,23.58,23.66,12155955
1689238800,23.64,23.9,23.58,23.88,14086449
1689242400,23.88,24.3,23.86,24.2,33938953
1689246000,24.2,24.26,24.02,24.1,11993018
1689249600,24.12,24.16,23.8,23.98,18399527
1689253200,24,24.46,23.76,24.36,28876951
1689256800,24.38,24.52,24.2,24.46,25882679
1689260400,24.44,24.44,24.44,24.44,3720941
1689314400,24.7,24.7,24.7,24.7,1762128
1689318000,24.7,25.22,24.06,24.58,67381675
1689321600,24.58,24.8,24.18,24.22,20430833
1689325200,24.2,24.32,24.08,24.24,7916889
1689328800,24.24,24.58,24.2,24.5,10949686
1689332400,24.48,24.64,24.42,24.5,6564085
1689336000,24.52,24.58,24.34,24.5,9551035
1689339600,24.48,24.68,24.44,24.58,10755082
1689343200,24.56,24.94,24.48,24.64,25270038
1689346800,24.76,24.76,24.76,24.76,3460607
1689573600,24.96,24.96,24.96,24.96,1864894
1689577200,24.96,25,24.38,24.9,31544843
1689580800,24.92,25.78,24.76,25.76,26186690
1689584400,25.76,26,25.46,25.56,20330775
1689588000,25.56,25.92,25.54,25.78,7915408
1689591600,25.76,25.9,25.68,25.78,6767746
1689595200,25.8,25.96,25.66,25.66,8997194
1689598800,25.66,25.74,25.32,25.42,7850118
1689602400,25.44,25.58,25.02,25.3,12326085
1689606000,25.32,25.32,25.32,25.32,2666033
1689660000,25.5,25.5,25.5,25.5,921113
1689663600,25.46,26.1,25.32,25.8,34941823
1689667200,25.78,25.82,24.84,24.9,22255561
1689670800,24.88,24.92,24.36,24.42,25161745
1689674400,24.42,24.58,24.26,24.48,16003502
1689678000,24.48,24.72,24.46,24.58,13509444
1689681600,24.56,24.72,24.48,24.5,9578743
1689685200,24.48,24.52,24.22,24.22,11018685
1689688800,24.22,24.24,23.46,23.5,29848252
1689692400,23.52,23.52,23.52,23.52,2271203
1689746400,23.6,23.6,23.6,23.6,814041
1689750000,23.6,24.4,23.58,24.04,38990445
1689753600,24.04,24.12,23.7,24.06,12029345
1689757200,24.06,24.18,23.86,24.08,7814801
1689760800,24.1,24.3,24.02,24.24,7525198
1689764400,24.24,24.3,23.96,24.04,8967191
1689768000,24.06,24.3,24.04,24.04,7223516
1689771600,24.04,24.18,23.9,24.18,7787831
1689775200,24.16,25,24.14,24.98,31218550
1689778800,24.98,25.02,24.98,25.02,3481868
1689832800,25.46,25.46,25.46,25.46,2010778
1689836400,25.44,25.58,24.92,25.1,30638860
1689840000,25.1,25.38,25.04,25.22,11022207
1689843600,25.22,25.38,25.16,25.24,9579311
1689847200,25.24,25.56,25.2,25.38,18819287
1689850800,25.42,25.52,24.84,25,62320435
1689854400,24.98,25.3,24.56,25.3,33332065
1689858000,25.3,25.5,24.88,25.08,30100949
1689861600,25.08,25.16,24.7,24.76,25029625
1689865200,24.7,24.7,24.7,24.7,4007990
1689919200,24.56,24.56,24.56,24.56,624323
1689922800,24.54,24.72,24.26,24.32,30343201
1689926400,24.34,24.4,24.14,24.22,10465799
1689930000,24.22,24.34,24.18,24.28,5365629
1689933600,24.28,24.34,24.12,24.14,4893201
1689937200,24.14,24.22,24.08,24.18,6438802
1689940800,24.2,24.2,24,24.06,6931288
1689944400,24.08,24.16,23.9,24.02,8632253
1689948000,24.04,24.24,23.98,24.02,13167538
1689951600,23.96,23.96,23.96,23.96,3874751
1690178400,24.04,24.04,24.04,24.04,439989
1690182000,24.04,24.24,23.76,24.2,25132957
1690185600,24.22,24.3,23.96,24.24,12606341
1690189200,24.22,24.52,24.18,24.5,9272759
1690192800,24.52,24.54,24.24,24.3,13650561
1690196400,24.32,24.5,24.26,24.28,6768657
1690200000,24.28,24.4,24.2,24.24,6188075
1690203600,24.24,24.34,24.18,24.28,6301829
1690207200,24.28,25,24.04,24.8,43388926
1690210800,24.8,24.8,24.8,24.8,2502556
1690264800,25,25,25,25,1506301
1690268400,24.98,25.56,24.86,25.26,58734774
1690272000,25.26,25.28,24.92,25.1,22887388
1690275600,25.1,25.22,24.96,25.12,11507144
1690279200,25.14,25.36,25.1,25.24,17063429
1690282800,25.24,25.28,25.08,25.24,8058873
1690286400,25.24,25.26,24.76,24.78,17518384
1690290000,24.78,24.92,24.46,24.84,20687740
1690293600,24.84,25.28,24.7,24.94,25678435
1690297200,24.92,24.92,24.9,24.9,3323732
1690351200,24.8,24.8,24.8,24.8,1468930
1690354800,24.78,24.8,24.12,24.16,23601099
1690358400,24.14,24.34,23.98,24.3,13439566
1690362000,24.28,24.34,24.18,24.28,3223548
1690365600,24.28,24.32,24.16,24.22,3805500
1690369200,24.24,24.3,24.16,24.26,3437487
1690372800,24.28,24.7,24.26,24.6,10513334
1690376400,24.62,25.04,24.48,24.98,22726940
1690380000,25,25.12,24.82,24.88,22590699
1690383600,25,25,25,25,2588534
1690437600,25.26,25.26,25.26,25.26,2648682
1690441200,25.24,25.48,24.84,25.3,51355083
1690444800,25.3,25.64,25.28,25.4,38456727
1690448400,25.38,25.54,25.3,25.48,14433839
1690452000,25.46,25.56,25.4,25.5,7319986
1690455600,25.5,25.92,25.46,25.8,26300263
1690459200,25.78,25.84,25.62,25.64,14469546
1690462800,25.66,26.02,25.5,26,26786427
1690466400,26.02,26.5,25.94,26.46,34743016
1690470000,26.44,26.48,26.3,26.44,2516523
1690524000,27.5,27.5,27.5,27.5,2965107
1690527600,27.5,28.2,27.24,27.98,52390167
1690531200,27.98,28.28,27.76,28.06,23599850
1690534800,28.08,28.18,27.96,28.12,10470393
1690538400,28.1,28.18,27.94,27.98,7700609
1690542000,27.98,28.12,27.86,27.94,8428633
1690545600,27.96,28.04,27.86,27.98,6598648
1690549200,27.96,28.52,27.86,28.32,21479626
1690552800,28.34,29.02,28.34,28.62,38890446
1690556400,28.64,28.64,28.56,28.56,2306095
1690783200,28.9,28.9,28.9,28.9,1613038
1690786800,28.92,29.14,28.26,28.82,45007430
1690790400,28.82,29.08,28.56,29.08,20259097
1690794000,29.08,29.26,28.88,28.98,22843678
1690797600,29,29.08,28.9,28.98,7119848
1690801200,29,29.02,28.34,28.44,12895705
1690804800,28.44,28.78,28.08,28.12,25415071
1690808400,28.12,28.2,27.68,27.74,24081940
1690812000,27.74,28.18,27.6,28.02,28659415
1690815600,27.94,27.94,27.94,27.94,8921438
1690869600,27.74,27.74,27.74,27.74,906668
1690873200,27.74,28.02,27.42,27.9,35076529
1690876800,27.9,27.94,27.66,27.68,11004865
1690880400,27.68,27.82,27.58,27.6,6531580
1690884000,27.62,27.68,27.5,27.52,5306720
1690887600,27.52,27.52,27.14,27.32,13202206
1690891200,27.34,27.5,27.26,27.36,8649896
1690894800,27.36,27.46,27.26,27.4,7532534
1690898400,27.42,27.54,27.04,27.12,21624582
1690902000,27.06,27.06,27.06,27.06,5111563
1690956000,27.06,27.06,27.06,27.06,505814
1690959600,27.06,27.2,26.8,26.86,17419105
1690963200,26.84,26.92,26.6,26.78,13193069
1690966800,26.8,27.3,26.74,27.28,20801331
1690970400,27.28,27.28,27.04,27.14,8434452
1690974000,27.14,27.26,27.08,27.26,7285612
1690977600,27.24,27.74,27.1,27.72,26141342
1690981200,27.72,28.56,27.62,28.48,65214036
1690984800,28.48,28.56,27.7,28.02,40562411
1690988400,28.04,28.04,28.04,28.04,2930218
1691042400,27.96,27.96,27.96,27.96,648470
1691046000,27.94,28.58,27.88,28.24,49228481
1691049600,28.24,28.42,28.06,28.14,12679473
1691053200,28.1,28.36,28.06,28.16,9920318
1691056800,28.16,28.34,28.08,28.18,10237453
1691060400,28.18,28.34,28.02,28.06,8761091
1691064000,28.04,28.08,27.62,27.72,18173305
1691067600,27.72,27.98,27.54,27.74,11340509
1691071200,27.74,27.8,27.2,27.22,18293711
1691074800,27.22,27.28,27.22,27.28,2012633
1691128800,27.44,27.44,27.44,27.44,493546
1691132400,27.44,27.8,27.26,27.38,26749420
1691136000,27.38,27.6,27.3,27.44,5337600
1691139600,27.44,27.48,27.38,27.42,3240694
1691143200,27.4,27.68,27.2,27.68,7118513
1691146800,27.66,28.1,27.56,28.02,24991661
1691150400,28,28.36,27.94,28.12,23510653
1691154000,28.12,28.42,28.06,28.26,20239349
1691157600,28.26,28.36,28.04,28.22,16684561
1691161200,28.3,28.3,28.3,28.3,2641710
1691388000,28.48,28.48,28.48,28.48,1001422
1691391600,28.48,28.56,28.02,28.08,15569568
1691395200,28.1,28.14,27.8,27.9,8789919
1691398800,27.88,27.98,27.82,27.96,3509098
1691402400,27.96,28.24,27.9,28.16,11810903
1691406000,28.16,28.36,27.88,27.9,12232653
1691409600,27.9,28.2,27.86,28.16,9570065
1691413200,28.16,28.3,28.12,28.26,9207537
1691416800,28.26,28.32,28.04,28.08,11033269
1691420400,28.12,28.12,28.12,28.12,2595186
1691474400,28.14,28.14,28.14,28.14,369886
1691478000,28.16,28.36,28.04,28.22,14846291
1691481600,28.2,28.6,28.18,28.38,34926459
1691485200,28.38,28.5,28.26,28.42,9160498
1691488800,28.4,28.42,28.14,28.14,7204843
1691492400,28.16,28.34,28.1,28.24,4905954
1691496000,28.26,28.5,28.24,28.48,10473104
1691499600,28.48,28.9,27.94,28,37666442
1691503200,28.04,28.3,27.82,28.14,18139956
1691506800,28.16,28.16,28.16,28.16,2833503
1691560800,28.24,28.24,28.24,28.24,668658
1691564400,28.24,28.72,28.04,28.26,28603753
1691568000,28.26,28.8,28.24,28.72,21511069
1691571600,28.72,28.98,28.66,28.8,17416642
1691575200,28.78,28.9,28.6,28.66,8569312
1691578800,28.64,28.8,28.62,28.66,6513731
1691582400,28.68,28.86,28.52,28.76,9580065
1691586000,28.76,30.86,28.72,30.74,93641632
1691589600,30.72,30.96,30.66,30.96,20785494
1691593200,30.96,30.96,30.96,30.96,1904670
1691647200,31.4,31.4,31.4,31.4,2443803
1691650800,31.4,32.5,30.72,31.44,82255689
1691654400,31.42,31.78,31.24,31.5,24111473
1691658000,31.5,32.2,31.48,32.06,27453509
1691661600,32.06,33.62,31.98,33.2,64952025
1691665200,33.22,33.32,32.72,33.02,25193364
1691668800,33.02,33.04,32.24,32.68,30389472
1691672400,32.68,32.74,31.38,31.92,54693280
1691676000,31.94,32.1,30,30.6,40303724
1691679600,30.66,30.66,30.66,30.66,4195446
1691733600,30.68,30.68,30.68,30.68,922897
1691737200,30.68,31.26,29.86,29.88,52183079
1691740800,29.88,30.1,29.64,30.02,23115735
1691744400,30.04,30.66,29.8,29.98,25604833
1691748000,29.98,30.76,29.78,30.56,21334562
1691751600,30.56,31.18,30.46,30.5,29926576
1691755200,30.48,30.72,30.34,30.5,13686912
1691758800,30.48,30.74,30.1,30.4,21096180
1691762400,30.42,31.5,30.3,30.88,47046958
1691766000,30.88,30.88,30.88,30.88,2556816
1691992800,31.2,31.2,31.2,31.2,1055365
1691996400,31.2,32.26,31.2,31.82,50439917
1692000000,31.82,31.96,31.02,31.08,20741004
1692003600,31.08,31.36,31.02,31.26,11222617
1692007200,31.28,31.32,30.82,30.88,12238394
1692010800,30.88,31.1,30.66,30.92,14382832
1692014400,30.94,31.02,30.66,30.76,10553481
1692018000,30.76,30.88,30.24,30.32,13447851
1692021600,30.32,30.74,30.04,30.2,22867899
1692025200,30.2,30.2,30.2,30.2,3854858
1692079200,30.3,30.3,30.3,30.3,685862
1692082800,30.28,30.38,29.88,30,21532645
1692086400,29.98,30,29.64,29.68,12235899
1692090000,29.7,29.78,29.42,29.46,11633623
1692093600,29.46,29.48,29.06,29.26,10749015
1692097200,29.26,29.78,29.16,29.56,16281537
1692100800,29.58,31.5,29.56,30.66,87911030
1692104400,30.68,30.86,29.48,29.54,33978666
1692108000,29.56,30.5,29.4,30.24,38273697
1692111600,30.24,30.36,30.24,30.36,3104163
1692165600,30.38,30.38,30.38,30.38,1212517
1692169200,30.36,30.46,29.72,29.84,30216634
1692172800,29.84,30.24,29.76,30.24,14669101
1692176400,30.24,30.64,29.96,29.96,23553319
1692180000,29.96,30.2,29.9,30.18,9683381
1692183600,30.18,30.22,29.88,30,8529647
1692187200,30.02,30.06,29.78,29.88,11432300
1692190800,29.86,30.1,29.8,30.02,10953325
1692194400,30.02,30.04,29.76,29.78,16622411
1692198000,29.78,29.78,29.78,29.78,4106398
1692252000,29.8,29.8,29.8,29.8,398460
1692255600,29.8,30.46,29.8,30.34,38030463
1692259200,30.36,30.38,30.04,30.24,13054112
1692262800,30.26,30.44,30.18,30.26,17657458
1692266400,30.26,30.36,30.18,30.26,8403811
1692270000,30.26,30.3,30.06,30.12,7865345
1692273600,30.14,30.14,29.84,29.96,9370166
1692277200,29.96,30.16,29.82,29.94,8875046
1692280800,29.94,30.3,29.88,30.1,21061221
1692284400,30.16,30.16,30.16,30.16,3087992
1692338400,30.3,30.3,30.3,30.3,1028606
1692342000,30.3,30.54,29.78,29.86,27833384
1692345600,29.86,30.28,29.8,30.2,15385279
1692349200,30.18,30.22,29.96,30.06,6046404
1692352800,30.06,30.18,30.02,30.04,3887525
1692356400,30.06,30.12,29.7,29.78,13181131
1692360000,29.78,29.98,29.34,29.42,15837417
1692363600,29.42,29.52,29.1,29.38,11321914
1692367200,29.36,29.36,27.96,28.64,24952482
1692370800,28.66,28.66,28.66,28.66,2325784
1692597600,27.2,27.2,27.2,27.2,2000879
1692601200,27.3,27.54,26.74,27.28,56186685
1692604800,27.28,27.68,27.16,27.3,25902269
1692608400,27.3,27.62,27.26,27.62,16517583
1692612000,27.62,27.78,27.46,27.58,16874921
1692615600,27.58,27.66,27.36,27.42,13499691
1692619200,27.44,27.66,27.28,27.58,13724650
1692622800,27.56,28.72,27.54,28.42,74963062
1692626400,28.42,28.96,28.3,28.36,51897027
1692630000,28.36,28.36,28.34,28.34,3028021
1692684000,28.78,28.78,28.78,28.78,1252728
1692687600,28.78,28.86,28,28.1,32534264
1692691200,28.1,28.3,27.94,27.98,11464364
1692694800,27.98,28.38,27.94,28.22,9389970
1692698400,28.2,28.24,27.9,27.92,7471254
1692702000,27.92,28.04,27.36,27.48,19473460
1692705600,27.46,27.58,27.24,27.48,11113441
1692709200,27.5,27.64,27.12,27.3,13751217
1692712800,27.28,28.1,27.16,27.46,31905126
1692716400,27.5,27.5,27.5,27.5,2865261
1692770400,27.6,27.6,27.6,27.6,646054
1692774000,27.6,28.02,27.32,27.94,35446342
1692777600,27.96,28.08,27.64,27.9,12828292
1692781200,27.9,27.92,27.7,27.74,4783129
1692784800,27.76,28.04,27.7,27.9,11215219
1692788400,27.9,28.36,27.84,28.24,22200234
1692792000,28.24,28.34,27.88,27.88,15981532
1692795600,27.88,28.24,27.76,27.86,18212479
1692799200,27.86,28.04,27.48,27.68,21770188
1692802800,27.68,27.68,27.66,27.66,2239672
1692856800,27.8,27.8,27.8,27.8,881389
1692860400,27.8,28.2,27.78,28.04,24875058
1692864000,28.04,28.34,27.94,28.12,17077246
1692867600,28.12,28.24,27.78,27.96,13052632
1692871200,27.96,28.48,27.92,28.36,15559523
1692874800,28.36,30.42,28.34,29.54,181465643
1692878400,29.52,30.42,29.52,29.64,77936742
1692882000,29.64,30.38,29.46,30.3,38510472
1692885600,30.28,30.42,29.96,30.18,29934379
1692889200,30.14,30.42,30.1,30.42,3726316
1692943200,31.2,31.2,31.2,31.2,2417933
1692946800,31.18,31.3,29.46,29.72,49063470
1692950400,29.72,30.62,29.56,30.22,34748500
1692954000,30.24,30.3,29.72,29.82,12865052
1692957600,29.82,30.12,29.7,30.08,11344349
1692961200,30.06,30.96,29.96,30.46,35458584
1692964800,30.44,30.62,30.02,30.14,15027478
1692968400,30.12,30.72,30.04,30.5,17963097
1692972000,30.52,30.56,29.7,29.88,27941306
1692975600,29.94,29.94,29.94,29.94,4507594
1693202400,30.38,30.38,30.38,30.38,1180139
1693206000,30.36,30.8,30.1,30.44,40496249
1693209600,30.44,30.88,30.2,30.72,33381132
1693213200,30.72,30.82,30.22,30.32,20725154
1693216800,30.32,30.38,30.16,30.3,10009322
1693220400,30.3,30.42,30.16,30.28,7938147
1693224000,30.28,30.5,30.18,30.42,14396877
1693227600,30.4,30.6,30.32,30.38,18270326
1693231200,30.38,30.42,29.72,29.88,22602639
1693234800,29.8,29.8,29.8,29.8,3239535
1693288800,29.92,29.92,29.92,29.92,1030261
1693292400,29.92,30.5,29.86,30.36,26937793
1693296000,30.4,30.86,30.24,30.68,34611157
1693299600,30.68,30.72,30.42,30.6,14708296
1693303200,30.6,30.66,30.36,30.42,9476289
1693306800,30.42,30.42,29.96,30.18,15583716
1693310400,30.18,30.26,30,30.04,9961987
1693314000,30.02,30.4,29.8,30.14,14483975
1693317600,30.12,30.32,29.88,30.1,16351029
1693321200,30.2,30.2,30.2,30.2,3424619
1693461600,30.4,30.4,30.4,30.4,687089
1693465200,30.4,30.56,30.02,30.16,21881826
1693468800,30.16,30.36,30.06,30.08,11457073
1693472400,30.08,30.1,29.66,29.76,10929792
1693476000,29.74,29.88,29.68,29.76,7006153
1693479600,29.74,30.02,29.74,29.82,5798945
1693483200,29.8,29.92,29.66,29.72,5669382
1693486800,29.74,29.78,29.36,29.42,12147607
1693490400,29.4,29.42,28.96,29.16,25584155
1693494000,29.16,29.16,28.78,28.78,13033307
1693548000,28.98,28.98,28.98,28.98,1044197
1693551600,28.98,29.3,28.56,28.8,28133662
1693555200,28.78,29.06,28.76,28.94,10334693
1693558800,28.96,29.3,28.8,29.12,14731407
1693562400,29.12,29.18,28.88,28.98,7909051
1693566000,28.98,29.06,28.84,28.94,4263006
1693569600,28.94,29.3,28.86,29.14,8249677
1693573200,29.12,29.26,29.02,29.1,9852875
1693576800,29.1,29.52,29.02,29.24,15412352
1693580400,29.38,29.38,29.38,29.38,2102366
1693807200,29.88,29.88,29.88,29.88,1261875
1693810800,29.88,29.98,29.52,29.84,20762501
1693814400,29.84,30.8,29.78,30.5,37327662
1693818000,30.5,30.64,30.32,30.44,20007101
1693821600,30.44,30.52,30.3,30.4,6147848
1693825200,30.4,30.58,30.34,30.5,8271976
1693828800,30.48,30.76,30.34,30.74,11305850
1693832400,30.74,30.84,30.3,30.34,12467797
1693836000,30.34,30.48,30.02,30.22,12908327
1693839600,30.22,30.22,30.22,30.22,2056534
1693893600,30.24,30.24,30.24,30.24,633580
1693897200,30.22,30.66,30.1,30.42,17708950
1693900800,30.42,30.44,30.1,30.24,7740031
1693904400,30.22,31.24,30.12,30.92,37300123
1693908000,30.94,31.44,30.9,31.32,23621339
1693911600,31.32,31.32,30.94,31.14,7538450
1693915200,31.14,31.4,31,31.34,12607453
1693918800,31.32,31.4,30.96,31.28,15415907
1693922400,31.3,31.66,31.14,31.4,24594451
1693926000,31.4,31.56,31.38,31.56,2552898
1693980000,31.74,31.74,31.74,31.74,1123000
1693983600,31.72,31.9,31.46,31.54,19684318
1693987200,31.56,32.16,31.54,32.08,14825764
1693990800,32.06,32.14,31.7,31.92,9011725
1693994400,31.9,31.94,31.58,31.9,7522570
1693998000,31.9,32,31.6,31.8,7779569
1694001600,31.82,31.82,30.96,31.5,19225664
1694005200,31.52,32.4,31.5,32.36,27122633
1694008800,32.36,32.38,31.28,31.4,17861647
1694012400,31.4,31.4,31.4,31.4,2717465
1694066400,31.56,31.56,31.56,31.56,686857
1694070000,31.54,32.18,31.52,31.84,15363140
1694073600,31.84,32.16,31.68,32.12,7439208
1694077200,32.14,32.46,32.12,32.24,12470805
1694080800,32.22,32.4,32.08,32.2,7467505
1694084400,32.2,32.34,32,32.06,5689492
1694088000,32.04,32.1,31.58,31.76,10277459
1694091600,31.76,32.14,31.58,31.98,6919311
1694095200,31.98,32.92,31.78,32.58,26193678
1694098800,32.58,32.62,32.58,32.62,3151557
1694152800,32.8,32.8,32.8,32.8,984220
1694156400,32.8,33.36,32.24,32.52,34128834
1694160000,32.52,32.86,32.48,32.56,10726517
1694163600,32.56,32.66,32.44,32.54,5173325
1694167200,32.54,32.72,32.5,32.62,5670749
1694170800,32.64,32.64,32.38,32.46,6952347
1694174400,32.46,32.68,32.32,32.46,8720944
1694178000,32.46,32.58,32.32,32.42,8941250
1694181600,32.42,32.54,32.24,32.3,13116310
1694185200,32.3,32.3,32.3,32.3,3574019
1694412000,32.72,32.72,32.72,32.72,1641333
1694415600,32.74,32.84,32,32.02,23226886
1694419200,32.02,32.08,31.74,31.82,11218836
1694422800,31.8,32.06,31.7,31.9,9567449
1694426400,31.9,32.16,31.8,31.98,6100759
1694430000,31.98,31.98,31.7,31.74,4686886
1694433600,31.72,31.76,31.34,31.48,8930944
1694437200,31.48,31.48,30.54,30.62,14682973
1694440800,30.62,30.88,30.22,30.56,20688177
1694444400,30.56,30.62,30.56,30.62,2232963
1694498400,30.64,30.64,30.64,30.64,379820
1694502000,30.66,30.72,30.18,30.34,19884895
1694505600,30.34,30.34,29.8,29.94,14958134
1694509200,29.92,30.1,29.82,30.02,7803922
1694512800,30.02,30.38,29.84,30.22,11101756
1694516400,30.2,30.38,29.9,30,10212845
1694520000,30.02,30.28,29.88,29.94,11060296
1694523600,29.92,30.56,29.92,30.22,28790370
1694527200,30.22,30.4,29.56,29.68,30908844
1694530800,29.68,29.68,29.62,29.62,4784142
1694584800,29.66,29.66,29.66,29.66,681927
1694588400,29.66,30.22,29.58,30,41123946
1694592000,30,30.14,29.74,29.9,15847269
1694595600,29.9,30.06,29.82,29.96,6234631
1694599200,29.94,30.06,29.82,29.94,5672792
1694602800,29.92,30.14,29.84,30.04,9282616
1694606400,30.02,30.08,29.64,29.76,14447264
1694610000,29.76,29.82,29.16,29.26,17597771
1694613600,29.26,29.4,28.92,29.18,21019479
1694617200,29.16,29.16,29.14,29.14,3191420
1694671200,29.06,29.06,29.06,29.06,684641
1694674800,29.04,29.16,28.54,28.64,21687952
1694678400,28.64,29.16,28.62,28.86,15331102
1694682000,28.86,28.96,28.72,28.86,5711882
1694685600,28.86,28.86,28.6,28.66,6279123
1694689200,28.66,28.76,28.32,28.38,10886979
1694692800,28.38,28.48,28.16,28.42,17389492
1694696400,28.42,28.8,28.3,28.52,19962565
1694700000,28.52,28.82,28.32,28.7,20814869
1694703600,28.8,28.8,28.8,28.8,2219522
1694757600,28.94,28.94,28.94,28.94,694002
1694761200,28.92,29.3,28.64,29,28630820
1694764800,28.98,29.58,28.98,29.34,18025876
1694768400,29.34,29.56,29.22,29.34,8893699
1694772000,29.32,29.56,29.2,29.38,6529917
1694775600,29.38,29.68,29.3,29.32,9969215
1694779200,29.3,29.4,29.1,29.12,9944514
1694782800,29.12,29.16,28.66,28.74,14053656
1694786400,28.74,29.04,28.54,28.64,15438016
1694790000,28.44,28.44,28.44,28.44,9376733
1695016800,28.44,28.44,28.44,28.44,780165
1695020400,28.44,28.74,28.32,28.56,19249181
1695024000,28.56,28.94,28.56,28.82,13832091
1695027600,28.82,28.92,28.72,28.82,4926848
1695031200,28.82,28.92,28.64,28.68,5849764
1695034800,28.68,28.72,28.52,28.56,7355962
1695038400,28.58,28.98,28.48,28.8,8730331
1695042000,28.8,28.88,28.52,28.82,10035389
1695045600,28.82,28.94,28.2,28.46,19930603
1695049200,28.54,28.54,28.54,28.54,2090962
1695103200,28.62,28.62,28.62,28.62,370764
1695106800,28.62,28.94,28.44,28.54,19840701
1695110400,28.54,28.74,28.34,28.42,9383900
1695114000,28.4,28.44,28.2,28.34,5969692
1695117600,28.34,28.38,28.22,28.3,4536604
1695121200,28.3,28.62,28.22,28.34,13577600
1695124800,28.36,28.44,28.02,28.18,7660021
1695128400,28.18,28.7,28.12,28.56,11666494
1695132000,28.56,28.9,28.38,28.88,14753740
1695135600,28.86,28.98,28.82,28.98,2387086
1695189600,29.06,29.06,29.06,29.06,581752
1695193200,29.06,29.6,28.78,29.6,25727862
1695196800,29.6,29.86,29.42,29.84,20837019
1695200400,29.84,30.08,29.74,29.86,14392181
1695204000,29.84,29.98,29.74,29.94,5904334
1695207600,29.92,30.02,29.78,29.94,5616178
1695211200,29.94,30.08,29.72,30,12958350
1695214800,30,30.18,29.68,29.86,21889143
1695218400,29.86,29.86,29.18,29.56,20888323
1695222000,29.6,29.6,29.6,29.6,3436626
1695276000,29.94,29.94,29.94,29.94,1767291
1695279600,29.96,30.8,29.86,30.52,52610723
1695283200,30.52,30.72,30.38,30.5,15404388
1695286800,30.48,30.58,30.38,30.44,8035456
1695290400,30.46,30.84,30.36,30.68,17420213
1695294000,30.66,31,29.54,30.18,73191660
1695297600,30.2,30.28,29.9,30.16,12791751
1695301200,30.16,30.88,30.14,30.66,29493870
1695304800,30.68,31.34,30.54,31.24,24815918
1695308400,31.2,31.2,31.2,31.2,2378534
1695362400,31.2,31.2,31.2,31.2,712142
1695366000,31.2,31.44,30.9,31.08,20792731
1695369600,31.08,31.6,31.04,31.26,13087099
1695373200,31.26,31.34,31.16,31.2,4159841
1695376800,31.2,31.5,31.12,31.44,9762344
1695380400,31.42,31.68,31.02,31.08,18573928
1695384000,31.06,31.12,30.8,30.9,9445405
1695387600,30.9,31.4,30.88,31.14,16310696
1695391200,31.14,31.28,30.8,30.84,15015765
1695394800,30.84,30.84,30.8,30.8,2987902
1695621600,30.94,30.94,30.94,30.94,499628
1695625200,30.92,31.38,30.84,31.2,22257600
1695628800,31.18,31.44,31.14,31.32,11044639
1695632400,31.32,31.78,31.3,31.74,13943874
1695636000,31.74,32,31.64,31.98,13371731
1695639600,31.98,32.02,31.5,31.58,13341999
1695643200,31.56,31.86,31.54,31.78,9795623
1695646800,31.78,32.34,31.76,32.3,22593089
1695650400,32.3,32.6,32.24,32.28,22536262
1695654000,32.28,32.28,32.22,32.22,2954183
1695708000,32.28,32.28,32.28,32.28,790317
1695711600,32.26,32.48,31.86,32.18,26888632
1695715200,32.18,32.28,31.98,32.06,10277361
1695718800,32.06,32.1,31.86,31.9,7883421
1695722400,31.9,32.06,31.84,32,9595342
1695726000,32,32.12,31.54,31.74,13532364
1695729600,31.74,31.88,31.56,31.76,9504651
1695733200,31.76,32.1,31.76,32.04,12975432
1695736800,32.04,32.08,31.46,31.58,13115861
1695740400,31.68,31.68,31.68,31.68,2817044
1695794400,31.7,31.7,31.7,31.7,700318
1695798000,31.7,31.88,31.44,31.72,15960463
1695801600,31.74,31.76,31.46,31.48,7687689
1695805200,31.46,31.52,31.34,31.42,6330403
1695808800,31.4,31.8,31.36,31.76,8028688
1695812400,31.76,31.94,31.58,31.64,8370068
1695816000,31.64,31.86,31.54,31.74,8723504
1695819600,31.74,32.02,31.7,31.86,15761908
1695823200,31.86,32,31.52,31.6,11945136
1695826800,31.56,31.56,31.56,31.56,2419172
1695880800,31.58,31.58,31.58,31.58,552544
1695884400,31.58,32,31.48,31.84,25297162
1695888000,31.84,32.18,31.84,31.96,13147973
1695891600,31.96,32,31.88,32,3943284
1695895200,32,32.04,31.84,31.94,5699042
1695898800,31.94,31.96,31.5,31.6,8722921
1695902400,31.6,31.68,31.48,31.56,11060615
1695906000,31.54,31.8,31.44,31.58,16087692
1695909600,31.58,32.5,31.54,32,47507121
1695913200,32.04,32.04,32.04,32.04,2617789
1695967200,32.54,32.54,32.54,32.54,1517968
1695970800,32.52,33.38,32.48,33.12,44409813
1695974400,33.12,33.66,33,33.14,25130991
1695978000,33.14,33.26,33.02,33.14,6262641
1695981600,33.12,33.22,32.94,33.16,7941972
1695985200,33.18,33.34,33.14,33.24,8695656
1695988800,33.24,33.6,33.2,33.56,13009860
1695992400,33.58,34.22,33.44,34.08,21248680
1695996000,34.1,34.1,33.24,33.4,20201947
1695999600,33.36,33.46,33.36,33.46,4008059
1696226400,33.48,33.48,33.48,33.48,1550305
1696230000,33.5,33.98,33.16,33.52,25623335
1696233600,33.52,33.84,33.46,33.66,10602598
1696237200,33.64,33.76,33.5,33.56,6233218
1696240800,33.56,33.84,33.48,33.7,8665180
1696244400,33.7,35.2,33.68,34.68,40991655
1696248000,34.66,34.7,34.42,34.62,9745684
1696251600,34.6,34.74,34.2,34.2,11002442
1696255200,34.22,34.5,33.96,34.42,13890470
1696258800,34.48,34.48,34.48,34.48,2091332
1696312800,34.74,34.74,34.74,34.74,881650
1696316400,34.74,35.1,34.36,34.5,22528111
1696320000,34.48,34.56,34.28,34.34,7986488
1696323600,34.34,34.34,33.86,33.96,9402300
1696327200,33.96,34.18,33.88,34.06,5981403
1696330800,34.06,34.3,33.76,33.8,10059101
1696334400,33.82,33.98,33.64,33.76,5192193
1696338000,33.76,34.16,33.76,33.96,9299728
1696341600,33.98,34.08,33.5,33.98,12065134
1696345200,33.9,33.9,33.9,33.9,3200463
1696399200,33.9,33.9,33.9,33.9,867370
1696402800,33.9,34.4,33.6,33.66,24010428
1696406400,33.64,33.78,33.42,33.68,12389462
1696410000,33.68,33.68,33.44,33.52,4977915
1696413600,33.52,33.92,33.44,33.84,8856561
1696417200,33.84,33.84,33.56,33.6,3105996
1696420800,33.58,34.02,33.5,33.96,10176603
1696424400,33.96,34.02,33.72,33.88,6422865
1696428000,33.88,34.16,33.46,33.58,19802069
1696431600,33.44,33.44,33.44,33.44,4219898
1696485600,33.76,33.76,33.76,33.76,1487054
1696489200,33.76,34.1,33.54,34,16219232
1696492800,34.02,34.12,33.88,33.94,7084953
1696496400,33.96,34.08,33.82,34,7171071
1696500000,34,34.04,32.94,33.04,13549811
1696503600,33.06,33.1,32.44,32.88,14508816
1696507200,32.88,33.18,32.76,33.18,9969825
1696510800,33.16,33.48,32.98,33.44,19961428
1696514400,33.44,34.64,33.18,34.16,48761563
1696518000,34.2,34.2,34.2,34.2,3819547
1696572000,33.88,33.88,33.88,33.88,595894
1696575600,33.9,34.22,33.66,33.72,25610362
1696579200,33.72,33.88,33.62,33.74,7661005
1696582800,33.72,33.94,33.7,33.8,5133503
1696586400,33.8,34.06,33.76,33.9,8684422
1696590000,33.92,34.26,33.74,33.92,14369990
1696593600,33.94,34.06,33.84,33.86,8374090
1696597200,33.86,34.2,33.8,34.12,11818840
1696600800,34.12,34.12,33.66,33.74,12572270
1696604400,33.74,33.74,33.66,33.66,2987400
1696831200,33.18,33.18,33.18,33.18,651116
1696834800,33.16,33.38,32.56,32.82,28576927
1696838400,32.8,33.26,32.78,33.12,13415393
1696842000,33.12,33.2,33.04,33.1,3512233
1696845600,33.1,33.14,32.88,33.08,6657544
1696849200,33.1,33.14,32.92,32.94,4663945
1696852800,32.94,33.1,32.6,32.7,10484317
1696856400,32.68,32.92,32.66,32.74,7394365
1696860000,32.74,32.74,32.16,32.38,17497809
1696863600,32.38,32.38,32.26,32.26,3676600
1696917600,32.68,32.68,32.68,32.68,1062722
1696921200,32.66,32.96,32.44,32.9,16601856
1696924800,32.9,33.36,32.88,33.2,12971919
1696928400,33.22,33.32,33.1,33.2,5777712
1696932000,33.2,33.26,32.9,32.98,5016083
1696935600,32.98,33.22,32.94,33.16,5401453
1696939200,33.16,33.28,33.12,33.24,5556077
1696942800,33.24,33.32,32.92,33.06,6087682
1696946400,33.04,33.32,33.02,33.12,10621068
1696950000,33.14,33.14,33.14,33.14,2098905
1697004000,33.28,33.28,33.28,33.28,1141720
1697007600,33.3,33.96,33.3,33.88,24737254
1697011200,33.88,33.9,33.5,33.68,7652996
1697014800,33.68,33.84,33.52,33.56,5047083
1697018400,33.56,33.66,33.42,33.48,6301615
1697022000,33.48,33.68,33.42,33.52,5059448
1697025600,33.54,33.6,33.26,33.46,6570228
1697029200,33.48,33.58,33.26,33.42,6301217
1697032800,33.4,33.52,33.1,33.3,13249528
1697036400,33.32,33.32,33.32,33.32,6883753
1697090400,33.68,33.68,33.68,33.68,1031553
1697094000,33.66,34.34,33.58,34.26,29859304
1697097600,34.28,34.32,34,34.14,11071727
1697101200,34.14,34.24,34,34.1,4676316
1697104800,34.1,34.16,33.92,34.1,3273744
1697108400,34.12,34.24,33.38,33.58,13419657
1697112000,33.58,33.62,33.04,33.06,11673514
1697115600,33.06,33.4,32.32,32.36,14734838
1697119200,32.36,33.04,32.3,32.9,16899605
1697122800,32.92,32.92,32.92,32.92,3190867
1697176800,32.96,32.96,32.96,32.96,442210
1697180400,32.96,33,32.18,32.22,15066392
1697184000,32.2,32.24,31.52,31.68,15568458
1697187600,31.68,31.88,31.66,31.7,5988852
1697191200,31.68,31.9,31.64,31.78,4075929
1697194800,31.78,31.9,31.62,31.74,4589065
1697198400,31.72,31.92,31.5,31.54,7440154
1697202000,31.52,31.86,31.46,31.82,8037108
1697205600,31.82,31.9,31.56,31.66,16822610
1697209200,31.6,31.6,31.6,31.6,2047308
1697436000,32.2,32.2,32.2,32.2,1205990
1697439600,32.18,32.26,31.36,31.48,17690385
1697443200,31.5,31.58,31.14,31.44,7441495
1697446800,31.44,31.56,31.3,31.44,3066636
1697450400,31.44,31.56,31,31.1,5050089
1697454000,31.1,31.32,31.06,31.24,4633458
1697457600,31.24,31.52,31.1,31.48,4723902
1697461200,31.48,31.68,31.3,31.62,6780392
1697464800,31.62,31.74,31.28,31.56,16336142
1697468400,31.64,31.64,31.64,31.64,2484633
1697522400,31.74,31.74,31.74,31.74,480938
1697526000,31.74,32.06,31.52,31.56,17007878
1697529600,31.54,31.66,31.4,31.52,6685821
1697533200,31.5,31.54,31.32,31.4,3950342
1697536800,31.4,31.48,31.28,31.4,2550251
1697540400,31.38,31.6,31.36,31.48,4002516
1697544000,31.48,31.68,31.38,31.64,7662838
1697547600,31.64,31.92,31.6,31.92,11412190
1697551200,31.94,32.2,31.84,32.16,19955601
1697554800,32.22,32.22,32.22,32.22,1640473
1697608800,31.6,31.6,31.6,31.6,510193
1697612400,31.62,32.1,31.32,31.86,13997845
1697616000,31.86,32.12,31.78,31.94,6527923
1697619600,31.96,32.06,31.88,32.04,3190164
1697623200,32.04,32.2,31.94,31.96,4149657
1697626800,31.96,32.1,31.78,31.94,5607118
1697630400,31.96,32.02,31.78,31.9,6254001
1697634000,31.9,31.92,31.26,31.34,12853495
1697637600,31.32,31.48,30.96,31.16,14816670
1697641200,31.3,31.3,31.3,31.3,4387225
1697695200,31.28,31.28,31.28,31.28,260350
1697698800,31.3,31.68,31.18,31.4,11681789
1697702400,31.4,31.68,31.32,31.66,6422782
1697706000,31.64,31.72,31.5,31.56,3871072
1697709600,31.56,31.92,31.44,31.78,7444719
1697713200,31.8,31.88,31.56,31.74,7273496
1697716800,31.74,31.76,31.06,31.06,9899137
1697720400,31.06,31.24,30.78,30.94,9907584
1697724000,30.92,31.04,30.6,30.92,11996320
1697727600,30.92,30.92,30.92,30.92,2395596
1697781600,30.6,30.6,30.6,30.6,385813
1697785200,30.58,30.92,30.46,30.8,13093549
1697788800,30.82,30.84,30.38,30.42,4939056
1697792400,30.42,30.58,30.32,30.54,4178035
1697796000,30.54,30.6,30.36,30.44,3483243
1697799600,30.44,30.46,30.12,30.22,4150707
1697803200,30.22,30.48,30.16,30.36,3677319
1697806800,30.38,30.5,30.1,30.28,4956887
1697810400,30.26,30.62,29.66,29.96,15039337
1697814000,29.92,29.92,29.92,29.92,1714305
1698040800,30.46,30.46,30.46,30.46,585303
1698044400,30.46,30.54,30.08,30.24,11601522
1698048000,30.26,30.3,29.94,30.12,4034926
1698051600,30.1,30.12,29.8,30.04,4543730
1698055200,30.06,30.12,29.84,29.94,2839157
1698058800,29.94,30.1,29.7,30.08,5264295
1698062400,30.1,30.34,29.9,30.28,9510819
1698066000,30.28,30.34,30.04,30.34,6823701
1698069600,30.34,30.62,30.22,30.48,15684635
1698073200,30.48,30.5,30.48,30.5,2856169
1698127200,30.72,30.72,30.72,30.72,805674
1698130800,30.72,31.12,30.52,31.06,23618148
1698134400,31.06,31.3,30.8,31.04,18418777
1698138000,31.06,31.24,30.98,31.02,8216828
1698141600,31.02,31.18,31,31.08,6533504
1698145200,31.08,31.4,31.02,31.16,11822500
1698148800,31.16,31.66,31.14,31.62,15448560
1698152400,31.62,32.56,31.62,32.56,23252357
1698156000,32.56,32.6,31.62,31.68,26026949
1698159600,31.7,31.7,31.66,31.66,2008413
1698213600,31.66,31.66,31.66,31.66,417777
1698217200,31.68,32.06,31.56,31.84,21173240
1698220800,31.84,31.86,31.46,31.64,8669851
1698224400,31.64,31.76,31.36,31.36,5757468
1698228000,31.36,31.4,30.84,31.06,12062852
1698231600,31.06,31.2,30.8,30.9,5783848
1698235200,30.88,31.02,30.42,30.42,4886793
1698238800,30.4,30.66,30.08,30.08,7118017
1698242400,30.08,30.22,29.62,29.64,3159788
1698246000,29.6,29.6,29.6,29.6,3047087
1698300000,30.02,30.02,30.02,30.02,285698
1698303600,30.04,30.42,29.6,29.62,19865628
1698307200,29.62,29.76,29.04,29.58,16260540
1698310800,29.6,30.08,29.4,30.02,15746673
1698314400,30,30.36,29.86,30.26,13345899
1698318000,30.26,30.76,29.78,30.38,33934802
1698321600,30.4,30.72,30.24,30.28,20787965
1698325200,30.28,30.86,30.22,30.74,17681830
1698328800,30.74,30.84,30.02,30.62,22993849
1698332400,30.8,30.8,30.8,30.8,2552866
1698386400,30.94,30.94,30.94,30.94,1190747
1698390000,30.92,31.44,30.6,30.7,31034262
1698393600,30.7,30.96,30.58,30.92,7797389
1698397200,30.92,30.94,30.64,30.74,5663005
1698400800,30.72,30.88,30.66,30.7,4597343
1698404400,30.7,30.86,30.46,30.68,7441486
1698408000,30.68,30.84,30.14,30.2,10174349
1698411600,30.2,30.58,30.18,30.46,8488201
1698415200,30.46,31.08,30.38,30.88,22625243
1698418800,30.92,30.92,30.92,30.92,3408838
1698645600,30.84,30.84,30.84,30.84,455228
1698649200,30.84,31.28,30.74,31.1,16511198
1698652800,31.12,31.24,30.68,30.72,7664082
1698656400,30.72,30.76,30.4,30.56,8178149
1698660000,30.56,30.72,30.44,30.7,6415542
1698663600,30.7,30.74,30.46,30.58,4308122
1698667200,30.58,30.62,30.38,30.38,6062650
1698670800,30.38,30.48,30.12,30.28,9528498
1698674400,30.28,30.54,30.14,30.3,12480870
1698678000,30.22,30.22,30.22,30.22,3214470
1698732000,30.38,30.38,30.38,30.38,611555
1698735600,30.4,30.6,30.1,30.5,16838050
1698739200,30.5,30.56,30.38,30.44,5934683
1698742800,30.42,30.56,30.3,30.54,4868840
1698746400,30.54,30.74,30.46,30.54,7018001
1698750000,30.54,30.64,30.36,30.48,3884205
1698753600,30.48,30.48,30.16,30.16,4683992
1698757200,30.18,30.3,30.02,30.08,6708538
1698760800,30.08,30.12,29.4,29.56,15876555
1698764400,29.46,29.46,29.46,29.46,5237964
1698818400,29.7,29.7,29.7,29.7,887137
1698822000,29.7,29.94,29.44,29.8,18221025
1698825600,29.8,29.84,29.52,29.54,4422422
1698829200,29.54,29.74,29.5,29.64,4802265
1698832800,29.64,29.72,29.56,29.56,3975250
1698836400,29.58,29.64,29.02,29.1,6727093
1698840000,29.1,29.32,29.02,29.08,4771669
1698843600,29.08,29.08,28.22,28.34,8448115
1698847200,28.32,29.8,28.3,29.66,21054941
1698850800,29.66,29.66,29.66,29.66,3086875
1698904800,29.78,29.78,29.78,29.78,349646
1698908400,29.78,30.02,29.4,30,18955208
1698912000,30,30.08,29.78,30,9858354
1698915600,30,30.1,29.88,30.04,5535488
1698919200,30.04,30.36,30,30.04,8815523
1698922800,30.04,30.22,29.96,30.1,4657832
1698926400,30.1,30.14,29.74,29.92,5293707
1698930000,29.94,30.12,29.82,29.98,4172146
1698933600,29.98,30.1,29.72,30,11342060
1698937200,30.02,30.02,30.02,30.02,1559357
1698991200,30.1,30.1,30.1,30.1,656322
1698994800,30.12,30.18,29.84,30.1,10798976
1698998400,30.1,30.1,29.72,29.98,6389795
1699002000,29.96,29.96,29.62,29.74,3501745
1699005600,29.76,29.92,29.66,29.9,3885694
1699009200,29.9,29.98,29.78,29.86,4165668
1699012800,29.86,30.02,29.66,29.82,8032539
1699016400,29.84,30.18,29.5,29.98,19954100
1699020000,29.98,30.1,29.76,29.96,10383869
1699023600,30,30,30,30,2152069
1699250400,30.42,30.42,30.42,30.42,911476
1699254000,30.44,30.82,30.3,30.68,20637783
1699257600,30.7,30.78,30.6,30.72,7150344
1699261200,30.72,30.76,30.56,30.58,3323473
1699264800,30.6,30.6,30.48,30.52,2750070
1699268400,30.52,30.54,30.34,30.5,5244670
1699272000,30.5,30.6,30.44,30.48,3656959
1699275600,30.46,30.6,30.36,30.54,4474552
1699279200,30.56,30.74,30.5,30.56,11103433
1699282800,30.56,30.56,30.56,30.56,2417551
1699336800,30.5,30.5,30.5,30.5,314500
1699340400,30.48,30.6,30.28,30.54,11434350
1699344000,30.56,30.58,30.36,30.48,4632771
1699347600,30.48,30.6,30.38,30.42,4496366
1699351200,30.44,30.5,30.36,30.42,2271034
1699354800,30.42,30.44,30.32,30.38,2177701
1699358400,30.36,30.46,30.02,30.04,5956656
1699362000,30.04,30.28,29.98,30.28,5393527
1699365600,30.28,30.36,30.1,30.3,5409955
1699369200,30.28,30.28,30.24,30.24,1861450
1699423200,30.5,30.5,30.5,30.5,713741
1699426800,30.52,30.62,30.3,30.34,11279956
1699430400,30.32,30.38,30.22,30.3,3805223
1699434000,30.28,30.28,29.82,29.84,6815220
1699437600,29.84,29.86,29.54,29.58,6995041
1699441200,29.58,29.7,29.5,29.58,4321092
1699444800,29.58,29.76,29.5,29.58,4686290
1699448400,29.6,29.82,29.56,29.6,8604370
1699452000,29.62,29.8,29.52,29.78,8109265
1699455600,29.8,29.8,29.8,29.8,2635492
1699509600,29.56,29.56,29.56,29.56,213017
1699513200,29.56,29.94,29.5,29.66,15502648
1699516800,29.66,29.76,29.48,29.62,7523118
1699520400,29.62,29.88,29.6,29.86,5114344
1699524000,29.86,29.88,29.7,29.7,2574158
1699527600,29.7,29.74,29.54,29.54,4975256
1699531200,29.54,29.58,29.22,29.3,15463143
1699534800,29.3,29.64,29.28,29.64,19508808
1699538400,29.62,29.72,29.3,29.34,14539414
1699542000,29.34,29.36,29.34,29.36,3092364
1699596000,29.38,29.38,29.38,29.38,274787
1699599600,29.36,29.66,29.24,29.34,11574945
1699603200,29.34,29.4,29.16,29.3,3628462
1699606800,29.3,29.32,29.08,29.16,4391280
1699610400,29.16,29.28,29.1,29.24,8912030
1699614000,29.24,29.34,29.18,29.32,4846022
1699617600,29.32,29.5,29.28,29.32,9271446
1699621200,29.32,29.38,29.16,29.28,6655407
1699624800,29.28,29.3,28.94,28.98,10959538
1699628400,28.98,28.98,28.98,28.98,2631157
1699855200,28.92,28.92,28.92,28.92,321738
1699858800,28.92,29,28.38,28.66,13631877
1699862400,28.64,28.7,28.36,28.4,7621789
1699866000,28.38,28.6,28.36,28.58,3549588
1699869600,28.58,28.66,28.44,28.52,2574270
1699873200,28.52,28.56,28.26,28.36,3581506
1699876800,28.34,28.48,28.24,28.42,4117973
1699880400,28.42,28.58,28.26,28.38,3688394
1699884000,28.38,28.42,27.94,28.06,10268881
1699887600,28.06,28.06,28,28,2295859
1699941600,28.08,28.08,28.08,28.08,234936
1699945200,28.08,28.14,27.52,27.76,11689287
1699948800,27.76,28.08,27.66,27.72,9556089
1699952400,27.72,27.98,27.68,27.88,4150373
1699956000,27.86,27.96,27.74,27.82,4052863
1699959600,27.82,27.94,27.68,27.86,5624437
1699963200,27.86,27.96,27.7,27.74,5850615
1699966800,27.72,28.5,27.68,28.44,24378284
1699970400,28.44,28.62,28.28,28.52,10557859
1699974000,28.56,28.56,28.56,28.56,2703239
1700028000,28.66,28.66,28.66,28.66,439179
1700031600,28.66,28.7,28.38,28.44,11810391
1700035200,28.44,28.56,28.28,28.5,6650443
1700038800,28.5,28.5,28.32,28.44,2780770
1700042400,28.44,28.46,28.3,28.42,2629829
1700046000,28.4,28.78,28.38,28.68,9065116
1700049600,28.68,29.14,28.6,28.74,15668160
1700053200,28.72,28.8,28.48,28.74,7821502
1700056800,28.76,28.78,28.44,28.54,10055996
1700060400,28.6,28.6,28.6,28.6,2144180
1700114400,28.66,28.66,28.66,28.66,306660
1700118000,28.66,29.58,28.64,29.38,24644294
1700121600,29.38,29.66,29.34,29.44,7624330
1700125200,29.44,29.56,29.42,29.52,2659407
1700128800,29.52,29.62,29.38,29.5,4247568
1700132400,29.48,29.6,29.44,29.54,4014883
1700136000,29.54,29.76,29.46,29.76,5313743
1700139600,29.76,29.92,29.64,29.86,9197525
1700143200,29.86,30.02,29.72,29.86,11387897
1700146800,29.98,29.98,29.98,29.98,1997487
1700200800,29.88,29.88,29.88,29.88,293240
1700204400,29.86,30.06,29.68,30.06,13272053
1700208000,30.04,30.32,29.92,30.26,11787277
1700211600,30.24,30.38,30.12,30.2,4852670
1700215200,30.22,30.26,30.02,30.08,3309506
1700218800,30.08,30.34,30.04,30.32,6619402
1700222400,30.32,30.36,30.12,30.14,6684436
1700226000,30.14,30.22,30.06,30.12,4584254
1700229600,30.1,30.14,29.94,30.1,8498120
1700233200,30.08,30.08,30.08,30.08,2356856
1700460000,30.52,30.52,30.52,30.52,1088461
1700463600,30.54,30.74,30.42,30.58,17201024
1700467200,30.56,30.6,30.38,30.38,6204794
1700470800,30.38,30.4,30.2,30.26,7592867
1700474400,30.26,30.28,30.04,30.06,5884878
1700478000,30.06,30.3,30.04,30.22,4229673
1700481600,30.22,30.28,30.12,30.2,5202222
1700485200,30.2,30.34,30.12,30.28,4064622
1700488800,30.28,30.44,30.24,30.4,10173558
1700492400,30.44,30.44,30.44,30.44,1906177
1700546400,30.68,30.68,30.68,30.68,832913
1700550000,30.7,30.82,30.46,30.48,13272787
1700553600,30.46,30.6,30.38,30.48,4159343
1700557200,30.48,30.56,30.38,30.5,4403360
1700560800,30.48,30.6,30.36,30.52,3916521
1700564400,30.52,30.6,30.44,30.52,3468324
1700568000,30.5,30.7,30.38,30.68,7781985
1700571600,30.68,31.2,30.66,30.88,24529330
1700575200,30.88,31,30.76,30.94,10616677
1700578800,30.94,30.94,30.94,30.94,1905776
1700632800,30.9,30.9,30.9,30.9,476442
1700636400,30.9,31.14,30.66,30.74,17761957
1700640000,30.74,30.76,30.52,30.52,7724642
1700643600,30.52,30.52,30.32,30.42,6622953
1700647200,30.42,30.5,30.36,30.44,3288047
1700650800,30.42,30.74,30.36,30.7,7601893
1700654400,30.7,30.8,30.58,30.66,10604176
1700658000,30.66,30.84,30.62,30.74,12540051
1700661600,30.72,31,30.7,30.88,17041482
1700665200,30.88,30.88,30.88,30.88,2803619
1700719200,30.98,30.98,30.98,30.98,665289
1700722800,30.98,31.38,30.88,31.28,24641529
1700726400,31.28,31.42,31.18,31.24,11106690
1700730000,31.24,31.32,31.22,31.28,3707634
1700733600,31.28,31.44,31.26,31.42,6918483
1700737200,31.42,31.8,31.22,31.72,43598638
1700740800,31.74,31.86,31.56,31.72,10700013
1700744400,31.72,32.4,31.72,32.16,31190019
1700748000,32.16,32.24,31.46,31.5,23272546
1700751600,31.46,31.46,31.46,31.46,2669681
1700805600,31.44,31.44,31.44,31.44,432962
1700809200,31.44,31.48,30.84,30.96,15610683
1700812800,30.98,31.56,30.88,31.34,16195422
1700816400,31.36,31.46,31.24,31.4,3304532
1700820000,31.4,31.7,31.26,31.46,9900961
1700823600,31.48,31.54,31.16,31.24,8041892
1700827200,31.24,32.1,31.22,31.98,20656577
1700830800,32,32.3,31.96,32.1,13128952
1700834400,32.1,32.14,31.72,31.86,11652181
1700838000,31.86,31.86,31.86,31.86,2297267
1701064800,32.9,32.9,32.9,32.9,1860157
1701068400,32.9,33.98,32.72,33.48,46680350
1701072000,33.48,33.66,33.24,33.5,11697899
1701075600,33.5,33.84,33.4,33.68,7511127
1701079200,33.66,33.7,33.32,33.34,8027717
1701082800,33.36,33.52,33.3,33.46,5659529
1701086400,33.44,33.58,33.34,33.48,4939577
1701090000,33.48,34.28,33.44,34.16,24108261
1701093600,34.16,34.34,33.98,34.22,23740351
1701097200,34.22,34.3,34.22,34.3,4084726
1701151200,34.26,34.26,34.26,34.26,736105
1701154800,34.24,34.6,33.92,34.16,32295125
1701158400,34.18,34.58,34.1,34.18,15817868
1701162000,34.18,34.32,34.12,34.26,3538825
1701165600,34.26,34.32,34.1,34.18,4113910
1701169200,34.2,34.22,33.98,34.14,5498913
1701172800,34.14,34.46,34.06,34.3,10786014
1701176400,34.28,34.4,34.14,34.24,8685710
1701180000,34.24,34.38,33.52,33.82,26708129
1701183600,33.8,33.8,33.8,33.8,3577716
1701237600,33.84,33.84,33.84,33.84,428245
1701241200,33.84,34.06,33.38,33.76,23356635
1701244800,33.76,34.02,33.72,33.78,13433826
1701248400,33.78,34,33.74,33.98,4917721
1701252000,33.96,33.98,33.74,33.8,4940694
1701255600,33.78,33.8,33.36,33.52,12365581
1701259200,33.5,33.98,33.5,33.86,9196428
1701262800,33.88,33.98,33.72,33.92,8569273
1701266400,33.92,34.04,33.6,33.96,17179936
1701270000,33.92,33.92,33.92,33.92,2616377
1701324000,33.98,33.98,33.98,33.98,494829
1701327600,33.96,34.4,33.92,34.32,19215256
1701331200,34.32,34.64,34.16,34.46,18947098
1701334800,34.48,34.62,34.2,34.34,6947229
1701338400,34.36,34.5,34.28,34.38,4370800
1701342000,34.38,34.44,34.22,34.24,4835100
1701345600,34.26,34.38,33.9,33.96,9329451
1701349200,33.96,34.14,33.62,33.68,11703723
1701352800,33.7,33.84,33.5,33.68,14527170
1701356400,33.64,33.64,33.64,33.64,10775754
1701410400,34.68,34.68,34.68,34.68,2144936
1701414000,34.68,35.36,34.5,35.08,34476445
1701417600,35.06,35.1,34.68,34.74,8979049
1701421200,34.72,34.84,34.68,34.78,3976007
1701424800,34.78,34.8,34.44,34.6,8178156
1701428400,34.58,35.16,34.56,35.06,12084269
1701432000,35.06,35.14,34.9,34.94,6892936
1701435600,34.98,35.08,34.72,34.8,7035252
1701439200,34.8,35,34.52,34.82,16556372
1701442800,34.86,34.86,34.86,34.86,2936309
1701669600,35.02,35.02,35.02,35.02,708210
1701673200,35.02,35.22,34.6,34.92,21761652
1701676800,34.94,35.12,34.72,34.9,9068656
1701680400,34.9,35.02,34.76,34.9,2432015
1701684000,34.9,35.02,34.76,34.94,4135464
1701687600,34.94,35.12,34.92,35.08,6311657
1701691200,35.08,35.32,35.02,35.26,7076557
1701694800,35.26,36.04,35.22,36.04,17170007
1701698400,36.04,36.24,35.86,36.18,20126161
1701702000,36.18,36.22,36.18,36.22,2795073
1701756000,36.12,36.12,36.12,36.12,362034
1701759600,36.1,36.32,35.94,36.12,16939806
1701763200,36.1,36.46,36.06,36.22,7855082
1701766800,36.22,36.32,36.16,36.3,3307256
1701770400,36.3,36.36,36.2,36.24,3557241
1701774000,36.24,36.6,36.18,36.42,14053294
1701777600,36.42,36.48,35.88,36.14,12609998
1701781200,36.16,36.32,36,36.24,8728806
1701784800,36.24,36.56,36.14,36.34,19742526
1701788400,36.56,36.56,36.56,36.56,2900321
1701842400,36.5,36.5,36.5,36.5,359784
1701846000,36.5,37.7,36.44,37.62,36722937
1701849600,37.62,37.96,37.22,37.26,20350927
1701853200,37.24,37.42,37.08,37.18,13631622
1701856800,37.16,37.26,37.04,37.2,6829187
1701860400,37.2,37.22,36.78,36.96,10432770
1701864000,36.94,37.1,36.8,36.98,7696155
1701867600,36.98,37.08,36.76,36.94,9201342
1701871200,36.96,37.04,36.42,36.58,18307139
1701874800,36.5,36.5,36.5,36.5,4343023
1701928800,36.36,36.36,36.36,36.36,592324
1701932400,36.36,36.48,35.52,35.52,19557970
1701936000,35.52,35.56,35.26,35.48,9508464
1701939600,35.48,35.64,35.42,35.54,3814303
1701943200,35.54,35.78,35.46,35.68,5946994
1701946800,35.66,35.72,35.34,35.48,5331524
1701950400,35.48,35.56,34.84,34.92,9098180
1701954000,34.94,35.24,34.68,35.16,13488486
1701957600,35.18,35.84,35.16,35.6,19223893
1701961200,35.88,35.88,35.88,35.88,2479054
1702015200,35.96,35.96,35.96,35.96,552116
1702018800,35.94,36.06,35.38,35.44,21952309
1702022400,35.46,35.66,35.18,35.58,9034135
1702026000,35.6,35.72,35.32,35.34,5579051
1702029600,35.32,35.4,35.24,35.28,3869128
1702033200,35.28,35.36,35.18,35.28,3251006
1702036800,35.28,35.42,35.18,35.38,4203928
1702040400,35.36,35.56,35.32,35.36,7842906
1702044000,35.38,35.4,34.62,34.84,17390869
1702047600,34.96,34.96,34.96,34.96,2889803
1702274400,34.98,34.98,34.98,34.98,332448
1702278000,35,35.32,34.82,35.08,20298579
1702281600,35.1,35.3,34.86,35.02,9714142
1702285200,35,35.02,34.68,34.76,6193648
1702288800,34.76,35.02,34.68,34.8,8299098
1702292400,34.8,34.94,34.68,34.9,6147567
1702296000,34.9,34.96,34.44,34.56,7163007
1702299600,34.58,34.98,34.54,34.98,8988738
1702303200,34.98,35.44,34.84,34.94,20062387
1702306800,34.94,34.94,34.9,34.9,2778895
1702360800,34.9,34.9,34.9,34.9,529740
1702364400,34.88,35.26,34.76,34.78,16621334
1702368000,34.76,35.1,34.76,35.02,7958236
1702371600,35,35.06,34.7,34.88,6495170
1702375200,34.88,35.06,34.86,34.94,3912041
1702378800,34.92,36.22,34.88,36.2,29139817
1702382400,36.22,37.02,36,36.66,33704524
1702386000,36.66,37.28,36.66,37.14,29344102
1702389600,37.14,37.58,36.92,37.36,39771080
1702393200,37.36,37.36,37.24,37.24,3247324
1702447200,37.12,37.12,37.12,37.12,542896
1702450800,37.1,38.04,36.96,37.08,40324291
1702454400,37.08,37.14,36.7,36.86,9828421
1702458000,36.84,37.32,36.76,37.04,10182560
1702461600,37.02,37.18,36.92,37.02,3958383
1702465200,37.02,38.2,36.96,38.18,28258470
1702468800,38.2,38.6,38.04,38.1,23308986
1702472400,38.1,38.12,37.06,37.24,20987427
1702476000,37.28,37.8,36.7,36.8,19922331
1702479600,36.78,36.78,36.78,36.78,3763878
1702533600,37.4,37.4,37.4,37.4,1104007
1702537200,37.4,38,37.2,37.24,29024779
1702540800,37.24,37.42,37.04,37.4,14166550
1702544400,37.38,37.7,37.34,37.54,10862098
1702548000,37.52,37.8,37.4,37.76,10614444
1702551600,37.76,38.48,37.68,38.46,23628532
1702555200,38.44,38.74,38.42,38.56,18623004
1702558800,38.58,38.98,38.52,38.6,18577035
1702562400,38.58,38.68,38.14,38.34,20461922
1702566000,38.34,38.34,38.34,38.34,3382839
1702620000,38.38,38.38,38.38,38.38,718099
1702623600,38.38,39.06,38.26,38.78,22839059
1702627200,38.78,39.58,38.76,39.24,24202205
1702630800,39.24,39.94,39.24,39.68,15182117
1702634400,39.68,39.9,39.44,39.66,7294194
1702638000,39.64,39.72,39.5,39.6,4326908
1702641600,39.62,39.7,39.38,39.38,6257162
1702645200,39.38,39.52,38.86,39.3,10731216
1702648800,39.28,39.38,38.8,39.02,13142325
1702652400,39.02,39.1,39.02,39.1,7303948
1702879200,38.52,38.52,38.52,38.52,747729
1702882800,38.54,39.58,38.54,39,31039029
1702886400,39,39.34,38.84,39.2,8950999
1702890000,39.2,39.42,39.08,39.24,6992641
1702893600,39.26,39.74,39.18,39.54,9819044
1702897200,39.54,39.62,39.28,39.48,5262209
1702900800,39.46,39.56,39.1,39.3,6350336
1702904400,39.3,39.62,39.24,39.5,7237962
1702908000,39.5,39.62,38.88,39.32,17079820
1702911600,39.4,39.4,39.4,39.4,3288736
1702965600,39.38,39.38,39.38,39.38,317357
1702969200,39.36,39.5,38.74,38.8,16306177
1702972800,38.8,39,38.1,38.44,16924721
1702976400,38.42,38.5,38.04,38.22,5578373
1702980000,38.24,38.62,38.04,38.56,9432404
1702983600,38.56,38.8,38.3,38.36,10442510
1702987200,38.38,38.48,37.9,38.38,12654626
1702990800,38.38,38.62,38.14,38.4,7244497
1702994400,38.4,38.88,38.3,38.82,17945533
1702998000,38.82,38.88,38.82,38.88,2755016
1703052000,38.88,38.88,38.88,38.88,579662
1703055600,38.86,39.4,38.76,39.16,19586629
1703059200,39.16,39.52,38.94,39.04,11364903
1703062800,39.02,39.3,38.98,39.2,5389893
1703066400,39.2,39.48,39.08,39.26,8446187
1703070000,39.26,39.34,39.12,39.2,4762575
1703073600,39.2,39.28,38.96,39.06,6486071
1703077200,39.06,39.5,38.96,39.08,9657295
1703080800,39.08,40,38.98,40,26985730
1703084400,39.98,40,39.94,39.94,2257781
1703138400,39.94,39.94,39.94,39.94,611830
1703142000,39.92,40.72,39.7,40.42,26457868
1703145600,40.42,40.5,39.5,39.7,20894153
1703149200,39.7,39.92,39.56,39.62,8183148
1703152800,39.62,39.86,39.54,39.8,6429726
1703156400,39.78,40,39.38,39.38,22265691
1703160000,39.4,39.4,39.02,39.28,10226402
1703163600,39.28,39.74,39.18,39.44,12728194
1703167200,39.44,39.72,39.22,39.28,17676723
1703170800,39.1,39.1,39.1,39.1,3918357
1703224800,39.16,39.16,39.16,39.16,449130
1703228400,39.16,39.44,39.06,39.38,20036809
1703232000,39.38,39.48,39.16,39.32,8434974
1703235600,39.32,39.42,39.18,39.2,6174110
1703239200,39.2,39.3,39.12,39.24,3721025
1703242800,39.24,39.36,39.22,39.28,4508131
1703246400,39.3,39.78,39.26,39.52,17794911
1703250000,39.54,39.64,39.34,39.46,9222668
1703253600,39.46,39.58,38.96,39.1,19796876
1703257200,39.16,39.16,39.16,39.16,1930752
1703484000,39.02,39.02,39.02,39.02,289791
1703487600,39,39,38.02,38.18,11391796
1703491200,38.18,38.3,37.6,38.22,9091788
1703494800,38.22,38.26,37.82,37.84,1775032
1703498400,37.84,38.02,37.72,37.9,1802960
1703502000,37.9,38.34,37.76,38.24,3483359
1703505600,38.24,38.4,38.08,38.32,2665981
1703509200,38.34,38.58,37.94,38.14,5534594
1703512800,38.14,38.22,37.08,38.06,13937728
1703516400,38.04,38.04,38.04,38.04,1337099
1703570400,38.38,38.38,38.38,38.38,281706
1703574000,38.34,38.5,37.7,38.24,16041400
1703577600,38.26,38.4,37.62,37.76,9335569
1703581200,37.76,37.76,37.52,37.54,3135578
1703584800,37.54,37.66,36.96,37.32,8771836
1703588400,37.32,37.8,37.24,37.7,7676266
1703592000,37.72,38,37.54,37.92,10089647
1703595600,37.94,38.2,37.58,38,12520987
1703599200,38,38.28,37.64,37.66,14996882
1703602800,37.66,37.68,37.64,37.68,1499157
1703656800,37.6,37.6,37.6,37.6,206826
1703660400,37.6,37.68,36.52,36.52,18398931
1703664000,36.52,36.54,36.04,36.1,11085907
1703667600,36.08,36.24,35.84,36.02,9720184
1703671200,36,36.18,35.92,36.16,4043697
1703674800,36.16,36.28,35.86,36.1,11884283
1703678400,36.08,36.5,36.06,36.38,20303492
1703682000,36.38,36.64,36.28,36.32,19096855
1703685600,36.34,36.4,35.82,35.92,18510056
1703689200,35.92,35.92,35.88,35.88,3788099
1703743200,36,36,36,36,757793
1703746800,36.02,36.48,36.02,36.36,19103931
1703750400,36.38,36.4,36.1,36.18,7596253
1703754000,36.18,36.5,36.18,36.34,10867667
1703757600,36.32,36.4,36.14,36.28,6937619
1703761200,36.26,36.3,36.12,36.18,5458698
1703764800,36.18,36.34,36.06,36.12,6953125
1703768400,36.12,36.42,36.02,36.42,11126448
1703772000,36.42,36.46,35.98,36.06,12398109
1703775600,36.04,36.04,36.04,36.04,3274665
1703829600,36.08,36.08,36.08,36.08,481319
1703833200,36.08,36.86,36.06,36.72,20252003
1703836800,36.72,36.78,36.48,36.62,8825849
1703840400,36.6,36.86,36.56,36.78,8150148
1703844000,36.78,36.82,36.58,36.78,4722736
1703847600,36.8,36.82,36.68,36.74,6673193
1703851200,36.74,36.82,36.66,36.76,7586123
1703854800,36.74,36.8,36.42,36.5,8172068
1703858400,36.5,36.82,36.36,36.46,18070787
1703862000,36.52,36.52,36.52,36.52,4010883
1704175200,36.9,36.9,36.9,36.9,1281314
1704178800,36.92,37.28,36.74,37.16,20795644
1704182400,37.18,37.26,36.96,36.98,6626867
1704186000,36.98,37.08,36.92,36.96,3738100
1704189600,36.96,36.98,36.78,36.9,6229207
1704193200,36.9,36.92,36.54,36.6,8056225
1704196800,36.6,36.68,36.26,36.28,8379365
1704200400,36.28,36.6,36.22,36.54,8094488
1704204000,36.54,36.64,36.38,36.5,11941668
1704207600,36.54,36.54,36.54,36.54,4379440
1704261600,36.54,36.54,36.54,36.54,607379
1704265200,36.52,36.76,36.32,36.68,23154753
1704268800,36.68,36.72,36.42,36.44,6933083
1704272400,36.44,36.5,36.34,36.42,4023722
1704276000,36.42,36.44,36.26,36.32,4291341
1704279600,36.32,36.44,36.14,36.28,6368104
1704283200,36.28,36.3,36.02,36.14,4611291
1704286800,36.14,36.26,35.98,35.98,4705483
1704290400,36,36.12,35.26,35.42,13902245
1704294000,35.34,35.34,35.34,35.34,3565567
1704348000,35.4,35.4,35.4,35.4,180298
1704351600,35.4,35.62,34.86,35.14,18556659
1704355200,35.16,35.9,35.04,35.88,13266457
1704358800,35.88,36.12,35.66,35.66,10117979
1704362400,35.66,35.9,35.66,35.66,4051502
1704366000,35.66,35.9,35.62,35.9,3769180
1704369600,35.9,36.08,35.72,36,6075670
1704373200,36,36.48,35.98,36.22,12435847
1704376800,36.2,36.36,36.08,36.26,9143327
1704380400,36.3,36.3,36.3,36.3,3721822
1704434400,36.38,36.38,36.38,36.38,733306
1704438000,36.36,36.46,35.86,36.2,18126884
1704441600,36.2,36.26,35.94,36.18,6040257
1704445200,36.18,36.38,36.14,36.34,4949677
1704448800,36.32,36.34,36.18,36.26,2898245
1704452400,36.28,36.64,36.24,36.54,11092889
1704456000,36.54,36.6,36.44,36.5,6315526
1704459600,36.5,36.66,36.36,36.66,6119133
1704463200,36.64,36.88,36.48,36.68,12759458
1704466800,36.78,36.78,36.78,36.78,1996095
1704693600,37.4,37.4,37.4,37.4,892892
1704697200,37.4,38.54,37.38,38.34,30256643
1704700800,38.34,39.42,38.24,39.4,25500748
1704704400,39.38,39.42,39.06,39.16,6954975
1704708000,39.14,39.26,39.08,39.24,5456222
1704711600,39.24,39.58,39.1,39.42,12805332
1704715200,39.42,39.8,39.34,39.64,19201676
1704718800,39.64,40.14,39.46,40.08,17587006
1704722400,40.1,40.44,39.92,40.44,33043627
1704726000,40.44,40.44,40.44,40.44,5842963
1704780000,40.68,40.68,40.68,40.68,1802397
1704783600,40.68,41.58,40.02,41.56,37832200
1704787200,41.58,41.78,40.88,41.08,22433909
1704790800,41.08,41.32,40.98,41.22,8396185
1704794400,41.22,41.42,41.06,41.42,7441892
1704798000,41.42,41.82,41.22,41.46,15645640
1704801600,41.46,41.68,40.76,40.84,14712188
1704805200,40.84,41.08,39.72,39.76,19685706
1704808800,39.78,40.04,39.42,39.76,23580807
1704812400,39.84,39.84,39.84,39.84,3012785
1704866400,39.84,39.84,39.84,39.84,797873
1704870000,39.82,40.44,39.64,40.44,19509673
1704873600,40.44,40.52,39.9,40.08,11302366
1704877200,40.08,40.1,39.94,40.06,3189973
1704880800,40.06,40.1,39.74,39.86,7059071
1704884400,39.86,40.02,39.84,39.94,5404739
1704888000,39.94,40.14,39.86,39.96,6637750
1704891600,39.96,40.98,39.92,40.82,25309588
1704895200,40.82,41,40.5,40.74,23050204
1704898800,40.74,40.74,40.74,40.74,3577891
1704952800,40.98,40.98,40.98,40.98,1658057
1704956400,41,41.42,40.7,40.72,29947565
1704960000,40.72,41.1,40.52,40.92,11800940
1704963600,40.92,41.36,40.9,41.16,11655370
1704967200,41.18,41.32,41.16,41.2,5411606
1704970800,41.2,41.38,41.08,41.12,8828632
1704974400,41.12,41.42,41.1,41.16,12570512
1704978000,41.18,41.56,41.1,41.32,19694826
1704981600,41.32,41.44,40.8,41.12,33659650
1704985200,41.12,41.12,41.12,41.12,5108018
1705039200,40.74,40.74,40.74,40.74,494756
1705042800,40.74,40.86,40.16,40.68,29134996
1705046400,40.68,41.94,40.62,41.88,37960803
1705050000,41.88,41.92,41.5,41.58,14220232
1705053600,41.6,42.1,41.54,41.98,17288057
1705057200,42,43.34,41.98,43.2,39388052
1705060800,43.2,43.56,43.1,43.3,22080231
1705064400,43.32,44.26,43.3,44.12,28341098
1705068000,44.1,44.16,43.14,43.22,30423990
1705071600,43.26,43.26,43.26,43.26,5113698
1705298400,43.18,43.18,43.18,43.18,647880
1705302000,43.16,43.4,42.56,42.94,35485396
1705305600,42.92,43.5,42.88,43.12,26721510
1705309200,43.12,43.24,42.94,43.04,8686322
1705312800,43.04,43.24,42.84,43.2,8095134
1705316400,43.2,43.22,42.9,42.94,6549560
1705320000,42.94,43.42,42.84,43.14,14005963
1705323600,43.14,43.16,42.84,43.02,11764879
1705327200,43.02,43.22,42.9,43,15809855
1705330800,43.18,43.18,43.18,43.18,4093996
1705384800,43.18,43.18,43.18,43.18,427708
1705388400,43.18,43.6,42.34,42.36,25812855
1705392000,42.34,42.36,41.96,42.14,12781442
1705395600,42.14,42.14,41.7,41.78,10515361
1705399200,41.78,41.84,41.66,41.82,5262641
1705402800,41.8,41.96,41.72,41.86,6846971
1705406400,41.88,42.02,41.84,41.92,3890787
1705410000,41.92,42.16,41.78,41.9,11048330
1705413600,41.88,41.94,41.32,41.92,16152783
1705417200,41.92,41.92,41.8,41.8,4214742
1705471200,41.74,41.74,41.74,41.74,750205
1705474800,41.72,42.28,41.62,42.18,24092279
1705478400,42.18,42.26,41.92,42.04,10775931
1705482000,42.06,42.1,41.96,42.04,2780650
1705485600,42.04,42.22,42,42.16,5515808
1705489200,42.14,42.22,41.96,42.02,5294795
1705492800,42.02,42.06,41.64,41.94,8206012
1705496400,41.94,42,41.82,41.98,4678662
1705500000,41.98,42.14,41.86,42,12632752
1705503600,42,42,42,42,4601873
1705557600,43,43,43,43,3540384
1705561200,43.02,43.3,42.78,42.88,24887966
1705564800,42.86,42.92,42.6,42.72,8111223
1705568400,42.74,42.76,42.42,42.48,5732003
1705572000,42.48,42.54,42.28,42.28,5015104
1705575600,42.3,42.46,42.26,42.38,4531887
1705579200,42.4,42.66,42.2,42.24,6760946
1705582800,42.24,42.44,42.08,42.16,6203282
1705586400,42.14,42.18,41.12,41.16,17015695
1705590000,41.02,41.02,41.02,41.02,4522177
1705644000,41.22,41.22,41.22,41.22,1126792
1705647600,41.22,41.32,40.82,41.2,18804704
1705651200,41.2,41.22,40.26,40.58,14976017
1705654800,40.58,40.66,40.44,40.46,4385630
1705658400,40.46,40.66,40.4,40.52,3335170
1705662000,40.52,40.94,40.44,40.92,7923951
1705665600,40.92,41.44,40.92,41.26,15733427
1705669200,41.26,41.3,41.02,41.02,7468729
1705672800,41.02,41.16,40.74,40.78,12984038
1705676400,40.92,40.92,40.92,40.92,4121922
1705903200,40.56,40.56,40.56,40.56,690760
1705906800,40.56,40.6,39.78,40.14,24247195
1705910400,40.12,40.34,40.06,40.22,7067564
1705914000,40.22,40.42,40.12,40.32,6703333
1705917600,40.32,40.34,40.16,40.18,4977024
1705921200,40.16,40.44,40.16,40.36,12020520
1705924800,40.34,40.42,40.22,40.28,6956893
1705928400,40.28,40.44,40.22,40.26,6801671
1705932000,40.26,40.28,40.06,40.1,10042887
1705935600,40.1,40.1,40.06,40.06,3246248
1705989600,40.56,40.56,40.56,40.56,2316137
1705993200,40.56,40.84,40.24,40.28,27710734
1705996800,40.26,40.3,39.38,39.44,18629159
1706000400,39.44,39.44,39.14,39.22,12006333
1706004000,39.22,39.24,38.92,38.98,9055550
1706007600,38.98,39.1,38.64,38.88,14068554
1706011200,38.88,39.04,38.66,38.7,7586805
1706014800,38.7,38.76,38.04,38.2,12668360
1706018400,38.22,38.28,37.8,38.02,26035942
1706022000,38.02,38.16,38.02,38.16,4915986
1706076000,38.4,38.4,38.4,38.4,755999
1706079600,38.38,38.86,38.02,38.62,26568415
1706083200,38.6,39.08,38.56,38.92,13131588
1706086800,38.94,39.6,38.9,39.46,12582496
1706090400,39.46,39.68,39.4,39.66,8958701
1706094000,39.66,39.74,39.52,39.64,9226201
1706097600,39.64,40.56,39.6,40.48,19783134
1706101200,40.5,40.88,40.36,40.5,19673871
1706104800,40.5,40.6,40.1,40.32,13745691
1706108400,40.3,40.4,40.3,40.4,2451915
1706162400,40.62,40.62,40.62,40.62,498735
1706166000,40.62,41.04,40.34,40.64,20100534
1706169600,40.64,40.88,40.52,40.74,9466776
1706173200,40.72,40.9,40.66,40.78,4714521
1706176800,40.76,41.04,40.74,40.96,8609172
1706180400,40.96,41.4,40.24,40.24,32404687
1706184000,40.24,40.38,39.8,40.06,16218513
1706187600,40.08,40.3,39.94,40.02,6736798
1706191200,40.02,40.56,39.92,40.26,12189297
1706194800,40.34,40.34,40.34,40.34,1951633
1706248800,40.44,40.44,40.44,40.44,386032
1706252400,40.42,40.66,39.92,39.98,16523908
1706256000,39.96,40.26,39.94,40.14,9991200
1706259600,40.14,40.16,40,40.06,8145720
1706263200,40.08,40.14,40,40.08,4626426
1706266800,40.08,40.48,40.06,40.44,11842477
1706270400,40.44,40.74,40.36,40.44,13889491
1706274000,40.46,40.7,40.42,40.44,12930073
1706277600,40.44,40.46,40.2,40.32,12487172
1706281200,40.32,40.32,40.32,40.32,4557717
1706508000,40.44,40.44,40.44,40.44,428973
1706511600,40.46,40.54,40.04,40.26,17826221
1706515200,40.26,40.36,40.08,40.14,9240346
1706518800,40.12,40.18,40.08,40.08,3176763
1706522400,40.1,40.12,39.94,39.98,4872487
1706526000,39.96,40.04,39.92,39.96,3272780
1706529600,39.96,39.98,39.78,39.78,4878846
1706533200,39.78,39.82,39.62,39.74,8745249
1706536800,39.74,39.74,39.48,39.66,13387448
1706540400,39.66,39.66,39.66,39.66,4664960
1706594400,39.86,39.86,39.86,39.86,1745672
1706598000,39.88,40.18,39.7,39.74,19387941
1706601600,39.74,39.88,39.72,39.8,5838331
1706605200,39.8,39.98,39.78,39.92,3677559
1706608800,39.92,40.04,39.84,39.86,4043144
1706612400,39.86,39.96,39.84,39.88,2887572
1706616000,39.88,40.18,39.88,40.16,13407328
1706619600,40.16,40.18,39.82,39.96,9612817
1706623200,39.96,39.98,39.5,39.68,13152449
1706626800,39.66,39.66,39.66,39.66,4110990
1706680800,39.74,39.74,39.74,39.74,748230
1706684400,39.72,39.8,39.28,39.34,13241908
1706688000,39.34,39.44,39.26,39.4,4444811
1706691600,39.38,39.52,39.36,39.5,5226180
1706695200,39.5,39.6,39.42,39.56,4563751
1706698800,39.56,39.74,39.52,39.6,7911035
1706702400,39.6,39.62,39.38,39.52,4329991
1706706000,39.52,40.16,39.42,40.1,20425294
1706709600,40.1,40.18,39.62,39.64,17673322
1706713200,39.64,39.64,39.54,39.54,6563301
1706767200,39.66,39.66,39.66,39.66,665033
1706770800,39.66,40.06,39.62,39.98,16516686
1706774400,40,40.2,39.98,40.16,14335613
1706778000,40.16,40.34,40.06,40.26,10855130
1706781600,40.24,40.62,40.24,40.3,15902939
1706785200,40.3,40.44,40.2,40.3,6172385
1706788800,40.3,40.48,40.18,40.2,10440922
1706792400,40.2,40.36,40.1,40.18,6266664
1706796000,40.18,40.3,39.92,39.98,14246595
1706799600,40.08,40.08,40.08,40.08,3504718
1706853600,40.02,40.02,40.02,40.02,1083330
1706857200,40.02,40.42,39.92,40.38,31935071
1706860800,40.38,40.48,39.98,40.08,18982527
1706864400,40.1,40.2,40,40.04,5763349
1706868000,40.06,40.14,39.98,40.06,5728260
1706871600,40.06,40.18,40.02,40.08,6452844
1706875200,40.1,40.14,39.64,39.78,11940243
1706878800,39.78,39.8,39.1,39.12,12512792
1706882400,39.12,39.44,39.04,39.3,17761090
1706886000,39.3,39.3,39.26,39.26,3780655
1707112800,40.02,40.02,40.02,40.02,1948120
1707116400,40.04,40.16,39.72,40.1,20820861
1707120000,40.1,40.46,40.08,40.3,26594900
1707123600,40.32,40.48,40.24,40.38,13841813
1707127200,40.36,40.42,40.3,40.34,5214666
1707130800,40.32,40.4,40.2,40.34,7271863
1707134400,40.34,40.46,40.28,40.4,5943150
1707138000,40.4,40.4,40.14,40.18,9389464
1707141600,40.2,40.36,40.16,40.26,10487566
1707145200,40.22,40.22,40.22,40.22,4534042
1707199200,40.42,40.42,40.42,40.42,1892343
1707202800,40.4,40.94,40.34,40.52,31986144
1707206400,40.54,40.76,40.26,40.28,9938142
1707210000,40.26,40.34,40.16,40.3,7780148
1707213600,40.32,40.52,40.26,40.46,5388978
1707217200,40.44,40.6,40.28,40.52,7477418
1707220800,40.5,40.82,40.42,40.7,9707744
1707224400,40.7,40.92,40.68,40.9,14443717
1707228000,40.9,41.12,40.8,40.92,16409646
1707231600,40.96,41.04,40.96,41.04,3134865
1707285600,41.2,41.2,41.2,41.2,1053739
1707289200,41.2,41.26,40.84,41,15067675
1707292800,41,41.24,40.94,41.06,7874443
1707296400,41.06,41.62,41.04,41.52,12299029
1707300000,41.52,41.54,40.92,40.96,8948175
1707303600,40.94,40.94,40.5,40.6,10753247
1707307200,40.62,40.68,40.32,40.56,9585189
1707310800,40.56,40.58,40.32,40.52,3814094
1707314400,40.5,40.54,40.36,40.42,7212171
1707318000,40.44,40.44,40.44,40.44,2666279
1707372000,40.5,40.5,40.5,40.5,687100
1707375600,40.52,40.86,40.44,40.56,16607875
1707379200,40.56,40.82,40.52,40.62,5369057
1707382800,40.6,40.74,40.58,40.66,2000524
1707386400,40.66,40.66,40.48,40.5,2463266
1707390000,40.5,40.68,40.48,40.64,1975626
1707393600,40.64,40.82,40.6,40.72,6650369
1707397200,40.72,40.76,40.5,40.5,3966215
1707400800,40.52,40.66,40.3,40.34,8405530
1707404400,40.38,40.38,40.38,40.38,2200328
1707458400,40.46,40.46,40.46,40.46,203641
1707462000,40.44,40.58,40.08,40.1,11102050
1707465600,40.08,40.1,39.82,39.9,8429194
1707469200,39.9,40.06,39.88,39.96,3038528
1707472800,39.98,40.1,39.96,40.08,2905734
1707476400,40.08,40.34,40,40.26,7303056
1707480000,40.26,40.7,40.26,40.44,24788282
1707483600,40.44,40.48,40.2,40.24,5223107
1707487200,40.24,40.3,40.06,40.22,8725173
1707490800,40.26,40.26,40.26,40.26,3337283
1707717600,40.9,40.9,40.9,40.9,1558048
1707721200,40.86,40.9,40.5,40.84,18028859
1707724800,40.84,40.92,40.52,40.62,8773937
1707728400,40.62,40.7,40.52,40.6,3477332
1707732000,40.6,41,40.56,40.82,11859496
1707735600,40.82,40.84,40.64,40.66,7190048
1707739200,40.64,40.82,40.6,40.64,5249236
1707742800,40.62,40.62,40.34,40.5,7236202
1707746400,40.5,41.2,40.36,41.16,23577185
1707750000,41.16,41.16,41.16,41.16,2844755
1707804000,41.46,41.46,41.46,41.46,1675881
1707807600,41.46,41.5,41.06,41.12,23296129
1707811200,41.14,41.86,41.04,41.62,23483891
1707814800,41.64,41.7,41.5,41.62,5777770
1707818400,41.6,41.9,41.46,41.54,13822609
1707822000,41.58,41.6,41.24,41.5,10809576
1707825600,41.5,41.6,41.32,41.44,6551675
1707829200,41.46,41.78,41.36,41.42,11361726
1707832800,41.4,41.44,40.5,40.54,16914866
1707836400,40.52,40.52,40.52,40.52,2392263
1707890400,40.6,40.6,40.6,40.6,511352
1707894000,40.6,40.64,40.24,40.3,13771438
1707897600,40.3,40.34,40,40.2,6484367
1707901200,40.22,40.54,40.18,40.52,5244184
1707904800,40.54,40.62,40.3,40.32,6107794
1707908400,40.32,40.32,40.06,40.18,4781454
1707912000,40.2,40.38,40.12,40.36,4356429
1707915600,40.36,40.74,40.24,40.38,10914305
1707919200,40.38,41.08,40.28,40.82,18694977
1707922800,41,41,41,41,2177547
1707976800,41.2,41.2,41.2,41.2,403478
1707980400,41.18,41.32,40.96,41.14,12178194
1707984000,41.14,41.26,41.06,41.18,7714536
1707987600,41.2,41.24,41.1,41.18,3843256
1707991200,41.16,41.38,41.16,41.24,7413020
1707994800,41.26,41.58,41.22,41.48,9572529
1707998400,41.48,41.82,41.44,41.64,13824477
1708002000,41.62,42.26,41.62,42.24,17172649
1708005600,42.26,42.56,41.92,41.98,17920817
1708009200,41.86,41.86,41.86,41.86,2640592
1708063200,42.02,42.02,42.02,42.02,896794
1708066800,42.02,42.12,41.64,41.76,14437048
1708070400,41.78,41.94,41.46,41.66,8936740
1708074000,41.66,41.86,41.62,41.86,3996172
1708077600,41.84,41.92,41.6,41.86,5625326
1708081200,41.84,41.96,41.56,41.58,5932434
1708084800,41.58,41.66,41.34,41.46,7981647
1708088400,41.46,41.7,41.42,41.52,7021388
1708092000,41.5,41.7,41.36,41.42,10363750
1708095600,41.48,41.48,41.48,41.48,2610162
1708322400,41.76,41.76,41.76,41.76,853974
1708326000,41.76,42.62,41.7,42.6,28010530
1708329600,42.6,43.3,42.6,43.02,34147538
1708333200,43.02,43.36,43.02,43.26,11412909
1708336800,43.24,43.34,42.98,43.02,6263919
1708340400,43.02,43.14,42.72,42.82,6803580
1708344000,42.82,42.86,42.54,42.62,6158012
1708347600,42.62,42.66,42.16,42.38,8546475
1708351200,42.38,42.42,41.42,41.46,20518626
1708354800,41.54,41.54,41.54,41.54,2971662
1708408800,41.76,41.76,41.76,41.76,858436
1708412400,41.78,42.48,41.72,41.8,20548783
1708416000,41.8,42.14,41.74,41.98,9293688
1708419600,41.98,42.36,41.88,42.32,7701585
1708423200,42.32,42.58,42.22,42.52,11962747
1708426800,42.54,43.08,42.46,43.02,18242766
1708430400,43.04,43.48,43.04,43.4,30290214
1708434000,43.4,43.58,43.24,43.34,13266072
1708437600,43.34,43.46,42.9,43.14,20267217
1708441200,43.1,43.1,43.1,43.1,2164207
1708495200,43.22,43.22,43.22,43.22,631238
1708498800,43.22,44.5,42.88,44,48770751
1708502400,44,44.18,43.88,43.9,11057145
1708506000,43.9,44.1,43.8,43.86,5425792
1708509600,43.86,43.94,43.5,43.92,7245431
1708513200,43.92,44,43.5,43.6,6952552
1708516800,43.6,43.96,43.44,43.5,10293962
1708520400,43.48,43.62,43.08,43.4,11445266
1708524000,43.4,43.66,42.94,43.5,21314351
1708527600,43.48,43.5,43.48,43.5,2497959
1708581600,43.8,43.8,43.8,43.8,894526
1708585200,43.8,44.36,43.66,44.04,16264891
1708588800,44.04,44.08,43.3,43.7,13757542
1708592400,43.7,43.76,43.48,43.64,7704182
1708596000,43.64,43.74,43.22,43.38,9504795
1708599600,43.38,43.62,42.52,42.56,26069707
1708603200,42.54,42.7,42.06,42.24,22122175
1708606800,42.24,42.36,41.96,42.14,14741771
1708610400,42.14,42.4,41.82,42.2,20435987
1708614000,42.34,42.34,42.34,42.34,2911037
1708668000,42.34,42.34,42.34,42.34,606137
1708671600,42.36,42.44,41.98,42.06,11244832
1708675200,42.06,42.64,41.9,42.42,10803722
1708678800,42.44,42.86,42.42,42.74,14325029
1708682400,42.74,43.04,42.72,42.9,8884835
1708686000,42.9,43.08,42.42,42.64,11460361
1708689600,42.64,42.74,42.08,42.22,8807112
1708693200,42.2,42.5,42.06,42.34,6364367
1708696800,42.34,42.72,42.2,42.68,13761450
1708700400,42.68,42.9,42.68,42.9,2852323
1708927200,42.94,42.94,42.94,42.94,729267
1708930800,42.96,43.02,41.98,42.02,19803589
1708934400,42.02,42.04,41.76,41.96,11486061
1708938000,41.96,41.98,41.52,41.76,7942805
1708941600,41.76,41.82,41.58,41.7,4634513
1708945200,41.7,41.96,41.68,41.88,4511536
1708948800,41.88,41.9,41.72,41.86,3701369
1708952400,41.86,42,41.84,41.88,5740795
1708956000,41.9,42.04,41.54,41.84,14591741
1708959600,41.66,41.66,41.66,41.66,2709186
1709013600,41.84,41.84,41.84,41.84,954781
1709017200,41.84,42.06,41.64,41.84,15067916
1709020800,41.86,42.12,41.4,41.92,12445661
1709024400,41.92,42.3,41.8,42.2,17202440
1709028000,42.2,42.3,42.08,42.24,5206955
1709031600,42.22,42.4,42.2,42.24,7918287
1709035200,42.22,42.4,42.18,42.3,6712681
1709038800,42.3,42.4,41.96,42,8750847
1709042400,42,42.22,41.44,41.72,17427676
1709046000,41.6,41.6,41.6,41.6,3268738
1709100000,41.6,41.6,41.6,41.6,315351
1709103600,41.6,41.66,41.26,41.42,11710449
1709107200,41.42,41.44,41.22,41.3,5543529
1709110800,41.3,41.34,41.14,41.26,6674198
1709114400,41.24,41.3,41.12,41.24,5397433
1709118000,41.24,41.3,41.08,41.1,4408653
1709121600,41.12,41.12,40.8,40.84,7219525
1709125200,40.84,40.98,40.66,40.92,8693955
1709128800,40.92,40.96,40.3,40.46,13095322
1709132400,40.46,40.46,40.46,40.46,2303653
1709186400,40.6,40.6,40.6,40.6,373053
1709190000,40.6,41.08,40.52,41,13689116
1709193600,41,41.28,40.72,41.22,9060511
1709197200,41.2,41.28,40.88,40.96,5345320
1709200800,40.96,41.2,40.74,41,7442473
1709204400,40.98,41.44,40.92,41.22,10695311
1709208000,41.22,41.28,40.98,41.06,6410142
1709211600,41.06,41.48,40.96,41.28,7914133
1709215200,41.28,41.74,40.96,41.56,14388828
1709218800,41.54,41.58,41.54,41.58,8682173
1709272800,41.58,41.58,41.58,41.58,245421
1709276400,41.58,41.68,41.02,41.18,11231767
1709280000,41.2,41.26,40.96,41.06,6300653
1709283600,41.06,41.18,40.84,40.86,4437689
1709287200,40.86,40.86,40.6,40.66,5152981
1709290800,40.66,40.78,40.52,40.68,4455127
1709294400,40.7,40.86,40.5,40.84,5208837
1709298000,40.86,40.88,40.46,40.5,5273491
1709301600,40.5,40.72,40.14,40.26,11654368
1709305200,40.3,40.3,40.3,40.3,3034949
1709532000,40.42,40.42,40.42,40.42,728001
1709535600,40.4,40.76,40.2,40.46,14954970
1709539200,40.44,40.48,40.3,40.44,4165598
1709542800,40.44,40.62,40.38,40.46,3315391
1709546400,40.46,40.62,40.4,40.54,3798785
1709550000,40.54,40.56,40.22,40.26,2790435
1709553600,40.24,40.38,40.06,40.12,4009749
1709557200,40.12,40.14,39.56,39.7,6824398
1709560800,39.7,39.88,39.18,39.3,11180582
1709564400,39.02,39.02,39.02,39.02,2869053
1709618400,39.12,39.12,39.12,39.12,666477
1709622000,39.12,39.6,39.02,39.52,10753805
1709625600,39.52,39.68,39.38,39.62,6010099
1709629200,39.6,39.78,39.6,39.7,4237031
1709632800,39.7,40.06,39.66,39.86,6402582
1709636400,39.84,39.88,39.5,39.72,4481985
1709640000,39.72,40.12,39.62,39.82,5046095
1709643600,39.82,39.88,38.96,39.16,12560672
1709647200,39.16,39.46,38.76,38.9,9542068
1709650800,39.38,39.38,39.38,39.38,3277150
1709704800,39.26,39.26,39.26,39.26,453268
1709708400,39.26,39.58,38.9,39.34,13101152
1709712000,39.32,39.36,38.82,38.92,8220185
1709715600,38.92,38.98,38.48,38.66,8894109
1709719200,38.66,38.84,38.64,38.82,3999721
1709722800,38.84,38.92,38.68,38.84,3501878
1709726400,38.84,38.86,38.62,38.68,2516513
1709730000,38.68,38.86,38.38,38.48,7112390
1709733600,38.46,38.74,38,38.66,16771671
1709737200,38.7,38.7,38.7,38.7,3858979
1709791200,38.92,38.92,38.92,38.92,399133
1709794800,38.94,39.36,38.9,39.26,12654423
1709798400,39.26,39.66,39.24,39.56,6531031
1709802000,39.58,39.84,39.52,39.78,4510114
1709805600,39.78,39.92,39.68,39.9,4109761
1709809200,39.9,41.04,39.88,40.88,18751227
1709812800,40.88,41.04,40.7,40.82,5684320
1709816400,40.82,40.84,40.6,40.62,3223915
1709820000,40.62,41.02,40.46,40.96,9286187
1709823600,40.96,40.96,40.96,40.96,2903146
1709877600,41.04,41.04,41.04,41.04,402732
1709881200,41.04,41.12,40.66,40.96,12253989
1709884800,40.94,41.44,40.86,40.88,14138098
1709888400,40.88,41.42,40.74,41.36,7650171
1709892000,41.34,41.8,41.26,41.68,11275947
1709895600,41.66,42,41.58,41.82,11834718
1709899200,41.8,42.06,41.72,41.76,9716262
1709902800,41.76,42.14,41.6,42.1,10822046
1709906400,42.1,42.12,41.72,41.74,10751187
1709910000,41.84,41.84,41.84,41.84,2952586
1710136800,44.4,44.4,44.4,44.4,2687444
1710140400,44.4,44.4,42.88,43.06,35425835
1710144000,43.08,43.76,43,43.7,12017855
1710147600,43.7,44.1,43.46,44.02,13096728
1710151200,44.02,44.08,43.78,43.86,8512143
1710154800,43.86,44,43.74,43.82,8619594
1710158400,43.8,44.3,43.78,43.82,10733350
1710162000,43.86,43.96,43.38,43.48,6203908
1710165600,43.46,43.56,42.68,42.78,12094731
1710169200,42.78,42.8,42.78,42.8,2595670
1710223200,42.78,42.78,42.78,42.78,503168
1710226800,42.8,44.14,42.64,44.12,22062676
1710230400,44.14,44.58,43.52,43.54,16984052
1710234000,43.54,44.04,43.46,43.86,5889024
1710237600,43.88,44.14,43.8,43.9,5442527
1710241200,43.9,44.14,43.82,43.98,4218120
1710244800,43.98,44.1,43.52,43.64,4688717
1710248400,43.64,43.72,43.3,43.32,9305087
1710252000,43.32,43.94,43.2,43.72,10197633
1710255600,43.78,43.78,43.78,43.78,1281405
1710309600,43.92,43.92,43.92,43.92,275590
1710313200,43.9,43.94,43.16,43.16,9557240
1710316800,43.18,43.18,42.14,42.26,8650913
1710320400,42.24,42.24,41.5,41.5,7675414
1710324000,41.52,42.1,41.32,41.98,15779586
1710327600,42,42.8,41.82,42.78,12616365
1710331200,42.78,42.98,42.42,42.54,11193313
1710334800,42.52,42.82,42.08,42.18,10683540
1710338400,42.18,42.36,41.82,41.86,12375392
1710342000,41.8,41.8,41.8,41.8,2191635
1710396000,41.92,41.92,41.92,41.92,315569
1710399600,41.94,42.14,41.2,41.38,15967828
1710403200,41.4,41.6,41.22,41.38,3764803
1710406800,41.4,41.5,41.18,41.38,4596392
1710410400,41.38,41.4,41.2,41.24,3206129
1710414000,41.24,41.42,41.12,41.36,4339215
1710417600,41.36,41.38,40.7,40.88,6755480
1710421200,40.88,40.98,40.74,40.78,5907483
1710424800,40.8,40.82,40.34,40.46,13551513
1710428400,40.46,40.56,40.46,40.56,2194908
1710482400,40.6,40.6,40.6,40.6,232850
1710486000,40.62,40.84,40.4,40.66,9228302
1710489600,40.64,40.82,40.48,40.72,3919341
1710493200,40.72,40.76,40.56,40.56,1757721
1710496800,40.56,40.7,40.46,40.6,1826321
1710500400,40.62,40.62,40.42,40.62,2813056
1710504000,40.6,40.62,40.14,40.2,4063656
1710507600,40.18,40.4,40.06,40.28,4102707
1710511200,40.28,40.28,39.76,39.98,10152559
1710514800,39.72,39.72,39.72,39.72,10555417
1710741600,39.86,39.86,39.86,39.86,899645
1710745200,39.86,40.16,39.78,40.06,13372435
1710748800,40.04,40.66,39.92,40.6,8723050
1710752400,40.6,40.68,40.44,40.52,5650166
1710756000,40.54,40.64,40.42,40.48,3530251
1710759600,40.46,40.5,40.04,40.06,3552219
1710763200,40.04,40.26,39.98,40,2255729
1710766800,40,40.3,39.96,40.08,3603098
1710770400,40.06,40.22,39.8,40.1,7415308
1710774000,40.12,40.14,40.12,40.14,1297924
1710828000,40.14,40.14,40.14,40.14,353404
1710831600,40.14,40.6,40.1,40.32,9231275
1710835200,40.32,40.76,40.1,40.68,6233730
1710838800,40.68,41.72,40.68,41.66,13114241
1710842400,41.66,42.28,41.6,42.12,15092173
1710846000,42.14,42.46,42,42.34,6227504
1710849600,42.34,42.54,42.18,42.36,5449390
1710853200,42.36,42.46,42.04,42.34,4979931
1710856800,42.34,42.4,42.12,42.38,5790356
1710860400,42.4,42.4,42.32,42.32,1657867
1710914400,42.2,42.2,42.2,42.2,269140
1710918000,42.2,42.84,41.88,42.74,16077425
1710921600,42.74,42.92,42.04,42.24,9515191
1710925200,42.24,42.28,41.98,42.1,3017916
1710928800,42.1,42.48,42.02,42.3,6553755
1710932400,42.3,42.96,42.28,42.68,9711406
1710936000,42.68,43.26,42.68,43.12,16774004
1710939600,43.12,43.4,42.74,43.38,8200988
1710943200,43.38,43.44,42.5,42.64,11300974
1710946800,42.64,42.64,42.62,42.64,2437127
1711000800,43.02,43.02,43.02,43.02,571958
1711004400,43.04,43.5,43.04,43.2,14060590
1711008000,43.2,43.24,42.84,42.94,6201334
1711011600,42.94,43.02,42.78,42.96,2723049
1711015200,42.96,43,42.74,42.86,3481415
1711018800,42.84,44.64,42.84,44.34,93779383
1711022400,44.32,45.74,44.32,45.38,36675501
1711026000,45.38,46.1,45.08,45.6,20622895
1711029600,45.6,45.86,45.02,45.08,16927724
1711033200,45.04,45.04,45.04,45.04,2355645
1711087200,45.22,45.22,45.22,45.22,579865
1711090800,45.22,46.38,45.02,45.58,28891422
1711094400,45.58,45.78,45.44,45.7,7809496
1711098000,45.7,45.96,45.6,45.62,6232325
1711101600,45.64,45.76,45.6,45.66,2341414
1711105200,45.68,46.2,45.64,46.02,10145249
1711108800,46.04,46.16,45.84,45.96,5502921
1711112400,45.94,46.04,45.7,45.78,8166495
1711116000,45.8,45.96,45.28,45.82,13925108
1711119600,45.82,45.82,45.82,45.82,4417603
1711346400,45.82,45.82,45.82,45.82,1010607
1711350000,45.82,46,45.12,46,12659111
1711353600,45.98,46.76,45.88,46.66,18273283
1711357200,46.66,47.72,46.62,47.7,18388150
1711360800,47.68,48.58,47.62,48.06,19299477
1711364400,48.06,48.32,47.86,48.24,7172422
1711368000,48.24,48.28,47.66,47.84,7779229
1711371600,47.86,47.98,47.4,47.58,7006258
1711375200,47.58,47.62,46.1,46.24,21202683
1711378800,46,46,46,46,3385208
1711432800,44.3,44.3,44.3,44.3,647185
1711436400,44.24,45.2,43.7,44.68,27432413
1711440000,44.68,45.28,44.16,44.96,17791911
1711443600,44.96,45.18,44.68,44.78,13242411
1711447200,44.78,44.9,44.28,44.52,12235989
1711450800,44.54,44.98,44.5,44.72,8760842
1711454400,44.72,44.8,44.56,44.76,5382051
1711458000,44.76,44.8,43.76,43.88,11402243
1711461600,43.88,44.3,43.8,44,12852349
1711465200,44.28,44.28,44.28,44.28,3353919
1711519200,44.5,44.5,44.5,44.5,207199
1711522800,44.54,44.84,43.86,43.98,17259533
1711526400,43.96,44.24,43.84,44.02,6694274
1711530000,44.02,44.36,44,44.22,4400296
1711533600,44.24,44.54,44.2,44.46,3832303
1711537200,44.46,44.58,44.32,44.54,4817628
1711540800,44.58,45.16,44.44,45.1,9477294
1711544400,45.08,45.12,43.98,44.18,10671481
1711548000,44.16,44.9,44.08,44.54,8501887
1711551600,44.4,44.4,44.4,44.4,2500533
1711605600,44.68,44.68,44.68,44.68,493497
1711609200,44.68,45.58,44.62,45.56,15943173
1711612800,45.56,46.14,45.42,45.94,12556420
1711616400,45.94,45.96,45.44,45.6,3593903
1711620000,45.62,45.86,45.5,45.84,6513612
1711623600,45.82,47.36,45.62,47.04,17130749
1711627200,47.04,47.08,46.68,46.9,6254207
1711630800,46.92,47.18,46.84,47.06,6386797
1711634400,47.06,47.24,46.44,46.76,11117830
1711638000,46.8,46.8,46.78,46.78,2880835
1711692000,47,47,47,47,591229
1711695600,47,47.08,46.3,46.46,12229207
1711699200,46.46,47.04,46.26,46.86,8910665
1711702800,46.84,47.7,46.82,47.46,9839033
1711706400,47.46,47.52,46.96,46.96,4546188
1711710000,46.96,47.26,46.82,46.94,5257667
1711713600,46.94,47.56,46.84,47.06,9047206
1711717200,47.06,47.2,46.5,46.76,4402411
1711720800,46.76,46.84,46.22,46.6,8427508
1711724400,46.78,46.78,46.78,46.78,1332835
1711951200,47.22,47.22,47.22,47.22,310680
1711954800,47.24,48.76,47.18,47.3,16433694
1711958400,47.3,47.36,46.34,46.4,8529114
1711962000,46.38,46.56,46.12,46.14,3087429
1711965600,46.14,46.4,45.8,46.06,4180869
1711969200,46.06,47.1,46.06,46.78,9024738
1711972800,46.8,47.48,46.78,47.1,10090034
1711976400,47.08,48.28,46.76,47.92,20953267
1711980000,47.94,48.16,47.68,47.88,8036937
1711983600,47.86,47.86,47.8,47.8,1972466
1712037600,47.98,47.98,47.98,47.98,525586
1712041200,47.98,49.06,47.78,48.8,22013428
1712044800,48.78,48.94,47.72,47.78,13811001
1712048400,47.78,48.5,47.54,48.36,12319337
1712052000,48.36,48.66,48.12,48.42,7376518
1712055600,48.44,49.72,48.4,49.68,14752219
1712059200,49.68,49.82,49.34,49.42,8460155
1712062800,49.42,49.78,48.92,48.96,9987172
1712066400,48.96,49.38,48.66,49.2,17070311
1712070000,49.3,49.3,49.3,49.3,1937241
1712124000,49.3,49.3,49.3,49.3,335285
1712127600,49.28,49.82,48.76,48.98,13534026
1712131200,48.98,49.38,48.42,48.44,6622529
1712134800,48.44,48.74,48.26,48.46,2872884
1712138400,48.44,48.58,48.24,48.24,2833988
1712142000,48.24,49.36,48.24,48.74,14927804
1712145600,48.76,49.14,48.58,49.02,4659517
1712149200,49.02,49.16,48.78,49,5030464
1712152800,49,49.4,48.92,48.98,12151079
1712156400,48.98,49.24,48.98,49.24,2692099
1712210400,49.3,49.3,49.3,49.3,126980
1712214000,49.28,50.05,48.96,49.14,16822193
1712217600,49.12,49.28,48.86,49.24,4805679
1712221200,49.22,49.68,49.12,49.68,6080057
1712224800,49.68,51.3,49.66,51.25,19144763
1712228400,51.25,51.4,50.9,51.15,7506301
1712232000,51.15,51.4,50.9,51.1,7179477
1712235600,51.05,51.85,51,51.6,10402573
1712239200,51.6,52.55,51.5,52.4,21833818
1712242800,52.5,52.5,52.4,52.4,1241462
1712296800,54,54,54,54,610464
1712300400,54,55.75,52.45,53,19792245
1712304000,53,53.5,52.35,53.35,7428752
1712307600,53.3,53.6,52.35,52.55,7609810
1712311200,52.5,52.75,52.15,52.5,5165238
1712314800,52.5,53.45,52.35,53.35,7700746
1712318400,53.35,53.5,52.9,53.35,4856612
1712322000,53.35,55.45,53.15,55.2,16848375
1712325600,55.2,55.55,54.1,55.5,12364746
1712329200,55.65,55.65,55.65,55.65,1202106
1712556000,55.8,55.8,55.8,55.8,464443
1712559600,55.8,56.55,55.45,55.95,14330759
1712563200,56,56.4,55.4,55.45,9830766
1712566800,55.45,55.85,55,55.75,6144001
1712570400,55.75,56.15,55.7,56,5766481
1712574000,56,56.15,55.8,55.95,3814962
1712577600,55.95,56.05,55.75,55.95,3389941
1712581200,55.9,56,55.55,55.85,4424907
1712584800,55.85,55.9,55.5,55.6,7081785
1712588400,55.5,55.5,55.5,55.5,1997667
1712642400,55.7,55.7,55.7,55.7,237903
1712646000,55.65,57.7,55.65,57.15,15683634
1712649600,57.15,57.25,56.45,56.65,5600197
1712653200,56.65,56.75,56.5,56.7,5437938
1713160800,56.65,56.65,56.65,56.65,2992988
1713164400,56.7,58.25,56.55,57.25,17014300
1713168000,57.25,57.65,57.05,57.1,5410263
1713171600,57.1,57.75,57.05,57.2,4914903
1713175200,57.15,57.5,57.1,57.35,2610877
1713178800,57.3,58.2,56.85,58.1,7792871
1713182400,58.15,59.3,57.65,57.85,16443391
1713186000,57.8,58.1,57.75,58,5259422
1713189600,58,58.8,57.8,58.4,11941261
1713193200,58.4,58.4,58.4,58.4,2038974
1713247200,58.4,58.4,58.4,58.4,825373
1713250800,58.4,58.85,55.95,56.15,18661494
1713254400,56.1,56.8,55.9,56.5,9714242
1713258000,56.5,56.55,55.85,56.1,5952870
1713261600,56.1,56.3,55.9,56.1,3667337
1713265200,56.15,56.65,56,56.5,5795857
1713268800,56.5,56.55,55.8,55.95,6329491
1713272400,55.95,56,55.5,55.7,6811121
1713276000,55.7,56.3,55.6,55.9,8770353
1713279600,55.85,55.85,55.85,55.85,1943873
1713333600,56.5,56.5,56.5,56.5,1480008
1713337200,56.55,58,56.45,57.85,24322627
1713340800,57.9,58.1,57.1,57.15,9420614
1713344400,57.15,57.6,57.05,57.4,4727686
1713348000,57.4,58.65,57.25,58.45,11825602
1713351600,58.45,58.45,57.5,57.75,7722568
1713355200,57.75,57.8,56.9,56.95,5217035
1713358800,56.95,57.35,56.85,57,4137837
1713362400,56.95,57.15,56.05,56.15,12125084
1713366000,56.05,56.05,56.05,56.05,2768674
1713420000,56.55,56.55,56.55,56.55,654096
1713423600,56.5,57.85,56.45,57.45,17983447
1713427200,57.45,58.15,57.05,57.95,9145389
1713430800,58,58.7,57.8,58.35,7967994
1713434400,58.35,58.45,58,58.1,3239898
1713438000,58.15,58.6,58.05,58.3,5168720
1713441600,58.3,58.45,58.05,58.15,4370659
1713445200,58.15,58.5,57.85,58.35,6152310
1713448800,58.35,58.9,58,58.55,11542102
1713452400,58.55,58.55,58.55,58.55,2143436
1713506400,58.2,58.2,58.2,58.2,304685
1713510000,58.25,58.6,57.6,57.95,10527491
1713513600,57.95,58.3,57.75,57.75,2646364
1713517200,57.8,57.85,57.3,57.4,3153145
1713520800,57.35,57.65,57.3,57.55,1228998
1713524400,57.5,57.75,57,57.6,3813936
1713528000,57.55,60.45,57.5,60,22369475
1713531600,60,61.8,60,61.55,19475931
1713535200,61.5,62.55,61.2,62.45,10915054
1713538800,62.5,62.5,62.5,62.5,1125199
1713765600,62.95,62.95,62.95,62.95,702915
1713769200,63,63.3,61.3,61.45,20505759
1713772800,61.45,61.95,61.15,61.65,7369866
1713776400,61.7,61.7,61.05,61.1,4886067
1713780000,61.1,61.35,60.9,61.2,4052285
1713783600,61.2,61.25,60,60.4,7966412
1713787200,60.4,61.45,60.3,60.9,10788671
1713790800,60.9,61.25,60.35,60.55,5618623
1713794400,60.6,60.6,59.8,59.9,11153889
1713798000,59.85,59.85,59.85,59.85,2609198
1713938400,60.25,60.25,60.25,60.25,699837
1713942000,60.25,60.8,60.05,60.3,17748234
1713945600,60.3,60.85,60.25,60.6,7706919
1713949200,60.6,61.15,60.55,60.7,11165743
1713952800,60.7,60.9,60.6,60.75,5688587
1713956400,60.7,60.9,60.25,60.4,4821686
1713960000,60.4,61,60.25,60.75,9189834
1713963600,60.75,60.85,60.35,60.4,8135140
1713967200,60.35,60.8,60.2,60.25,11569029
1713970800,60.3,60.3,60.3,60.3,4021029
1714024800,60.45,60.45,60.45,60.45,642697
1714028400,60.4,60.5,59.55,59.75,14556267
1714032000,59.8,60.45,59.8,60.35,7638497
1714035600,60.35,60.6,60.2,60.45,4763075
1714039200,60.45,60.85,60.4,60.6,6791146
1714042800,60.6,60.65,59.5,59.55,11831772
1714046400,59.55,59.7,58.15,58.25,9698523
1714050000,58.25,58.4,57.45,57.45,9858928
1714053600,57.65,58.3,57.6,57.75,12211848
1714057200,57.45,57.45,57.45,57.45,3807288
1714111200,57.8,57.8,57.8,57.8,1072470
1714114800,57.8,58.6,57.7,58.5,14329925
1714118400,58.55,59.05,58.35,59,9582273
1714122000,59,59.05,58.6,58.6,5847588
1714125600,58.6,58.7,58.25,58.45,4039726
1714129200,58.4,59,58.3,58.5,6445415
1714132800,58.5,59.55,58.45,59.35,11569009
1714136400,59.35,59.95,59.3,59.5,16904870
1714140000,59.45,59.7,58.8,58.95,9705722
1714143600,59.05,59.05,59.05,59.05,2297130
1714370400,59.55,59.55,59.55,59.55,532642
1714374000,59.5,60.4,59.25,59.9,18124726
1714377600,59.95,60,59.65,59.9,2968104
1714381200,59.9,60.05,59.65,59.85,2930274
1714384800,59.85,60.05,59.8,60,4090706
1714388400,60,60.05,59.4,59.45,4533320
1714392000,59.4,59.65,59.1,59.5,4351192
1714395600,59.55,59.85,59.5,59.8,6107496
1714399200,59.8,60.35,59.65,60.2,15969146
1714402800,60.15,60.35,60.1,60.35,2905022
1714456800,60.3,60.3,60.3,60.3,471824
1714460400,60.25,61.3,60,61.2,22055413
1714464000,61.25,61.35,60.6,60.65,7393593
1714467600,60.65,60.75,60.55,60.6,1965714
1714471200,60.6,60.7,60.25,60.25,2834970
1714474800,60.25,60.5,60.05,60.2,4834485
1714478400,60.2,60.3,59.75,59.9,4541886
1714482000,59.9,60.6,59.85,60.5,7810716
1714485600,60.55,60.7,59.8,60,14248754
1714489200,59.95,59.95,59.45,59.45,6808141
1714629600,60,60,60,60,1306271
1714633200,60,60.4,58.8,59.15,17068459
1714636800,59.15,59.3,58.75,58.95,6427836
1714640400,59,59,58.6,58.7,3717471
1714644000,58.7,58.7,58.25,58.45,5691552
1714647600,58.4,58.5,58.15,58.2,6928063
1714651200,58.15,58.4,58.15,58.3,3660954
1714654800,58.3,58.9,58.05,58.2,13617246
1714658400,58.2,58.45,58.1,58.3,9738383
1714662000,58.3,58.35,58.15,58.15,4832617
1714716000,58.55,58.55,58.55,58.55,929051
1714719600,58.55,58.85,57.85,58.2,13543536
1714723200,58.25,58.75,58.05,58.65,9116077
1714726800,58.65,59.85,58.55,59.75,22167634
1714730400,59.75,59.8,59.5,59.55,4266849
1714734000,59.55,59.7,59.35,59.4,3338226
1714737600,59.45,59.55,59,59.15,5721907
1714741200,59.15,59.2,58.6,59.05,5935139
1714744800,59.05,60.1,58.9,60,12006718
1714748400,60.05,60.05,60.05,60.05,2129422
1714975200,60,60,60,60,495959
1714978800,59.95,60,59.2,59.35,7724028
1714982400,59.35,59.65,59.25,59.5,1688834
1714986000,59.5,59.75,59.35,59.7,2378110
1714989600,59.7,60.05,59.6,60.05,3165323
1714993200,60.05,60.65,60,60.45,9484534
1714996800,60.4,60.5,59.8,59.9,5120939
1715000400,59.9,59.95,59.55,59.85,2685660
1715004000,59.9,60.35,59.85,60.2,7865067
1715007600,60.25,60.25,60.25,60.25,1913734
1715061600,60.25,60.25,60.25,60.25,258320
1715065200,60.25,61.15,60.15,60.9,13286628
1715068800,60.95,60.95,60.1,60.3,4974461
1715072400,60.3,60.5,60.1,60.35,3151717
1715076000,60.35,60.75,60.25,60.4,3193651
1715079600,60.4,61.15,60.35,60.85,10281221
1715083200,60.85,60.95,60.15,60.3,3424726
1715086800,60.3,62.25,59.8,62,23995556
1715090400,62,62.45,61.15,61.45,24931096
1715094000,61.45,61.6,61.45,61.6,2837979
1715148000,61.6,61.6,61.6,61.6,525698
1715151600,61.6,62.3,61.5,62,15869959
1715155200,62,62.15,60.55,60.6,10271193
1715158800,60.6,60.75,59.35,59.45,15857304
1715162400,59.45,59.55,59.15,59.25,11196953
1715166000,59.2,59.75,59,59.7,9349382
1715169600,59.7,60.15,59.6,59.75,12285398
1715173200,59.75,60.25,59.7,60.1,5669348
1715176800,60.1,60.15,59.8,60,7903269
1715180400,60,60,60,60,4436153
1715234400,60.5,60.5,60.5,60.5,774591
1715238000,60.55,60.75,59.95,60,15431465
1715241600,60,60.75,59.95,60.15,13005058
1715245200,60.2,60.3,59.5,59.9,7740547
1715248800,59.95,60.25,59.85,60.15,5034607
1715252400,60.2,60.25,59.9,60.05,5006747
1715256000,60,60.1,59.8,59.9,4147762
1715259600,59.9,60.1,59.85,59.95,5274160
1715263200,60,60.1,59.5,59.6,11329521
1715266800,59.4,59.4,59.4,59.4,6102141
1715320800,59.75,59.75,59.75,59.75,1253085
1715324400,59.7,59.9,59.2,59.35,18264922
1715328000,59.4,59.7,59.35,59.65,5522297
1715331600,59.65,59.7,59.25,59.35,4648621
1715335200,59.35,59.9,59.25,59.65,13819694
1715338800,59.7,59.7,59.45,59.65,5459261
1715342400,59.6,59.65,59.05,59.1,7154589
1715346000,59.1,59.1,58.8,58.95,6546345
1715349600,58.95,58.95,58,58.15,13515396
1715353200,58.1,58.15,57.8,57.8,5315053
1715580000,58.15,58.15,58.15,58.15,1098621
1715583600,58.1,58.25,56.75,57.65,21340762
1715587200,57.7,57.95,57.15,57.45,14625765
1715590800,57.4,57.55,57.1,57.35,8473992
1715594400,57.35,57.5,57.1,57.45,5529760
1715598000,57.45,57.7,57.15,57.15,8727501
1715601600,57.2,57.35,56.9,56.95,9129784
1715605200,57,57.4,56.95,57.2,9381333
1715608800,57.2,57.3,55.85,56.05,16053929
1715612400,56,56,56,56,3613009
1715666400,57.55,57.55,57.55,57.55,1999960
1715670000,57.6,57.8,56.85,57.35,34052738
1715673600,57.4,57.5,56.65,56.75,9604843
1715677200,56.75,56.85,56.35,56.5,8094570
1715680800,56.5,56.7,56.4,56.5,3151453
1715684400,56.55,56.6,56.45,56.55,3519105
1715688000,56.55,57.3,56.5,57.3,10958206
1715691600,57.3,57.95,57.3,57.5,22257793
1715695200,57.5,57.7,57.4,57.55,12124763
1715698800,57.55,57.55,57.5,57.5,3512766
1715752800,57.3,57.3,57.3,57.3,856715
1715756400,57.3,57.55,56.75,57,12771190
1715760000,56.95,57.05,56.3,56.55,10100929
1715763600,56.6,56.65,56.3,56.4,5177911
1715767200,56.35,56.45,56.05,56.1,4764771
1715770800,56.1,56.5,56,56.35,6927194
1715774400,56.35,56.95,56.25,56.65,8884233
1715778000,56.65,56.9,56.55,56.75,3338316
1715781600,56.75,58.7,56.7,57.05,29151405
1715785200,57.2,57.2,57.2,57.2,2345210
1715839200,57.3,57.3,57.3,57.3,769988
1715842800,57.25,57.8,56.8,57.35,16585343
1715846400,57.4,57.45,57.05,57.25,8698204
1715850000,57.3,57.4,57.1,57.3,3179946
1715853600,57.3,57.65,57.2,57.45,4039448
1715857200,57.45,57.85,57.35,57.85,4226285
1715860800,57.85,58.55,57.8,58.4,24592449
1715864400,58.4,58.7,58.1,58.35,8575866
1715868000,58.4,59.15,58.3,58.95,14764751
1715871600,59.15,59.15,59.15,59.15,1681020
1715925600,59.35,59.35,59.35,59.35,506320
1715929200,59.3,61.9,59,61.35,37078278
1715932800,61.35,61.65,60.95,61.35,9158814
1715936400,61.35,62.9,61.25,62.5,18364639
1715940000,62.5,62.8,62.1,62.75,9355849
1715943600,62.8,62.8,62.45,62.6,6879041
1715947200,62.55,62.7,62.45,62.6,4691765
1715950800,62.6,62.9,62.55,62.65,6461120
1715954400,62.65,63.05,62.4,62.8,15089775
1715958000,62.9,62.9,62.9,62.9,2402805
1716184800,62.9,62.9,62.9,62.9,591618
1716188400,62.85,64.7,62.4,64.5,28790879
1716192000,64.45,65.25,64.35,64.7,12726669
1716195600,64.7,64.75,64,64.25,4724948
1716199200,64.25,64.7,64.15,64.4,5592874
1716202800,64.4,64.65,64.1,64.15,3476869
1716206400,64.15,64.5,64,64.4,4585418
1716210000,64.35,64.65,64.25,64.55,5484679
1716213600,64.5,64.85,64.15,64.35,11682882
1716217200,64.5,64.5,64.5,64.5,1309734
1716271200,64.6,64.6,64.6,64.6,332935
1716274800,64.6,68.6,64.45,68.5,54105422
1716278400,68.45,69.35,66.8,69,52759833
1716282000,69,70.45,68.65,70.35,37249792
1716285600,70.35,70.75,69.8,70.05,16790313
1716289200,70.05,70.45,69.65,69.7,10142442
1716292800,69.75,69.75,68.2,69.1,22305945
1716296400,69.05,69.35,68.55,69.35,9490415
1716300000,69.35,69.65,66.85,67.4,30566875
1716303600,67.5,67.5,67.35,67.35,3505415
1716357600,67.2,67.2,67.2,67.2,948361
1716361200,67.15,67.15,64.15,66,31170520
1716364800,66,68.5,65.75,66.6,36101983
1716368400,66.6,66.7,66.05,66.5,8108063
1716372000,66.45,66.75,66,66.05,5549734
1716375600,66.1,66.45,65.9,66.2,6402771
1716379200,66.2,66.35,65.6,65.6,8496325
1716382800,65.6,66.55,65.55,65.95,10384213
1716386400,66,66.45,65.8,66.25,14807057
1716390000,66.2,66.25,66.2,66.25,4195253
1716444000,66.25,66.25,66.25,66.25,221569
1716447600,66.25,67.4,66.1,66.85,17255685
1716451200,66.85,67.15,66.75,67,4364826
1716454800,67,67.5,66.9,67.3,5135883
1716458400,67.35,67.8,67.3,67.7,3693384
1716462000,67.7,68.9,66.9,68,21927909
1716465600,68,68.6,67.7,68.15,8799148
1716469200,68.1,68.25,67,67.55,10971203
1716472800,67.55,67.65,66.3,66.65,13151679
1716476400,66.65,66.65,66.55,66.55,2641959
1716530400,66.55,66.55,66.55,66.55,347670
1716534000,66.5,67.1,66,66.3,13767756
1716537600,66.3,67.15,66.1,66.85,8547522
1716541200,66.85,67.75,66.8,67.45,6060219
1716544800,67.45,67.7,67.25,67.45,2508307
1716548400,67.45,67.8,67.2,67.25,4766074
1716552000,67.25,67.55,66.75,67,5135576
1716555600,66.95,67.2,66.15,66.15,6103023
1716559200,66.15,66.65,65.8,66.1,9300408
1716562800,66.5,66.5,66.5,66.5,1300076
1716789600,66.7,66.7,66.7,66.7,248166
1716793200,66.65,67.35,66.15,66.9,10304997
1716796800,66.95,67.3,66.8,67.1,3132207
1716800400,67.1,67.6,67.1,67.35,4130306
1716804000,67.35,67.6,67.15,67.3,2678523
1716807600,67.3,67.7,67.2,67.5,3285173
1716811200,67.5,67.55,65.85,66.1,6218280
1716814800,66.1,66.4,65.4,66.15,5522793
1716818400,66.1,67.9,66.1,67.2,11778333
1716822000,68,68,68,68,1416246
1716876000,68,68,68,68,305745
1716879600,68,69.25,67.35,68.75,15398936
1716883200,68.8,69.05,68.2,68.35,4329382
1716886800,68.35,68.9,68.3,68.65,4205982
1716890400,68.65,69.05,68.5,68.6,4414366
1716894000,68.6,68.85,68.35,68.65,2851115
1716897600,68.65,69.2,68.55,68.9,8804345
1716901200,68.9,69.9,68.8,69.25,9391479
1716904800,69.3,69.9,68.95,69.65,9726256
1716908400,69.8,69.8,69.8,69.8,1276107
1716962400,69.8,69.8,69.8,69.8,701894
1716966000,69.75,69.8,68.4,68.5,12228078
1716969600,68.5,68.7,68.35,68.45,4078378
1716973200,68.45,68.55,68.3,68.45,2093669
1716976800,68.4,68.8,68.15,68.2,3146824
1716980400,68.25,68.4,68,68.05,2216396
1716984000,68,68.05,66.55,67.15,13493100
1716987600,67.15,67.35,66.65,66.75,5717029
1716991200,66.75,67,66,66.2,13148185
1716994800,66.2,66.2,66,66,3082376
1717048800,66.4,66.4,66.4,66.4,634139
1717052400,66.4,67.35,66.2,66.45,16793609
1717056000,66.45,66.9,65.8,66.65,10627788
1717059600,66.65,66.75,66,66.1,4569045
1717063200,66.1,66.55,66.05,66.3,3305290
1717066800,66.25,66.9,65.95,66.55,9219896
1717070400,66.55,66.6,65.05,65.2,9404312
1717074000,65.15,66,64.8,65.75,7756470
1717077600,65.8,65.85,65.05,65.4,6873217
1717081200,65.4,65.7,65.4,65.7,2918757
1717135200,65.8,65.8,65.8,65.8,579479
1717138800,65.75,68.25,65.6,68.2,28574513
1717142400,68.25,68.8,67.7,68.15,15890949
1717146000,68.1,68.15,67.15,67.3,6324451
1717149600,67.3,68.05,67.15,67.3,7223664
1717153200,67.3,67.3,65.15,65.3,10372602
1717156800,65.25,65.75,64.95,65,7883925
1717160400,64.95,65.25,64.45,64.6,9132173
1717164000,64.55,65.2,63.8,65,13103055
1717167600,66.4,66.4,66.4,66.4,23738627
1717394400,66.45,66.45,66.45,66.45,489951
1717398000,66.4,66.6,64.6,65.35,13027686
1717401600,65.35,66.2,65.35,65.7,4405219
1717405200,65.7,66.05,65.4,65.8,2919744
1717408800,65.75,66.05,65.55,65.8,3090279
1717412400,65.8,66.45,65.45,66.1,5121767
1717416000,66.1,67.4,65.95,67.05,14379424
1717419600,67.1,67.25,65.5,65.9,7589617
1717423200,65.9,67,65.65,66.85,11071554
1717426800,66.8,66.8,66.8,66.8,1955106
1717480800,66.8,66.8,66.8,66.8,407014
1717484400,66.8,67.4,65.9,66.05,14271867
1717488000,66.05,66.25,65.75,65.95,4383103
1717491600,65.95,66.55,65.9,66.1,3088777
1717495200,66.1,66.3,65.55,65.75,3612759
1717498800,65.75,65.8,65.1,65.2,4662649
1717502400,65.2,65.35,64.8,65.05,4894481
1717506000,65.05,65.55,64.75,65.2,6447770
1717509600,65.2,65.45,63.55,63.7,12419893
1717513200,63.75,63.75,63.5,63.5,2932679
1717567200,64.05,64.05,64.05,64.05,518019
1717570800,64.1,65.05,62.8,63.75,17552442
1717574400,63.8,64.3,63.35,63.4,3897078
1717578000,63.4,63.75,63.3,63.4,3458349
1717581600,63.4,63.75,63.2,63.25,4314969
1717585200,63.25,63.35,62.95,63.15,2987842
1717588800,63.15,63.2,62.85,63,2807859
1717592400,63,63.85,62.2,63.75,14613194
1717596000,63.75,63.95,62.1,62.35,25989343
1717599600,62.35,62.35,62.35,62.35,2997546
1717653600,62.65,62.65,62.65,62.65,555971
1717657200,62.65,62.95,62.05,62.35,15352518
1717660800,62.3,62.6,62.15,62.45,3669803
1717664400,62.45,62.85,62.25,62.4,7476582
1717668000,62.35,62.5,62.15,62.2,2387568
1717671600,62.15,62.35,62.1,62.25,3196446
1717675200,62.25,62.35,61.65,61.7,4519170
1717678800,61.7,61.75,60.8,61.1,7763479
1717682400,61.1,61.6,60.8,61.2,9406096
1717686000,61.15,61.15,61.15,61.15,3909843
1717740000,61.35,61.35,61.35,61.35,387424
1717743600,61.35,61.45,59.75,59.85,12188941
1717747200,59.8,60.05,59.6,59.95,5144580
1717750800,59.95,60.55,59.55,59.8,6154701
1717754400,59.8,60,59.6,59.8,3266206
1717758000,59.8,60.3,59.75,60.15,3931839
1717761600,60.15,60.5,59.75,59.8,5203639
1717765200,59.8,60.3,59.75,59.9,4864590
1717768800,59.9,60.05,59.15,59.55,12080887
1717772400,59.55,59.55,59.3,59.3,3164015
1717999200,59,59,59,59,489479
1718002800,59.05,59.1,58.2,59,14049236
1718006400,58.95,59.5,58.65,59.25,9169395
1718010000,59.25,59.45,58.85,59.2,4217697
1718013600,59.25,59.6,59.2,59.45,5255384
1718017200,59.5,59.9,59.35,59.5,4453576
1718020800,59.5,59.95,59.2,59.6,6402594
1718024400,59.6,60.35,59.35,59.7,7733943
1718028000,59.7,59.75,59.2,59.4,7925138
1718031600,59.45,59.45,59.45,59.45,1365426
1718085600,59.4,59.4,59.4,59.4,296008
1718089200,59.35,60.45,59.2,60.15,14573569
1718092800,60.15,60.4,59.85,60.35,5678953
1718096400,60.35,60.8,60.05,60.75,8521600
1718100000,60.75,61.3,60.5,60.8,13706078
1718103600,60.85,61.6,60.65,61.2,8820564
1718107200,61.2,61.35,60.9,61.05,6995519
1718110800,61.05,61.45,60.75,60.9,7839965
1718114400,60.9,61.6,60.45,60.65,13095329
1718118000,60.65,60.7,60.6,60.6,2325452
1718172000,60.65,60.65,60.65,60.65,446992
1718175600,60.65,62.85,60.2,61.85,19027824
1718179200,61.85,62.25,61.65,61.75,5439725
1718182800,61.75,61.95,61.65,61.75,1840242
1718186400,61.75,62.2,61.6,61.7,2483468
1718190000,61.7,61.95,61.55,61.75,2433455
1718193600,61.75,61.9,61.3,61.85,4071617
1718197200,61.85,62.9,61.75,62.25,10458451
1718200800,62.25,62.9,62.1,62.7,8287696
1718204400,62.2,62.2,62.2,62.2,1797806
1718258400,63.05,63.05,63.05,63.05,664316
1718262000,63.05,64,62.55,62.8,24270879
1718265600,62.8,62.95,61.9,62.1,9667545
1718269200,62.05,62.05,61.75,61.95,5228160
1718272800,61.95,62.15,61.75,62.05,3286974
1718276400,62.05,62.3,61.75,61.85,6493526
1718280000,61.9,62.35,61.85,62.3,6936419
1718283600,62.3,62.35,61.9,61.95,6027257
1718287200,61.95,62.05,61.7,61.8,7502566
1718290800,61.75,61.75,61.5,61.5,3330418
1718344800,62.7,62.7,62.7,62.7,1716482
1718348400,62.75,63.1,61.95,62.45,31297421
1718352000,62.4,62.65,62.2,62.35,6366478
1718355600,62.35,62.45,62.1,62.25,4806525
1718359200,62.2,62.25,61.3,61.75,7574431
1718362800,61.7,61.75,61,61.15,5452286
1718366400,61.15,61.4,60.7,61.35,5519385
1718370000,61.35,61.35,60.9,60.9,3666349
1718373600,60.95,61.25,60.8,61.05,6952228
1718377200,61.05,61.1,61.05,61.1,3475348
1718863200,61.95,61.95,61.95,61.95,988305
1718866800,61.9,62.1,61.55,61.85,14850838
1718870400,61.85,62.6,61.8,62.6,12160263
1718874000,62.55,62.8,62.3,62.5,5321390
1718877600,62.55,62.55,61.95,62.05,3448612
1718881200,62.05,62.65,61.95,62.4,5735115
1718884800,62.4,62.65,62.25,62.6,3532658
1718888400,62.6,63.15,62.55,63,9421565
1718892000,62.95,63.5,62.95,63.45,11781499
1718895600,63.8,63.8,63.8,63.8,3740622
1718949600,63.75,63.75,63.75,63.75,481814
1718953200,63.7,65.15,63.35,64.4,20522512
1718956800,64.4,65.35,64.1,65.2,10508164
1718960400,65.2,65.65,65.15,65.3,6954469
1718964000,65.3,66.15,65.1,66,7763814
1718967600,66,66.6,65.95,66.45,7511996
1718971200,66.45,66.45,65.95,66,5126414
1718974800,65.95,66.3,65.9,66.05,4691535
1718978400,66,66.4,65.9,66.3,8071921
1718982000,66,66,66,66,6458716
1719208800,65.9,65.9,65.9,65.9,412167
1719212400,65.9,67.15,65.75,66.2,15430882
1719216000,66.25,66.3,65.75,65.9,5838550
1719219600,65.9,66.1,65.8,65.9,1702715
1719223200,65.95,65.95,65.2,65.6,4324794
1719226800,65.6,65.75,65.35,65.65,1714178
1719230400,65.65,65.65,65.3,65.35,2062544
1719234000,65.4,65.65,65.25,65.5,3121888
1719237600,65.45,67.05,65.35,66.95,12065855
1719241200,67.15,67.15,67.15,67.15,1910790
1719295200,67.3,67.3,67.3,67.3,359884
1719298800,67.25,68.05,65.75,65.9,20778415
1719302400,65.9,66,65.4,65.95,6815665
1719306000,66,66.05,65.45,65.55,4163635
1719309600,65.55,67.15,65.55,66.15,10720864
1719313200,66.15,66.85,65.95,66,6096218
1719316800,66,66.4,65.9,66.2,3929140
1719320400,66.2,66.75,65.8,65.85,4889072
1719324000,65.85,66.1,65.2,65.3,10762664
1719327600,65.2,65.2,65.2,65.2,3716903
1719381600,65.15,65.15,65.15,65.15,201831
1719385200,65.15,65.5,64.3,64.65,9778612
1719388800,64.6,64.8,64.3,64.45,3404305
1719392400,64.5,64.8,64.4,64.65,2328750
1719396000,64.6,65.45,64.6,65.1,7432332
1719399600,65.1,65.25,64.65,64.9,3532730
1719403200,64.9,65,64.35,64.6,3454976
1719406800,64.55,64.95,64.4,64.8,4154572
1719410400,64.85,65.2,64.4,64.95,7938320
1719414000,64.9,64.9,64.8,64.8,2617923
1719468000,65.15,65.15,65.15,65.15,574514
1719471600,65.15,66.5,65.15,65.4,13910468
1719475200,65.4,66,65.3,65.85,4334679
1719478800,65.85,66.35,65.85,66.2,5207488
1719482400,66.2,66.3,65.75,66.25,3630434
1719486000,66.25,66.4,65.55,65.6,5696368
1719489600,65.65,66.2,65.35,65.9,6739839
1719493200,65.9,67,65.9,66.9,12382129
1719496800,66.95,67.35,66.8,66.85,12488677
1719500400,66.85,66.85,66.85,66.85,2165458
1719554400,67.3,67.3,67.3,67.3,857683
1719558000,67.3,68.15,66.7,67.3,20370007
1719561600,67.25,67.7,67,67.5,6754096
1719565200,67.5,67.8,66.35,66.7,8559406
1719568800,66.65,66.7,65.05,65.1,11968230
1719572400,65.15,65.25,64.75,65.25,10625873
1719576000,65.25,65.5,65.1,65.45,7872643
1719579600,65.4,65.5,65.2,65.45,5367562
1719583200,65.45,65.65,63.95,63.95,14530983
1719586800,64.05,64.05,64.05,64.05,6702883
1719813600,64.7,64.7,64.7,64.7,1197978
1719817200,64.65,64.8,63.25,63.65,14982441
1719820800,63.65,64.25,63.4,63.45,6884340
1719824400,63.45,63.6,62.1,62.35,6811176
1719828000,62.4,62.55,61.5,61.7,6567940
1719831600,61.7,61.9,61.1,61.8,4969385
1719835200,61.85,62.1,61.7,62,3264335
1719838800,62,62.35,61.3,61.45,4641137
1719842400,61.45,61.8,60.85,61.75,9170392
1719846000,61.95,61.95,61.95,61.95,1703972
1719900000,62.25,62.25,62.25,62.25,424840
1719903600,62.25,62.45,61.55,62.15,10650844
1719907200,62.15,62.45,61.7,62.2,5422129
1719910800,62.2,62.35,61.8,62.1,2376365
1719914400,62.1,62.15,61.45,61.65,3626095
1719918000,61.65,61.7,61.2,61.6,3600957
1719921600,61.6,62,61.25,61.6,5634713
1719925200,61.6,62.5,61.6,62.1,8976178
1719928800,62.1,62.7,61.65,62.45,10543410
1719932400,62.45,62.7,62.45,62.7,2414153
1719986400,63.05,63.05,63.05,63.05,541498
1719990000,63,65.45,62.7,65.1,34443289
1719993600,65.05,65.65,64.75,64.8,10630705
1719997200,64.85,65.25,64.55,65.1,4414407
1720000800,65.1,65.15,64.4,64.5,4099965
1720004400,64.55,65.25,64.35,64.45,11559210
1720008000,64.5,65,64.35,64.6,4967088
1720011600,64.65,65,64.45,64.95,3770055
1720015200,64.95,66.3,64.85,66.25,17637187
1720018800,66.2,66.25,66.2,66.25,1867914
1720072800,66.2,66.2,66.2,66.2,331393
1720076400,66.25,66.65,65.6,65.85,14660542
1720080000,65.8,67.3,65.6,66.95,6891568
1720083600,67,67.15,66.8,66.85,4114801
1720087200,66.85,67.1,66.35,67.05,3416603
1720090800,67,68.25,66.8,68.1,10689842
1720094400,68.1,68.1,67.7,67.95,7080768
1720098000,67.95,68.3,67.45,67.8,7578757
1720101600,67.8,67.95,66.95,67.25,7907287
1720105200,67.25,67.25,67.25,67.25,1127256
1720159200,67.45,67.45,67.45,67.45,514271
1720162800,67.45,68.1,66.9,67.45,12374679
1720166400,67.45,67.75,67.25,67.55,3239408
1720170000,67.55,67.7,67.3,67.4,1930329
1720173600,67.4,67.55,67.1,67.1,1645324
1720177200,67.1,67.45,66.9,67.1,2906766
1720180800,67.1,67.45,67,67.1,2267060
1720184400,67.05,67.3,66.25,66.5,4582358
1720188000,66.45,66.95,65.95,66.6,8875484
1720191600,66.65,66.75,66.65,66.75,1845829
1720418400,67.05,67.05,67.05,67.05,638369
1720422000,67.1,68.5,67.1,67.9,14022112
1720425600,67.9,68.05,67.55,67.8,2739330
1720429200,67.8,68,67.65,67.9,2724412
1720432800,67.85,67.9,67.05,67.25,3475932
1720436400,67.25,68.25,67.15,67.85,4451734
1720440000,67.85,67.95,67.45,67.5,2044415
1720443600,67.55,67.6,66.6,66.75,5193829
1720447200,66.7,68,66.65,67.6,11209900
1720450800,67.6,67.7,67.6,67.7,2155277
1720504800,67.85,67.85,67.85,67.85,610069
1720508400,67.8,67.9,66.8,66.9,9916031
1720512000,66.9,67.35,66.7,67,3431994
1720515600,66.95,67,66.35,66.5,2934119
1720519200,66.5,66.7,66.2,66.3,3036691
1720522800,66.25,66.5,66.15,66.25,2946290
1720526400,66.3,66.35,65.55,65.65,5755345
1720530000,65.65,65.85,64.5,65,8686454
1720533600,64.95,65.35,64.55,64.7,11854831
1720537200,64.6,64.6,64.6,64.6,3118490
1720591200,64.7,64.7,64.7,64.7,454349
1720594800,64.75,64.9,62.65,62.9,21706082
1720598400,62.85,63.25,62.55,63.25,8185499
1720602000,63.25,63.95,63.1,63.45,7207886
1720605600,63.45,64.15,63.35,63.85,4082816
1720609200,63.8,64.05,63.4,63.75,5376849
1720612800,63.75,63.85,63.15,63.25,2735834
1720616400,63.2,64.05,63.2,63.85,5332692
1720620000,63.85,64.55,63.6,63.85,11869495
1720623600,63.85,64,63.85,64,1899981
1720677600,65,65,65,65,394527
1720681200,65,65.85,64.6,65.45,16245999
1720684800,65.4,65.7,65,65.65,6859820
1720688400,65.65,66.2,65.55,65.95,6922720
1720692000,65.95,66.25,65.75,66.15,3902884
1720695600,66.2,66.5,66.1,66.35,5352722
1720699200,66.35,66.95,66.25,66.7,8682853
1720702800,66.7,67.35,66.7,67,10197164
1720706400,67.05,67.35,66.3,66.75,12199799
1720710000,66.7,66.7,66.7,66.7,1494858
1720764000,66.7,66.7,66.7,66.7,493872
1720767600,66.65,67.9,66.1,66.95,18346563
1720771200,66.9,67.2,66.6,66.7,5502497
1720774800,66.7,66.85,66.5,66.6,1939347
1720778400,66.65,66.65,66.35,66.55,2545330
1720782000,66.5,67.45,66.3,67.2,8245466
1720785600,67.2,67.25,66.45,66.65,8546098
1720789200,66.65,67.3,66.6,67.2,4903868
1720792800,67.2,67.25,66.4,66.55,9317283
1720796400,66.7,66.7,66.7,66.7,2125620
1721109600,67.15,67.15,67.15,67.15,717731
1721113200,67.2,68.4,66.75,68.15,22331622
1721116800,68.15,68.2,67.6,67.65,5727398
1721120400,67.65,67.7,67.35,67.45,4105561
1721124000,67.45,67.55,67.3,67.4,1530912
1721127600,67.45,67.8,67.15,67.7,4026468
1721131200,67.7,68.2,67.55,68.2,4485085
1721134800,68.2,69.2,67.95,68.35,15909850
1721138400,68.35,68.85,68.1,68.2,7873695
1721142000,68.3,68.3,68.3,68.3,1559012
1721196000,68.4,68.4,68.4,68.4,811725
1721199600,68.35,68.4,66.7,66.8,13556014
1721203200,66.75,66.95,66.75,66.75,2393146
1721206800,66.8,67.35,66.75,67.25,4739163
1721210400,67.25,67.55,66.75,66.8,4969663
1721214000,66.8,66.85,66.3,66.5,5272125
1721217600,66.5,67.25,66.45,67.15,9117905
1721221200,67.2,68.15,67.15,68.15,17313072
1721224800,68.15,68.5,67.6,67.75,11797683
1721228400,67.85,67.85,67.85,67.85,1948544
1721282400,68.3,68.3,68.3,68.3,920180
1721286000,68.35,69.15,67.9,68.05,18021718
1721289600,68,68.05,67.45,67.7,6404894
1721293200,67.7,67.8,67.3,67.6,4619879
1721296800,67.6,67.8,67.55,67.65,2100597
1721300400,67.65,69.1,67.6,68.35,15516237
1721304000,68.35,68.55,67.7,68.35,6438600
1721307600,68.35,68.6,68.15,68.5,4505385
1721311200,68.55,68.55,67.5,68.1,8088209
1721314800,68.1,68.2,68.1,68.2,1907042
1721368800,68,68,68,68,509741
1721372400,68,69.15,67.55,68.05,15355557
1721376000,68.05,68.55,67.8,68.55,5472881
1721379600,68.55,69.05,68.3,68.4,5140679
1721383200,68.4,68.65,68.4,68.5,2067716
1721386800,68.55,69.65,68.45,69.25,18442240
1721390400,69.25,69.35,68.65,69,5507720
1721394000,69,69.15,68.55,68.65,3162322
1721397600,68.65,68.85,68.2,68.6,7242991
1721401200,68.6,68.75,68.6,68.75,1624648
1721628000,68.9,68.9,68.9,68.9,571761
1721631600,68.85,69.65,67.75,69.35,19530476
1721635200,69.4,69.85,69.3,69.65,8001158
1721638800,69.6,70.05,69.6,69.75,5110622
1721642400,69.7,70.55,69.7,69.9,9109701
1721646000,69.9,70,69.6,69.8,2710590
1721649600,69.8,70,69.45,69.65,4064921
1721653200,69.7,70.15,69.45,69.6,4316699
1721656800,69.6,69.65,69.1,69.25,5702825
1721660400,69.3,69.3,69.3,69.3,1739483
1721714400,69.3,69.3,69.3,69.3,533454
1721718000,69.25,69.4,67.25,67.35,14923382
1721721600,67.3,67.85,66.9,67.45,5591214
1721725200,67.4,67.65,67.25,67.35,1529382
1721728800,67.35,67.65,67.3,67.6,2029495
1721732400,67.6,67.95,66.9,67.3,5711818
1721736000,67.3,67.85,66.7,67.7,8377063
1721739600,67.65,70.4,67.65,70.3,20390073
1721743200,70.3,70.6,68.55,69.15,19142859
1721746800,69.15,69.3,69.15,69.3,1757786
1721800800,69.2,69.2,69.2,69.2,608798
1721804400,69.15,69.15,68.15,68.6,11794602
1721808000,68.55,68.65,68.15,68.25,2405425
1721811600,68.25,68.95,68.25,68.85,2375065
1721815200,68.8,69.15,68.55,68.55,3126413
1721818800,68.55,69.3,68.45,68.9,6456356
1721822400,68.9,69.05,68.45,68.95,4109506
1721826000,68.95,68.95,68.15,68.3,4453744
1721829600,68.25,68.4,67.65,67.75,8690084
1721833200,67.5,67.5,67.5,67.5,2607128
1721887200,67.45,67.45,67.45,67.45,411959
1721890800,67.4,68.15,67.15,67.35,10900269
1721894400,67.35,67.5,66.5,66.65,5820519
1721898000,66.6,66.65,65.9,66.3,11011616
1721901600,66.35,66.65,65.9,66,4116661
1721905200,66.05,66.15,65.5,65.5,4883230
1721908800,65.5,65.9,65.45,65.5,3522672
1721912400,65.5,65.7,65.05,65.55,5874762
1721916000,65.55,65.9,65.2,65.5,8610169
1721919600,65.55,65.55,65.55,65.55,2598572
1721973600,65.75,65.75,65.75,65.75,325293
1721977200,65.75,66.5,65.5,66.35,12071302
1721980800,66.35,66.45,65.7,65.8,5205456
1721984400,65.8,65.85,65,65.25,5492899
1721988000,65.25,65.7,64.95,65.25,4985339
1721991600,65.2,66.25,65.2,66.05,4611006
1721995200,66,66.2,65.7,65.9,4937249
1721998800,65.9,66.2,65.4,65.65,3782126
1722002400,65.7,66,65.45,65.65,6106885
1722006000,65.65,65.65,65.65,65.65,2949549
1722232800,64.7,64.7,64.7,64.7,411107
1722236400,64.7,66.7,64.5,65.75,15018428
1722240000,65.7,66.15,65.3,65.9,4665014
1722243600,65.9,66.25,65.65,65.75,2714365
1722247200,65.75,66.3,65.5,66.1,4532091
1722250800,66.15,66.35,65.8,65.85,2690331
1722254400,65.9,66.05,65.6,65.75,2563129
1722258000,65.75,66.25,65.4,65.7,6869273
1722261600,65.7,65.8,64.8,64.8,5966789
1722265200,64.8,64.8,64.65,64.65,2804478
1722319200,64.5,64.5,64.5,64.5,863770
1722322800,64.45,65,63.05,64.05,19101640
1722326400,64,64.3,63.65,64.05,3988148
1722330000,64.05,64.2,63.85,64,1804063
1722333600,64,64.05,63.5,63.55,2461086
1722337200,63.55,63.6,62.9,63,4738427
1722340800,63,63.2,62.5,62.95,5968159
1722344400,62.95,63.7,62.9,63.55,6344613
1722348000,63.55,64.05,62.85,62.9,11062889
1722351600,62.9,62.9,62.75,62.75,2210954
1722405600,62.7,62.7,62.7,62.7,270262
1722409200,62.7,63.55,62.55,63,13420134
1722412800,63,63.35,62.7,62.75,4161481
1722416400,62.75,62.9,62.15,62.2,8152748
1722420000,62.25,62.3,61.9,62.05,3820317
1722423600,62,62.25,61.45,62.05,5074346
1722427200,62.1,62.7,62.05,62.35,7912730
1722430800,62.35,62.65,61.9,62.25,9578735
1722434400,62.25,62.55,61.55,61.75,9810102
1722438000,61.9,61.9,61.9,61.9,4175724
1722492000,62.9,62.9,62.9,62.9,1039507
1722495600,62.9,64.2,62.85,64,17286812
1722499200,64.05,64.85,63.95,64.5,10278697
1722502800,64.5,64.55,64.05,64.25,3978132
1722506400,64.25,64.5,64,64.3,3702545
1722510000,64.3,64.4,64,64.15,3553614
1722513600,64.2,64.85,64.15,64.3,6553094
1722517200,64.3,64.4,63.9,63.95,3306361
1722520800,64,64,63,63.05,9054961
1722524400,63.2,63.2,63.2,63.2,2148228
1722578400,62,62,62,62,516820
1722582000,61.95,62.35,61.6,61.95,14834929
1722585600,61.95,62,61.7,61.9,2815581
1722589200,61.9,62,61.65,61.9,2199501
1722592800,61.9,61.95,61.6,61.75,1531878
1722596400,61.7,61.8,61.5,61.55,2295601
1722600000,61.55,61.65,60.6,60.65,5822897
1722603600,60.7,61,60.3,60.45,6348932
1722607200,60.4,60.6,59.7,60.2,12810404
1722610800,60.2,60.2,60.2,60.2,2047847
1722837600,56,56,56,56,554905
1722841200,54.65,57.15,54.65,57.1,7369316
1722844800,57.1,58.45,56.85,58,20741263
1722848400,58.05,58.1,57.45,57.55,7740915
1722852000,57.6,57.8,57.25,57.3,4805501
1722855600,57.3,57.35,56.6,56.75,4752112
1722859200,56.75,57.05,55.8,57,8623449
1722862800,56.95,57.65,56.8,57.35,11382209
1722866400,57.35,57.75,56.5,56.55,11368108
1722870000,56.9,56.9,56.9,56.9,1302555
1722924000,58.6,58.6,58.6,58.6,967026
1722927600,58.6,58.95,57,57.05,18210652
1722931200,57.05,57.25,56.9,56.95,4010212
1722934800,56.95,57.45,56.9,57.4,3801984
1722938400,57.35,57.5,57.05,57.1,6080270
1722942000,57.1,57.25,56.9,57.25,5310985
1722945600,57.2,57.3,56.9,56.9,5430697
1722949200,56.9,57.1,55.8,56.1,10858591
1722952800,56.1,56.4,55.7,55.7,7940311
1722956400,55.65,55.65,55.65,55.65,3407039
1723010400,56.3,56.3,56.3,56.3,316840
1723014000,56.3,57,56.15,56.55,10947043
1723017600,56.55,56.65,56.3,56.55,4221734
1723021200,56.5,56.9,56.4,56.85,2959791
1723024800,56.85,57,56.3,56.35,4004861
1723028400,56.4,56.5,55.7,55.75,4467869
1723032000,55.75,55.8,54.95,55.55,7404799
1723035600,55.6,55.75,55.15,55.65,4301953
1723039200,55.6,56.25,55.3,55.7,12316599
1723042800,55.7,55.7,55.7,55.7,2299731
1723096800,55.6,55.6,55.6,55.6,577223
1723100400,55.55,56.45,55.4,55.9,14196667
1723104000,55.9,56.3,55.75,55.95,5188339
1723107600,56,56.3,55.85,56.15,5471631
1723111200,56.15,56.6,55.85,56.2,4657168
1723114800,56.15,56.45,56,56.2,3515360
1723118400,56.15,56.6,56.05,56.5,4735823
1723122000,56.5,56.65,55.85,56.05,5124766
1723125600,56.05,56.15,55.3,55.75,8525617
1723129200,55.8,55.85,55.8,55.85,2053573
1723183200,56.4,56.4,56.4,56.4,577367
1723186800,56.4,57,54.9,55.3,15002735
1723190400,55.25,55.3,53.95,54.05,14692697
1723194000,54,54.25,53,53.45,10500532
1723197600,53.45,53.75,53.2,53.5,6039400
1723201200,53.5,53.75,53.25,53.5,3833805
1723204800,53.5,53.7,53.15,53.25,3978428
1723208400,53.25,53.35,52.9,53.2,5531565
1723212000,53.15,53.6,52.85,52.9,7281845
1723215600,52.95,52.95,52.95,52.95,1924223
1723442400,53.4,53.4,53.4,53.4,356523
1723446000,53.35,54.8,53.05,54.8,15334281
1723449600,54.8,54.9,54,54.05,4914943
1723453200,54.05,54.1,53.6,54,3827773
1723456800,54,54.55,53.9,54,3832851
1723460400,54,54.25,53.6,54.05,5944333
1723464000,54.05,54.25,53.65,53.9,4993276
1723467600,53.95,54.45,53.75,53.85,6240915
1723471200,53.85,54.4,53.6,54.05,7022237
1723474800,54.05,54.2,54.05,54.2,1529510
1723528800,54.25,54.25,54.25,54.25,171244
1723532400,54.2,54.95,53.5,54.7,8296206
1723536000,54.7,55,54.5,54.8,3086954
1723539600,54.85,54.95,54.5,54.65,1728054
1723543200,54.7,54.85,54.5,54.75,1380388
1723546800,54.75,55,54.65,54.8,2106221
1723550400,54.85,55.05,54.55,54.7,3652872
1723554000,54.7,54.75,53.85,54.15,4971017
1723557600,54.1,55.75,53.95,55.75,13937264
1723561200,55.75,55.75,55.75,55.75,2300819
1723615200,56,56,56,56,320960
1723618800,56,56.5,55.45,56.2,9450715
1723622400,56.15,56.35,55.7,55.9,5528903
1723626000,55.9,56.4,55.85,56.15,2207597
1723629600,56.15,56.7,56.1,56.4,3175253
1723633200,56.35,56.45,56.15,56.3,2735589
1723636800,56.25,56.9,55.85,56,7323049
1723640400,56,56.25,55.7,55.95,4777529
1723644000,55.9,56.4,55.7,56,6401370
1723647600,56.2,56.2,56.2,56.2,1358791
1723701600,57,57,57,57,527577
1723705200,57,57.35,56.35,56.6,14193907
1723708800,56.6,57.1,56.25,56.8,4071302
1723712400,56.85,57,56.6,56.75,3533699
1723716000,56.7,56.95,56.65,56.8,1399299
1723719600,56.8,57.1,56.7,56.85,5276176
1723723200,56.8,58.1,56.6,58.1,8669083
1723726800,58.1,58.5,57.85,58.2,10310000
1723730400,58.2,58.6,57.95,58.35,10903718
1723734000,58.35,58.35,58.35,58.35,988921
1723788000,58.55,58.55,58.55,58.55,509698
1723791600,58.6,58.95,57.3,57.45,9408479
1723795200,57.4,58,57.15,57.7,4352320
1723798800,57.65,57.85,57.5,57.75,1970432
1723802400,57.7,57.8,57.3,57.35,1557743
1723806000,57.35,57.5,57.2,57.25,1656918
1723809600,57.25,58.1,57.15,57.3,6699462
1723813200,57.3,57.45,56.8,56.9,6334667
1723816800,56.9,57.4,56.8,56.9,4260035
1723820400,56.85,56.85,56.85,56.85,1481240
1724047200,57.1,57.1,57.1,57.1,257685
1724050800,57.1,58.25,56.5,58,14487771
1724054400,57.95,58.65,57.85,58.2,8800794
1724058000,58.2,58.4,57.8,58.35,2887811
1724061600,58.35,59.4,58.3,59.05,9167952
1724065200,59.05,59.6,58.9,59.35,4413186
1724068800,59.4,60,59.35,59.55,5707032
1724072400,59.55,59.95,59.45,59.7,5296670
1724076000,59.65,60.4,59.55,60.2,10194958
1724079600,60.25,60.25,60.25,60.25,988092
1724133600,59.95,59.95,59.95,59.95,177332
1724137200,59.95,60.75,59.75,60.45,13013170
1724140800,60.45,60.85,60.05,60.2,6131236
1724144400,60.15,60.45,59.8,60.05,3216033
1724148000,60.05,60.4,59.85,60.15,2714090
1724151600,60.15,60.4,59.65,59.8,4886602
1724155200,59.8,60.1,59.3,59.95,5551793
1724158800,60,60.85,59.15,59.4,11050467
1724162400,59.35,59.95,59.3,59.55,5358520
1724166000,59.9,59.9,59.9,59.9,1670041
1724220000,59.8,59.8,59.8,59.8,113666
1724223600,59.8,60.55,59.5,60.2,12745315
1724227200,60.2,60.3,59.8,60.15,3746599
1724230800,60.15,60.65,60.05,60.2,5474502
1724234400,60.15,60.25,59.65,59.75,3126295
1724238000,59.75,60,59.4,59.85,3060808
1724241600,59.85,60,59.45,59.75,3514441
1724245200,59.75,59.75,59.15,59.5,5490589
1724248800,59.45,59.55,59.1,59.3,5056318
1724252400,59.3,59.3,59.15,59.15,2604441
1724306400,59.55,59.55,59.55,59.55,370672
1724310000,59.6,61.3,59.55,60.65,17331387
1724313600,60.65,60.75,58.75,59,17994145
1724317200,59,59.45,58.6,59.1,6892212
1724320800,59.1,59.2,58.75,58.9,4232121
1724324400,58.9,59.7,58.85,59.5,8862939
1724328000,59.45,59.9,59,59.05,5456165
1724331600,59.05,59.3,58.8,58.95,4955227
1724335200,58.95,59.6,58.85,59.55,8953382
1724338800,59.55,59.55,59.55,59.55,2024351
1724392800,59.5,59.5,59.5,59.5,240909
1724396400,59.5,59.9,58.55,58.6,8060357
1724400000,58.55,58.7,58.2,58.65,5489862
1724403600,58.65,58.95,58.4,58.6,2264846
1724407200,58.55,58.65,58.4,58.55,1432548
1724410800,58.55,58.8,58.3,58.4,2240727
1724414400,58.4,58.55,57.7,58.05,4722421
1724418000,58.05,58.4,57.85,58.4,4286136
1724421600,58.4,59.25,57.35,57.85,15213306
1724425200,58.1,58.1,58.1,58.1,1479902
1724652000,58.65,58.65,58.65,58.65,436783
1724655600,58.65,59.05,58.35,58.45,8877332
1724659200,58.45,58.55,57.85,58.35,4877496
1724662800,58.4,59.2,58.3,59.1,5660033
1724666400,59.1,59.15,58.5,58.7,3904904
1724670000,58.7,59.05,58.5,58.85,3015272
1724673600,58.85,59.1,58.65,58.9,3943365
1724677200,58.85,59.65,58.75,59.25,10507708
1724680800,59.25,59.35,57.95,58.45,10045473
1724684400,58.5,58.5,58.5,58.5,1164150
1724738400,58.55,58.55,58.55,58.55,208900
1724742000,58.55,58.6,57.7,57.85,6998973
1724745600,57.8,58.4,57.8,58.15,2953390
1724749200,58.15,58.25,57.95,58,1975756
1724752800,58,58.75,57.9,58.5,5544756
1724756400,58.55,59.4,58.55,59.05,7774251
1724760000,59.05,59.4,58.5,58.55,6831598
1724763600,58.55,58.9,58.05,58.1,6232881
1724767200,58.05,59.25,57.95,58.95,10609499
1724770800,59.1,59.1,59.1,59.1,1219614
1724824800,59.15,59.15,59.15,59.15,196649
1724828400,59.15,59.35,58.55,58.75,11707014
1724832000,58.75,58.85,58.45,58.6,3201205
1724835600,58.6,58.8,58.3,58.45,3557869
1724839200,58.45,58.65,58.35,58.45,2382878
1724842800,58.45,58.9,58.3,58.8,5013070
1724846400,58.8,58.8,58.2,58.35,5145925
1724850000,58.35,58.55,58.25,58.4,2989110
1724853600,58.4,58.95,58.1,58.65,8126215
1724857200,58.7,58.7,58.7,58.7,1716033
1724911200,58.55,58.55,58.55,58.55,375137
1724914800,58.65,58.95,58.05,58.15,7522468
1724918400,58.15,58.3,57.75,57.85,3655124
1724922000,57.85,58.1,57.6,57.65,2235548
1724925600,57.7,57.95,57.55,57.9,2051745
1724929200,57.9,58.65,57.9,58.5,6191920
1724932800,58.5,59.2,58.5,59.1,12462926
1724936400,59.1,59.4,58.8,58.85,7728524
1724940000,58.85,59,58.15,58.3,10549256
1724943600,58.3,58.3,58.3,58.3,7219134
1725256800,58.7,58.7,58.7,58.7,693099
1725260400,58.7,60.55,58.65,60.35,23572457
1725264000,60.4,60.85,60.25,60.8,7347410
1725267600,60.8,61.15,60.65,60.95,4831224
1725271200,61,61.05,60.35,60.45,4920200
1725274800,60.45,61.15,60.3,61.1,4776852
1725278400,61.1,61.25,60.8,61,3678459
1725282000,61,61.05,60.6,60.85,5241717
1725285600,60.8,61.45,60.65,61.35,9516773
1725289200,61.45,61.45,61.45,61.45,1314164
1725343200,61.45,61.45,61.45,61.45,267057
1725346800,61.45,62,61.1,61.4,10032082
1725350400,61.35,61.95,61.25,61.5,5687316
1725354000,61.45,61.5,61.15,61.25,2746558
1725357600,61.25,61.5,60.9,61.45,1984458
1725361200,61.4,61.45,61.05,61.2,1702731
1725364800,61.2,61.65,61.1,61.3,3415077
1725368400,61.3,61.45,60.6,60.7,3724387
1725372000,60.7,61.3,60.25,60.85,8934074
1725375600,60.95,60.95,60.95,60.95,1323938
1725429600,60.1,60.1,60.1,60.1,305173
1725433200,60.1,61.2,60,60.85,11445354
1725436800,60.9,61.3,60.5,60.55,9183076
1725440400,60.55,60.7,60.35,60.45,2154700
1725444000,60.5,60.7,60.45,60.55,2273224
1725447600,60.55,60.9,60.4,60.85,3352553
1725451200,60.9,61.1,60.35,60.35,4671720
1725454800,60.4,60.7,60,60.25,6684686
1725458400,60.3,61.25,60.05,61.2,10314009
1725462000,61.1,61.1,61.1,61.1,2075794
1725516000,61.65,61.65,61.65,61.65,757258
1725519600,61.7,61.9,59.75,60.05,17726679
1725523200,60.1,60.4,59.9,60.1,7474812
1725526800,60.1,60.1,59.8,59.95,2958283
1725530400,59.95,60.25,59.85,60.05,3124050
1725534000,60.05,60.45,59.85,59.9,4952495
1725537600,59.95,60.35,59.9,60,5778944
1725541200,60,60.6,59.8,60.45,13739061
1725544800,60.5,61.1,60.3,60.8,12851742
1725548400,60.6,60.6,60.6,60.6,2511835
1725602400,60.65,60.65,60.65,60.65,697683
1725606000,60.7,61,59.9,60.9,12103623
1725609600,60.9,61.05,60.3,60.5,6456335
1725613200,60.55,60.75,60.3,60.45,2220016
1725616800,60.45,60.6,60.3,60.45,1379848
1725620400,60.5,60.6,60.25,60.55,2111985
1725624000,60.6,61.1,60.45,60.6,7391367
1725627600,60.6,61.15,59.85,59.95,9039651
1725631200,60,60.1,58.55,59.2,14237887
1725634800,58.95,58.95,58.95,58.95,3791056
1725861600,59.2,59.2,59.2,59.2,429096
1725865200,59.2,59.55,57.95,58.5,11352996
1725868800,58.55,58.55,58.05,58.15,3314478
1725872400,58.15,58.35,58.1,58.15,2053207
1725876000,58.2,58.4,58.1,58.3,2535941
1725879600,58.3,58.8,58.3,58.65,2562457
1725883200,58.7,58.85,58.25,58.3,2885112
1725886800,58.3,58.45,57.95,58.35,5097387
1725890400,58.35,58.75,57.85,58,8954366
1725894000,58.05,58.05,58.05,58.05,2240589
1725948000,58.35,58.35,58.35,58.35,354930
1725951600,58.35,58.5,57.55,58,12647269
1725955200,58.05,58.15,57.6,57.65,4660693
1725958800,57.7,57.75,56.8,56.9,9111821
1725962400,56.9,56.95,56.05,56.3,11391523
1725966000,56.35,56.55,56.2,56.2,6430493
1725969600,56.25,56.6,55.85,56.55,8494168
1725973200,56.6,56.65,55.7,56.3,10505475
1725976800,56.35,57.15,56.2,56.55,17759956
1725980400,56.55,56.55,56.45,56.45,2540627
1726034400,56.15,56.15,56.15,56.15,259594
1726038000,56.15,56.95,55.6,56.7,16339249
1726041600,56.7,57,56.45,56.6,6955374
1726045200,56.65,57.3,56.5,57,6227247
1726048800,57.05,57.05,56.7,56.9,3015187
1726052400,56.95,57.05,56.75,56.95,3268280
1726056000,57,57.4,56.8,57.1,9054505
1726059600,57.1,57.25,55.8,55.85,11516616
1726063200,55.9,56.25,55.4,55.6,16906110
1726066800,55.3,55.3,55.3,55.3,1524544
1726120800,56.05,56.05,56.05,56.05,649517
1726124400,56.1,56.6,55.65,56.45,12448668
1726128000,56.5,56.95,56.05,56.3,7196102
1726131600,56.25,56.35,55.7,56.05,4055898
1726135200,56.1,56.15,55.85,56,1662998
1726138800,56,56.3,55.75,56.2,2568229
1726142400,56.25,56.75,55.8,55.9,7025599
1726146000,55.9,55.95,54.5,55.15,10540954
1726149600,55.15,56.9,54.5,56.8,17894556
1726153200,56.8,56.8,56.8,56.8,1543709
1726207200,56.7,56.7,56.7,56.7,139708
1726210800,56.65,56.95,55.75,55.75,7634938
1726214400,55.8,56.35,55.5,56.3,7554981
1726218000,56.25,56.35,56.05,56.15,2957953
1726221600,56.2,56.45,56.05,56.15,2618552
1726225200,56.15,56.4,55.95,56.3,3607592
1726228800,56.3,57.15,55.9,55.95,10554887
1726232400,55.9,56.4,55.75,56.35,7335663
1726236000,56.4,56.8,56,56.5,15891273
1726239600,56.5,56.6,56.5,56.6,2620779
1726466400,56.6,56.6,56.6,56.6,422172
1726470000,56.55,56.9,55.75,55.95,12954395
1726473600,56,56.3,55.85,56.05,3852109
1726477200,56.1,56.3,55.95,56.1,2955455
1726480800,56.15,56.2,55.9,56,2927335
1726484400,56.05,56.1,55.6,55.85,5472109
1726488000,55.9,56,55.7,55.7,3502796
1726491600,55.75,55.8,55.25,55.6,5829530
1726495200,55.65,56.4,55.3,56.2,15900652
1726498800,56.2,56.2,56.2,56.2,2627360
1726552800,56.45,56.45,56.45,56.45,914577
1726556400,56.45,57.25,56.25,57.15,14514760
1726560000,57.2,57.65,57.15,57.25,7546022
1726563600,57.3,57.5,57.15,57.3,1813216
1726567200,57.35,57.85,57.3,57.65,3829809
1726570800,57.65,57.75,57.1,57.5,3452374
1726574400,57.45,57.8,57.3,57.55,3709035
1726578000,57.6,57.65,57.25,57.35,2295032
1726581600,57.35,58.35,57.25,57.95,24221372
1726585200,57.85,57.85,57.85,57.85,1462368
1726639200,57.8,57.8,57.8,57.8,297236
1726642800,57.75,58.85,57.65,58.7,16154064
1726646400,58.7,58.95,58.45,58.85,3406529
1726650000,58.9,59.4,58.85,59.15,4633477
1726653600,59.2,59.2,58.75,58.85,2768554
1726657200,58.9,59.1,58.45,58.6,5601686
1726660800,58.65,58.8,58.5,58.65,2203395
1726664400,58.7,59.2,58.35,58.75,6007761
1726668000,58.8,59.1,58.35,58.7,7707203
1726671600,58.7,58.7,58.55,58.55,1471261
1726725600,59.4,59.4,59.4,59.4,888208
1726729200,59.4,60.25,59.3,59.7,14395812
1726732800,59.75,60,59.6,59.85,2554381
1726736400,59.9,60.2,59.75,60.05,3237666
1726740000,60.05,60.65,60,60.3,7795949
1726743600,60.25,61.85,59.8,61.25,21172558
1726747200,61.3,61.4,60.95,61.2,4672408
1726750800,61.25,61.55,61.1,61.3,4723578
1726754400,61.35,61.5,60.95,61.3,7744338
1726758000,61.35,61.35,61.35,61.35,2325030
1726812000,61.4,61.4,61.4,61.4,361004
1726815600,61.35,61.5,60.6,60.9,10493031
1726819200,60.95,61.1,60.6,60.6,4317857
1726822800,60.65,60.85,60.5,60.6,2375723
1726826400,60.65,61.25,60.55,60.85,3690220
1726830000,60.85,60.9,60.55,60.65,2311718
1726833600,60.7,60.9,60.25,60.45,3087960
1726837200,60.5,60.9,60.1,60.15,4870494
1726840800,60.2,60.85,60.15,60.45,9071956
1726844400,60.15,60.15,60.15,60.15,5769874
1727071200,60.7,60.7,60.7,60.7,1059945
1727074800,60.75,61.7,60.7,61,18440694
1727078400,61.05,61.3,60.75,61.05,4698481
1727082000,61.1,61.1,60.7,60.9,2561278
1727085600,60.95,61.1,60.8,60.85,2547355
1727089200,60.9,61.4,60.75,61.3,3931126
1727092800,61.35,61.35,60.85,61.15,3202416
1727096400,61.15,61.3,60.75,61,3513425
1727100000,61.05,61.45,60.75,61.15,9634416
1727103600,61.25,61.25,61.25,61.25,1554559
1727157600,61.35,61.35,61.35,61.35,282389
1727161200,61.35,62.85,61.05,62.7,18331193
1727164800,62.75,63.75,62.65,63.65,15053165
1727168400,63.65,64.85,63.55,64.35,11139468
1727172000,64.4,64.85,64.15,64.65,8368404
1727175600,64.7,64.75,64,64.05,6202040
1727179200,64.05,64.25,63.7,63.95,4472232
1727182800,63.95,64.05,63.4,63.95,5735484
1727186400,63.9,64.25,63.6,63.85,7694209
1727190000,63.85,63.85,63.8,63.85,3542246
1727244000,63.75,63.75,63.75,63.75,361491
1727247600,63.75,64.45,63.45,64.05,15058168
1727251200,64.05,64.25,63.9,64.15,4868706
1727254800,64.15,64.15,63.9,64.05,1690425
1727258400,64.05,64.35,63.75,64.15,4888325
1727262000,64.15,64.7,64.05,64.2,8356101
1727265600,64.2,64.25,63.25,63.25,12262629
1727269200,63.25,63.9,63.1,63.9,6782246
1727272800,63.9,64.15,63.55,63.9,10869520
1727276400,63.9,63.9,63.85,63.9,2244922
1727330400,64.5,64.5,64.5,64.5,645698
1727334000,64.5,65,63.5,64.1,14390032
1727337600,64.15,64.65,63.9,64.55,8780533
1727341200,64.6,65.1,64.5,64.65,9057908
1727344800,64.7,65.1,64.6,64.6,6373770
1727348400,64.65,64.7,64.15,64.3,5819852
1727352000,64.35,64.35,62.95,63.7,12650358
1727355600,63.75,64.1,63.65,63.7,3667216
1727359200,63.7,63.75,62.8,63.15,10968321
1727362800,63.1,63.1,63.1,63.1,2098352
1727416800,63.35,63.35,63.35,63.35,15455323
1727420400,63.35,63.5,62.7,62.95,6487185
1727424000,62.9,63.25,62.85,63.2,2221680
1727427600,63.2,63.45,62.55,62.65,2738271
1727431200,62.6,63,62.55,62.8,1239199
1727434800,62.8,63.25,62.45,62.75,4368723
1727438400,62.75,62.8,62.25,62.6,3320020
1727442000,62.65,62.8,62.35,62.65,2301452
1727445600,62.65,63.85,62.1,63.45,9534037
1727449200,63.55,63.55,63.55,63.55,2379093
1727676000,63.35,63.35,63.35,63.35,507576
1727679600,63.3,63.55,61.8,61.9,14479913
1727683200,61.95,62.65,61.85,62.3,4352740
1727686800,62.3,62.45,62.05,62.35,2419020
1727690400,62.4,62.5,62.15,62.25,1689442
1727694000,62.25,62.3,61.9,62.05,2131899
1727697600,62.1,62.3,61.9,61.95,2637140
1727701200,62,62.3,61.95,62.1,2936014
1727704800,62.1,62.35,61.2,61.95,13283452
1727708400,61.6,61.6,61.6,61.6,6601408
1727762400,61.65,61.65,61.65,61.65,347611
1727766000,61.65,62,61,61.55,13849659
1727769600,61.55,61.8,61.35,61.35,3060711
1727773200,61.4,61.45,60.4,60.7,4490291
1727776800,60.7,60.85,60.45,60.6,2502221
1727780400,60.65,60.7,60.1,60.15,3983327
1727784000,60.15,60.6,59.65,60.45,8087661
1727787600,60.5,60.85,58.6,58.6,12447719
1727791200,58.6,59.4,57.65,58.2,21143145
1727794800,57.65,57.65,57.65,57.65,7920232
1727848800,57.5,57.5,57.5,57.5,623909
1727852400,57.5,57.75,55.8,55.95,19035854
1727856000,55.95,56.1,55.5,55.9,8944448
1727859600,55.9,56,55.3,55.35,5780102
1727863200,55.35,55.8,55.25,55.45,5376939
1727866800,55.4,55.7,55.25,55.6,5283540
1727870400,55.55,55.9,55.5,55.7,7532682
1727874000,55.75,55.95,54.65,54.65,10905590
1727877600,54.5,54.95,53.4,53.55,18047387
1727881200,53.6,53.6,52.85,52.85,7243290
1727935200,53,53,53,53,900950
1727938800,53.05,53.35,52.25,53.2,22793900
1727942400,53.2,53.5,53.05,53.1,5452859
1727946000,53.1,53.3,53.05,53.1,2934918
1727949600,53.05,53.35,52.95,53.15,3424103
1727953200,53.15,53.7,53.05,53.35,9662543
1727956800,53.35,53.4,52.15,52.2,12017120
1727960400,52.25,52.25,50.9,51.05,15062116
1727964000,51.1,51.6,50.6,51.35,16447083
1727967600,51.55,51.55,51.55,51.55,1850268
1728021600,52.15,52.15,52.15,52.15,351981
1728025200,52.15,52.8,51.85,52.15,12541018
1728028800,52.15,52.4,51.35,51.75,9145572
1728032400,51.75,51.9,51.45,51.6,3931785
1728036000,51.6,51.9,51.45,51.75,4035557
1728039600,51.7,52.05,51.5,52.05,4804678
1728043200,52.05,53.6,51.85,53.15,16628999
1728046800,53.15,53.5,52.9,53.2,7934483
1728050400,53.2,54.6,53.2,54.4,18335850
1728054000,54.4,54.4,54.35,54.35,1126011
1728280800,54.55,54.55,54.55,54.55,444292
1728284400,54.55,55.5,54.15,54.45,17238205
1728288000,54.45,55.35,54.4,54.7,6560894
1728291600,54.75,55.4,54.5,55.15,7380735
1728295200,55.15,55.5,55,55.3,5641826
1728298800,55.35,55.85,55.3,55.4,6315437
1728302400,55.4,56,55.35,55.75,7539460
1728306000,55.75,55.8,55.1,55.1,7675844
1728309600,55.15,55.65,54.95,55.55,10814631
1728313200,55.65,55.65,55.65,55.65,1949011
1728367200,55.6,55.6,55.6,55.6,457535
1728370800,55.55,55.85,54.9,55.5,11708825
1728374400,55.5,56.15,55.25,56.05,6798552
1728378000,56.05,56.55,55.95,56,6019438
1728381600,56.05,56.45,55.75,55.9,2872713
1728385200,55.9,56.65,55.8,56.35,6272188
1728388800,56.35,57.3,55.85,56.35,12531197
1728392400,56.35,56.8,56.2,56.25,8863749
1728396000,56.2,56.55,55.4,55.95,13774884
1728399600,56.05,56.05,56.05,56.05,2851390
1728453600,56.05,56.05,56.05,56.05,370134
1728457200,56.05,56.05,54.05,54.55,19927740
1728460800,54.55,54.9,54.3,54.8,4800746
1728464400,54.8,54.85,54.55,54.65,1838340
1728468000,54.65,54.85,54.35,54.5,2396064
1728471600,54.55,54.9,54.5,54.7,2785892
1728475200,54.7,55,54.35,54.75,4166409
1728478800,54.75,55.85,54.55,55.6,15818972
1728482400,55.6,57.05,55.2,57.05,16850235
1728486000,57,57.2,57,57.2,1578678
1728540000,57.1,57.1,57.1,57.1,337237
1728543600,57.05,57.55,56.4,56.8,13504972
1728547200,56.75,57.5,56.7,56.9,8141209
1728550800,56.95,57.15,56.85,56.9,2503761
1728554400,56.9,57.15,56.8,56.95,1597644
1728558000,56.95,56.95,56.65,56.8,2459825
1728561600,56.8,56.85,56.25,56.35,5568489
1728565200,56.35,56.5,55.45,55.5,6867463
1728568800,55.55,56.15,55.4,55.8,10011529
1728572400,55.75,55.8,55.75,55.75,2601460
1728626400,55.85,55.85,55.85,55.85,224392
1728630000,55.9,56.85,55.4,56.8,12630309
1728633600,56.75,57.3,56.7,56.85,10152252
1728637200,56.9,57.2,56.65,56.9,3966888
1728640800,56.85,57,56.5,56.75,2694991
1728644400,56.75,57.15,56.5,56.75,4931563
1728648000,56.8,56.95,56.2,56.5,4489496
1728651600,56.5,56.5,55.4,55.4,10272327
1728655200,55.4,56.05,55.05,55.65,13313964
1728658800,55.55,55.55,55.55,55.55,1616004
1728885600,55.7,55.7,55.7,55.7,360187
1728889200,55.7,56.65,55.4,55.5,10067679
1728892800,55.5,55.8,54.9,55,5011537
1728896400,55,55.25,54.85,54.9,2641653
1728900000,54.9,54.9,54.15,54.35,6717388
1728903600,54.35,54.7,53.95,54.65,6520517
1728907200,54.65,54.75,54.25,54.45,7379690
1728910800,54.5,54.75,53.55,54.6,11030522
1728914400,54.6,54.75,53.7,53.9,10968777
1728918000,53.9,53.9,53.9,53.9,2266949
1728972000,53.95,53.95,53.95,53.95,268959
1728975600,53.95,54.3,53.3,53.35,11607413
1728979200,53.35,53.75,52.8,53.25,10376872
1728982800,53.25,53.8,53.1,53.75,6645449
1728986400,53.75,54.75,53.7,54.1,16358896
1728990000,54.05,54.4,53.65,54,9637842
1728993600,54,54.4,53.5,53.75,7364334
1728997200,53.7,54.25,53.55,53.6,8044162
1729000800,53.65,54.65,53.6,54.3,15590902
1729004400,54.35,54.35,54.35,54.35,2821056
1729058400,54.2,54.2,54.2,54.2,628007
1729062000,54.15,54.15,53.2,53.45,13948290
1729065600,53.45,53.55,53.25,53.4,5156887
1729069200,53.4,53.45,53.2,53.25,4358186
1729072800,53.3,53.35,53.15,53.25,3447454
1729076400,53.25,53.5,53.15,53.35,3484840
1729080000,53.4,53.4,53.05,53.25,6055393
1729083600,53.25,53.8,53.2,53.45,10624580
1729087200,53.5,54.75,53.3,54.5,20261106
1729090800,54.5,54.5,54.5,54.5,5820762
1729144800,54.4,54.4,54.4,54.4,682332
1729148400,54.4,54.5,53.95,54.3,15289871
1729152000,54.3,54.9,54.15,54.2,14067302
1729155600,54.2,54.3,53.9,54.05,6356827
1729159200,54.05,54.25,53.9,54.2,5991665
1729162800,54.2,54.2,53.65,53.65,10200265
1729166400,53.65,53.75,53.35,53.65,6152764
1729170000,53.65,54.15,53.5,53.6,11057348
1729173600,53.55,53.8,53.1,53.2,13091609
1729177200,53.2,53.25,53.2,53.25,2819106
1729231200,53.35,53.35,53.35,53.35,734314
1729234800,53.35,53.55,53.15,53.15,15124981
1729238400,53.2,53.2,52.4,52.4,8821342
1729242000,52.45,52.6,51.95,52.2,8213974
1729245600,52.2,52.2,51.7,52.05,5945373
1729249200,52,52.05,51.7,51.8,4820875
1729252800,51.8,52.05,51.7,51.75,5003549
1729256400,51.75,51.8,50.9,51.05,11441099
1729260000,51.05,51.1,49.92,50.1,21127795
1729263600,50.1,50.15,50.1,50.15,3552345
1729490400,50.3,50.3,50.3,50.3,525348
1729494000,50.3,50.45,49.26,50.05,20069399
1729497600,50,50.2,49.94,50.05,5896043
1729501200,50,50.15,49.92,50.1,2825971
1729504800,50.1,50.55,49.72,49.76,7911339
1729508400,49.74,49.8,49.56,49.74,3499449
1729512000,49.72,49.78,49.32,49.48,6008682
1729515600,49.48,49.68,48.52,48.8,12242389
1729519200,48.8,49.04,48.34,48.46,15053599
1729522800,48.46,48.46,48.46,48.46,1901178
1729576800,48.54,48.54,48.54,48.54,361519
1729580400,48.54,49.1,48.22,48.98,16702600
1729584000,48.98,49.56,48.76,49.4,15059877
1729587600,49.4,49.54,49.12,49.36,4344279
1729591200,49.36,49.44,48.52,48.84,7093659
1729594800,48.84,48.9,48.72,48.78,2518947
1729598400,48.78,50.25,48.74,50.1,22391781
1729602000,50.1,50.6,49.6,49.72,18218265
1729605600,49.72,50.25,49.66,50.1,11147188
1729609200,50.1,50.1,49.9,49.9,2143832
1729663200,49.94,49.94,49.94,49.94,484765
1729666800,49.94,50.05,49.16,49.16,13001887
1729670400,49.18,49.2,48.8,48.86,6870865
1729674000,48.84,49,48.82,48.88,3650946
1729677600,48.9,48.98,48.66,48.72,4308791
1729681200,48.72,49.5,48.7,49.4,9729236
1729684800,49.38,50,49.38,49.46,19740233
1729688400,49.44,49.68,48.8,49.34,16364248
1729692000,49.32,49.5,48.98,49.12,12653267
1729695600,49.12,49.12,49.12,49.12,2494668
1729749600,49.38,49.38,49.38,49.38,632235
1729753200,49.4,50.5,49.4,50.3,15974918
1729756800,50.3,50.35,49.84,50.05,6503697
1729760400,50.05,50.2,49.9,50.05,2858184
1729764000,50.05,50.4,49.96,50.2,3900303
1729767600,50.25,50.3,50.05,50.25,2423545
1729771200,50.25,50.35,50,50,2862775
1729774800,50.05,50.15,49.44,49.48,7981985
1729778400,49.48,49.78,49.32,49.7,8044562
1729782000,49.72,49.72,49.68,49.68,1434755
1729836000,49.12,49.12,49.12,49.12,518612
1729839600,49.2,50.45,48.9,50.15,20988918
1729843200,50.1,50.4,49.86,50.4,10149930
1729846800,50.35,50.5,50.1,50.35,6013574
1729850400,50.35,50.4,49.98,50.1,4690814
1729854000,50.1,50.1,49.74,50,6184366
1729857600,49.98,50,49.56,49.68,5699666
1729861200,49.66,49.94,49.62,49.72,5315609
1729864800,49.72,50.45,49.66,50.15,14327377
1729868400,49.98,49.98,49.98,49.98,2584743
1730095200,50.05,50.05,50.05,50.05,550545
1730098800,50,50.35,49.88,50.25,8781680
1730102400,50.2,50.25,49.96,49.96,2686086
1730106000,49.96,50.1,49.82,49.96,4394297
1730268000,50.05,50.05,50.05,50.05,457571
1730271600,50.05,50.85,49.72,50.3,19590992
1730275200,50.25,50.4,50,50.35,8075318
1730278800,50.35,50.5,50.3,50.5,4282580
1730282400,50.5,50.55,50.3,50.35,3120878
1730286000,50.4,51.3,50.3,51.05,10504966
1730289600,51.1,51.25,50.8,50.8,4707704
1730293200,50.8,51.25,50.75,51.1,5259808
1730296800,51.1,51.2,50.85,51.1,7176001
1730300400,51,51,51,51,1900324
1730354400,51.05,51.05,51.05,51.05,591944
1730358000,51.05,51.5,50.95,51.05,13794731
1730361600,51.1,51.3,50.85,51.2,5399250
1730365200,51.15,51.45,51.05,51.3,5307764
1730368800,51.3,51.4,50.85,51.1,3891133
1730372400,51.05,51.35,50.95,51,3101103
1730376000,50.95,51.35,50.85,51.25,8068471
1730379600,51.25,51.4,51.1,51.2,8067599
1730383200,51.15,51.3,50.3,50.8,19342919
1730386800,50.75,50.75,50.6,50.6,4413818
1730440800,50.85,50.85,50.85,50.85,601895
1730444400,50.85,51.95,50.75,51.35,18745447
1730448000,51.4,51.75,51.15,51.45,7425824
1730451600,51.5,51.5,49.66,50,20494026
1730455200,50,50.15,49.8,49.96,5967112
1730458800,49.96,50.4,49.72,50.05,6005272
1730462400,50.05,50.45,50,50.15,5701518
1730466000,50.15,50.35,49.76,49.78,7674017
1730469600,49.78,50.2,49.4,50,13846402
1730473200,49.98,50,49.92,49.92,2283781
1730700000,49.7,49.7,49.7,49.7,560446
1730703600,49.7,49.78,49.06,49.14,18482987
1730707200,49.12,49.22,48.96,49,3729615
1730710800,48.98,49,48.6,48.72,5416402
1730714400,48.7,48.72,48.4,48.42,3529994
1730718000,48.42,48.46,47.54,47.62,14266807
1730721600,47.64,47.78,47.24,47.4,13311038
1730725200,47.4,47.64,47.12,47.28,11347730
1730728800,47.28,47.5,46.68,46.88,31581989
1730732400,46.86,46.96,46.86,46.96,2954384
1730786400,47.3,47.3,47.3,47.3,809921
1730790000,47.28,47.46,46.34,46.4,15108680
1730793600,46.4,47.14,46.2,47.08,12287246
1730797200,47.08,47.18,46.9,46.92,4632160
1730800800,46.9,47.06,46.64,46.82,4896019
1730804400,46.8,46.92,46.52,46.56,3973482
1730808000,46.56,46.68,46.38,46.44,3269345
1730811600,46.42,46.44,46.12,46.28,6314754
1730815200,46.28,46.76,46.2,46.48,16072897
1730818800,46.48,46.48,46.4,46.4,2979566
1730872800,46.54,46.54,46.54,46.54,583917
1730876400,46.54,47.18,46.24,46.74,16625580
1730880000,46.74,47.46,46.54,47.3,20210045
1730883600,47.3,47.54,47.06,47.22,10203918
1730887200,47.22,47.38,47.14,47.36,5713048
1730890800,47.36,47.42,47.02,47.06,6963247
1730894400,47.08,47.82,47.02,47.66,16727612
1730898000,47.66,47.98,47.56,47.62,10508641
1730901600,47.6,47.78,47.46,47.56,10566878
1730905200,47.46,47.46,47.46,47.46,2464344
1730959200,47.54,47.54,47.54,47.54,327564
1730962800,47.52,48.48,47.44,48.08,26710599
1730966400,48.1,48.28,47.82,48.16,7211910
1730970000,48.16,48.36,47.78,47.88,6002046
1730973600,47.88,47.9,47.68,47.82,2832165
1730977200,47.8,48.14,47.7,48.06,5693329
1730980800,48.04,48.12,47.62,47.8,6343801
1730984400,47.82,48,47.58,47.66,5695765
1730988000,47.66,48.5,47.6,48.38,18137060
1730991600,48.4,48.4,48.4,48.4,1498687
1731045600,48.4,48.4,48.4,48.4,294266
1731049200,48.4,48.58,48.04,48.3,14567471
1731052800,48.32,50.65,48.24,50.05,36811610
1731056400,50.05,50.85,49.82,50.4,15906807
1731060000,50.45,50.75,50.05,50.2,7931082
1731063600,50.2,52.05,50.1,51.15,27338083
1731067200,51.2,51.4,50.85,51,7359401
1731070800,51.05,51.15,50.7,50.75,7730633
1731074400,50.8,51.3,50.55,51.15,17937173
1731078000,51.1,51.2,51.1,51.2,1761020
1731304800,51.4,51.4,51.4,51.4,443965
1731308400,51.4,52.5,51.1,51.9,29803482
1731312000,51.95,52.1,51.6,51.65,6211549
1731315600,51.7,52.65,51.65,52.25,14031922
1731319200,52.2,52.65,52.05,52.35,9486460
1731322800,52.35,52.95,52.15,52.65,11757663
1731326400,52.65,53.15,52.55,52.9,12964864
1731330000,52.85,53.3,52.7,53.25,9615727
1731333600,53.25,53.3,52.1,52.6,14595442
1731337200,52.55,52.55,52.55,52.55,1833915
1731391200,52.4,52.4,52.4,52.4,652203
1731394800,52.4,53.15,52.25,52.8,18887982
1731398400,52.8,52.9,52.45,52.5,4359107
1731402000,52.45,53.3,52.3,52.9,10650032
1731405600,52.85,52.95,52.35,52.6,4674826
1731409200,52.55,52.75,52.4,52.55,3622308
1731412800,52.55,52.8,52.4,52.7,4962754
1731416400,52.65,53.4,52.55,53,12838099
1731420000,53.05,53.1,52.7,52.9,8803079
1731423600,53,53,53,53,1984526
1731477600,52.55,52.55,52.55,52.55,281940
1731481200,52.5,52.65,51.8,51.8,12286545
1731484800,51.8,52.15,51.8,52.1,5843110
1731488400,52.05,52.25,51.9,52.15,3999965
1731492000,52.2,53.15,52.1,53.05,9443043
1731495600,53,53.85,53,53.6,19538115
1731499200,53.6,54.4,53.55,54.05,16778437
1731502800,54.05,55.4,54,54.95,21812282
1731506400,55,55.05,53.75,54.05,16505351
1731510000,54.05,54.05,53.9,53.9,1521990
1731564000,54.25,54.25,54.25,54.25,589285
1731567600,54.3,54.75,53.85,54.5,17768074
1731571200,54.5,54.6,54,54.5,8591390
1731574800,54.5,54.95,54.2,54.6,11305680
1731578400,54.6,54.75,54.3,54.65,4551902
1731582000,54.65,55,54.6,54.75,7072610
1731585600,54.75,55.25,54.3,54.7,8821742
1731589200,54.7,55.4,54.6,55.3,11118586
1731592800,55.25,55.7,54.65,55.35,16075692
1731596400,55.4,55.4,55.4,55.4,2224079
1731650400,55.45,55.45,55.45,55.45,353352
1731654000,55.45,56.05,55.05,55.9,25263434
1731657600,55.9,56.3,55.6,55.75,12935856
1731661200,55.75,55.9,55.55,55.9,3254982
1731664800,55.9,55.9,55.5,55.65,2150857
1731668400,55.65,55.7,55.1,55.25,4269425
1731672000,55.25,55.45,55.15,55.4,4543093
1731675600,55.4,55.6,54.8,54.95,6025947
1731679200,55,55.5,54.7,54.8,8943590
1731682800,54.85,54.85,54.85,54.85,1994907
1731909600,55.05,55.05,55.05,55.05,453623
1731913200,55.05,55.35,54.35,54.5,13872994
1731916800,54.5,55.55,54.45,54.95,12360255
1731920400,54.95,55.1,54.7,55,4584387
1731924000,55,55.2,54.65,54.7,4088690
1731927600,54.7,55.1,54.6,54.95,3671039
1731931200,55,55.2,54.9,55.15,4152039
1731934800,55.15,55.25,54.9,55,3730034
1731938400,55,55.65,54.75,55.05,14894635
1731942000,55.05,55.05,55.05,55.05,2323166
1731996000,55.25,55.25,55.25,55.25,439787
1731999600,55.25,55.35,54.3,54.4,15531095
1732003200,54.4,54.5,54.2,54.35,6234932
1732006800,54.4,54.5,53.55,53.6,7543213
1732010400,53.6,54.05,53.55,53.9,5115437
1732014000,53.9,54.2,53.3,53.4,13516580
1732017600,53.45,53.8,53.4,53.45,4414379
1732021200,53.45,53.95,53.3,53.45,9344650
1732024800,53.5,54.05,53.25,53.65,15696912
1732028400,53.55,53.55,53.55,53.55,2918818
1732082400,53.8,53.8,53.8,53.8,723956
1732086000,53.8,54.25,53.5,54,15200175
1732089600,54,54.1,53.65,53.95,5019538
1732093200,53.9,53.95,53.6,53.75,3218243
1732096800,53.7,54,53.65,53.75,3254083
1732100400,53.75,54.25,53.55,54,9940965
1732104000,54,54.25,53.85,53.9,9510900
1732107600,53.95,54.05,53.35,53.5,9925813
1732111200,53.5,53.65,52,52.25,23329941
1732114800,52.2,52.2,52.2,52.2,2828961
1732168800,52.6,52.6,52.6,52.6,560858
1732172400,52.65,53.2,52.5,53,16077362
1732176000,53.05,53.25,52.9,53.1,6055586
1732179600,53.1,53.3,53,53.2,4945989
1732183200,53.2,53.5,52.95,53.35,8295198
1732186800,53.4,55.7,53,55.5,49028651
1732190400,55.45,55.7,55.15,55.3,7773229
1732194000,55.35,56.2,55.1,56,14218662
1732197600,56,57.15,55.85,56.75,30636641
1732201200,56.75,56.9,56.75,56.9,2882288
1732255200,56.9,56.9,56.9,56.9,598899
1732258800,56.9,58.2,56.7,58.2,25619021
1732262400,58.2,60.8,57.85,60,43229242
1732266000,60.05,60.6,59.85,60.1,13305712
1732269600,60.1,60.4,59.85,59.9,6550874
1732273200,59.9,60,59.25,59.7,8894523
1732276800,59.7,60.2,59.6,59.95,9747796
1732280400,59.9,60.5,59.75,60.45,9352426
1732284000,60.45,60.75,60.2,60.35,19623531
1732287600,60.6,60.6,60.6,60.6,1704113
1732514400,61.25,61.25,61.25,61.25,459669
1732518000,61.3,62.35,59.6,60.15,28374048
1732521600,60.15,60.6,59.85,60,9649012
1732525200,60.05,60.25,59.9,59.95,3593004
1732528800,59.95,60.85,59.9,60.55,8440317
1732532400,60.55,60.7,60.3,60.45,4638654
1732536000,60.45,60.5,60.2,60.45,8316199
1732539600,60.45,60.45,59.9,60.1,7934691
1732543200,60.15,60.3,59.35,59.7,15683171
1732546800,59.6,59.6,59.6,59.6,7211338
1732600800,59.65,59.65,59.65,59.65,606739
1732604400,59.6,59.95,59,59.05,23531039
1732608000,59.05,60.3,59,59.95,14832718
1732611600,59.95,60.1,59.6,59.65,4679431
1732615200,59.65,59.85,59.5,59.65,3787976
1732618800,59.65,59.95,59.5,59.5,5516311
1732622400,59.5,59.6,58.75,59.15,11135269
1732626000,59.1,59.35,59,59.05,3376607
1732629600,59.05,59.55,59,59.15,12669424
1732633200,59.2,59.2,59.2,59.2,2419066
1732687200,60.15,60.15,60.15,60.15,1036591
1732690800,60.15,60.5,59.5,59.55,19429885
1732694400,59.5,59.65,58.7,59.1,13297189
1732698000,59.1,59.55,59.05,59.5,3268237
1732701600,59.5,59.9,59.4,59.75,6393627
1732705200,59.75,60.05,59.55,59.85,9446838
1732708800,59.8,59.9,59.3,59.6,4346498
1732712400,59.6,60.1,59.35,59.8,11500428
1732716000,59.85,60.3,59.5,59.6,14457704
1732719600,59.55,59.55,59.45,59.45,4427100
1732773600,59.5,59.5,59.5,59.5,559698
1732777200,59.5,60.2,59.25,59.8,10385291
1732780800,59.85,60,59.4,59.55,3312765
1732784400,59.5,59.7,59.35,59.65,4057098
1732788000,59.65,60.4,59.45,60.35,12486787
1732791600,60.35,60.45,59.85,59.85,7341224
1732795200,59.85,60.25,59.8,60.2,5591587
1732798800,60.2,60.4,59.9,59.95,6944325
1732802400,59.95,60.1,59.4,59.6,11829843
1732806000,59.7,59.7,59.7,59.7,2301930
1732860000,59.8,59.8,59.8,59.8,476980
1732863600,59.85,60.25,59.6,59.75,11357757
1732867200,59.7,59.75,59.4,59.55,4361275
1732870800,59.55,59.85,59.55,59.8,2692228
1732874400,59.8,60.65,59.75,59.95,16413111
1732878000,59.95,61.05,59.8,60.7,14250696
1732881600,60.7,61.25,60.45,60.85,11679258
1732885200,60.85,61.6,60.8,61.1,11071363
1732888800,61.1,61.4,60.1,61.15,18547493
1732892400,60.85,60.85,60.85,60.85,4045035
1733119200,60.55,60.55,60.55,60.55,862254
1733122800,60.5,60.5,59.65,59.8,10029679
1733126400,59.75,60.4,59.75,60,7632781
1733130000,60.05,61.05,60,60.9,7188986
1733133600,60.95,61,60.45,60.8,4824111
1733137200,60.8,60.8,59.95,60.1,6500614
1733140800,60.1,60.4,59.9,60.15,3652907
1733144400,60.1,60.6,59.95,60.4,4026485
1733148000,60.45,61.25,60.3,61.15,14255801
1733151600,61,61,61,61,2139895
1733205600,61.5,61.5,61.5,61.5,1263231
1733209200,61.55,64.25,60.2,63.65,44372506
1733212800,63.7,64.45,63.5,63.95,11801714
1733216400,63.95,64.05,63.4,63.65,5403174
1733220000,63.65,63.8,63.25,63.3,3882880
1733223600,63.3,63.65,63,63.15,8457875
1733227200,63.1,63.75,63.1,63.6,7606099
1733230800,63.6,63.85,63.25,63.35,6708971
1733234400,63.35,63.65,63.2,63.45,6885295
1733238000,63.4,63.4,63.4,63.4,1860517
1733292000,63.6,63.6,63.6,63.6,326267
1733295600,63.55,63.9,62.95,63.4,12945452
1733299200,63.35,63.5,63,63.05,4331198
1733302800,63.05,63.2,62.9,63,3509803
1733306400,62.95,63.2,62.75,62.95,4071053
1733310000,62.95,63.2,62.6,63.2,6427112
1733313600,63.2,63.2,62.5,62.65,7435296
1733317200,62.65,63,62.15,62.9,8598699
1733320800,62.95,63.15,62.7,62.75,13521775
1733324400,62.75,62.75,62.75,62.75,3600582
1733378400,62.9,62.9,62.9,62.9,586855
1733382000,62.9,63.6,62.85,63.4,17507075
1733385600,63.4,63.65,63.2,63.55,4355298
1733389200,63.55,63.6,63.15,63.25,3491461
1733392800,63.25,63.8,63.2,63.8,5085535
1733396400,63.7,63.75,63.3,63.3,3337065
1733400000,63.3,63.55,62.9,63.1,5176189
1733403600,63.05,63.35,62.55,63.25,10858213
1733407200,63.25,63.75,63.1,63.2,12640574
1733410800,63.45,63.45,63.45,63.45,2046339
1733464800,65.7,65.7,65.7,65.7,2117204
1733468400,65.65,66.05,64.7,65,40130705
1733472000,65.05,65.75,64.95,65.55,15488099
1733475600,65.5,65.85,65.35,65.4,8696593
1733479200,65.4,65.55,65.25,65.5,5621176
1733482800,65.5,65.7,65.3,65.65,6590952
1733486400,65.65,65.85,65.25,65.5,12075489
1733490000,65.5,65.65,65.1,65.45,10930803
1733493600,65.5,65.55,65,65.45,20088064
1733497200,65.45,65.45,65.3,65.3,2931836
1733724000,65.5,65.5,65.5,65.5,1154004
1733727600,65.55,65.7,64.5,64.7,16238935
1733731200,64.7,64.9,64.6,64.65,4827476
1733734800,64.7,65,64.6,64.95,4337237
1733738400,64.95,65.3,64.9,65.3,8801184
1733742000,65.3,65.45,65.2,65.35,5888196
1733745600,65.35,66.5,65.25,66.2,19959953
1733749200,66.2,66.35,65.8,65.85,7217344
1733752800,65.9,66.35,65.85,66.3,10719571
1733756400,66.35,66.35,66.35,66.35,1825212
1733810400,66.35,66.35,66.35,66.35,376056
1733814000,66.3,66.7,66.1,66.2,12916649
1733817600,66.25,66.6,65.75,66.45,5431946
1733821200,66.45,66.45,65.95,66.05,4463828
1733824800,66.05,66.15,65.6,65.7,3439411
1733828400,65.75,66.05,65.4,65.65,3248843
1733832000,65.7,65.9,65.3,65.6,5589059
1733835600,65.6,65.75,65.1,65.65,5566067
1733839200,65.65,65.65,64.95,64.95,8209220
1733842800,65.15,65.15,65.15,65.15,1841224
1733896800,65.25,65.25,65.25,65.25,440979
1733900400,65.2,65.6,64.55,64.95,9022365
1733904000,64.9,64.95,64.15,64.2,3517319
1733907600,64.2,64.2,63.25,63.35,9564236
1733911200,63.4,63.4,62.2,63.3,27245163
1733914800,63.3,63.55,63,63.1,7457509
1733918400,63.1,63.45,63.05,63.25,4504928
1733922000,63.25,63.85,63.25,63.55,9592351
1733925600,63.5,64.25,62.95,63.95,19333218
1733929200,63.9,63.9,63.9,63.9,2797267
1733983200,63.85,63.85,63.85,63.85,882649
1733986800,63.8,64.25,63.25,63.85,14320778
1733990400,63.85,64.4,63.65,64.15,16070457
1733994000,64.15,64.3,64,64.1,3173529
1733997600,64.05,64.2,63.8,63.85,4316480
1734001200,63.85,64.6,63.85,64.2,9952442
1734004800,64.15,64.45,64.05,64.3,7815348
1734008400,64.3,64.65,63.9,64.1,12606153
1734012000,64.1,64.35,63.6,63.6,15208807
1734015600,63.65,63.65,63.65,63.65,2265815
1734069600,63.35,63.35,63.35,63.35,542254
1734073200,63.3,63.65,63.1,63.6,10422166
1734076800,63.6,63.9,63.4,63.7,5471839
1734080400,63.65,63.7,63.2,63.3,4601901
1734084000,63.3,63.3,63.05,63.15,5767671
1734087600,63.15,63.4,63.1,63.2,7246913
1734091200,63.25,63.3,62.8,62.9,6105810
1734094800,62.9,63.1,62.85,62.9,3691471
1734098400,62.9,63.7,62.8,63.55,13641204
1734102000,63.55,63.55,63.55,63.55,2877235
1734328800,63.75,63.75,63.75,63.75,504054
1734332400,63.75,64.15,63.15,63.25,12131818
1734336000,63.25,63.85,63.25,63.65,6116045
1734339600,63.65,63.75,63.25,63.4,2590415
1734343200,63.4,63.45,63.15,63.25,3175833
1734346800,63.25,63.35,63.1,63.1,2845804
1734350400,63.1,63.4,63.1,63.25,3090349
1734354000,63.25,63.3,62.85,62.95,4049507
1734357600,63,63.05,62.7,62.75,10534170
1734361200,62.75,62.75,62.7,62.7,2253792
1734415200,62.8,62.8,62.8,62.8,237811
1734418800,62.8,63.4,62.7,63.05,10168163
1734422400,63.05,63.2,61.8,62,9635883
1734426000,61.95,62.2,61.7,61.95,2423750
1734429600,62,62.4,61.9,62.1,4398021
1734433200,62.1,62.35,61.9,62.05,4802494
1734436800,62,62.2,61.6,62.05,5318777
1734440400,62.05,63.1,61.95,63,13106665
1734444000,63,63.35,62.65,62.8,17573048
1734447600,62.7,62.7,62.7,62.7,3495022
1734501600,62.65,62.65,62.65,62.65,348758
1734505200,62.65,63.15,62.55,62.7,11987966
1734508800,62.7,62.9,62.55,62.8,2996809
1734512400,62.8,62.9,62.65,62.65,1836913
1734516000,62.7,63,62.65,62.9,2223991
1734519600,62.9,63.05,62.65,62.95,3632624
1734523200,63,64.1,62.95,64.05,16451710
1734526800,64.05,64.3,63.75,63.95,8007031
1734530400,64,64.05,62.9,63.05,12808153
1734534000,62.9,62.9,62.9,62.9,2648637
1734588000,62.35,62.35,62.35,62.35,523187
1734591600,62.35,62.55,61.8,62.05,13543800
1734595200,62.05,62.4,61.85,62.4,2883585
1734598800,62.4,62.45,62.15,62.3,1963714
1734602400,62.3,62.3,62.05,62.15,2124737
1734606000,62.15,62.3,62.05,62.15,1439083
1734609600,62.2,62.5,62.15,62.25,4782372
1734613200,62.2,62.3,61.35,61.6,6434360
1734616800,61.6,62,60.85,60.95,12357594
1734620400,60.95,61.15,60.9,61.15,2874427
1734674400,61.75,61.75,61.75,61.75,910538
1734678000,61.7,61.75,61.15,61.25,7958282
1734681600,61.2,61.7,60.6,60.95,9050768
1734685200,60.95,61.15,60.75,61,2648676
1734688800,61,61.3,60.95,61.15,2954050
1734692400,61.2,61.3,60.9,61.2,3952317
1734696000,61.2,61.25,60.8,61,2871353
1734699600,61.05,61.3,60.3,60.5,7120112
1734703200,60.5,61,60.35,60.85,8391728
1734706800,60.7,60.7,60.7,60.7,4979876
1734933600,61.05,61.05,61.05,61.05,563577
1734937200,61.05,61.6,60.75,61.3,13850302
1734940800,61.25,61.4,60.8,61.15,5055640
1734944400,61.15,61.2,60.5,60.75,4309394
1734948000,60.8,61.05,60.35,60.35,3095346
1734951600,60.35,60.5,60.05,60.15,4832470
1734955200,60.15,60.25,59.85,59.95,3769231
1734958800,60,60,59.5,59.55,5800544
1734962400,59.5,59.7,58.85,59.15,11762886
1734966000,59.15,59.3,59.15,59.3,2026399
1735020000,59.2,59.2,59.2,59.2,477548
1735023600,59.2,59.8,58.95,59.7,9529135
1735027200,59.7,59.7,59.05,59.45,4151381
1735030800,59.4,59.55,59.2,59.4,3236875
1735034400,59.4,59.5,59.3,59.45,1565064
1735038000,59.4,59.6,59.25,59.3,3502133
1735041600,59.3,59.7,59.25,59.35,3470808
1735045200,59.35,59.8,59.25,59.65,4702046
1735048800,59.7,60.45,59.3,60.3,8903908
1735052400,60.3,60.3,60.25,60.25,1558072
1735106400,62.8,62.8,62.8,62.8,1994175
1735110000,62.8,63.45,62.4,62.95,19095136
1735113600,62.95,63,62.65,62.8,2212305
1735117200,62.85,63.1,62.75,63.05,3337214
1735120800,63.05,63.4,62.9,63.35,2832190
1735124400,63.4,64.1,63.35,64.1,12419645
1735128000,64.1,64.35,63.9,63.9,6661085
1735131600,63.9,64.1,63.5,63.85,4018514
1735135200,63.9,65.1,63.7,65.1,18210101
1735138800,65.05,65.05,65.05,65.05,858416
1735192800,65.6,65.6,65.6,65.6,33109148
1735196400,65.65,66.95,65.6,66.9,26911512
1735200000,66.9,67.65,66,66.15,22117145
1735203600,66.15,66.4,66.1,66.25,2764741
1735207200,66.25,66.55,66.1,66.2,5462313
1735210800,66.25,67,65.2,65.5,26678451
1735214400,65.5,66.05,65.1,65.65,9908348
1735218000,65.65,65.8,65.2,65.2,6418714
1735221600,65.2,65.8,65,65.3,13001851
1735225200,65.65,65.65,65.65,65.65,3229418
1735279200,65.65,65.65,65.65,65.65,360518
1735282800,65.65,66,64.9,65.7,12858591
1735286400,65.65,65.95,65.25,65.35,6370306
1735290000,65.35,65.75,65.3,65.7,2093830
1735293600,65.7,66.1,65.65,66,5909024
1735297200,66.05,66.05,65.65,65.9,6454743
1735300800,65.9,66.05,65.5,65.95,4718344
1735304400,65.9,66.25,65.8,66.05,9962133
1735308000,66.1,66.3,65.9,66.05,11156671
1735311600,66.25,66.25,66.25,66.25,1810883
1735538400,66.25,66.25,66.25,66.25,232868
1735542000,66.25,66.75,66.15,66.45,8168502
1735545600,66.4,66.85,66.25,66.7,3466353
1735549200,66.7,66.75,66.3,66.35,2843804
1735552800,66.4,66.5,66,66.1,2342459
1735556400,66.1,66.2,65.75,66.05,3376049
1735560000,66.05,66.2,65.85,65.9,2301593
1735563600,65.85,66.2,65.8,66.2,3070929
1735567200,66.15,66.4,65.7,65.7,6837086
1735570800,65.65,65.65,65.65,65.65,1894338
1735624800,65.7,65.7,65.7,65.7,533786
1735628400,65.75,66.85,65.5,66.15,10602746
1735632000,66.15,66.95,65.9,66.85,7203938
1735635600,66.85,66.9,66.35,66.65,4238402
1735639200,66.65,66.85,66.4,66.5,3276407
1735642800,66.5,66.7,66.15,66.3,3692183
1735646400,66.3,66.35,65.8,66.25,8904704
1735650000,66.25,66.65,66,66.15,4883915
1735653600,66.15,66.45,64.85,65.1,12606694
1735657200,65.1,65.1,64.85,64.85,3692392
1735797600,65.45,65.45,65.45,65.45,926869
1735801200,65.5,67.1,65.15,65.35,25582703
1735804800,65.35,65.65,64.55,65.35,17638873
1735808400,65.4,65.6,65,65.35,6228835
1735812000,65.35,65.75,65.2,65.6,5978440
1735815600,65.6,66,65.45,65.7,10420475
1735819200,65.65,66.1,65.65,66.05,10110157
1735822800,66.05,66.45,66,66.45,20175209
1735826400,66.45,66.75,65.7,66.1,18334043
1735830000,66.2,66.2,66.2,66.2,2531380
1735884000,66.35,66.35,66.35,66.35,527039
1735887600,66.4,67.15,66,66.3,27676207
1735891200,66.25,66.3,65.45,65.65,10244298
1735894800,65.6,65.9,65.5,65.65,5683913
1735898400,65.65,66.55,65.55,66.35,11111990
1735902000,66.35,66.7,66,66.55,9091503
1735905600,66.55,66.8,66.3,66.5,9075630
1735909200,66.55,66.75,66.3,66.55,6784901
1735912800,66.6,66.8,65.8,66.25,12753839
1735916400,66.2,66.2,66.2,66.2,2638673
1736143200,66.35,66.35,66.35,66.35,647499
1736146800,66.35,66.9,66.1,66.4,17743110
1736150400,66.45,66.6,66.2,66.35,5023865
1736154000,66.3,66.45,66.15,66.25,2388893
1736157600,66.25,66.5,66.2,66.35,2167941
1736161200,66.4,66.85,66.35,66.55,7163564
1736164800,66.6,66.8,66.5,66.75,5496949
1736168400,66.75,67.25,66.6,67.1,16436610
1736172000,67.1,67.15,66.55,66.85,16365374
1736175600,66.8,66.8,66.8,66.8,3180668
1736229600,66.75,66.75,66.75,66.75,354664
1736233200,66.7,67.05,66.3,66.8,17136183
1736236800,66.85,66.95,66.5,66.55,10236990
1736240400,66.55,66.6,66.1,66.25,8935333
1736244000,66.3,66.45,66.1,66.4,4627232
1736247600,66.35,66.4,66.1,66.2,4848547
1736251200,66.2,66.4,66.05,66.15,6550599
1736254800,66.15,66.6,66.1,66.15,9073597
1736258400,66.2,66.3,64.75,64.8,20015254
1736262000,64.75,64.75,64.75,64.75,2547947
1736316000,64.8,64.8,64.8,64.8,597618
1736319600,64.75,65.05,64.35,64.85,14874603
1736323200,64.85,64.9,63.45,63.55,13537668
1736326800,63.5,63.85,63.4,63.6,6793277
1736330400,63.6,64.2,63.25,63.9,12177626
1736334000,63.85,64.4,63.8,64,8589863
1736337600,63.95,64.2,63.7,64.05,10586211
1736341200,64.1,64.4,63.8,63.95,13086374
1736344800,63.9,64.25,63.2,63.5,19094760
1736348400,63.6,63.6,63.6,63.6,4082103
1736402400,64.05,64.05,64.05,64.05,646160
1736406000,64.1,64.4,63.65,63.85,13593660
1736409600,63.85,63.9,63.35,63.5,6184215
1736413200,63.5,64.15,63.5,63.75,7642434
1736416800,63.75,64.15,63.7,64,5124871
1736420400,64,64.65,63.8,64.5,13928290
1736424000,64.55,64.6,64.3,64.35,4086058
1736427600,64.4,64.85,64.15,64.8,10681937
1736431200,64.85,66,64.75,65.6,28939044
1736434800,65.9,65.9,65.9,65.9,2021557
1736488800,65.95,65.95,65.95,65.95,399899
1736492400,65.95,66.15,65.6,65.85,11034544
1736496000,65.8,65.9,65.55,65.75,4469547
1736499600,65.7,65.75,65.5,65.6,2591712
1736503200,65.55,65.75,65.3,65.4,3046128
1736506800,65.4,65.7,65.35,65.55,3826953
1736510400,65.5,65.7,65.35,65.65,5103297
1736514000,65.65,65.7,64.1,64.4,16360217
1736517600,64.4,64.65,63.75,64.35,15664827
1736521200,64.35,64.4,64.3,64.4,2033195
1736748000,64.35,64.35,64.35,64.35,584762
1736751600,64.3,65.8,63.95,65.65,30177880
1736755200,65.6,65.6,64.35,64.55,21313562
1736758800,64.55,64.65,64,64.45,10421888
1736762400,64.45,64.65,64.25,64.5,5291723
1736766000,64.45,64.5,63.45,63.55,18355325
1736769600,63.5,64.15,63.5,64,6889513
1736773200,64.05,64.3,63.8,64.05,8035133
1736776800,64.1,64.1,62.25,62.9,34099770
1736780400,62.8,62.8,62.8,62.8,4286825
1736834400,63.3,63.3,63.3,63.3,776250
1736838000,63.3,63.95,63.3,63.75,17534240
1736841600,63.75,64.8,63.75,64.2,29419956
1736845200,64.2,64.35,63.8,64.1,7538285
1736848800,64.1,64.45,64,64.3,5742070
1736852400,64.3,64.35,63.5,63.6,12094926
1736856000,63.6,63.65,62.6,62.8,14152601
1736859600,62.75,63.65,62.45,63.15,24074605
1736863200,63.1,63.5,62.85,63.2,15925826
1736866800,63,63,63,63,4445890
1736920800,63.1,63.1,63.1,63.1,465478
1736924400,63.1,63.3,62.6,63.1,14603848
1736928000,63.15,63.35,62.85,63.15,5970260
1736931600,63.1,63.4,62.85,63.3,6599521
1736935200,63.3,63.6,63.2,63.5,6338574
1736938800,63.5,63.75,63.35,63.5,4972954
1736942400,63.5,63.85,63.45,63.55,6758471
1736946000,63.6,64.3,62.95,62.95,17306203
1736949600,63,63.5,62.65,63.35,13994104
1736953200,63.4,63.4,63.2,63.2,5869294
1737007200,64.4,64.4,64.4,64.4,1494640
1737010800,64.4,64.6,63.6,63.9,19620831
1737014400,63.9,64.25,63.35,63.55,14727607
1737018000,63.5,63.65,63.15,63.3,7826809
1737021600,63.3,63.35,62.7,62.95,9440662
1737025200,62.95,63.3,62.9,63.2,3918100
1737028800,63.15,63.3,63,63,4709325
1737032400,63,63.25,62.55,62.8,13449520
1737036000,62.8,64.4,62.75,64.25,28839490
1737039600,64.15,64.15,64.15,64.15,3497575
1737093600,64.3,64.3,64.3,64.3,516028
1737097200,64.3,64.75,64.05,64.5,16492804
1737100800,64.55,64.9,64.4,64.8,8070786
1737104400,64.8,65.1,64.8,64.9,9317631
1737108000,64.95,65.3,64.85,65.25,6712453
1737111600,65.3,65.3,64.8,65.25,7976229
1737115200,65.25,65.25,64.8,65.05,5501383
1737118800,65.1,66.35,65.05,65.9,22663868
1737122400,65.95,66.15,65.7,65.85,9845270
1737126000,66,66,66,66,2556688
1737352800,66.85,66.85,66.85,66.85,1175281
1737356400,66.9,67.05,66.3,66.35,12460248
1737360000,66.4,66.6,66.2,66.4,5774109
1737363600,66.4,66.45,66,66.15,4405295
1737367200,66.1,66.15,65.25,65.65,11489751
1737370800,65.65,66,65.55,65.7,4934935
1737374400,65.7,66,65.65,66,3047540
1737378000,65.95,66.65,65.8,66.4,10927001
1737381600,66.45,67.15,66.25,67.15,19883987
1737385200,67.15,67.15,67.15,67.15,3002589
1737439200,67,67,67,67,552633
1737442800,67,68.25,66.9,68.05,31222350
1737446400,68.05,68.85,68.05,68.7,20921938
1737450000,68.7,68.95,68.45,68.55,8865221
1737453600,68.55,68.75,68.4,68.6,5704451
1737457200,68.65,68.8,68.6,68.6,6016714
1737460800,68.6,68.7,67.95,68.5,14831291
1737464400,68.5,68.9,68.25,68.8,11555311
1737468000,68.8,68.8,67.95,68.5,19149343
1737471600,68.55,68.55,68.55,68.55,1952415
1737525600,68.6,68.6,68.6,68.6,559734
1737529200,68.55,69.1,68.35,69,19548635
1737532800,69,69.05,68.6,68.85,11944569
1737536400,68.85,69.3,68.8,68.9,12565565
1737540000,68.9,68.9,68.6,68.8,6325635
1737543600,68.8,69.05,68.7,69,8533864
1737547200,69,69.1,68.85,69,8455647
1737550800,69.05,69.4,68.95,69.35,12995915
1737554400,69.4,69.7,69.2,69.65,22347840
1737558000,69.6,69.6,69.6,69.6,3180499
1737612000,69.85,69.85,69.85,69.85,651553
1737615600,69.8,69.9,69.35,69.4,16145551
1737619200,69.4,69.55,68.5,68.9,12017776
1737622800,68.9,69,68.7,68.8,4244513
1737626400,68.75,68.95,68.7,68.8,5767257
1737630000,68.8,68.95,68.05,68.1,18069285
1737633600,68.1,69,67.9,68.2,16406307
1737637200,68.15,68.85,68,68.65,9066751
1737640800,68.7,68.8,67.6,68,16554082
1737644400,68.15,68.15,68.15,68.15,3164758
1737698400,68.2,68.2,68.2,68.2,377382
1737702000,68.15,68.3,67.4,67.55,13854861
1737705600,67.55,67.55,66.85,67,8243895
1737709200,67,67.25,66.95,67.15,4019159
1737712800,67.1,67.2,66.85,67.15,3689719
1737716400,67.15,67.35,66.9,67,5498706
1737720000,67.05,67.15,66.6,66.65,8647150
1737723600,66.65,66.8,66.45,66.6,5731688
1737727200,66.6,67,66.2,66.4,22228115
1737730800,66.45,66.45,66.45,66.45,3185946
1737957600,65.4,65.4,65.4,65.4,924800
1737961200,65.35,66.25,64.95,65.85,22917988
1737964800,65.85,66.65,65.85,66.35,11159905
1737968400,66.35,66.45,66.1,66.25,4697108
1737972000,66.3,66.4,65.9,66.1,6158498
1737975600,66.05,66.1,65.75,65.8,3533497
1737979200,65.75,66.05,65.7,65.9,5673810
1737982800,65.9,66.1,65.55,65.7,5878897
1737986400,65.7,66.3,65.5,66.05,14887669
1737990000,66,66,66,66,2116087
1738044000,66.7,66.7,66.7,66.7,953322
1738047600,66.7,66.95,66.25,66.55,19836625
1738051200,66.5,67.05,66.4,66.55,12251399
1738054800,66.55,66.75,66.45,66.5,3844668
1738058400,66.45,66.95,66.45,66.85,7931108
1738062000,66.9,66.95,66.65,66.75,8089367
1738065600,66.75,66.75,66.4,66.5,8968343
1738069200,66.45,66.85,66.4,66.7,11362605
1738072800,66.7,67.2,66.6,67,18573648
1738076400,66.95,67.1,66.95,67.1,2594859
1738130400,67.4,67.4,67.4,67.4,722709
1738134000,67.4,67.6,66.6,66.7,14624165
1738137600,66.7,66.8,66.4,66.5,8533353
1738141200,66.45,66.7,66.45,66.5,5547452
1738144800,66.45,66.5,66.25,66.3,6194166
1738148400,66.3,66.45,66,66.25,6698405
1738152000,66.2,66.35,65.9,66,6298673
1738155600,65.95,66.7,65.95,66.4,13920465
1738159200,66.35,66.55,65.9,66.15,11946900
1738162800,66.15,66.15,66,66,2426876
1738216800,66.2,66.2,66.2,66.2,378929
1738220400,66.2,66.55,65.65,66,14882721
1738224000,65.95,66.15,65.6,65.75,5812405
1738227600,65.7,65.75,65.4,65.55,4959755
1738231200,65.5,65.9,65.5,65.8,4512918
1738234800,65.75,66.15,65.75,66,8403933
1738238400,65.95,66.25,65.95,66,5275908
1738242000,66,66.3,65.85,66,6462455
1738245600,66,66,65.55,65.7,8549650
1738249200,65.5,65.5,65.5,65.5,2302440
1738303200,65.95,65.95,65.95,65.95,453564
1738306800,66,66.9,65.85,66.7,27718140
1738310400,66.7,66.85,66.4,66.65,10042224
1738314000,66.65,66.7,66.3,66.35,7256913
1738317600,66.35,66.4,65.7,65.8,12608268
1738321200,65.8,66.15,65.75,66,6073467
1738324800,66,66.05,65.05,65.1,8369640
1738328400,65.1,65.85,65,65.85,10267001
1738332000,65.8,65.9,64.85,65.05,20473666
1738335600,64.85,64.85,64.85,64.85,5762241
1738562400,64.05,64.05,64.05,64.05,628574
1738566000,64.05,64.25,61.6,62.25,39454234
1738569600,62.25,63.8,62.2,63.45,22251287
1738573200,63.4,63.9,63.3,63.65,7760507
1738576800,63.65,64.2,63.5,64.1,8883979
1738580400,64.1,64.3,63.9,64,7172876
1738584000,63.95,64.6,63.95,64.25,8441586
1738587600,64.25,64.55,63.5,64.2,10236310
1738591200,64.2,64.65,63.9,64.1,15583045
1738594800,63.8,63.8,63.8,63.8,6259323
1738648800,64.25,64.25,64.25,64.25,679671
1738652400,64.2,64.3,63.6,64.2,14062522
1738656000,64.15,65.4,63.7,65.15,20556198
1738659600,65.2,65.6,64.9,65.4,10976743
1738663200,65.4,65.85,65.35,65.7,9631693
1738666800,65.7,66,65.65,65.95,7231383
1738670400,65.9,66.55,65.9,66.45,11432064
1738674000,66.5,66.75,66.35,66.5,9701281
1738677600,66.55,66.7,66.05,66.3,14458340
1738681200,65.7,65.7,65.7,65.7,8241989
1738735200,65.8,65.8,65.8,65.8,410907
1738738800,65.8,66.1,65.4,65.5,13449024
1738742400,65.45,65.8,65.3,65.75,7549419
1738746000,65.7,66.05,65.65,65.9,6019582
1738749600,65.9,66.2,65.7,65.75,5514762
1738753200,65.8,66.05,65.65,66,4464018
1738756800,66,66.05,65,65.2,9544862
1738760400,65.2,65.45,63.85,64.5,17256666
1738764000,64.45,65.15,63.95,64.9,17465931
1738767600,64.9,64.9,64.9,64.9,3885967
1738821600,65.6,65.6,65.6,65.6,476010
1738825200,65.6,65.8,63.75,63.85,28686935
1738828800,63.85,64.35,63.45,64,30709564
1738832400,64,64.3,63.9,64.2,8526559
1738836000,64.15,64.55,64.1,64.15,10304984
1738839600,64.15,64.3,63.95,64.1,6712028
1738843200,64.05,64.2,63.8,63.9,7388184
1738846800,63.9,64.25,63.8,64.1,8090113
1738850400,64.15,64.3,63.95,64.3,19190653
1738854000,64.45,64.45,64.45,64.45,5835228
1738908000,64.3,64.3,64.3,64.3,278330
1738911600,64.3,64.4,62.95,63.05,40517491
1738915200,63.05,63.1,62.2,62.5,33186759
1738918800,62.5,62.8,62.4,62.65,12214717
1738922400,62.65,63,62.65,62.95,7219410
1738926000,63,63.1,62.8,62.8,10186945
1738929600,62.85,63.2,62.8,62.9,12181343
1738933200,62.95,63.5,62.7,63.5,20419283
1738936800,63.5,63.7,63.25,63.55,26139427
1738940400,63.5,63.5,63.5,63.5,5309736
1739167200,63.55,63.55,63.55,63.55,626354
1739170800,63.55,63.8,62.95,63.05,22656724
1739174400,63.05,63.25,62.9,63.05,10636095
1739178000,63.05,63.05,62.75,62.9,6828861
1739181600,62.85,62.95,62.75,62.9,4884871
1739185200,62.9,63.15,62.85,63.05,7100948
1739188800,63.05,63.25,62.95,63.1,6949372
1739192400,63.1,63.25,62.85,62.95,7607660
1739196000,62.95,63.3,62.75,62.9,18372747
1739199600,62.9,62.9,62.7,62.7,5362253
1739253600,62.75,62.75,62.75,62.75,551968
1739257200,62.75,63.65,62.6,62.9,28862643
1739260800,62.85,63.45,62.85,63.45,11692483
1739264400,63.45,63.55,63.3,63.4,7415761
1739268000,63.4,63.5,63.2,63.4,4740968
1739271600,63.4,63.5,63.25,63.35,4930086
1739275200,63.4,63.6,63.3,63.6,7415110
1739278800,63.6,63.65,62.95,63,8400670
1739282400,63.05,63.35,62.95,63.15,12455865
1739286000,63.15,63.2,63.15,63.2,3192067
1739340000,63.3,63.3,63.3,63.3,482217
1739343600,63.3,63.7,63.05,63.5,22998334
1739347200,63.5,63.75,63.15,63.3,11973416
1739350800,63.3,63.35,63.15,63.2,9090524
1739354400,63.2,63.2,62.7,62.8,11723207
1739358000,62.8,62.95,62.5,62.7,11093008
1739361600,62.7,63.05,62.65,62.95,8138495
1739365200,62.95,63.05,62.5,62.85,11038468
1739368800,62.85,63.2,62.8,62.85,20198780
1739372400,62.85,62.85,62.85,62.85,3905522
1739426400,63.45,63.45,63.45,63.45,688844
1739430000,63.45,63.85,62.8,63.8,28861075
1739433600,63.8,64.5,63.8,64.15,34117558
1739437200,64.15,64.4,64.05,64.2,7194002
1739440800,64.15,64.2,63.9,64.1,5795429
1739444400,64.1,64.3,63.95,64.2,5231467
1739448000,64.2,64.35,63.75,63.9,7863120
1739451600,63.9,64.05,63.7,64.05,7407259
1739455200,64.05,64.25,63.9,64.05,13395622
1739458800,64.05,64.05,64.05,64.05,3005640
1739512800,64.35,64.35,64.35,64.35,1013564
1739516400,64.4,64.55,63.8,63.95,12456652
1739520000,63.95,64.1,63.7,63.95,8637191
1739523600,63.95,64.9,63.9,64.6,17260657
1739527200,64.65,64.8,64.55,64.55,6970649
1739530800,64.55,65.35,64.55,64.9,20458372
1739534400,64.9,65.15,64.7,65.1,12191256
1739538000,65.05,65.3,65.05,65.1,8144891
1739541600,65.1,65.15,64.65,64.7,14876428
1739545200,64.85,64.85,64.85,64.85,2844558
1739772000,64.9,64.9,64.9,64.9,316589
1739775600,64.9,65.05,64,64.05,14946280
1739779200,64,65.05,63.95,64.95,19862434
1739782800,64.95,65.1,64.8,64.9,5238555
1739786400,64.85,65.05,64.75,64.9,5385756
1739790000,64.85,64.9,64.4,64.5,3597399
1739793600,64.5,64.75,64.45,64.65,2782920
1739797200,64.65,64.95,64.55,64.65,6428418
1739800800,64.6,64.8,64.35,64.55,11535795
1739804400,64.5,64.5,64.5,64.5,2055898
1739858400,64.55,64.55,64.55,64.55,336173
1739862000,64.6,65.2,64.55,64.8,16946170
1739865600,64.8,65,64.75,64.9,4635811
1739869200,64.9,65.05,64.45,64.7,7654456
1739872800,64.65,64.95,64.55,64.85,3575683
1739876400,64.85,64.9,64.55,64.7,3716191
1739880000,64.7,64.7,64.05,64.1,6953307
1739883600,64.05,64.95,64,64.9,9113319
1739887200,64.9,65.65,64.8,65.15,20835569
1739890800,65.1,65.1,65.1,65.1,2360109
1739944800,65.15,65.15,65.15,65.15,391418
1739948400,65.1,65.4,64.75,65.2,11519511
1739952000,65.2,65.85,65.15,65.35,14798058
1739955600,65.35,65.75,65.25,65.55,5386888
1739959200,65.55,65.7,65.3,65.3,4785796
1739962800,65.35,65.5,65.05,65.15,7026980
1739966400,65.2,65.45,64.95,65,6060025
1739970000,65.1,65.45,64.1,64.25,18109415
1739973600,64.25,64.55,64.1,64.35,16083366
1739977200,64.3,64.3,64.3,64.3,2961895
1740031200,64.6,64.6,64.6,64.6,616829
1740034800,64.6,65.2,64.5,64.8,19550536
1740038400,64.8,65.5,64.7,65.35,12626095
1740042000,65.3,65.85,65.3,65.7,11406131
1740045600,65.7,66,65.5,65.95,9691556
1740049200,65.9,66.05,65.65,65.65,7430176
1740052800,65.65,65.9,65.55,65.65,4015716
1740056400,65.7,65.9,65.35,65.85,7072192
1740060000,65.8,66.15,65.65,65.75,11577010
1740063600,65.6,65.6,65.6,65.6,3073440
1740117600,65.65,65.65,65.65,65.65,361450
1740121200,65.65,65.85,64.95,65.2,11306892
1740124800,65.25,66,65.1,65.85,10981277
1740128400,65.85,65.95,65.5,65.85,7178831
1740132000,65.85,66.4,65.85,66.2,11487345
1740135600,66.2,66.3,65.85,65.95,6287460
1740139200,65.95,66,65.75,66,7417586
1740142800,66,66.05,65.1,65.15,14974064
1740146400,65.15,65.6,63.85,64.95,23187507
1740150000,64.95,64.95,64.8,64.8,2309166
1740376800,65.65,65.65,65.65,65.65,777053
1740380400,65.65,65.95,65.05,65.45,18002602
1740384000,65.45,65.55,64.75,64.95,8429333
1740387600,64.95,65.25,64.65,64.75,2285304
1740391200,64.75,64.8,64.3,64.55,3338489
1740394800,64.5,65.25,64.4,65.05,5996006
1740398400,65.05,65.25,64.9,65,2418194
1740402000,65,65.45,64.8,65.4,6212514
1740405600,65.4,65.45,64.4,64.75,13096116
1740409200,64.8,64.8,64.8,64.8,2211659
1740463200,64.9,64.9,64.9,64.9,318640
1740466800,64.9,65.45,64.45,64.95,19145484
1740470400,65,65.4,64.8,65.35,9706548
1740474000,65.3,65.5,65.05,65.1,11654745
1740477600,65.05,65.7,65.05,65.7,10320841
1740481200,65.65,66.05,65.55,65.65,11190347
1740484800,65.7,66.35,65.35,66.25,13002188
1740488400,66.25,66.35,65.9,66,6616847
1740492000,65.95,66.3,65.55,66.1,12382019
1740495600,66.15,66.15,66.15,66.15,1899289
1740549600,66.2,66.2,66.2,66.2,175991
1740553200,66.15,66.15,65.4,65.55,8737764
1740556800,65.5,66.35,65.4,66.2,9794662
1740560400,66.2,66.55,66.2,66.4,5165707
1740564000,66.35,66.45,66.2,66.3,2375602
1740567600,66.3,66.4,66,66.1,7369902
1740571200,66.05,66.7,66,66.35,10622145
1740574800,66.3,67.6,66.2,67.55,16645517
1740578400,67.55,67.7,67.2,67.4,10226860
1740582000,67.5,67.5,67.5,67.5,2246516
1740636000,67.2,67.2,67.2,67.2,273819
1740639600,67.25,67.85,67.05,67.3,11590511
1740643200,67.3,67.65,67.15,67.65,6728960
1740646800,67.65,67.7,67.3,67.55,2705126
1740650400,67.55,67.7,67.3,67.65,3103988
1740654000,67.65,68.2,67.6,67.9,9350252
1740657600,67.85,68.7,67.75,68.5,10129926
1740661200,68.5,68.6,67.85,68,7806927
1740664800,68,68.25,67.5,67.85,10647781
1740668400,67.8,67.8,67.8,67.8,2182621
1740722400,67.55,67.55,67.55,67.55,238121
1740726000,67.55,68.7,67.35,68.45,13401374
1740729600,68.45,68.6,68.05,68.1,6795867
1740733200,68.1,68.15,67.75,67.85,2991440
1740736800,67.8,68.05,67.75,67.8,2259750
1740740400,67.8,67.8,67.05,67.15,5133002
1740744000,67.1,67.65,66.95,67.45,6005703
1740747600,67.4,67.95,67.05,67.9,9259104
1740751200,67.95,68.1,67.15,67.65,14084603
1740754800,67.6,67.6,67.3,67.3,15957798
1740981600,68.25,68.25,68.25,68.25,1863450
1740985200,68.25,70.8,68.2,70.8,48278141
1740988800,70.8,72.05,70.4,71.7,21088616
1740992400,71.75,74,71.65,74,25647898
1740996000,74,74,74,74,4599905
1740999600,74,74,74,74,660341
1741003200,74,74,73.55,73.95,23272038
1741006800,73.95,74,73.65,74,21618808
1741010400,74,74,73.45,74,33295144
1741014000,74,74,73,73,8791261
1741068000,73,73,73,73,353717
1741071600,72.95,74.4,72.8,74.25,27114189
1741075200,74.25,74.5,73.4,73.9,12680162
1741078800,73.85,73.9,72.3,72.5,10514899
1741082400,72.45,72.75,72.1,72.35,6976270
1741086000,72.3,72.7,72.1,72.5,5423861
1741089600,72.55,72.85,72.25,72.3,6486256
1741093200,72.25,72.5,72,72.25,4858075
1741096800,72.25,72.55,71.7,72.15,11043044
1741100400,72.15,72.15,72.15,72.15,3822330
1741154400,73.2,73.2,73.2,73.2,32888103
1741158000,73.25,74.5,72.35,72.35,25075527
1741161600,72.35,72.65,71.9,72.1,11768105
1741165200,72.1,72.1,71.3,71.35,7644754
1741168800,71.35,71.9,71.15,71.65,5782413
1741172400,71.65,71.8,71.3,71.45,6052009
1741176000,71.5,72.9,71.4,72.5,22102218
1741179600,72.5,73.3,72.1,73.15,18950478
1741183200,73.15,73.65,72.65,73,19508804
1741186800,73.1,73.1,73.1,73.1,2653485
1741240800,73.6,73.6,73.6,73.6,817007
1741244400,73.55,73.8,72.85,73.3,14202460
1741248000,73.25,73.4,72.85,73,3837907
1741251600,73,73.4,72.9,73.35,2443420
1741255200,73.4,73.5,73,73.25,3961316
1741258800,73.3,73.3,71.75,72.5,21539129
1741262400,72.55,72.7,71.8,71.9,7692597
1741266000,71.95,72.45,71.9,72.1,6556075
1741269600,72.1,73.45,72.1,73.25,23868905
1741273200,73.45,73.45,73.45,73.45,3128821
1741327200,73.35,73.35,73.35,73.35,319044
1741330800,73.3,74.6,73.05,73.35,28679316
1741334400,73.35,73.35,72.85,73.25,7518059
1741338000,73.3,73.85,73.25,73.7,7929157
1741341600,73.7,73.7,73.25,73.55,3755672
1741345200,73.55,73.65,73.2,73.2,3217517
1741348800,73.2,73.65,73.15,73.5,4313759
1741352400,73.5,73.8,73.1,73.6,9260444
1741356000,73.6,73.9,73.2,73.7,13383947
1741359600,73.75,73.75,73.75,73.75,3088906
1741586400,73.7,73.7,73.7,73.7,350075
1741590000,73.7,75.05,73.25,74.45,22477504
1741593600,74.5,74.5,73.8,73.9,6882042
1741597200,73.85,73.95,73.7,73.85,2499887
1741600800,73.85,74.1,73.7,73.9,2752426
1741604400,73.9,74.3,73.9,74.15,3584982
1741608000,74.15,74.7,74.1,74.5,6220437
1741611600,74.5,74.65,74,74.65,5302346
1741615200,74.7,74.7,73.35,73.85,12235223
1741618800,73.9,73.9,73.9,73.9,3026147
1741672800,74.05,74.05,74.05,74.05,342662
1741676400,74.05,74.1,72.6,72.9,16585382
1741680000,72.9,73.4,72.8,73.35,7913442
1741683600,73.3,73.4,72.95,72.95,3495992
1741687200,73,73.2,72.8,73.05,2344669
1741690800,73.05,73.05,72.75,73,2780592
1741694400,73,73,72.5,72.8,5391055
1741698000,72.75,72.85,72.05,72.4,10519461
1741701600,72.4,72.5,71.4,72,20277839
1741705200,71.9,71.9,71.9,71.9,3654893
1741759200,72.2,72.2,72.2,72.2,551542
1741762800,72.25,73.05,72.2,72.7,22644647
1741766400,72.7,73.15,72.45,73.1,9309784
1741770000,73.1,74.05,73,73.9,23983657
1741773600,73.9,73.95,73.6,73.65,9248802
1741777200,73.7,73.85,73.55,73.75,4906980
1741780800,73.75,74.15,73.7,73.8,11043881
1741784400,73.8,74.4,73.75,74.35,12390803
1741788000,74.35,74.5,73.55,73.7,12975084
1741791600,73.55,73.55,73.55,73.55,3500420
1741845600,73.8,73.8,73.8,73.8,777366
1741849200,73.85,74.4,73.5,73.8,13111529
1741852800,73.8,74.4,73.8,74.35,7091026
1741856400,74.35,74.35,73.95,73.95,2782671
1741860000,73.95,75.45,73.85,75.05,15071982
1741863600,75.05,75.15,74.8,74.85,5768162
1741867200,74.85,74.85,74,74.2,6252702
1741870800,74.2,74.3,73.95,74.25,4647288
1741874400,74.2,74.95,74.1,74.7,8089458
1741878000,74.7,74.8,74.7,74.8,2318074
1741932000,74.85,74.85,74.85,74.85,391042
1741935600,74.85,75.15,74.4,75,12976877
1741939200,75,75.6,74.8,74.8,12243567
1741942800,74.85,75,74.65,74.8,3139743
1741946400,74.8,75.05,74.55,74.75,6033536
1741950000,74.75,75.15,74.75,74.9,4121517
1741953600,74.95,75.2,74.7,74.95,7913981
1741957200,74.9,75.45,74.8,75.05,10897667
1741960800,75.05,75.3,74.65,74.8,10259894
1741964400,74.9,74.9,74.9,74.9,3250873
1742191200,75.1,75.1,75.1,75.1,690147
1742194800,75.1,76.2,74.9,75.75,20284369
1742198400,75.8,75.8,74.95,75.35,9165256
1742202000,75.3,75.4,75,75.05,3268439
1742205600,75.1,75.15,74.55,74.8,4590409
1742209200,74.75,74.85,74.55,74.75,2947533
1742212800,74.8,74.8,73.95,74.05,4511114
1742216400,74.05,75.4,73.95,74.95,11328134
1742220000,74.9,75.35,74.45,75.05,9621112
1742223600,75.1,75.1,75.1,75.1,2199854
1742277600,74.65,74.65,74.65,74.65,329406
1742281200,74.65,75.05,74.15,74.45,11163028
1742284800,74.4,74.75,74.2,74.3,3619317
1742288400,74.3,74.45,73.95,74.05,4006522
1742292000,74.05,74.4,73.9,74,3672357
1742295600,74,74.15,73.7,73.9,4099729
1742299200,73.9,74,73.15,73.25,7761374
1742302800,73.25,73.45,72.9,73.15,6921028
1742306400,73.1,73.5,72.95,73.25,11509132
1742310000,73.25,73.25,73.25,73.25,3358646
1742364000,68,68,68,68,2059514
1742367600,68.1,68.95,66.3,66.5,44347682
1742371200,66.5,66.75,65.95,65.95,45078550
1742374800,65.95,65.95,65.95,65.95,7132089
1742378400,65.95,65.95,65.95,65.95,3654579
1742382000,65.95,65.95,65.95,65.95,2026278
1742385600,65.95,65.95,65.95,65.95,571895
1742389200,65.95,65.95,65.95,65.95,2635605
1742392800,65.95,65.95,65.95,65.95,697910
1742396400,65.95,65.95,65.95,65.95,110012
1742450400,64.35,64.35,64.35,64.35,1493723
1742454000,64.35,64.5,61.15,63.3,95788626
1742457600,63.3,65.8,63.25,63.5,67857249
1742461200,63.5,63.6,62.75,63.35,19937293
1742464800,63.35,63.5,62.05,63.4,33559732
1742468400,63.4,63.5,62.2,62.5,19555510
1742472000,62.45,62.5,60.5,60.7,22605195
1742475600,60.65,60.9,59.4,60.3,59717199
1742479200,60.25,62,59.6,59.8,44039215
1742482800,59.7,59.7,59.7,59.7,3761127
1742536800,59.05,59.05,59.05,59.05,920380
1742540400,59.05,59.35,54.55,54.7,50092127
1742544000,54.7,54.9,53.75,53.8,24871043
1742547600,53.85,54.1,53.75,53.95,52005788
1742551200,53.95,54.6,53.75,53.95,32199860
1742554800,53.95,54.2,53.75,53.8,15458157
1742558400,53.75,53.85,53.75,53.75,11439950
1742562000,53.75,53.8,53.75,53.75,8270269
1742565600,53.75,53.85,53.75,53.75,20294164
1742569200,53.75,53.75,53.75,53.75,900778
1742796000,55.1,55.1,55.1,55.1,1686125
1742799600,55.15,56.3,54.6,55.2,55379839
1742803200,55.3,55.3,54.65,54.85,33990607
1742806800,54.85,54.95,53.9,54.2,27123662
1742810400,54.25,54.5,52.8,52.9,33505515
1742814000,52.95,53.4,50.6,52.45,43085621
1742817600,52.45,54.15,52.2,53.05,41073743
1742821200,53.1,53.3,51.55,51.95,26475538
1742824800,51.9,53.75,51.8,53.5,49224980
1742828400,53.95,53.95,53.95,53.95,5890564
1742882400,56,56,56,56,1661672
1742886000,56,56.05,53.95,54.8,47316649
1742889600,54.75,55.45,54.65,55.25,30882698
1742893200,55.25,57.65,55.2,57.45,75986433
1742896800,57.45,57.6,56.2,56.6,48037774
1742900400,56.55,57.1,56.25,56.4,24892360
1742904000,56.45,56.5,55.4,55.9,24200173
1742907600,55.95,56.6,55.75,56.3,18278442
1742911200,56.3,57.05,56.15,56.3,42704902
1742914800,56,56,56,56,5218397
1742968800,54.5,54.5,54.5,54.5,1441961
1742972400,54.45,55.45,53.85,54.25,45239242
1742976000,54.2,54.85,54.15,54.7,18986604
1742979600,54.75,54.95,54.15,54.3,9707009
1742983200,54.3,54.35,53.9,54,14080971
1742986800,54,54.1,53.6,53.95,9506125
1742990400,53.9,53.9,52.7,52.85,17922778
1742994000,52.8,53.95,52.65,53.6,17680995
1742997600,53.6,54.55,53.45,53.95,35124198
1743001200,53.95,53.95,53.95,53.95,4109041
1743055200,54.6,54.6,54.6,54.6,1312606
1743058800,54.55,54.9,53.8,54.1,35611924
1743062400,54.1,54.2,53.2,53.35,20096203
1743066000,53.4,53.45,52.65,52.95,13891479
1743069600,52.95,53,52.3,52.7,12460452
1743073200,52.7,53.5,52.65,53.15,16267906
1743076800,53.15,53.3,52.95,53.05,8094064
1743080400,53.05,53.15,52.75,52.85,7787798
1743084000,52.9,53.2,52.65,53,16815505
1743087600,52.8,52.8,52.8,52.8,4673615
1743141600,52.75,52.75,52.75,52.75,668132
1743145200,52.7,53.1,52.2,52.2,18610227
1743148800,52.25,52.55,51.8,52.4,13498756
1743152400,52.4,52.65,52.25,52.45,5991411
1743156000,52.4,52.45,51.1,51.45,28387283
1743159600,51.5,51.95,51.2,51.95,13130396
1743163200,51.95,52.15,51.75,52,10759403
1743166800,52,52.5,51.75,52.45,16404820
1743170400,52.45,52.75,52.1,52.15,17311427
1743174000,52.25,52.25,52.25,52.25,3400370
1743573600,52,52,52,52,571484
1743577200,52,52.95,51.4,52.95,33217448
1743580800,52.95,53.25,52.6,53.05,17333756
1743584400,53,53.2,52.8,53.1,8803263
1743588000,53.05,53.1,52.85,52.85,5920490
1743591600,52.9,52.9,52.6,52.7,6197552
1743595200,52.65,53,52.65,52.85,9036215
1743598800,52.85,53.45,52.65,53.25,20311497
1743602400,53.3,53.4,53,53.05,14893340
1743606000,52.85,52.85,52.85,52.85,3406806
1743660000,53.25,53.25,53.25,53.25,378950
1743663600,53.25,54.1,53.05,53.45,29540038
1743667200,53.5,53.8,53.25,53.5,9052179
1743670800,53.5,53.55,53.35,53.4,2587421
1743674400,53.4,53.45,53.25,53.3,4886628
1743678000,53.25,53.3,53.1,53.2,4027362
1743681600,53.25,53.35,52.65,52.75,7424687
1743685200,52.7,52.95,52.55,52.8,8146556
1743688800,52.75,53.05,52.35,52.45,13986570
1743692400,52.55,52.55,52.55,52.55,3196424
1743746400,52.55,52.55,52.55,52.55,337166
1743750000,52.55,52.7,52.05,52.4,15003161
1743753600,52.4,52.5,52.05,52.25,8425552
1743757200,52.25,52.7,52.1,52.55,11939484
1743760800,52.55,52.85,51.95,52.1,18784550
1743764400,52.05,52.35,51.4,51.8,14382737
1743768000,51.8,52.15,51.6,51.9,12368263
1743771600,51.9,52.25,51.8,52.15,11058422
1743775200,52.15,52.25,51.8,52.1,15609623
1743778800,52.25,52.25,52.25,52.25,2039529
1744005600,50.5,50.5,50.5,50.5,488976
1744009200,50.45,50.6,49.74,50.05,43012299
1744012800,50.1,50.3,50,50.05,7817720
1744016400,50,50.15,49.88,49.96,8791236
1744020000,49.96,50.9,49.96,50.5,12263597
1744023600,50.5,50.8,50.4,50.55,6114771
1744027200,50.55,51.4,50.4,51.1,19279875
1744030800,51.15,51.55,50.7,51.55,19379656
1744034400,51.6,52.75,51.25,51.95,38576779
1744038000,52.1,52.1,52.1,52.1,2529117
1744092000,53.2,53.2,53.2,53.2,864081
1744095600,53.15,53.2,52.3,52.4,21338525
1744099200,52.4,52.45,51.95,52,7846946
1744102800,51.95,52.1,51.8,51.95,4462163
1744106400,51.95,52.05,51.7,51.8,4978230
1744110000,51.75,52,51.6,51.85,8777086
1744113600,51.85,52.25,51.75,52,13114500
1744117200,52.05,52.5,51.9,52.3,19147339
1744120800,52.3,52.6,51.95,52,22115466
1744124400,51.95,51.95,51.95,51.95,2730903
1744178400,51.2,51.2,51.2,51.2,538984
1744182000,51.25,51.7,51.2,51.45,14216893
1744185600,51.45,51.5,51.05,51.3,8018259
1744189200,51.3,51.35,51.15,51.2,5287468
1744192800,51.15,51.25,50.6,50.75,11040798
1744196400,50.7,50.75,49.74,49.96,25203128
1744200000,49.94,50.2,49.74,50.05,14279360
1744203600,50.05,50.6,49.94,50.4,18874409
1744207200,50.4,50.6,49.76,49.86,16312600
1744210800,49.78,49.78,49.78,49.78,4316961
1744264800,52,52,52,52,1986839
1744268400,52,52.25,51.15,51.3,32437695
1744272000,51.25,51.35,50.75,50.85,17510984
1744275600,50.9,51,50.8,50.85,4794406
1744279200,50.9,51.1,50.5,50.7,8995809
1744282800,50.7,50.85,50.55,50.7,7264188
1744286400,50.7,51.05,50.65,50.85,7938560
1744290000,50.8,51.05,50.3,50.3,9798527
1744293600,50.3,50.4,49.7,49.74,23831647
1744297200,49.4,49.4,49.4,49.4,5276213
1744351200,49.42,49.42,49.42,49.42,574798
1744354800,49.42,49.42,48.52,48.64,32039532
1744358400,48.64,48.72,48.1,48.58,23109839
1744362000,48.56,49.2,48.52,49.14,18541390
1744365600,49.16,49.92,49.04,49.7,20841214
1744369200,49.68,49.76,49.22,49.56,11807781
1744372800,49.56,49.76,49.38,49.5,7782652
1744376400,49.48,49.94,49.26,49.48,17854023
1744380000,49.46,49.82,49.22,49.76,14244858
1744383600,49.88,49.88,49.88,49.88,2749484
1744610400,50.4,50.4,50.4,50.4,588329
1744614000,50.4,51.1,50.35,50.8,22899019
1744617600,50.8,50.9,50.55,50.75,4711088
1744621200,50.8,50.8,50.35,50.55,7021351
1744624800,50.55,50.7,50.25,50.45,5619400
1744628400,50.45,50.8,50.4,50.45,5701985
1744632000,50.4,50.5,50,50.35,13565594
1744635600,50.3,50.55,50.3,50.55,5602288
1744639200,50.5,50.65,50.2,50.3,14367200
1744642800,50.1,50.1,50.1,50.1,5177202
1744696800,50.2,50.2,50.2,50.2,1015167
1744700400,50.25,50.55,50,50.35,17861767
1744704000,50.3,50.65,50.2,50.5,9881473
1744707600,50.5,51,50.45,50.8,12388367
1744711200,50.75,50.9,50.65,50.8,8365474
1744714800,50.8,50.95,50.7,50.8,7885455
1744718400,50.8,50.9,50.65,50.8,11935413
1744722000,50.8,50.95,50.6,50.65,10180590
1744725600,50.65,50.75,50.25,50.35,31013390
1744729200,50.35,50.35,50.35,50.35,4048620
1744783200,50.3,50.3,50.3,50.3,605361
1744786800,50.25,51.15,50.1,50.4,24618027
1744790400,50.4,50.7,49.72,50.45,17444778
1744794000,50.45,50.85,50.3,50.6,13855693
1744797600,50.6,50.8,50.45,50.55,9412901
1744801200,50.55,50.7,50.25,50.5,16215588
1744804800,50.5,50.55,50.3,50.35,4918773
1744808400,50.35,50.85,50.3,50.65,15845428
1744812000,50.7,50.9,50.5,50.65,24075225
1744815600,50.55,50.55,50.55,50.55,3831719
1744869600,50.9,50.9,50.9,50.9,831709
1744873200,50.95,51.85,50.9,51.65,37777950
1744876800,51.65,51.65,51.35,51.55,9668486
1744880400,51.55,51.65,51.45,51.55,6042685
1744884000,51.55,52,51.45,51.85,14467917
1744887600,51.85,52,51,51.3,46728363
1744891200,51.25,51.85,51,51.8,22130256
1744894800,51.85,51.9,50.8,51.2,29780031
1744898400,51.2,51.5,51,51.25,22819339
1744902000,51.25,51.3,51.25,51.3,2129925
1744956000,51.45,51.45,51.45,51.45,386591
1744959600,51.45,51.55,50.6,50.85,14932377
1744963200,50.8,51,50.6,50.7,7439768
1744966800,50.7,50.7,50.45,50.6,5121667
1744970400,50.65,50.7,50.1,50.3,5504386
1744974000,50.3,50.35,49.52,49.58,21860809
1744977600,49.56,49.78,49.48,49.7,12165497
1744981200,49.7,50.2,49.64,50.1,17484580
1744984800,50.1,50.15,49.54,49.58,13617377
1744988400,49.54,49.54,49.54,49.54,2522636
1745215200,49.56,49.56,49.56,49.56,337156
1745218800,49.54,49.58,48.72,49.04,18709613
1745222400,49.06,49.12,48.7,48.76,8479134
1745226000,48.78,48.8,48.6,48.76,4502749
1745229600,48.76,48.84,48.64,48.7,4454357
1745233200,48.68,49.58,48.56,49.44,19808427
1745236800,49.44,51.8,49.42,51.35,43580005
1745240400,51.35,51.6,50.3,50.6,23584781
1745244000,50.6,50.6,49.42,49.82,24967385
1745247600,49.78,49.78,49.78,49.78,1582848
1745301600,50.1,50.1,50.1,50.1,938985
1745305200,50.1,50.45,50,50,19622483
1745308800,50,50.4,49.86,50.2,12547830
1745312400,50.15,50.35,50.05,50.3,9509803
1745316000,50.35,50.6,50.25,50.25,10926388
1745319600,50.25,50.45,50.2,50.3,5917843
1745323200,50.25,50.4,50.2,50.35,5666574
1745326800,50.3,50.65,50.3,50.35,8002396
1745330400,50.4,50.65,50.25,50.4,17179632
1745334000,50.4,50.4,50.4,50.4,3850121
1745474400,50.75,50.75,50.75,50.75,1088666
1745478000,50.8,51.3,50.65,51.05,25002184
1745481600,51.05,51.15,50.75,50.85,7920780
1745485200,50.8,51.1,50.8,50.95,4596814
1745488800,50.9,51.1,50.8,50.85,6932443
1745492400,50.85,51.1,50.85,50.95,9335221
1745496000,51,51.3,50.8,51.3,13688241
1745499600,51.25,51.85,51.25,51.55,23054270
1745503200,51.55,53.55,51.45,53.35,41177423
1745506800,53.5,53.5,53.5,53.5,4778037
1745560800,53.6,53.6,53.6,53.6,783563
1745564400,53.6,53.7,53.1,53.2,19549973
1745568000,53.2,53.4,52.85,52.95,7153342
1745571600,52.95,52.95,52.55,52.6,6004228
1745575200,52.65,52.75,51.7,51.9,13391814
1745578800,51.85,52.15,51.7,51.85,12914802
1745582400,51.85,52.35,51.75,52,12806609
1745586000,52.05,52.3,52,52.1,8751387
1745589600,52.15,52.45,51.65,51.8,18734986
1745593200,51.8,51.8,51.5,51.5,4395269
1745820000,51.9,51.9,51.9,51.9,580799
1745823600,51.85,52,51.2,51.4,14627329
1745827200,51.45,51.5,50.75,50.9,9675051
1745830800,50.9,50.9,49.8,49.88,30101155
1745834400,49.9,49.94,49.32,49.4,17663130
1745838000,49.42,49.66,49.34,49.62,15857824
1745841600,49.62,49.82,49.54,49.62,8588888
1745845200,49.6,50.05,49.52,49.8,15743412
1745848800,49.8,49.84,49.38,49.42,18683516
1745852400,49.36,49.36,49.36,49.36,3924381
1745906400,49.38,49.38,49.38,49.38,444599
1745910000,49.38,49.74,49.34,49.56,16955715
1745913600,49.56,49.56,49.2,49.32,13624357
1745917200,49.32,49.5,49.26,49.32,7538607
1745920800,49.32,49.36,49.18,49.24,7110478
1745924400,49.24,49.32,49.16,49.24,5531580
1745928000,49.24,49.3,49.08,49.22,7375851
1745931600,49.22,49.24,48.9,48.98,9834943
1745935200,48.96,49.2,48.74,49.08,18823207
1745938800,48.94,48.94,48.94,48.94,3590867
1745992800,49.1,49.1,49.1,49.1,469925
1745996400,49.1,49.28,48.7,48.88,16888386
1746000000,48.88,48.96,48.74,48.86,6137550
1746003600,48.86,48.88,48.68,48.78,4832557
1746007200,48.76,48.8,48.14,48.28,11141018
1746010800,48.28,48.46,47.88,48.44,16913126
1746014400,48.46,48.76,48.42,48.64,16741245
1746018000,48.64,48.66,48.34,48.58,12815863
1746021600,48.58,48.68,48.38,48.56,25764819
1746025200,48.54,48.54,48.5,48.5,5346504
1746165600,48.82,48.82,48.82,48.82,968559
1746169200,48.82,49.14,48.64,48.94,22362503
1746172800,48.94,49.36,48.94,49.2,10841793
1746176400,49.2,49.68,49.06,49.5,8820322
1746180000,49.52,49.66,49.2,49.34,5914229
1746183600,49.34,49.76,49.34,49.64,6638266
1746187200,49.64,49.68,49.44,49.66,4857307
1746190800,49.66,49.68,49.32,49.48,5001583
1746194400,49.48,49.54,49.24,49.5,8695358
1746198000,49.5,49.5,49.5,49.5,1243454
1746424800,50.25,50.25,50.25,50.25,762977
1746428400,50.25,50.65,48.88,49,22318954
1746432000,49,49,48.76,48.86,6411659
1746435600,48.84,48.98,48.78,48.84,3512526
1746439200,48.84,48.92,48.76,48.9,3516394
1746442800,48.92,49,48.78,48.84,3907110
1746446400,48.82,48.88,48.76,48.82,3310313
1746450000,48.8,48.86,48.66,48.7,4663912
1746453600,48.72,49.02,48.58,48.64,11700619
1746457200,48.58,48.58,48.58,48.58,3452787
1746511200,48.58,48.58,48.58,48.58,565130
1746514800,48.6,49.68,48.58,49.4,30388730
1746518400,49.42,49.84,49.22,49.84,11133885
1746522000,49.84,50.1,49.64,49.72,13590052
1746525600,49.72,49.84,49.66,49.72,3332542
1746529200,49.72,49.9,49.68,49.78,8147016
1746532800,49.78,49.8,49.4,49.62,8779682
1746536400,49.62,49.64,49.24,49.3,7401954
1746540000,49.3,49.5,49.08,49.24,22937778
1746543600,49.26,49.26,49.26,49.26,2628577
1746597600,49.26,49.26,49.26,49.26,556934
1746601200,49.28,49.48,49,49.14,13672039
1746604800,49.14,49.26,48.92,49.2,8431242
1746608400,49.2,49.62,49.14,49.42,6858883
1746612000,49.42,49.6,49.36,49.48,4554250
1746615600,49.48,49.48,49.1,49.18,8390838
1746619200,49.18,49.24,48.92,49.06,5998608
1746622800,49.06,49.68,48.96,49.5,15226688
1746626400,49.48,49.7,49.3,49.38,18626229
1746630000,49.48,49.48,49.48,49.48,1928177
1746684000,49.94,49.94,49.94,49.94,552043
1746687600,49.92,50.4,49.46,49.64,23556045
1746691200,49.64,49.98,49.64,49.72,9004657
1746694800,49.7,50.1,49.64,49.92,6829142
1746698400,49.92,49.96,49.82,49.86,3194502
1746702000,49.86,49.94,49.78,49.86,3682784
1746705600,49.86,50.15,49.52,49.6,11152968
1746709200,49.6,49.82,49.58,49.66,4326975
1746712800,49.66,50.2,49.64,49.9,15524267
1746716400,49.92,49.92,49.92,49.92,3436793
1746770400,49.9,49.9,49.9,49.9,350177
1746774000,49.9,50.05,48.94,49,26677887
1746777600,49,49,48.7,48.9,10954936
1746781200,48.9,49.1,48.88,49.08,6078107
1746784800,49.08,49.26,48.98,49.16,12289967
1746788400,49.16,49.66,49.1,49.64,14213943
1746792000,49.64,49.98,49.62,49.84,26754781
1746795600,49.84,50.3,49.64,49.84,27040203
1746799200,49.84,49.94,49.7,49.86,14448779
1746802800,49.84,49.88,49.84,49.88,3211358
1747029600,51.35,51.35,51.35,51.35,2328301
1747033200,51.4,51.6,50.85,51.4,33607978
1747036800,51.45,52.25,51.4,52,22628687
1747040400,51.95,52.05,51.7,51.75,6359031
1747044000,51.75,51.95,51.7,51.85,4076787
1747047600,51.85,51.85,51.6,51.7,4955914
1747051200,51.65,51.85,51.65,51.75,3123754
1747054800,51.75,52,51.45,51.9,14460205
1747058400,51.9,52.35,51.75,52,21793777
1747062000,52,52,51.9,51.9,3881009
1747116000,51.6,51.6,51.6,51.6,502402
1747119600,51.6,51.95,51.15,51.8,32503700
1747123200,51.8,52.15,51.55,51.95,17895232
1747126800,51.9,52.3,51.85,52.1,13810544
1747130400,52.1,52.2,52,52,8189382
1747134000,52,52.15,51.85,52.1,9102609
1747137600,52.15,52.45,52.05,52.1,21563946
1747141200,52.1,52.6,52.05,52.35,16869150
1747144800,52.35,52.8,52.1,52.1,42138367
1747148400,52.15,52.25,52.15,52.25,4340430
1747202400,52,52,52,52,554268
1747206000,52.05,52.4,51.65,52.35,37531613
1747209600,52.3,52.4,51.95,52.1,15670655
1747213200,52.05,52.25,51.95,52.15,5603362
1747216800,52.1,52.5,52.1,52.45,18839835
1747220400,52.4,52.8,52.3,52.6,30661590
1747224000,52.6,52.65,52.4,52.45,14031756
1747227600,52.45,52.7,52.3,52.3,15028276
1747231200,52.35,52.4,51.7,51.85,35355966
1747234800,51.8,51.8,51.8,51.8,4717243
1747288800,51.95,51.95,51.95,51.95,909337
1747292400,51.95,52.25,51.45,51.6,30343907
1747296000,51.6,51.7,51.25,51.5,9515047
1747299600,51.5,51.6,51.3,51.4,4856219
1747303200,51.4,52,51.35,51.75,12003984
1747306800,51.75,51.85,51.2,51.4,7979670
1747310400,51.4,51.65,51.35,51.5,4420992
1747314000,51.5,51.6,50.85,50.9,8382302
1747317600,50.9,51,50.6,50.75,15812034
1747321200,50.7,50.7,50.7,50.7,3144973
1747375200,50.8,50.8,50.8,50.8,610089
1747378800,50.85,51.25,50.5,50.75,29648202
1747382400,50.75,51.15,50.65,50.95,10621376
1747386000,50.95,51.05,50.7,50.75,6223615
1747389600,50.75,50.8,50.5,50.65,5267189
1747393200,50.65,50.75,50.45,50.65,5297662
1747396800,50.7,51.1,50.3,50.8,18751026
1747400400,50.75,51.75,50.7,51.25,31557867
1747404000,51.25,52.15,50.95,51.9,50045591
1747407600,51.85,51.95,51.85,51.95,4456260
1747720800,51.9,51.9,51.9,51.9,1006971
1747724400,51.9,52.4,51.55,52.25,45477201
1747728000,52.25,53.3,52.2,52.65,45731170
1747731600,52.65,52.85,52.5,52.85,10199503
1747735200,52.85,53,52.7,52.95,13872382
1747738800,52.95,53.1,52.6,52.75,11221586
1747742400,52.7,53.05,52.55,52.9,11613959
1747746000,52.95,53.15,52.7,52.8,13386677
1747749600,52.8,53,52.5,52.6,23037587
1747753200,52.55,52.55,52.55,52.55,4618808
1747807200,52.45,52.45,52.45,52.45,342617
1747810800,52.4,52.95,52.05,52.4,26456621
1747814400,52.4,53.25,52.35,53.05,16536936
1747818000,53.1,53.15,52.75,52.8,5416873
1747821600,52.75,52.9,52.6,52.9,7318946
1747825200,52.9,53.05,52.7,52.95,4658055
1747828800,53,53.05,52.45,52.65,8006518
1747832400,52.7,53.05,52.55,52.85,10071542
1747836000,52.9,53,52.25,52.6,21194413
1747839600,52.5,52.5,52.5,52.5,2914381
1747893600,52.85,52.85,52.85,52.85,608469
1747897200,52.85,53.55,52.85,53.25,32008086
1747900800,53.25,54.05,53.25,53.8,25141916
1747904400,53.8,54.1,53.55,53.55,9576669
1747908000,53.55,53.6,52.75,52.9,11888966
1747911600,52.9,53.35,52.85,53.2,7919454
1747915200,53.2,53.6,52.9,53.6,12411585
1747918800,53.6,54.5,53.6,54.05,25433725
1747922400,54.1,54.3,53.8,54,11609413
1747926000,53.65,53.65,53.65,53.65,12532427
1747980000,53.55,53.55,53.55,53.55,609534
1747983600,53.55,53.8,53.15,53.7,20134970
1747987200,53.65,54.2,53.65,54.1,12974840
1747990800,54.05,54.15,53.9,54.1,7255905
1747994400,54.05,54.15,53.75,53.9,5173372
1747998000,53.85,53.95,52.05,52.3,29197509
1748001600,52.3,52.65,51.75,52,25356484
1748005200,52,52.35,51.55,52.1,28557017
1748008800,52.05,52.3,51.8,51.9,16807663
1748012400,51.9,51.9,51.9,51.9,4109959
1748239200,52.45,52.45,52.45,52.45,1332408
1748242800,52.45,52.5,51.55,51.55,24417706
1748246400,51.5,51.75,50.95,51.2,18986285
1748250000,51.2,51.4,51.05,51.2,8592481
1748253600,51.2,51.3,51.1,51.15,4911218
1748257200,51.2,51.2,50.85,51,9438851
1748260800,50.95,51.2,50.65,51.1,9357722
1748264400,51.15,52,51.1,51.75,19087870
1748268000,51.75,52.1,51.6,51.9,15801065
1748271600,51.95,51.95,51.95,51.95,1911597
1748325600,51.95,51.95,51.95,51.95,546448
1748329200,51.9,52.4,51.8,52.2,13786392
1748332800,52.2,52.25,50.95,51.65,24081467
1748336400,51.7,51.75,51,51.15,7888028
1748340000,51.15,51.5,51.1,51.2,6644185
1748343600,51.2,51.4,50.95,51,6147832
1748347200,51,51.4,50.95,51.25,3615543
1748350800,51.25,51.45,51.1,51.25,6387892
1748354400,51.25,51.3,50.8,51,12619584
1748358000,50.95,50.95,50.95,50.95,3158203
1748412000,51,51,51,51,280041
1748415600,50.95,52,50.9,51.75,25372269
1748419200,51.75,51.95,51.45,51.75,9151928
1748422800,51.75,51.8,51.45,51.45,4575164
1748426400,51.45,51.95,51.4,51.85,5899378
1748430000,51.8,51.95,51.55,51.7,7696365
1748433600,51.7,51.75,51.25,51.4,5794729
1748437200,51.35,51.65,51.2,51.35,5290931
1748440800,51.35,51.75,51.1,51.7,18460692
1748444400,51.7,51.7,51.65,51.65,3226894
1748498400,52.15,52.15,52.15,52.15,1253394
1748502000,52.2,52.6,52,52.45,20945194
1748505600,52.45,52.65,52.35,52.5,8154451
1748509200,52.5,52.55,52.4,52.55,3600192
1748512800,52.55,52.65,52.4,52.6,4294860
1748516400,52.55,52.7,52.45,52.45,10582499
1748520000,52.5,52.7,52.4,52.65,3617899
1748523600,52.7,53.25,52.6,52.9,21336299
1748527200,52.9,53.1,52.55,52.9,9284765
1748530800,52.8,52.8,52.8,52.8,2957294
1748584800,52.7,52.7,52.7,52.7,267249
1748588400,52.7,52.9,51.7,52.25,13231093
1748592000,52.3,52.35,51.5,51.55,10577559
1748595600,51.6,51.75,51.45,51.65,6368471
1748599200,51.65,51.7,51.2,51.3,8247944
1748602800,51.3,51.4,51.25,51.35,6948968
1748606400,51.35,51.55,50.85,51.35,12335989
1748610000,51.3,51.4,50.95,50.95,9728837
1748613600,51,51.4,50.9,50.95,20165164
1748617200,50.95,50.95,50.95,50.95,8795531
1748844000,51.05,51.05,51.05,51.05,564201
1748847600,51.1,51.5,50.9,51.4,15641750
1748851200,51.35,51.95,51.3,51.8,10295127
1748854800,51.8,52.4,51.8,52.3,9902836
1748858400,52.35,52.45,52,52.2,6656618
1748862000,52.2,52.45,52,52.35,5005178
1748865600,52.4,52.7,52.35,52.45,6943012
1748869200,52.45,52.45,51.5,51.55,10997168
1748872800,51.55,52.4,51.5,52.3,20556264
1748876400,52.05,52.05,52.05,52.05,3391951
1748930400,53.1,53.1,53.1,53.1,1512207
1748934000,53.1,54.85,52.9,54.8,67158181
1748937600,54.8,55.45,54.75,55.25,19701240
1748941200,55.25,55.65,55.25,55.45,10722475
1748944800,55.45,55.6,55.25,55.5,7631040
1748948400,55.55,55.75,55.45,55.7,11214446
1748952000,55.7,55.95,55.45,55.5,10055942
1748955600,55.45,55.95,55.4,55.75,7640827
1748959200,55.75,56.2,55.45,55.7,16725329
1748962800,55.65,55.65,55.65,55.65,2177741
1749016800,55.55,55.55,55.55,55.55,429164
1749020400,55.5,56.15,55.3,55.9,23137589
1749024000,55.85,56.15,55.8,56.05,8375252
1749027600,56.05,56.1,55.75,55.8,5465299
1749031200,55.8,56.05,55.7,56,4300191
1749034800,55.95,56.15,55.9,56.1,5721600
1749038400,56.1,56.15,55.85,56,4128009
1749042000,56,56.3,55.95,56.1,6909134
1749045600,56.15,56.35,55.95,56.25,17002136
1749049200,56.25,56.25,56.2,56.2,2381395
1749105000,55.85,56.4,55.75,56.25,9543482
1749108600,56.2,56.35,56,56.1,7868299
1749112200,56.1,56.4,56.05,56.35,7709805
1749115800,56.25,56.25,56.25,56.25,1976875
1749535200,57.05,57.05,57.05,57.05,1347716
1749538800,57.1,58.25,56.75,58.25,32792440
1749542400,58.2,59.3,58.2,58.85,28401372
1749546000,58.85,59.15,58.6,59.1,11017665
1749549600,59.1,59.3,59,59.15,6576325
1749553200,59.15,59.45,59.15,59.25,7084160
1749556800,59.25,59.6,59,59.5,8896037
1749560400,59.5,59.8,59.3,59.7,11595706
1749564000,59.7,60.25,59.6,59.85,20915555
1749567600,59.85,59.85,59.85,59.85,2622699
1749621600,59.85,59.85,59.85,59.85,378473
1749625200,59.85,60.7,59.5,60.3,33350303
1749628800,60.25,60.5,60,60.05,6225940
1749632400,60.05,60.15,59.7,59.75,4773467
1749636000,59.75,60.15,59.75,59.95,4888429
1749639600,59.95,60.4,59.95,60.2,6847082
1749643200,60.2,60.7,60,60.5,16230536
1749646800,60.5,60.6,60.25,60.4,6556965
1749650400,60.4,60.65,60.1,60.15,12156663
1749654000,60,60,60,60,3991167
1749708000,59,59,59,59,962193
1749711600,59,60.25,58.95,59.9,27796507
1749715200,59.85,59.9,59.05,59.45,12939313
1749718800,59.45,59.7,59.35,59.65,4893235
1749722400,59.7,59.9,59.45,59.85,4500146
1749726000,59.85,59.85,59.55,59.55,4722853
1749729600,59.55,59.8,59.4,59.7,7189850
1749733200,59.75,60,59.45,59.6,8534300
1749736800,59.65,59.7,59.1,59.2,12936105
1749740400,59.2,59.2,59.2,59.2,2194456
1749794400,57,57,57,57,1485025
1749798000,56.95,57.65,56.1,57.25,34840971
1749801600,57.25,57.7,57.1,57.65,12174997
1749805200,57.7,59.1,57.45,57.65,21654800
1749808800,57.65,57.8,57.4,57.45,4961205
1749812400,57.5,57.85,57.15,57.6,8269308
1749816000,57.6,58,57.4,57.9,6669586
1749819600,57.9,58.2,57.5,57.55,10368631
1749823200,57.55,58.85,57.55,58.75,18640889
1749826800,59.5,59.5,59.5,59.5,3119743
1750053600,59.95,59.95,59.95,59.95,646297
1750057200,59.95,60.15,59.1,59.6,18227259
1750060800,59.65,59.8,59.2,59.5,8881367
1750064400,59.55,59.7,59.4,59.7,3872762
1750068000,59.7,59.8,59.45,59.75,4009463
1750071600,59.7,60.05,59.55,59.95,6968661
1750075200,59.9,60.25,59.7,59.9,6541585
1750078800,59.85,60.25,59.65,60.2,8519223
1750082400,60.2,60.5,59.85,60.05,21774228
1750086000,59.9,59.9,59.9,59.9,3380095
1750140000,60.05,60.05,60.05,60.05,413702
1750143600,60,60.15,59.1,59.25,17872946
1750147200,59.2,59.65,58.9,59.6,7630924
1750150800,59.6,59.95,59.55,59.65,5591860
1750154400,59.65,59.7,59.4,59.55,3440983
1750158000,59.5,60.3,59.35,59.75,17298124
1750161600,59.7,59.9,59.3,59.4,7149678
1750165200,59.4,59.8,59.3,59.4,7073915
1750168800,59.45,59.7,58.7,58.8,12919002
1750172400,58.6,58.6,58.6,58.6,3303346
1750226400,58.4,58.4,58.4,58.4,312248
1750230000,58.4,59.4,58.25,58.45,21664601
1750233600,58.45,58.55,57.9,57.95,7318519
1750237200,57.95,58.6,57.85,58.5,5938924
1750240800,58.5,58.5,58.15,58.25,3620725
1750244400,58.25,58.45,58,58.1,2858908
1750248000,58.15,58.2,57.8,57.85,2886244
1750251600,57.9,57.95,57.2,57.5,8702227
1750255200,57.5,58.85,57.4,58.45,19882675
1750258800,58.35,58.35,58.35,58.35,2411114
1750312800,59.2,59.2,59.2,59.2,579174
1750316400,59.25,59.4,58.55,58.8,15355379
1750320000,58.85,59.2,58.7,58.75,6172622
1750323600,58.75,59.2,58.75,58.95,4267952
1750327200,58.9,59.1,58.65,58.9,5044402
1750330800,58.9,58.95,57.05,57.35,29415728
1750334400,57.35,57.4,56.85,57,11593189
1750338000,57,57.15,56.85,56.95,10592410
1750341600,56.95,57.45,56.5,57.4,23826149
1750345200,57.15,57.15,57.15,57.15,2742768
1750399200,57.95,57.95,57.95,57.95,622043
1750402800,57.9,58.6,57.9,58.4,20686309
1750406400,58.4,58.55,58.05,58.15,4988383
1750410000,58.15,58.25,57.95,58.15,2992785
1750413600,58.15,58.15,57.85,57.9,2885849
1750417200,57.9,57.95,57.65,57.7,3743387
1750420800,57.7,57.9,57.5,57.8,4431890
1750424400,57.8,57.85,57.25,57.3,5249231
1750428000,57.3,57.5,57.1,57.2,10338100
1750431600,57.2,57.2,57.2,57.2,5454826
1750658400,56.35,56.35,56.35,56.35,761861
1750662000,56.35,57.55,56.3,57.2,22636015
1750665600,57.25,58.05,57.05,57.85,11072251
1750669200,57.9,58.1,57.65,57.75,3382125
1750672800,57.75,57.8,57.5,57.55,2616531
1750676400,57.5,57.85,57.45,57.8,3416362
1750680000,57.85,58.05,57.7,57.95,5032473
1750683600,57.95,58.1,57.65,57.7,5361460
1750687200,57.65,57.95,57.55,57.85,9386268
1750690800,57.9,57.9,57.9,57.9,1483856
1750744800,61,61,61,61,1169379
1750748400,61,61.45,59.3,59.35,33035068
1750752000,59.35,60.2,59.15,59.9,13598068
1750755600,59.9,60.2,59.75,59.95,6556922
1750759200,59.95,60.4,59.8,60.15,8925634
1750762800,60.15,60.75,60.05,60.4,15402118
1750766400,60.4,60.6,59.95,60,7511662
1750770000,60,60.55,59.9,60.5,11640981
1750773600,60.45,61.3,60.45,61.3,20310431
1750777200,61.05,61.05,61.05,61.05,3426341
1750831200,61.25,61.25,61.25,61.25,465763
1750834800,61.25,61.45,60.7,61,14669906
1750838400,61,61.25,60.6,60.8,6330738
1750842000,60.8,60.95,60.6,60.6,4876791
1750845600,60.6,60.9,60.4,60.9,6319890
1750849200,60.9,60.9,60.6,60.7,3199489
1750852800,60.7,60.7,60.25,60.55,7549175
1750856400,60.5,60.8,60.1,60.2,10957816
1750860000,60.15,61.15,60.1,60.95,19467740
1750863600,60.95,60.95,60.95,60.95,2265531
1750917600,60.65,60.65,60.65,60.65,518235
1750921200,60.6,61.7,60.5,60.95,26415598
1750924800,60.9,61.05,60.6,60.8,3790690
1750928400,60.75,60.95,60.65,60.9,2243851
1750932000,60.9,61,60.7,60.8,2366767
1750935600,60.75,61.35,60.7,61.3,5814350
1750939200,61.35,61.5,61.15,61.3,8372315
1750942800,61.35,61.35,60.85,61.1,6293544
1750946400,61.1,61.15,60.6,60.8,9319071
1750950000,60.8,60.8,60.8,60.8,2856305
1751004000,60.85,60.85,60.85,60.85,263389
1751007600,60.85,61,60.4,60.7,8400489
1751011200,60.7,61.15,60.65,60.7,6399064
1751014800,60.65,60.7,60.05,60.25,8142471
1751018400,60.3,61,60.15,60.9,6046497
1751022000,60.9,62.85,60.9,61.75,30471656
1751025600,61.75,61.95,61.2,61.8,12715241
1751029200,61.8,62.4,61.45,62.1,12573980
1751032800,62.15,62.35,61.8,62,16509536
1751036400,62,62,62,62,4227357
1751263200,62.9,62.9,62.9,62.9,1021277
1751266800,62.9,63.9,62.7,62.9,23914484
1751270400,62.9,66.15,62.65,65.8,51415875
1751274000,65.85,67.05,65.8,66.8,22924139
1751277600,66.75,68.2,66.55,68.2,22925999
1751281200,68.2,68.2,68.1,68.2,6299921
1751284800,68.2,68.2,67.7,68.2,13360063
1751288400,68.2,68.2,67.95,68.1,13392999
1751292000,68.1,68.2,67.65,68,21272160
1751295600,67.95,68.2,67.95,68.2,5325107
1751349600,68.25,68.25,68.25,68.25,1132835
1751353200,68.25,69.6,67.95,68.7,43452226
1751356800,68.7,68.9,67.65,67.75,10941310
1751360400,67.7,68.8,67.65,68.7,10673128
1751364000,68.65,68.7,68.1,68.2,4457495
1751367600,68.2,68.45,68.15,68.2,3612721
1751371200,68.2,68.65,67.95,68.3,9191734
1751374800,68.3,69.3,68.3,68.8,17553972
1751378400,68.8,68.9,68.2,68.3,16133528
1751382000,68.1,68.1,68.1,68.1,3952990
1751436000,68.3,68.3,68.3,68.3,475912
1751439600,68.25,69,68.1,68.6,21551563
1751443200,68.6,69.6,68.55,69.45,21022391
1751446800,69.45,70.05,69.25,69.4,17321836
1751450400,69.4,69.65,69.35,69.45,4455009
1751454000,69.45,69.6,68.9,69.15,8753418
1751457600,69.2,69.3,68.55,68.85,8182280
1751461200,68.85,68.9,68.05,68.65,13619406
1751464800,68.7,69.1,68.5,68.95,10892762
1751468400,68.95,69.15,68.95,69.15,2328929
1751522400,70.7,70.7,70.7,70.7,1353320
1751526000,70.7,72.15,68.6,68.7,45049964
1751529600,68.7,69.15,68.3,68.4,12474961
1751533200,68.4,68.7,68.4,68.65,3913632
1751536800,68.65,68.85,68.6,68.65,3053059
1751540400,68.65,69.05,68.55,68.85,4809401
1751544000,68.8,69.6,68.75,69.4,13383622
1751547600,69.4,69.65,68.7,68.9,9695830
1751551200,68.95,69.2,68.6,68.75,11232067
1751554800,68.8,68.8,68.8,68.8,3478322
1751608800,68.8,68.8,68.8,68.8,430804
1751612400,68.8,68.85,67.9,68.3,17124840
1751616000,68.25,68.55,68.1,68.3,4986899
1751619600,68.3,68.85,68.3,68.5,7566159
1751623200,68.45,68.85,68.4,68.6,3915050
1751626800,68.6,68.65,68.35,68.55,3290159
1751630400,68.5,69.15,68.45,68.75,9998755
1751634000,68.7,69.05,68.65,68.95,6513717
1751637600,69,69.7,68.95,69.55,20082949
1751641200,69.5,69.7,69.5,69.7,1953996
1751868000,68.25,68.25,68.25,68.25,747977
1751871600,68.25,69.35,68,69.25,27698105
1751875200,69.25,69.4,68.7,68.75,9946494
1751878800,68.75,69.1,68.7,68.9,5834366
1751882400,68.85,68.95,68.7,68.9,3238826
1751886000,68.85,69,68.8,68.9,3105501
1751889600,68.85,68.95,68.4,68.5,8946588
1751893200,68.5,68.75,68.15,68.15,6358002
1751896800,68.15,68.3,67.85,68,13441143
1751900400,67.95,67.95,67.95,67.95,4777275
1751954400,68.5,68.5,68.5,68.5,830657
1751958000,68.5,68.8,67.9,68.3,31674992
1751961600,68.3,68.35,68,68.25,6578005
1751965200,68.25,68.3,67.55,67.65,12445424
1751968800,67.7,67.85,66.35,67.4,27569689
1751972400,67.4,67.8,67.3,67.5,8650283
1751976000,67.55,67.85,67.35,67.55,7219667
1751979600,67.55,68.05,67.4,67.75,9415087
1751983200,67.7,67.9,67.55,67.65,11868699
1751986800,67.7,67.7,67.7,67.7,3587575
1752040800,67.6,67.6,67.6,67.6,391487
1752044400,67.6,68.3,67.2,68.25,19650787
1752048000,68.25,68.5,68.05,68.2,9932104
1752051600,68.2,68.35,68.15,68.3,2294319
1752055200,68.25,68.75,68.2,68.75,6187471
1752058800,68.7,69.15,68.45,68.8,16323842
1752062400,68.85,69.2,68.55,69,11743111
1752066000,69.05,69.25,68.95,69,6764547
1752069600,69,69.4,68.95,69.3,11691306
1752073200,69.3,69.3,69.3,69.3,2421232
1752127200,70.45,70.45,70.45,70.45,1447391
1752130800,70.45,71,69.95,70.15,28148340
1752134400,70.1,70.8,70.05,70.35,11265197
1752138000,70.4,70.45,70.25,70.35,2756506
1752141600,70.35,70.45,70.1,70.35,3348956
1752145200,70.35,70.4,70.15,70.2,2192711
1752148800,70.2,70.55,70.1,70.4,5244186
1752152400,70.35,70.85,70.3,70.6,10019480
1752156000,70.6,70.7,70.15,70.4,9737120
1752159600,70.35,70.4,70.35,70.35,2353063
1752213600,70.85,70.85,70.85,70.85,828905
1752217200,70.9,71.55,70.55,70.7,20215299
1752220800,70.7,71.05,70.6,70.8,7314569
1752224400,70.75,70.8,70.6,70.7,3368440
1752228000,70.7,70.8,70.25,70.45,6044654
1752231600,70.45,70.45,69,69.15,13996818
1752235200,69.2,69.8,69.1,69.5,11531673
1752238800,69.5,69.8,69.35,69.75,5603045
1752242400,69.8,70.2,69.65,69.8,13081604
1752246000,69.75,69.75,69.75,69.75,3448695
1752472800,69.6,69.6,69.6,69.6,481567
1752476400,69.55,69.7,67.1,67.8,31695769
1752480000,67.8,67.9,67.3,67.55,12694479
1752483600,67.5,67.75,67.4,67.7,4539834
1752487200,67.7,67.7,67.4,67.45,4849831
1752490800,67.45,67.95,67.4,67.6,6389857
1752494400,67.55,67.65,67.15,67.3,6574424
1752498000,67.3,67.35,67.15,67.2,5383287
1752501600,67.2,67.25,66.85,66.9,13150975
1752505200,66.9,66.9,66.9,66.9,4153658
1752645600,66.7,66.7,66.7,66.7,666041
1752649200,66.65,67.3,66.1,66.9,21359264
1752652800,66.85,67,66.35,66.7,9844968
1752656400,66.7,66.8,66.65,66.75,2781413
1752660000,66.7,66.95,66.55,66.55,9141068
1752663600,66.6,66.65,65.85,65.9,11136249
1752667200,65.9,66.05,65.05,65.25,9437728
1752670800,65.2,65.6,64.05,65.55,17261893
1752674400,65.6,66.5,65.45,65.7,14273631
1752678000,65.45,65.45,65.45,65.45,4411726
1752732000,66.15,66.15,66.15,66.15,1292235
1752735600,66.15,66.45,65.85,66.15,11755571
1752739200,66.15,66.2,65.9,66.1,3513247
1752742800,66.15,66.25,65.85,66,2788163
1752746400,66,66.6,66,66.45,6857065
1752750000,66.45,66.55,66.1,66.3,4786210
1752753600,66.35,67.4,66.25,67.1,19080946
1752757200,67.15,67.95,67.1,67.65,26460147
1752760800,67.65,68.05,67.6,67.9,14277294
1752764400,67.9,67.9,67.85,67.85,3263751
1752818400,68,68,68,68,628972
1752822000,68,68.2,67.6,67.85,13169607
1752825600,67.9,67.95,67.3,67.35,4346818
1752829200,67.35,67.6,67.15,67.55,4473587
1752832800,67.5,67.65,67.25,67.35,2398325
1752836400,67.4,67.4,67.15,67.25,2980234
1752840000,67.3,67.75,67.25,67.55,6321863
1752843600,67.55,67.65,67.2,67.35,9410164
1752847200,67.35,67.6,67.25,67.3,8453466
1752850800,67.3,67.3,67.3,67.3,3413806
1753077600,67.6,67.6,67.6,67.6,732117
1753081200,67.55,69.05,67.55,68.6,31653637
1753084800,68.6,68.8,68.3,68.65,8234981
1753088400,68.65,68.7,68.5,68.6,2951724
1753092000,68.55,68.65,68.4,68.5,2486152
1753095600,68.45,68.65,68.35,68.65,4364131
1753099200,68.65,68.75,68.5,68.5,5048335
1753102800,68.55,68.75,68.5,68.65,6358588
1753106400,68.65,69.15,68.55,68.8,15600777
1753110000,68.8,68.8,68.6,68.6,3730765
1753164000,68.6,68.6,68.6,68.6,503513
1753167600,68.6,68.65,68,68.2,17867522
1753171200,68.15,68.9,68.15,68.75,14504598
1753174800,68.75,68.8,68.6,68.65,4358674
1753178400,68.6,68.7,68.3,68.4,3843429
1753182000,68.4,68.5,68.2,68.25,3028233
1753185600,68.25,68.35,68.1,68.25,3813882
1753189200,68.25,68.5,68.15,68.25,6798465
1753192800,68.25,68.4,67.6,67.65,14498300
1753196400,67.6,67.6,67.6,67.6,1862412
1753250400,67.8,67.8,67.8,67.8,341583
1753254000,67.75,68.05,67.05,67.3,14688096
1753257600,67.25,67.3,66.8,67.05,8077375
1753261200,67.05,67.2,66.95,67.1,2601135
1753264800,67.1,67.55,66.95,67.3,5804941
1753268400,67.3,67.4,67.2,67.3,2915816
1753272000,67.25,67.5,67.05,67.15,3953059
1753275600,67.15,67.75,66.95,67.65,8655438
1753279200,67.6,68.05,67.25,67.45,17070048
1753282800,67.4,67.55,67.4,67.55,1749385
1753336800,68,68,68,68,700148
1753340400,68,68.1,67.65,67.7,7030363
1753344000,67.75,68.15,67.7,67.95,7485733
1753347600,67.95,68,67.75,67.75,2773075
1753351200,67.8,68,67.75,67.85,6729449
1753354800,67.85,69.75,67.4,68.8,68074473
1753358400,68.75,69.05,68.4,68.75,16626131
1753362000,68.75,68.8,68.35,68.55,7643290
1753365600,68.6,68.8,68.1,68.2,14084346
1753369200,68.2,68.2,68.2,68.2,2648916
1753423200,68.15,68.15,68.15,68.15,501581
1753426800,68.1,68.15,67.65,67.85,11872063
1753430400,67.85,68.05,67.5,67.65,5145543
1753434000,67.7,67.8,67.6,67.7,2146984
1753437600,67.7,67.95,67.65,67.9,1670093
1753441200,67.85,68.15,67.8,68,5352892
1753444800,68,68.15,67.85,67.95,5146102
1753448400,67.95,68.35,67.85,68.1,7297000
1753452000,68.15,68.15,67.85,68,6604934
1753455600,68,68,68,68,2100393
1753682400,68.5,68.5,68.5,68.5,977501
1753686000,68.45,68.65,67.7,67.8,12893101
1753689600,67.8,67.85,67.2,67.55,5012015
1753693200,67.6,67.6,67.3,67.6,2346754
1753696800,67.55,67.55,67.25,67.45,1969435
1753700400,67.45,67.8,67.4,67.55,4525504
1753704000,67.55,67.85,67.45,67.7,3010018
1753707600,67.7,67.8,67.3,67.3,3931196
1753711200,67.3,67.45,67,67.15,7067329
1753714800,67.15,67.15,67.15,67.15,1996417
1753768800,67.15,67.15,67.15,67.15,451874
1753772400,67.15,68.1,67.1,67.3,15928503
1753776000,67.3,67.9,67.2,67.85,5488795
1753779600,67.8,68.05,67.7,67.9,3848776
1753783200,67.9,67.95,67.6,67.7,1669380
1753786800,67.65,67.8,67.6,67.7,1815590
1753790400,67.7,67.95,67.65,67.65,2004763
1753794000,67.65,67.8,67.65,67.7,1942889
1753797600,67.65,67.75,67.15,67.3,7360211
1753801200,67.15,67.15,67.15,67.15,1686714
1753855200,66.9,66.9,66.9,66.9,305233
1753858800,66.85,67.4,66.7,67,12431024
1753862400,67,67.75,67,67.4,15469870
1753866000,67.35,67.45,67.25,67.25,2508700
1753869600,67.25,67.3,67.05,67.15,4489198
1753873200,67.2,67.3,66.95,67.05,10314064
1753876800,67.05,67.1,66.75,66.9,6368669
1753880400,66.95,67.6,66.8,67.35,20614654
1753884000,67.35,67.55,67.15,67.2,11510040
1753887600,67.25,67.25,67.2,67.2,3751167
1753941600,67.5,67.5,67.5,67.5,683964
1753945200,67.5,68.2,67.35,67.9,18624853
1753948800,67.95,68,67.7,67.7,5335546
1753952400,67.7,67.75,67.5,67.55,3203824
1753956000,67.55,67.65,67.35,67.45,3939900
1753959600,67.4,67.55,67.3,67.45,3854675
1753963200,67.4,67.65,67.35,67.55,4175797
1753966800,67.55,67.8,67.2,67.7,10752642
1753970400,67.7,67.8,67.45,67.5,10116853
1753974000,67.5,67.5,67.5,67.5,4463933
1754028000,67.45,67.45,67.45,67.45,411630
1754031600,67.4,67.55,66.5,66.65,22003841
1754035200,66.6,66.75,66.35,66.4,6989743
1754038800,66.45,66.45,66.15,66.4,4788353
1754042400,66.45,66.55,66.35,66.55,2279574
1754046000,66.55,66.55,66.3,66.5,3961486
1754049600,66.5,66.6,66.35,66.4,3615152
1754053200,66.45,66.85,66.35,66.55,5653539
1754056800,66.55,66.85,66.35,66.6,13755532
1754060400,66.55,66.55,66.55,66.55,3573802
1754287200,67.05,67.05,67.05,67.05,1231760
1754290800,67.1,69.05,67.05,68,58163866
1754294400,67.95,68.05,67.7,67.95,9300685
1754298000,67.95,68.2,67.85,67.95,6288558
1754301600,68,68.05,67.75,67.8,3756379
1754305200,67.8,67.95,67.65,67.85,4495440
1754308800,67.9,67.95,67.7,67.75,3143755
1754312400,67.75,68,67.45,67.5,13585060
1754316000,67.55,67.65,66.9,66.95,16054202
1754319600,66.85,66.85,66.85,66.85,3760468
1754373600,67.1,67.1,67.1,67.1,1168769
1754377200,67.1,67.1,66.55,66.75,17222599
1754380800,66.75,67.05,66.65,66.8,8275017
1754384400,66.75,66.85,66.7,66.75,2767729
1754388000,66.75,66.75,66.4,66.55,4316358
1754391600,66.5,66.6,66.45,66.6,2868390
1754395200,66.55,66.9,66.4,66.8,6928434
1754398800,66.85,67,66.75,66.95,5907103
1754402400,66.95,67.25,66.7,66.75,12624207
1754406000,66.75,66.75,66.75,66.75,2105607
1754460000,66.8,66.8,66.8,66.8,547799
1754463600,66.8,67.05,66.05,66.2,16770702
1754467200,66.15,66.4,66.05,66.35,3713037
1754470800,66.35,66.55,66.2,66.45,4007550
1754474400,66.45,66.8,66.45,66.75,4556614
1754478000,66.75,67.3,66.7,67,11912023
1754481600,67.05,67.2,66.7,66.75,5132380
1754485200,66.7,67.1,66.7,66.9,4270756
1754488800,66.9,66.95,66.6,66.7,8853467
1754492400,66.7,66.7,66.7,66.7,3191336
1754546400,67,67,67,67,689808
1754550000,67.05,67.55,67,67.45,15626272
1754553600,67.45,67.95,67.4,67.9,14364296
1754557200,67.9,68.4,67.9,68.3,13032727
1754560800,68.35,69.5,68.15,69.5,22267830
1754564400,69.45,69.45,68.65,68.75,12372293
1754568000,68.75,68.8,68.5,68.65,4759325
1754571600,68.65,68.85,68.5,68.75,7385422
1754575200,68.7,68.85,68.2,68.3,11541955
1754578800,68.55,68.55,68.55,68.55,1013632
1754632800,68.55,68.55,68.55,68.55,304694
1754636400,68.5,68.9,68.1,68.1,14471760
1754640000,68.1,68.2,67.85,67.95,3418022
1754643600,67.95,68.15,67.9,67.95,2722930
1754647200,67.95,68,67.65,67.8,2386883
1754650800,67.8,68.1,67.75,68,2829106
1754654400,68,68.1,67.85,67.95,2611081
1754658000,67.95,68.55,67.85,68.45,5792599
1754661600,68.45,68.5,67.8,67.85,8287903
1754665200,67.9,67.9,67.9,67.9,1540381
1754892000,68.5,68.5,68.5,68.5,601862
1754895600,68.55,68.8,68,68.15,12551047
1754899200,68.15,68.45,68.1,68.3,4563472
1754902800,68.3,68.7,68.3,68.5,5382861
1754906400,68.5,68.6,68.45,68.55,1142141
1754910000,68.5,68.65,68.5,68.6,1924432
1754913600,68.55,68.65,68.3,68.35,3466397
1754917200,68.35,68.55,68.3,68.4,2941802
1754920800,68.4,68.6,68.15,68.25,6154860
1754924400,68.25,68.25,68.25,68.25,1836484
1754978400,68.25,68.25,68.25,68.25,282321
1754982000,68.2,68.65,68.1,68.45,11831545
1754985600,68.45,68.65,68.2,68.35,8653717
1754989200,68.35,68.4,68.05,68.1,3247418
1754992800,68.1,68.35,68.05,68.25,2947296
1754996400,68.25,68.4,68.2,68.35,2510449
1755000000,68.4,68.55,68.25,68.4,3166952
1755003600,68.35,68.6,68.3,68.5,4539428
1755007200,68.45,68.5,68.2,68.25,8486294
1755010800,68.25,68.25,68.25,68.25,2122175
1755064800,68.35,68.35,68.35,68.35,272936
1755068400,68.35,68.9,68.05,68.45,16796250
1755072000,68.5,69,68.4,68.7,6462564
1755075600,68.65,68.95,68.6,68.6,2757524
1755079200,68.65,68.65,68.5,68.55,1795631
1755082800,68.55,68.7,68.4,68.55,2717749
1755086400,68.55,68.6,68.4,68.5,2442433
1755090000,68.5,68.65,68.4,68.6,3139783
1755093600,68.65,68.75,68.3,68.3,6172301
1755097200,68.35,68.35,68.35,68.35,2726294
1755151200,68.25,68.25,68.25,68.25,443495
1755154800,68.25,68.65,68.05,68.5,10925729
1755158400,68.55,68.6,67.75,67.9,8905818
1755162000,67.9,67.9,67.7,67.9,2862299
1755165600,67.9,68.1,67.85,67.95,2322535
1755169200,67.95,68.1,67.85,67.95,2201689
1755172800,67.95,68.1,67.3,67.6,6980877
1755176400,67.6,67.6,67.15,67.4,5697076
1755180000,67.35,67.55,66.7,66.75,9190595
1755183600,66.75,66.75,66.75,66.75,2397957
1755237600,66.65,66.65,66.65,66.65,205239
1755241200,66.65,66.95,66.45,66.85,9298618
1755244800,66.85,67.05,66.65,66.9,3714275
1755248400,66.9,66.9,66.7,66.8,1856459
1755252000,66.8,66.9,66.65,66.75,2036652
1755255600,66.7,66.9,66.7,66.75,2982856
1755259200,66.75,67.15,66.55,67.1,3959789
1755262800,67.1,67.5,67.05,67.4,8378992
1755266400,67.4,67.55,67.05,67.3,7386053
1755270000,67.2,67.2,67.2,67.2,1516156
1755496800,67.3,67.3,67.3,67.3,312971
1755500400,67.3,67.55,66.6,67,10321279
1755504000,66.95,67.05,66.8,66.85,2809645
1755507600,66.8,66.9,66.55,66.6,2592248
1755511200,66.65,66.7,66.4,66.5,3129279
1755514800,66.45,66.5,66.1,66.2,3089692
1755518400,66.15,66.4,66.15,66.3,2145384
1755522000,66.3,66.5,66.25,66.3,1820551
1755525600,66.3,66.5,66.2,66.5,6712052
1755529200,66.5,66.5,66.5,66.5,1915709
1755583200,66.7,66.7,66.7,66.7,681135
1755586800,66.75,67.4,66.75,66.85,12288982
1755590400,66.9,66.95,66.7,66.8,3349900
1755594000,66.8,67.1,66.75,66.8,4122652
1755597600,66.85,66.85,66.75,66.8,1243106
1755601200,66.85,66.85,66.5,66.55,2482709
1755604800,66.55,66.6,66.05,66.3,7174824
1755608400,66.3,66.3,65.9,66.1,4890927
1755612000,66.15,66.2,65.4,65.9,17753334
1755615600,65.85,65.85,65.85,65.85,3288886
1755669600,65.85,65.85,65.85,65.85,961939
1755673200,65.8,66.45,65.65,66.35,13634981
1755676800,66.3,66.5,66.25,66.5,4445475
1755680400,66.5,66.75,66.45,66.75,5604290
1755684000,66.75,67.3,66.7,67.25,12210982
1755687600,67.25,67.35,67,67.15,5263487
1755691200,67.2,67.65,67.1,67.55,7757350
1755694800,67.6,67.8,67.2,67.3,9841457
1755698400,67.25,67.4,67.15,67.2,8214779
1755702000,67.2,67.2,67.2,67.2,1978258
1755756000,67.6,67.6,67.6,67.6,920654
1755759600,67.65,68,67.1,67.9,30357698
1755763200,67.85,68.3,67.8,68,13283877
1755766800,68,68.1,67.8,68,3818968
1755770400,68,68.15,67.8,67.95,4102795
1755774000,67.95,68.05,67.8,67.85,3817406
1755777600,67.85,67.9,67.55,67.8,6255889
1755781200,67.8,68.25,67.8,68.1,8670088
1755784800,68.15,68.4,68,68.2,12429445
1755788400,68.25,68.25,68.25,68.25,2049236
1755842400,68.9,68.9,68.9,68.9,2545998
1755846000,68.85,69.05,68.55,68.65,21400868
1755849600,68.7,68.8,68.5,68.6,6412578
1755853200,68.55,68.6,68.35,68.45,3192738
1755856800,68.5,68.5,68.1,68.4,4118551
1755860400,68.4,69.35,68.35,69.1,18204321
1755864000,69.1,69.1,68.45,68.7,12498753
1755867600,68.7,68.9,68.5,68.65,3723985
1755871200,68.65,69.9,68.6,69.8,24483422
1755874800,69.85,69.85,69.85,69.85,1828603
1756101600,70.8,70.8,70.8,70.8,1504095
1756105200,70.8,71.05,70.35,70.45,22216288
1756108800,70.5,70.5,69.8,69.85,8663855
1756112400,69.85,70.05,69.7,69.75,6301222
1756116000,69.75,69.8,69.5,69.7,4700200
1756119600,69.7,70.05,69.6,69.8,6648789
1756123200,69.8,69.8,69.4,69.5,5324162
1756126800,69.45,69.55,69.2,69.45,4999406
1756130400,69.45,69.7,69.1,69.3,8433549
1756134000,69.25,69.25,69.25,69.25,2540362
1756188000,69.05,69.05,69.05,69.05,418738
1756191600,69.05,70.1,68.5,69.55,24149288
1756195200,69.6,69.8,69.5,69.55,3842166
1756198800,69.55,70,69.45,69.8,4062544
1756202400,69.8,70,69.7,69.8,2204543
1756206000,69.8,69.85,69.65,69.75,3169057
1756209600,69.75,70,69.55,69.75,3999543
1756213200,69.75,70.25,69.75,70,9738737
1756216800,70,70.2,69.45,69.55,9428128
1756220400,70.5,70.5,70.5,70.5,7790606
1756274400,70.2,70.2,70.2,70.2,383397
1756278000,70.2,70.2,69.7,70,11901641
1756281600,70.05,70.3,69.6,70.05,9885846
1756285200,70.05,70.15,69.75,70,3590760
1756288800,69.95,70.2,69.65,70.15,7033915
1756292400,70.2,70.2,69.9,69.95,4058351
1756296000,69.95,70.05,69.6,69.95,7638292
1756299600,69.9,70.3,69.7,69.75,14010077
1756303200,69.75,70,69.05,69.4,12656058
1756306800,69,69,69,69,3865975
1756360800,69.1,69.1,69.1,69.1,334795
1756364400,69.1,70.1,69.05,69.95,11774746
1756368000,69.95,70.6,69.85,70.1,14846398
1756371600,70.15,70.3,69.95,70.15,4924398
1756375200,70.2,70.35,69.95,70.1,3830164
1756378800,70.05,70.15,69.75,69.8,4305382
1756382400,69.8,70,69.55,69.95,5864986
1756386000,69.95,70.4,69.6,69.65,10053901
1756389600,69.65,69.8,69.2,69.45,11003580
1756393200,69.5,69.5,69.5,69.5,1751596
1756447200,69.55,69.55,69.55,69.55,191831
1756450800,69.55,70,69.4,69.8,6695090
1756454400,69.85,69.85,69.6,69.65,2266103
1756458000,69.6,70.3,69.5,70.1,9361202
1756461600,70.05,70.2,69.85,69.9,3791992
1756465200,69.85,69.9,68.7,68.9,14297430
1756468800,68.85,69.25,68.75,69.05,4704549
1756472400,69.05,69.1,68.5,68.65,7708892
1756476000,68.65,68.8,67.9,68.15,23342277
1756479600,68.25,68.25,68.25,68.25,2483706
1756706400,68.45,68.45,68.45,68.45,410858
1756710000,68.4,69.7,68.35,69.65,20038573
1756713600,69.7,69.75,69.05,69.35,8408589
1756717200,69.35,69.4,68.5,68.7,6806620
1756720800,68.75,68.95,68.6,68.8,3196775
1756724400,68.85,69.05,68.7,69,4078513
1756728000,69.05,69.1,68.8,68.95,3290089
1756731600,68.95,69,68.3,68.95,7584112
1756735200,68.95,69.15,68.8,69.05,6385452
1756738800,69.2,69.2,69.2,69.2,1262432
1756792800,69.4,69.4,69.4,69.4,471709
1756796400,69.4,69.95,69.15,69.5,18378780
1756800000,69.5,69.7,69.3,69.5,5617340
1756803600,69.55,69.75,69.3,69.5,5868664
1756807200,69.5,70.05,69.45,69.8,9725092
1756810800,69.8,69.95,69.6,69.95,6317139
1756814400,69.9,70.2,65.95,65.95,37464955
1756818000,65.95,65.95,62.9,65.45,78526350
1756821600,65.4,66.8,65,66.15,30242126
1756825200,66.15,66.35,66.05,66.05,2735541
1756879200,66.15,66.15,66.15,66.15,1614038
1756882800,66.15,66.15,61.15,61.5,80434008
1756886400,61.5,61.65,60.8,61.4,32301417
1756890000,61.35,61.45,61.05,61.25,16528664
1756893600,61.25,61.5,61.15,61.25,15905560
1756897200,61.25,61.35,60.9,61.2,19570496
1756900800,61.2,61.25,60.95,61.2,10171541
1756904400,61.2,61.8,61.15,61.6,23200179
1756908000,61.6,61.65,60.85,60.85,32391228
1756911600,60.85,60.9,60.8,60.8,6385616
1756965600,61.1,61.1,61.1,61.1,1191227
1756969200,61.1,61.45,60.4,60.5,41341796
1756972800,60.5,61.05,60.45,61.05,24486928
1756976400,61.05,61.7,60.95,61.25,44496541
1756980000,61.2,62.35,61,61.8,45678679
1756983600,61.8,62.1,61.65,61.85,14611218
1756987200,61.85,62.05,61.6,61.6,10675726
1756990800,61.6,61.75,61.25,61.45,16778092
1756994400,61.4,61.9,61.35,61.65,22402009
1756998000,61.6,61.6,61.6,61.6,4034113
1757052000,62.15,62.15,62.15,62.15,1280863
1757055600,62.15,62.25,61.05,61.7,30761170
1757059200,61.7,62.6,61.65,62.35,25665094
1757062800,62.35,62.55,62.1,62.45,18292563
1757066400,62.5,62.7,61.85,62.1,18485290
1757070000,62.15,62.8,62.1,62.55,12178912
1757073600,62.55,62.85,62.4,62.55,12808419
1757077200,62.55,64.65,62.15,64.1,58700073
1757080800,64.05,64.2,62.25,62.35,40846090
1757084400,62.45,62.45,62.45,62.45,3005838
1757311200,61.35,61.35,61.35,61.35,638953
1757314800,61.35,62.35,60.9,61,24007881
1757318400,60.95,61.05,60.55,60.6,10979150
1757322000,60.55,60.9,60.5,60.85,5071515
1757325600,60.85,61.1,60.7,61,6455454
1757329200,61,61.25,60.8,61.15,7741084
1757332800,61.1,61.2,60.8,61.1,6622103
1757336400,61.1,61.3,60.8,61.15,4890313
1757340000,61.2,61.75,61.1,61.45,16635007
1757343600,61.55,61.55,61.55,61.55,2801464
1757397600,62,62,62,62,716750
1757401200,62,62.2,61.3,61.45,18735540
1757404800,61.45,61.65,61.2,61.6,6460789
1757408400,61.55,61.85,61.55,61.7,6344763
1757412000,61.75,62.35,61.7,62.25,12554448
1757415600,62.25,62.7,62.15,62.5,11301585
1757419200,62.5,63.35,62.45,63.05,13824089
1757422800,63.1,63.1,61.6,62,23471317
1757426400,62.05,62.95,61.95,62.8,17597026
1757430000,62.8,62.8,62.8,62.8,2437947
1757484000,63.3,63.3,63.3,63.3,810069
1757487600,63.3,63.65,62.55,63.6,25307314
1757491200,63.6,63.65,62.9,62.95,12190176
1757494800,62.95,63.15,62.75,63.1,4769550
1757498400,63.1,63.1,62.75,62.85,2463661
1757502000,62.8,63,62.55,62.7,4290745
1757505600,62.65,63.4,62.6,62.9,9101696
1757509200,62.9,63.95,62.9,63.65,21649229
1757512800,63.65,64.15,63.5,63.95,14357336
1757516400,63.95,63.95,63.9,63.9,2538162
1757570400,63.95,63.95,63.95,63.95,623984
1757574000,63.9,64.55,63.85,64.15,26677777
1757577600,64.15,64.25,63.9,64.05,8236753
1757581200,64.05,64.1,63.5,63.85,9677916
1757584800,63.9,65.5,63.85,64.4,74306596
1757588400,64.35,64.75,62.85,63.25,75963745
1757592000,63.2,63.6,62.85,62.9,18052964
1757595600,62.9,63.2,62.55,62.7,18565859
1757599200,62.75,62.8,60.9,61.2,41827988
1757602800,61,61,61,61,5642274
1757656800,61.1,61.1,61.1,61.1,703832
1757660400,61.1,61.35,60.3,60.8,29139124
1757664000,60.8,61.4,60.75,61.2,10989259
1757667600,61.2,61.45,61.05,61.3,6360227
1757671200,61.3,61.8,61,61.55,10432179
1757674800,61.55,61.7,61.3,61.35,8914740
1757678400,61.3,61.6,60.9,61.15,13046937
1757682000,61.15,61.85,61.05,61.55,12714010
1757685600,61.55,62.25,61.5,61.95,22010706
1757689200,62,62,62,62,2566766
1757916000,61.8,61.8,61.8,61.8,348729
1757919600,61.8,63.4,61.45,62.4,33269452
1757923200,62.45,66,61.15,65.4,92527902
1757926800,65.4,66.45,65.4,65.55,24443291
1757930400,65.5,65.75,65.15,65.3,10007849
1757934000,65.3,65.9,65.25,65.7,11432749
1757937600,65.7,65.9,65.45,65.55,12060138
1757941200,65.55,65.6,64.85,65,17239315
1757944800,65.05,65.5,64.95,65.4,20398678
1757948400,65.45,65.45,65.45,65.45,3864193
1758002400,65.65,65.65,65.65,65.65,861876
1758006000,65.65,65.9,65.25,65.65,28996234
1758009600,65.65,65.85,65.25,65.35,8774548
1758013200,65.35,65.4,65,65.25,7900481
1758016800,65.25,65.7,65.2,65.65,7067566
1758020400,65.65,66.1,65.35,65.55,14984758
1758024000,65.55,66.65,65.55,66.2,27544896
1758027600,66.2,66.65,66.1,66.5,17343506
1758031200,66.5,66.9,66.35,66.65,22980899
1758034800,66.6,66.6,66.6,66.6,2735337
1758088800,66.55,66.55,66.55,66.55,490045
1758092400,66.5,66.95,66.3,66.4,22206383
1758096000,66.35,66.6,66.25,66.5,7519093
1758099600,66.45,66.55,66.2,66.3,4957066
1758103200,66.3,66.55,66.15,66.3,7161973
1758106800,66.35,67.1,66.3,66.5,19123527
1758110400,66.5,66.85,66.45,66.8,6423805
1758114000,66.85,67.5,66.8,67.3,19650726
1758117600,67.3,67.75,67.1,67.25,17343694
1758121200,67.35,67.35,67.35,67.35,2255175
1758175200,67.45,67.45,67.45,67.45,833643
1758178800,67.45,67.65,66.95,67.65,20667753
1758182400,67.65,67.7,67.2,67.3,6620762
1758186000,67.25,67.4,67.15,67.2,3867722
1758189600,67.15,67.45,67.15,67.35,5702781
1758193200,67.35,67.4,67.1,67.15,5712215
1758196800,67.1,67.2,66.95,67.15,3206238
1758200400,67.15,67.15,65.3,65.35,25355813
1758204000,65.35,65.7,64.5,64.9,28266435
1758207600,65.05,65.05,65.05,65.05,3066903
1758261600,65.25,65.25,65.25,65.25,369524
1758265200,65.25,65.3,64.8,65.15,12444353
1758268800,65.1,65.95,65.05,65.65,14403865
1758272400,65.65,66.2,65.55,65.7,12295702
1758276000,65.7,65.85,65.35,65.85,10336593
1758279600,65.8,66.25,65.8,66.05,10583100
1758283200,66.05,67.2,65.05,66.95,43713879
1758286800,66.95,67.15,65.65,65.85,35062623
1758290400,65.85,66.5,65.4,66.45,22918254
1758294000,66.65,66.65,66.65,66.65,5876348
1758520800,68.55,68.55,68.55,68.55,2092139
1758524400,68.55,68.75,67.8,68.35,32470662
1758528000,68.4,68.75,68.3,68.4,18595906
1758531600,68.35,68.45,68,68.2,6027811
1758535200,68.2,68.25,68.1,68.25,2951793
1758538800,68.2,68.55,68.1,68.35,11260662
1758542400,68.3,68.4,67.85,68.05,8787926
1758546000,68.1,68.15,67.7,68,9776774
1758549600,68,68.05,67.75,67.8,8780940
1758553200,67.7,67.7,67.7,67.7,3414717
1758607200,66.5,66.5,66.5,66.5,699699
1758610800,66.5,67.2,66.15,66.7,28105039
1758614400,66.7,66.85,66.45,66.6,8326331
1758618000,66.55,66.6,66.35,66.45,3600489
1758621600,66.4,66.8,66.4,66.7,7415374
1758625200,66.7,66.7,66.15,66.4,6287010
1758628800,66.4,66.5,66,66.1,6563431
1758632400,66.1,66.15,65.85,66.1,5711872
1758636000,66.05,66.15,65.85,65.9,8331703
1758639600,66,66,66,66,2625890
1758693600,66.15,66.15,66.15,66.15,484702
1758697200,66.1,66.3,65.75,66.05,13395359
1758700800,66.05,66.15,63.75,65.3,43471670
1758704400,65.35,66,65.2,65.75,10306739
1758708000,65.75,67.1,65.7,66.35,19927653
1758711600,66.35,66.5,65.3,65.5,18018734
1758715200,65.5,65.9,65.4,65.9,6881034
1758718800,65.9,66,65.45,65.85,8503212
1758722400,65.85,66,65.6,65.65,9832972
1758726000,65.55,65.55,65.55,65.55,4079585
1758780000,65.95,65.95,65.95,65.95,879176
1758783600,65.95,66.05,64.85,65.05,28661391
1758787200,65,65.15,64.9,65.05,5992199
1758790800,65.05,65.15,64.75,64.9,5398169
1758794400,64.9,65.1,64.8,65,4513407
1758798000,65,65.15,64.6,64.75,7312794
1758801600,64.8,64.8,64.55,64.7,5279503
1758805200,64.7,65.05,64.65,64.95,9782148
1758808800,64.9,65,64.65,64.65,9195083
1758812400,64.65,64.65,64.65,64.65,4729290
1758866400,64.45,64.45,64.45,64.45,412475
1758870000,64.45,64.8,64,64.05,18127178
1758873600,64.05,64.3,63.85,63.9,13458154
1758877200,63.85,64.05,63.75,64,7218400
1758880800,64,64,63.45,63.55,12416654
1758884400,63.55,63.55,62.75,62.85,26968883
1758888000,62.8,62.9,62.1,62.3,25644897
1758891600,62.3,62.3,61.6,61.9,27773633
1758895200,61.85,62.1,61.4,61.55,27936865
1758898800,61.55,61.8,61.5,61.8,5420145
1759125600,61.05,61.05,61.05,61.05,564472
1759129200,61,62.25,60.9,62.2,24351115
1759132800,62.25,62.3,61.9,62.1,6414670
1759136400,62.15,62.4,62.05,62.15,8794055
1759140000,62.15,62.3,62,62.05,4367994
1759143600,62.1,62.2,61.95,62.1,4744859
1759147200,62.05,62.25,61.65,61.9,10353188
1759150800,61.9,62,61.4,61.8,13771931
1759154400,61.8,61.9,61.2,61.3,13853443
1759158000,61.2,61.2,61.2,61.2,4406301
1759212000,61.55,61.55,61.55,61.55,715307
1759215600,61.5,62.05,61.35,61.75,19388323
1759219200,61.75,62.25,61.7,61.85,15471199
1759222800,61.9,62,61.6,61.95,12556548
1759226400,61.95,62.05,61.55,61.85,13306875
1759230000,61.8,62.45,61.8,62.3,15251846
1759233600,62.25,62.5,62.1,62.35,10618242
1759237200,62.35,62.5,62.1,62.45,10256300
1759240800,62.4,62.95,62.2,62.55,19242963
1759244400,62.7,62.7,62.7,62.7,4982408
1759298400,62.55,62.55,62.55,62.55,183515
1759302000,62.55,62.8,61.9,62.65,23741988
1759305600,62.65,62.8,62.25,62.4,9548443
1759309200,62.4,62.5,62.15,62.45,6048026
1759312800,62.45,62.55,62.3,62.4,4100348
1759316400,62.4,63.3,62.25,63.15,22621782
1759320000,63.2,64.55,63.15,64,29371215
1759323600,63.95,64.75,63.75,64.2,32461031
1759327200,64.2,64.6,64.1,64.35,13277378
1759330800,64.25,64.25,64.25,64.25,2760414
1759384800,64.15,64.15,64.15,64.15,297239
1759388400,64.15,64.55,63.7,64.05,19215045
1759392000,64.05,64.2,63.55,63.65,11720504
1759395600,63.6,63.65,62.85,63.25,13890383
1759399200,63.2,63.5,63.1,63.45,5851676
1759402800,63.4,63.55,62.75,62.95,8688793
1759406400,62.95,63.05,62.75,62.8,4217600
1759410000,62.8,62.8,62.15,62.25,8902721
1759413600,62.3,62.5,62,62.3,10748253
1759417200,62.45,62.45,62.45,62.45,1561858
1759471200,63,63,63,63,692306
1759474800,63,63.1,60.95,61.05,45208842
1759478400,61,61.15,60.7,60.9,12430207
1759482000,60.95,60.95,60.75,60.9,3724915
1759485600,60.9,60.9,60.15,60.4,10651844
1759489200,60.35,60.5,59.85,60.1,18197526
1759492800,60.1,60.4,59.9,60.05,8158537
1759496400,60.05,60.1,59.45,59.6,11495861
1759500000,59.6,59.7,59.25,59.45,14306257
1759503600,59.45,59.45,59.45,59.45,3128455
1759730400,59.8,59.8,59.8,59.8,275062
1759734000,59.8,60.2,59.55,59.95,17535587
1759737600,59.95,60.3,59.95,60,8480110
1759741200,60.05,60.15,59.8,59.95,3809541
1759744800,59.95,60.15,59.7,60,4556202
1759748400,60,60,59.3,59.35,8689774
1759752000,59.35,59.55,59.1,59.45,8946506
1759755600,59.4,59.55,58.2,58.9,20451357
1759759200,58.9,58.9,58.05,58.4,19307091
1759762800,58.45,58.45,58.45,58.45,3475581
1759816800,58.65,58.65,58.65,58.65,708163
1759820400,58.6,59.05,58.3,58.45,15601289
1759824000,58.5,58.7,58.3,58.5,6262439
1759827600,58.45,58.8,58.45,58.65,5038529
1759831200,58.65,59.35,58.6,59.1,14739828
1759834800,59.05,59.1,58.7,58.85,6690078
1759838400,58.85,59,58.4,58.7,7460081
1759842000,58.7,59.1,58.6,58.85,8614122
1759845600,58.85,59.15,58.4,58.95,13083356
1759849200,59.1,59.1,59.1,59.1,1952932
1759903200,59.15,59.15,59.15,59.15,572856
1759906800,59.1,60.05,58.8,60.05,23108461
1759910400,60,60.1,59.6,59.6,10479779
1759914000,59.65,59.75,59.55,59.55,3901659
1759917600,59.55,59.65,59.35,59.5,5358655
1759921200,59.55,59.6,59.05,59.1,8799741
1759924800,59.05,59.15,58.1,58.25,13050046
1759928400,58.25,58.5,58.15,58.45,5900445
1759932000,58.45,58.55,58.05,58.2,12235902
1759935600,58.1,58.1,58.1,58.1,4080471
1759989600,58.9,58.9,58.9,58.9,1145115
1759993200,58.9,59.1,57.9,58.05,20482886
1759996800,58.05,58.25,57.85,58.1,5197226
1760000400,58.1,58.4,58.05,58.35,3405991
1760004000,58.35,58.35,58.15,58.2,2787091
1760007600,58.2,58.3,57.5,57.6,11355240
1760011200,57.6,57.7,57.35,57.65,7287784
1760014800,57.7,58.4,57.55,57.9,12525831
1760018400,57.9,57.95,57,57.5,15181680
1760022000,57.35,57.35,57.35,57.35,3129354
1760076000,57.5,57.5,57.5,57.5,380330
1760079600,57.45,58.3,57.4,58.15,15161083
1760083200,58.2,58.25,57.7,57.85,4953303
1760086800,57.85,58.05,57.8,57.85,2919254
1760090400,57.85,58.15,57.8,57.9,3139763
1760094000,57.9,58,57.7,57.9,2538996
1760097600,57.95,58,57.15,57.3,9526143
1760101200,57.3,57.5,56.85,57.15,6805977
1760104800,57.15,57.75,57.05,57.65,12390649
1760108400,57.5,57.5,57.5,57.5,3132775
1760335200,56.65,56.65,56.65,56.65,473720
1760338800,56.65,57.1,56.25,56.65,22766716
1760342400,56.65,57.2,56.55,57,9811260
1760346000,57,57.05,56.65,56.65,3904535
1760349600,56.65,56.8,56.55,56.75,5082927
1760353200,56.75,56.8,56.5,56.5,4858900
1760356800,56.55,56.7,56.4,56.6,5100383
1760360400,56.55,56.7,55.75,56,13580577
1760364000,56,56.1,55.75,55.9,11333731
1760367600,55.95,55.95,55.95,55.95,3383369
1760421600,56,56,56,56,297641
1760425200,56,56.15,54.9,55.05,23446235
1760428800,55.1,55.5,55,55.3,11619477
1760432400,55.3,55.35,55.15,55.2,4260661
1760436000,55.2,55.3,54.8,54.9,5768603
1760439600,54.85,54.9,54.6,54.7,6649445
1760443200,54.7,55,54.6,54.75,6421774
1760446800,54.7,54.75,53.9,54,17652889
1760450400,54,54.1,53.2,53.5,19485059
1760454000,53.5,53.5,53.5,53.5,2536651
1760508000,53.75,53.75,53.75,53.75,413347
1760511600,53.75,54.55,53.6,53.85,21350208
1760515200,53.85,54.05,53.35,53.4,10832374
1760518800,53.45,53.75,53.35,53.45,7383779
1760522400,53.5,54.3,53.4,53.6,13284755
1760526000,53.6,53.75,53.4,53.65,7328957
1760529600,53.7,54.45,53.25,54.25,17651021
1760533200,54.2,54.4,53.15,53.3,15364175
1760536800,53.3,53.8,53.15,53.6,17489868
1760540400,53.6,53.6,53.6,53.6,3020227
1760594400,53.7,53.7,53.7,53.7,892724
1760598000,53.75,55.3,53.55,54.7,42738470
1760601600,54.7,56.1,54.7,55.65,25946611
1760605200,55.65,55.85,55.45,55.55,8269311
1760608800,55.5,55.8,55.35,55.5,5947788
1760612400,55.5,55.7,55.2,55.35,6812743
1760616000,55.35,55.55,55.05,55.2,8421619
1760619600,55.15,55.3,54.9,55.15,8173860
1760623200,55.15,55.35,54.8,55.25,14540923
1760626800,55.3,55.3,55.3,55.3,2023989
1760680800,54.95,54.95,54.95,54.95,529705
1760684400,54.95,55.4,54.1,54.15,22362387
1760688000,54.1,54.15,53.05,53.75,17608103
1760691600,53.7,54.45,53.5,54.35,10152712
1760695200,54.4,54.55,54.1,54.45,4777914
1760698800,54.4,54.85,54.25,54.65,9168752
1760702400,54.7,55.35,54.65,54.9,13293578
1760706000,54.85,55.4,54.65,55.3,10881017
1760709600,55.3,55.35,54.7,54.9,12638692
1760713200,54.9,54.9,54.85,54.85,2366408
1760940000,55.35,55.35,55.35,55.35,616891
1760943600,55.35,55.5,54.25,54.6,22499967
1760947200,54.6,55,54.45,54.85,6914202
1760950800,54.85,55.9,54.8,55.35,19900036
1760954400,55.4,55.95,55.3,55.65,9178346
1760958000,55.7,57.35,55.6,57.15,29030982
1760961600,57.15,57.45,56.85,56.85,18186880
1760965200,56.9,58.15,56.85,58.1,33161013
1760968800,58.1,58.45,57.75,57.95,25795778
1760972400,57.95,57.95,57.95,57.95,6188296
1761026400,57.95,57.95,57.95,57.95,269152
1761030000,57.95,58.35,57.55,57.85,26069518
1761033600,57.9,57.9,57.35,57.45,10143161
1761037200,57.5,57.75,57.15,57.65,10133320
1761040800,57.65,57.85,57.4,57.6,9853976
1761044400,57.6,57.8,57.35,57.4,11832110
1761048000,57.4,57.55,57,57.2,16389006
1761051600,57.2,58.15,57.15,57.25,35835761
1761055200,57.25,57.8,57.05,57.45,24481691
1761058800,57.6,57.6,57.6,57.6,2773005
1761112800,58.05,58.05,58.05,58.05,529802
1761116400,58.05,58.5,57.65,58.3,33311207
1761120000,58.25,58.6,58,58.55,16581402
1761123600,58.5,58.65,58.3,58.45,7954420
1761127200,58.45,58.5,58.1,58.15,6078609
1761130800,58.15,58.25,57.8,58.05,9303186
1761134400,58,58.55,57.95,58.3,10581521
1761138000,58.3,58.45,58.1,58.2,8221686
1761141600,58.2,58.4,57.95,58.05,11908094
1761145200,57.9,57.9,57.9,57.9,2905486
1761199200,58,58,58,58,508302
1761202800,58,59.05,58,58.75,31072712
1761206400,58.75,59.2,58.55,58.6,12568700
1761210000,58.55,58.75,58.2,58.35,6653379
1761213600,58.35,58.65,58.25,58.5,8596231
1761217200,58.5,59.4,57.55,59.25,53767336
1761220800,59.3,59.4,58.6,58.85,13358892
1761224400,58.8,58.9,58.45,58.65,7290625
1761228000,58.7,58.95,58.25,58.4,12983851
1761231600,58.55,58.55,58.55,58.55,2050352
1761285600,59.6,59.6,59.6,59.6,1112206
1761289200,59.55,59.65,58.3,59.5,62263470
1761292800,59.5,63.95,59.45,62.6,182192029
1761296400,62.6,62.95,61.9,62.1,45812227
1761300000,62.1,62.55,61.75,62.3,21971943
1761303600,62.3,62.4,60.9,61.15,27894978
1761307200,61.15,61.25,60.65,61,19176235
1761310800,61.05,61.45,60.85,61.05,22812621
1761314400,61.1,61.1,60.1,60.2,29771078
1761318000,60.2,60.2,60.2,60.2,4532013
1761544800,60.1,60.1,60.1,60.1,1109750
1761548400,60.1,60.55,59.6,60.4,38620745
1761552000,60.4,60.65,60.2,60.35,14229942
1761555600,60.35,60.4,60,60.15,7572656
1761559200,60.15,60.4,60.05,60.25,7439355
1761562800,60.25,60.3,59.8,59.95,7775121
1761566400,59.9,60.05,59.7,59.85,9809166
1761570000,59.8,59.85,59.05,59.2,20340855
1761573600,59.25,59.35,58.45,58.65,26121541
1761577200,58.8,58.8,58.8,58.8,3812733
1761633000,58.85,59.15,58.65,59.05,15659263
1761636600,59.1,59.25,58.85,58.95,11868936
1761640200,58.95,59.05,58.3,58.45,20149204
1761643800,58.55,58.55,58.55,58.55,1812907
1761804000,59,59,59,59,831360
1761807600,59.05,59.45,58.85,59,27798424
1761811200,59.05,59.15,58.7,58.8,12346237
1761814800,58.75,58.85,58.7,58.8,3671474
1761818400,58.8,58.85,58.6,58.65,5561204
1761822000,58.65,58.95,58.35,58.8,12526316
1761825600,58.8,58.95,58.65,58.85,8851710
1761829200,58.8,59.4,58.75,59.3,18710682
1761832800,59.3,59.6,59.1,59.4,16270027
1761836400,59.5,59.5,59.5,59.5,3502804
1761890400,59.55,59.55,59.55,59.55,1112644
1761894000,59.55,59.6,58.95,59.1,14248034
1761897600,59.1,60,59.1,59.55,19888232
1761901200,59.55,60.65,59.5,60.4,24836887
1761904800,60.4,60.6,60.15,60.3,11271910
1761908400,60.25,60.4,60.1,60.2,8505207
1761912000,60.2,60.35,59.6,59.75,14696782
1761915600,59.8,60.05,59.65,60,11077867
1761919200,60.05,60.65,59.9,60.6,30214947
1761922800,60.8,60.8,60.8,60.8,4092544
1762149600,61.25,61.25,61.25,61.25,1591459
1762153200,61.25,63.1,60.95,62.15,56634547
1762156800,62.15,62.4,61.65,61.85,16346554
1762160400,61.85,62.15,61.65,62.1,6479439
1762164000,62.05,62.15,61.3,61.45,12974682
1762167600,61.4,61.7,61.35,61.7,4952686
1762171200,61.65,61.75,61.35,61.45,7283017
1762174800,61.4,61.55,60.75,60.85,16033573
1762178400,60.85,61.2,60.8,61.15,16015524
1762182000,61.15,61.15,61.1,61.1,2922634
1762236000,60.85,60.85,60.85,60.85,390844
1762239600,60.8,62.05,60.75,61.95,27352543
1762243200,61.95,62.3,61.1,61.1,30124972
1762246800,61.1,61.45,61,61.1,12087596
1762250400,61.1,61.1,60.7,61.05,10432629
1762254000,61.05,61.2,60.85,61.1,8017832
1762257600,61.05,61.3,61.05,61.2,6087598
1762261200,61.2,61.55,61,61.15,11840915
1762264800,61.15,61.3,60.8,61.1,10811021
1762268400,61,61,61,61,4627744
1762322400,60.95,60.95,60.95,60.95,282604
1762326000,60.9,61.5,60.9,61.1,18717568
1762329600,61.1,61.95,61.05,61.55,20542486
1762333200,61.55,61.65,61.1,61.2,6643612
1762336800,61.15,61.35,60.65,61.2,17151877
1762340400,61.2,61.45,61.15,61.35,5980269
1762344000,61.35,61.45,60.95,61.25,7369075
1762347600,61.25,61.4,61.05,61.3,8256784
1762351200,61.25,61.45,61,61.25,14596415
1762354800,61.25,61.25,61.2,61.2,3928963
1762408800,61.6,61.6,61.6,61.6,1214194
1762412400,61.65,62.35,61.6,61.75,26854263
1762416000,61.75,62.1,61.5,62.1,14629520
1762419600,62.1,62.2,61.7,61.85,7614512
1762423200,61.85,62.05,61.8,61.95,5426939
1762426800,61.95,62.25,61.9,62.05,11910502
1762430400,62.05,62.6,62,62.55,20113617
1762434000,62.55,62.65,62.2,62.5,7459822
1762437600,62.45,62.8,62.4,62.55,12318138
1762441200,62.45,62.45,62.45,62.45,3264985
1762495200,62.5,62.5,62.5,62.5,257886
1762498800,62.45,62.5,61.65,61.7,15461482
1762502400,61.7,61.75,59.8,59.9,41479232
1762506000,59.9,60.3,59.8,60.2,12903147
1762509600,60.2,60.9,60.15,60.7,12623698
1762513200,60.65,61.1,60.5,60.95,8201593
1762516800,61,61.15,60.9,61,7283251
1762520400,60.95,61.3,60.5,60.6,9090908
1762524000,60.6,60.9,60.25,60.85,16397131
1762527600,60.85,60.9,60.85,60.9,2250799
1762754400,61.2,61.2,61.2,61.2,316376
1762758000,61.15,61.55,60.95,61.15,20202053
1762761600,61.15,61.2,59.6,59.9,27429601
1762765200,59.85,60.1,59.65,59.9,11315504
1762768800,59.9,59.95,59.4,59.5,11146835
1762772400,59.55,59.95,59.5,59.9,7568351
1762776000,59.85,59.95,59.65,59.85,5189390
1762779600,59.8,60.3,59.75,60.05,7597318
1762783200,60.05,60.2,59.65,59.75,12985550
1762786800,59.8,59.9,59.8,59.9,2961953
1762840800,59.75,59.75,59.75,59.75,246763
1762844400,59.75,60.3,59.55,59.95,18401358
1762848000,59.95,60.25,59.85,59.95,9618416
1762851600,59.9,60,59.7,59.7,4989479
1762855200,59.75,59.9,59.55,59.65,3928658
1762858800,59.6,59.75,59.4,59.55,6161736
1762862400,59.55,59.8,56.8,58.75,51791572
1762866000,58.75,59.3,58.05,58.4,24558558
1762869600,58.35,58.8,58.15,58.3,17858015
1762873200,58.3,58.3,58.3,58.3,2600404
1762927200,58.7,58.7,58.7,58.7,644543
1762930800,58.7,58.8,57.95,58.65,23586437
1762934400,58.65,59.1,58.5,58.6,11074235
1762938000,58.6,58.95,58.5,58.75,5091422
1762941600,58.8,59.15,58.75,59.1,6126122
1762945200,59.1,59.3,59,59.05,11445422
1762948800,59.1,59.25,58.85,58.9,9699968
1762952400,58.9,58.95,58.5,58.5,8409847
1762956000,58.5,59,58.45,58.8,17035487
1762959600,58.9,58.9,58.9,58.9,4401487
1763013600,59.1,59.1,59.1,59.1,394768
1763017200,59.1,59.35,58.5,58.5,18448850
1763020800,58.5,59.25,58.4,59.1,13574273
1763024400,59.1,59.2,58.9,58.95,5545285
1763028000,59,59.15,58.85,58.85,3688190
1763031600,58.85,59,58.5,58.75,5213894
1763035200,58.8,58.95,58.65,58.7,5292541
1763038800,58.75,58.9,58.35,58.45,6389961
1763042400,58.4,58.8,58.3,58.6,15342820
1763046000,58.7,58.7,58.7,58.7,2706515
1763100000,58.45,58.45,58.45,58.45,223711
1763103600,58.45,58.75,58.25,58.55,14841028
1763107200,58.55,59.1,58.4,58.55,11728731
1763110800,58.5,58.75,58.3,58.4,5066253
1763114400,58.4,58.55,58.2,58.45,6233140
1763118000,58.45,58.5,58,58.1,6386429
1763121600,58.1,58.15,57.8,57.85,9174638
1763125200,57.9,58.1,57.8,57.95,5564882
1763128800,57.95,58.25,57.85,58.15,12336574
1763132400,58.15,58.3,58.15,58.3,1872076
1763359200,58.65,58.65,58.65,58.65,666718
1763362800,58.65,59.2,58.3,58.35,24159854
1763366400,58.35,58.55,58.25,58.45,10100061
1763370000,58.45,58.5,58.2,58.3,4844095
1763373600,58.35,58.85,58.1,58.8,13408986
1763377200,58.8,59.3,58.7,58.9,15577596
1763380800,58.95,59.3,58.7,58.75,9127506
1763384400,58.75,58.8,58.2,58.3,15723225
1763388000,58.3,58.55,58.1,58.25,11276005
1763391600,58.35,58.35,58.35,58.35,3309999
1763445600,58.1,58.1,58.1,58.1,400732
1763449200,58.05,59.15,57.8,59.05,30584110
1763452800,59.05,59.2,58.45,58.8,17186694
1763456400,58.8,59,58.45,58.5,5292914
1763460000,58.45,58.75,58.35,58.7,6123850
1763463600,58.7,59.05,58.6,58.9,9080856
1763467200,58.95,59.1,58.6,58.7,9282737
1763470800,58.7,59.05,58.6,58.9,7656708
1763474400,58.85,58.95,58.4,58.7,17865860
1763478000,58.85,58.85,58.85,58.85,3267542
1763532000,59.15,59.15,59.15,59.15,505303
1763535600,59.15,59.45,58.75,59.4,20057503
1763539200,59.35,60.85,59.35,60.55,40849272
1763542800,60.55,60.95,60.5,60.8,10551788
1763546400,60.8,61.2,60.7,61,11910424
1763550000,60.95,61.1,60.8,60.95,9869715
1763553600,60.9,61.6,60.85,61.4,13818169
1763557200,61.45,61.55,61.25,61.45,5757362
1763560800,61.45,61.6,61.2,61.45,12195402
1763564400,61.45,61.45,61.35,61.35,1462142
1763618400,61.65,61.65,61.65,61.65,489797
1763622000,61.65,62.3,61.5,61.7,22517838
1763625600,61.7,61.75,60.95,61,15980554
1763629200,60.95,61.15,60.9,61.1,7314284
1763632800,61.1,61.2,60.7,60.75,8468890
1763636400,60.8,60.9,60.6,60.65,7787609
1763640000,60.65,61.05,60.5,60.95,10524843
1763643600,60.95,61.75,60.9,61.65,18992149
1763647200,61.7,62,61.2,61.85,20849563
1763650800,61.9,61.9,61.9,61.9,3064578
1763964000,61.45,61.45,61.45,61.45,176228
1763967600,61.5,62.8,61.3,62.65,33671094
1763971200,62.65,62.75,61.5,61.95,15493400
1763974800,61.95,62.4,61.7,62.35,11258635
1763978400,62.35,62.4,62.05,62.2,6099481
1763982000,62.15,62.2,61.9,62.1,5082588
1763985600,62.05,62.6,62.05,62.45,15942917
1763989200,62.45,62.55,62.2,62.25,5974703
1763992800,62.25,63.1,62.2,62.8,19669058
1763996400,62.9,62.9,62.9,62.9,8924436
1764050400,63.1,63.1,63.1,63.1,606305
1764054000,63.1,63.5,62.9,63.2,23910800
1764057600,63.15,63.85,63.15,63.45,19266941
1764061200,63.45,63.45,62.6,62.8,15993732
1764064800,62.85,62.85,62.4,62.5,9702722
1764068400,62.55,63.05,62.25,63,12300203
1764072000,63,63.8,62.7,63.4,23255900
1764075600,63.35,63.5,62.95,63.25,16639639
1764079200,63.3,63.5,62.7,63.25,23044179
1764082800,63.4,63.4,63.4,63.4,3320405
1764136800,63.45,63.45,63.45,63.45,249328
1764140400,63.45,63.9,63.2,63.6,25222251
1764144000,63.55,63.85,63.5,63.75,8497015
1764147600,63.75,63.75,63.25,63.3,4987454
1764151200,63.3,63.4,63.05,63.35,6864944
1764154800,63.35,63.45,63.15,63.3,4186503
1764158400,63.3,63.45,63.15,63.45,6035480
1764162000,63.4,63.85,63.35,63.55,13121058
1764165600,63.5,63.75,63.45,63.55,8625473
1764169200,63.5,63.5,63.5,63.5,1978613
1764223200,64,64,64,64,850717
1764226800,64,64.6,63.85,63.95,21935365
1764230400,63.95,64.1,63.7,64.1,8940476
1764234000,64.1,64.2,64.05,64.1,5675334
1764237600,64.1,64.25,63.9,63.95,6087868
1764241200,63.9,64.35,63.85,64.35,8734117
1764244800,64.3,64.45,64.1,64.15,7518605
1764248400,64.2,64.75,63.5,63.6,37820528
1764252000,63.55,63.9,63.45,63.65,13010729
1764255600,63.75,63.75,63.75,63.75,2016856
1764309600,63.55,63.55,63.55,63.55,446439
1764313200,63.55,64.25,63.5,63.75,21352949
1764316800,63.7,64,63.65,63.95,8883272
1764320400,64,64,63.8,63.9,2673588
1764324000,63.9,63.95,63.75,63.85,2417438
1764327600,63.8,64.3,63.7,64.2,15197226
1764331200,64.2,64.25,63.7,63.75,8706048
1764334800,63.75,64.35,63.7,64,9459798
1764338400,64,64.9,63.95,64.75,26081468
1764342000,64.75,64.75,64.75,64.75,3361433
1764568800,64.7,64.7,64.7,64.7,494380
1764572400,64.7,65.2,63.95,65.15,30562923
1764576000,65.15,65.95,65.1,65.5,26843848
1764579600,65.45,66.3,65.45,66.1,18184170
1764583200,66.15,66.3,66,66.1,9107840
1764586800,66.1,66.6,66.1,66.25,16294608
1764590400,66.25,66.25,66,66.25,9150040
1764594000,66.25,66.25,66,66.15,12391547
1764597600,66.2,66.8,66.15,66.35,29853210
1764601200,66.25,66.25,66.25,66.25,3783599
1764655200,66.35,66.35,66.35,66.35,564384
1764658800,66.35,66.45,65.85,66.4,31630533
1764662400,66.4,66.55,65.8,65.9,22346585
1764666000,65.85,65.95,65.6,65.85,15968031
1764669600,65.85,65.85,65.4,65.5,13908632
1764673200,65.45,65.75,65.4,65.65,12860018
1764676800,65.7,65.85,65.5,65.55,10017281
1764680400,65.55,65.9,65.5,65.75,11014983
1764684000,65.75,66.1,65.6,66.05,16297482
1764687600,66.05,66.05,66.05,66.05,4482517
1764741600,66.3,66.3,66.3,66.3,1451648
1764745200,66.3,67.5,65.65,67,114343842
1764748800,67,67.55,66.9,67.3,34586727
1764752400,67.3,67.4,66.85,66.95,11718696
1764756000,66.95,67.1,66.8,66.85,16180852
1764759600,66.8,67.25,66.55,67.2,27252943
1764763200,67.2,68.15,67.15,67.55,42856688
1764766800,67.5,67.65,67,67.05,16011744
1764770400,67.05,67.4,66.9,66.95,18019697
1764774000,66.7,66.7,66.7,66.7,5703461
1764828000,66.9,66.9,66.9,66.9,561538
1764831600,66.85,67.1,65.9,66.1,31925168
1764835200,66.15,66.3,65.9,66,9159794
1764838800,65.95,66.1,65.7,65.8,7078256
1764842400,65.8,65.9,65.35,65.4,9795312
1764846000,65.4,65.5,65.05,65.15,22905632
1764849600,65.1,65.2,64.65,64.75,21425252
1764853200,64.75,65,64.3,64.3,26819139
1764856800,64.35,64.8,63.95,64.3,20120598
1764860400,64.25,64.4,64.25,64.4,4095763
1764914400,64.35,64.35,64.35,64.35,90048
1764918000,64.3,66.55,64.2,66.5,78052185
1764921600,66.5,66.95,66.4,66.4,20673748
1764925200,66.4,66.5,66.25,66.3,7541721
1764928800,66.35,66.85,66.25,66.7,9503092
1764932400,66.65,66.8,66.5,66.7,12489272
1764936000,66.65,66.9,66.35,66.45,13070527
1764939600,66.45,66.7,66.45,66.6,6560776
1764943200,66.6,67.15,66.6,67.1,21870754
1764946800,67,67,67,67,4105838
1765173600,67.7,67.7,67.7,67.7,942638
1765177200,67.7,68.15,67.6,67.8,23980604
1765180800,67.8,68.05,67.65,67.8,10668019
1765184400,67.85,68.15,67.7,68.05,8666389
1765188000,68.1,69.8,68.05,69.4,26945740
1765191600,69.35,69.45,68.9,69,6071255
1765195200,69,69.2,68.85,69.15,9973090
1765198800,69.15,69.4,68.3,68.65,17767999
1765202400,68.65,68.65,67.8,68.1,21397164
1765206000,68.15,68.3,68.1,68.3,3291384
1765260000,68.35,68.35,68.35,68.35,206881
1765263600,68.3,69.35,67.85,69.05,29129842
1765267200,69.1,69.1,68.75,69,15826426
1765270800,68.95,69.1,68.7,68.7,8630917
1765274400,68.75,69.05,68.3,68.85,12826528
1765278000,68.85,68.95,68.75,68.8,6152792
1765281600,68.8,69.25,68.7,69.1,10383585
1765285200,69.1,69.4,68.95,69.35,13290148
1765288800,69.35,69.5,69.15,69.35,11715531
1765292400,69.35,69.35,69.3,69.3,3774035
1765346400,69.45,69.45,69.45,69.45,604689
1765350000,69.4,69.55,68.75,69.05,26701925
1765353600,69.05,69.3,68.85,69.1,7788674
1765357200,69.1,69.4,68.95,69.15,8887426
1765360800,69.15,69.35,69.1,69.25,4758758
1765364400,69.25,69.3,69.15,69.25,5294233
1765368000,69.25,69.4,69.15,69.15,7759284
1765371600,69.15,69.2,67.7,68.1,35956340
1765375200,68.05,69.1,67.95,68.75,22108468
1765378800,68.65,68.65,68.65,68.65,3475772
1765432800,68.8,68.8,68.8,68.8,387589
1765436400,68.8,69.15,68.65,68.9,19261941
1765440000,68.9,69.3,68.65,69.2,12040335
1765443600,69.15,69.3,69,69.2,9475503
1765447200,69.2,69.25,68.95,69,9402262
1765450800,69.05,69.9,68.5,69.5,70564962
1765454400,69.5,69.55,68.75,68.85,20472645
1765458000,68.85,69.05,68.2,68.55,19727613
1765461600,68.55,69.25,68.45,69.05,17081096
1765465200,69,69,69,69,3328106
1765519200,69.35,69.35,69.35,69.35,712342
1765522800,69.4,70.3,69.15,69.25,22882195
1765526400,69.25,69.5,68.95,69,13743857
1765530000,68.95,69,68.45,68.85,7320381
1765533600,68.9,69.15,68.85,69.05,5345614
1765537200,69,69.05,68.7,68.75,3710875
1765540800,68.75,68.9,68.7,68.75,3920425
1765544400,68.75,69.2,68.75,69.05,7751424
1765548000,69.05,69.7,68.95,69.45,12007328
1765551600,69.55,69.55,69.55,69.55,2284492
1765778400,69.75,69.75,69.75,69.75,620341
1765782000,69.75,70.7,69.4,70.55,25747361
1765785600,70.5,70.9,70.4,70.75,10769396
1765789200,70.75,70.95,70.6,70.9,5925690
1765792800,70.85,71,70.85,70.95,5973584
1765796400,70.9,70.95,70.75,70.8,4401139
1765800000,70.8,70.95,70.7,70.75,5097856
1765803600,70.75,70.8,70.65,70.7,4557035
1765807200,70.7,71,70.65,70.9,14497344
1765810800,71,71,71,71,2929227
1765864800,70.95,70.95,70.95,70.95,232527
1765868400,70.9,71,70.45,70.6,14969573
1765872000,70.6,71.05,70.5,70.9,10990203
1765875600,70.9,70.95,70.25,70.55,10353095
1765879200,70.55,70.6,70.35,70.4,5567265
1765882800,70.4,70.55,70.2,70.5,5216480
1765886400,70.5,70.95,70.5,70.9,7023696
1765890000,70.9,70.9,70.6,70.7,2904543
1765893600,70.7,71.4,70.7,71.2,12169248
1765897200,71.3,71.3,71.3,71.3,1848958
1765951200,71.15,71.15,71.15,71.15,212227
1765954800,71.15,71.25,69.75,71,29451309
1765958400,71,71.15,70.55,70.75,9909900
1765962000,70.75,70.85,70.45,70.45,4989489
1765965600,70.45,70.65,70.35,70.55,5131543
1765969200,70.55,71.05,70.5,70.9,4855240
1765972800,70.95,71.05,70.7,70.7,4956138
1765976400,70.7,71,70.55,70.65,5744961
1765980000,70.6,71.15,70.5,70.65,12047800
1765983600,70.7,70.7,70.7,70.7,1578345
1766037600,70.85,70.85,70.85,70.85,380908
1766041200,70.85,71.15,70.6,70.85,12608908
1766044800,70.85,71.2,70.65,70.7,10803260
1766048400,70.75,70.8,70.15,70.2,6635440
1766052000,70.2,70.3,69.9,70.2,4947740
1766055600,70.25,70.6,70.2,70.4,5847136
1766059200,70.4,70.8,70.35,70.5,5662618
1766062800,70.5,71.6,70.45,71.1,20185193
1766066400,71.05,71.4,71,71.15,10069167
1766070000,71.2,71.2,71.15,71.15,1992219
1766124000,71.25,71.25,71.25,71.25,619748
1766127600,71.25,71.6,70.85,71.2,13509181
1766131200,71.2,71.65,71.15,71.2,8255817
1766134800,71.2,71.45,71,71.15,4229902
1766138400,71.2,71.95,71.1,71.45,9424922
1766142000,71.45,71.95,71.4,71.7,9595010
1766145600,71.65,71.85,71.5,71.75,6962818
1766149200,71.75,71.8,71.4,71.55,9073334
1766152800,71.6,71.85,71.45,71.8,15273399
1766156400,71.8,71.8,71.8,71.8,8865728
1766383200,72,72,72,72,498410
1766386800,72,73.1,71.6,72.9,19519556
1766390400,72.9,73.35,72.35,72.5,9091897
1766394000,72.5,72.7,71.85,71.9,6273073
1766397600,71.85,72.1,71.8,72.1,3651188
1766401200,72.1,72.2,71.95,72.15,2332658
1766404800,72.15,72.25,71.95,72.05,2587634
1766408400,72.05,72.2,71.55,71.75,5737629
1766412000,71.7,72.9,71.65,72.9,15479866
1766415600,72.9,72.9,72.9,72.9,1380934
1766469600,72.55,72.55,72.55,72.55,149513
1766473200,72.55,73.35,72.4,73.25,16921032
1766476800,73.25,73.65,73.05,73.3,9579979
1766480400,73.3,73.45,72.4,72.95,7058809
1766484000,72.95,73.05,72.6,72.9,5281323
1766487600,72.9,73.1,72.65,72.85,4705640
1766491200,72.85,72.9,72.5,72.75,4671962
1766494800,72.75,73.1,72.45,72.5,9230892
1766498400,72.45,72.6,71.65,71.75,18409757
1766502000,71.7,71.95,71.7,71.95,2658597
1766556000,72.05,72.05,72.05,72.05,265122
1766559600,72.1,72.35,71.65,71.9,9034688
1766563200,71.95,72.45,71.95,72.25,6123075
1766566800,72.25,72.3,71.95,72.05,1740557
1766570400,72.1,72.1,71.75,71.8,3542583
1766574000,71.8,71.85,70.9,70.95,8656521
1766577600,70.9,71,70.05,70.2,10719109
1766581200,70.2,70.45,70.15,70.35,6235804
1766584800,70.4,70.4,69.8,70.05,11010884
1766588400,69.85,69.85,69.85,69.85,3188818
1766642400,70.15,70.15,70.15,70.15,449748
1766646000,70.2,70.7,69.8,70.5,12303396
1766649600,70.45,70.5,70.15,70.25,3098366
1766653200,70.25,70.3,70.15,70.2,1660930
1766656800,70.2,70.25,70.1,70.15,1406924
1766660400,70.15,70.25,70.1,70.15,1129898
1766664000,70.15,70.2,70,70.05,1488536
1766667600,70,70.1,69.85,69.95,1812842
1766671200,69.9,69.95,69.6,69.8,4002804
1766674800,69.75,69.75,69.75,69.75,1657351
1766728800,69.75,69.75,69.75,69.75,305859
1766732400,69.7,70.1,69.4,69.45,9587462
1766736000,69.45,69.55,69,69,6096332
1766739600,69,69.25,68.9,69,3983371
1766743200,69,69.55,68.95,69.1,3748987
1766746800,69.1,69.1,68.7,68.75,3822681
1766750400,68.8,69,68.7,68.85,2622286
1766754000,68.85,69.35,68.85,69.15,8037464
1766757600,69.1,69.65,69,69.3,8933051
1766761200,69.3,69.35,69.25,69.25,1584089
1766988000,69.3,69.3,69.3,69.3,319898
1766991600,69.3,69.5,68.7,69.15,9970590
1766995200,69.15,69.25,68.6,69.1,9948338
1766998800,69.15,69.75,69.05,69.55,12206921
1767002400,69.55,70.1,69.4,69.85,6527847
1767006000,69.9,70.4,69.85,70.1,4857530
1767009600,70.15,70.15,69.45,69.5,4698228
1767013200,69.45,69.9,69.4,69.85,7127005
1767016800,69.9,70.05,69.55,69.8,7365939
1767020400,69.55,69.55,69.55,69.55,2309463
1767074400,69.7,69.7,69.7,69.7,211123
1767078000,69.65,69.9,69.4,69.65,7342234
1767081600,69.6,69.95,69.1,69.35,6707124
1767085200,69.3,69.6,69.15,69.5,3676652
1767088800,69.55,69.65,69.05,69.15,3269284
1767092400,69.15,69.95,69,69.7,5863283
1767096000,69.7,69.85,69.25,69.8,3293204
1767099600,69.8,69.9,69.3,69.5,3867461
1767103200,69.45,69.75,69.35,69.6,5735753
1767106800,69.75,69.75,69.75,69.75,1690327
1767160800,69.9,69.9,69.9,69.9,165684
1767164400,69.85,70.35,69.75,70.25,7807420
1767168000,70.2,70.5,69.85,69.9,10316114
1767171600,69.85,70.15,69.85,70.05,3996881
1767175200,70.05,70.45,70,70.4,10052145
1767178800,70.4,70.8,70.35,70.5,7950574
1767182400,70.5,70.95,70.5,70.7,4719843
1767186000,70.7,70.7,69.9,70.15,10118604
1767189600,70.15,70.2,69.7,69.85,15972231
1767193200,69.8,69.8,69.8,69.8,3472162
1767333600,70.1,70.1,70.1,70.1,809739
1767337200,70.15,70.9,70.1,70.6,16537088
1767340800,70.6,71.7,70.55,71.55,15731829
1767344400,71.55,71.7,71.2,71.35,6319008
1767348000,71.35,72.5,71.35,72.4,13440973
1767351600,72.4,72.9,72.35,72.55,10873959
1767355200,72.55,72.6,72.15,72.35,3664173
1767358800,72.35,73,72.1,72.8,7601156
1767362400,72.8,73.5,72.5,73.3,10946766
1767366000,73.5,73.5,73.5,73.5,1415281
1767592800,73.9,73.9,73.9,73.9,970617
1767596400,73.9,74.25,72.65,72.9,30614416
1767600000,72.85,73.7,72.75,73.15,24854937
1767603600,73.15,73.4,72.9,73.05,3887310
1767607200,73.05,73.55,72.85,73.4,5662173
1767610800,73.4,73.55,73.3,73.45,3390372
1767614400,73.45,73.7,73.25,73.5,8148614
1767618000,73.5,73.55,73.1,73.35,4209229
1767621600,73.4,73.55,73.1,73.3,10342714
1767625200,73.2,73.2,73.2,73.2,3842040
1767679200,73.35,73.35,73.35,73.35,562574
1767682800,73.35,74.65,72.75,74.55,28690671
1767686400,74.5,75.05,74.3,74.65,13423798
1767690000,74.65,74.8,74.4,74.6,10759122
1767693600,74.6,74.6,73.05,74.2,18716488
1767697200,74.2,74.3,74,74.25,6468718
1767700800,74.25,74.5,74.1,74.25,4473911
1767704400,74.2,74.45,73.85,74.1,9624129
1767708000,74.05,74.45,73.95,74.4,12345114
1767711600,74.4,74.4,74.4,74.4,2848880
1767765600,74.5,74.5,74.5,74.5,428344
1767769200,74.55,74.7,73.45,73.75,20100064
1767772800,73.8,73.85,73.05,73.35,14942971
1767776400,73.3,73.75,73.05,73.65,8939393
1767780000,73.7,73.7,73.3,73.5,2878378
1767783600,73.45,73.55,73.25,73.35,3566009
1767787200,73.4,73.45,72.55,72.85,10319672
1767790800,72.85,72.9,72.15,72.3,13921151
1767794400,72.3,72.35,72.15,72.25,13629755
1767798000,72.3,72.3,72.3,72.3,4611257
1767852000,72.35,72.35,72.35,72.35,428266
1767855600,72.35,72.75,72,72.35,15266491
1767859200,72.4,73.05,72.3,72.9,10856188
1767862800,72.9,72.95,72.2,72.3,5125385
1767866400,72.3,72.35,71.75,71.9,7189294
1767870000,71.9,72.1,71.7,72,4641319
1767873600,71.95,72.15,71.7,72.1,4462712
1767877200,72.15,72.6,71.95,72.4,11920723
1767880800,72.4,72.75,71.95,72.55,17185953
1767884400,72.7,72.7,72.7,72.7,3289721
1767938400,73.2,73.2,73.2,73.2,536157
1767942000,73.2,74,72.95,73.7,21388336
1767945600,73.75,74.2,73.3,73.7,16075431
1767949200,73.65,73.75,73.45,73.45,5751569
1767952800,73.5,73.75,73.45,73.55,4485565
1767956400,73.5,73.65,73.15,73.6,8089942
1767960000,73.65,74.3,73.5,74.3,10373688
1767963600,74.25,74.3,73.5,73.65,9199319
1767967200,73.7,74.1,73.25,73.75,18029057
1767970800,73.8,73.8,73.8,73.8,2477702
1768197600,74.1,74.1,74.1,74.1,857611
1768201200,74.1,75.05,74,74.85,20820588
1768204800,74.8,75.2,74.75,74.95,8630991
1768208400,75,75.1,74.7,74.75,3785149
1768212000,74.75,74.8,74.4,74.5,4920959
1768215600,74.55,74.95,74.5,74.8,4732258
1768219200,74.75,74.8,74.3,74.45,6821044
1768222800,74.5,74.5,73.2,73.55,17278772
1768226400,73.55,74.15,73.3,73.45,11977102
1768230000,73.5,73.5,73.5,73.5,1319236
1768284000,73.55,73.55,73.55,73.55,343058
1768287600,73.55,73.9,73.1,73.45,14422184
1768291200,73.45,74,73.15,73.35,11473250
1768294800,73.35,73.5,72.9,73.25,7183139
1768298400,73.25,74,73.2,73.5,8098484
1768302000,73.5,73.65,73.25,73.6,3300935
1768305600,73.6,75.1,73.45,74.8,16478598
1768309200,74.85,75,74.45,74.7,9710553
1768312800,74.75,75,74.35,74.5,10277107
1768316400,74.45,74.5,74.4,74.5,2206918
1768370400,74.9,74.9,74.9,74.9,424620
1768374000,74.95,75.1,74.35,74.6,11515113
1768377600,74.65,74.95,74.35,74.55,9015000
1768381200,74.55,74.85,74.55,74.65,3147581
1768384800,74.65,74.8,74.4,74.5,3811819
1768388400,74.5,74.6,74.1,74.15,8012522
1768392000,74.2,74.25,73.7,74.1,10021133
1768395600,74.15,74.6,73.8,73.9,7847749
1768399200,73.9,74.2,73.75,74,8128265
1768402800,74,74,74,74,2029080
1768456800,73.95,73.95,73.95,73.95,382960
1768460400,73.95,74.55,73.55,73.9,18213342
1768464000,73.9,74,72.85,72.85,12381362
1768467600,72.9,73.7,72.6,73.55,9879591
1768471200,73.55,74,73.35,73.6,5850198
1768474800,73.65,73.75,73.15,73.2,6236045
1768478400,73.2,73.4,73,73.3,3840042
1768482000,73.25,73.35,73.05,73.2,2863520
1768485600,73.2,74,73.05,73.8,11877583
1768489200,73.85,73.85,73.85,73.85,1730303
1768543200,74.05,74.05,74.05,74.05,581029
1768546800,74.05,75.6,74,74.95,45187755
1768550400,75,75.35,74.65,75.1,22516325
1768554000,75.1,75.2,74.4,74.55,11687795
1768557600,74.6,74.6,73.75,74.1,15099055
1768561200,74.1,75.3,74.1,74.85,16108993
1768564800,74.85,75.15,74.75,75.05,7482747
1768568400,75.1,75.35,74.3,74.6,11101399
1768572000,74.6,75.1,74.55,75,12519422
1768575600,75,75.1,74.9,74.9,4570859
1768802400,75.25,75.25,75.25,75.25,912928
1768806000,75.25,75.95,75.15,75.65,30226558
1768809600,75.65,76.1,75.15,75.75,27591271
1768813200,75.75,76.35,75.6,75.8,14319933
1768816800,75.75,76.3,75.5,76.2,11716426
1768820400,76.15,76.85,76.15,76.65,12976912
1768824000,76.7,77.65,76.35,77.35,14630808
1768827600,77.3,77.4,76.95,77.2,5978923
1768831200,77.25,77.6,77.05,77.15,11390654
1768834800,77.15,77.3,77.15,77.3,1987419
1768888800,77.6,77.6,77.6,77.6,649540
1768892400,77.6,77.8,76.8,77,21171978
1768896000,77,78.45,76.95,77.8,16863401
1768899600,77.8,78.1,77.35,77.55,4761112
1768903200,77.5,78.4,77.45,78.25,7137535
1768906800,78.25,78.65,78.15,78.65,6202547
1768910400,78.6,79.15,77.9,79,13016016
1768914000,79,79.15,77.9,78.2,12816467
1768917600,78.2,78.45,77.7,78.15,12090842
1768921200,78.15,78.2,78.15,78.2,2130460
1768975200,78.4,78.4,78.4,78.4,402055
1768978800,78.4,78.7,77.9,78.65,14507958
1768982400,78.6,79.05,78,78.05,15361117
1768986000,78,78.5,77.9,78.35,7657326
1768989600,78.3,78.6,77.95,78,7298010
1768993200,78,78.5,77.9,78.05,9943791
1768996800,78.1,79,78,78.75,10209006
1769000400,78.75,79.7,78.7,79.65,16180665
1769004000,79.65,79.9,79.5,79.7,18628164
1769007600,79.9,79.9,79.9,79.9,2222292
1769061600,80.3,80.3,80.3,80.3,642669
1769065200,80.3,80.45,79.25,79.55,21094488
1769068800,79.55,79.8,79.15,79.55,11671173
1769072400,79.55,79.7,79,79.2,8120577
1769076000,79.2,79.5,79.1,79.15,4616089
1769079600,79.2,79.2,76.8,76.95,57099220
1769083200,76.9,77.55,76.8,77.3,13127247
1769086800,77.3,77.65,77.15,77.65,9141351
1769090400,77.65,77.85,77.4,77.6,17403667
1769094000,77.8,77.8,77.8,77.8,3621560
1769148000,78.3,78.3,78.3,78.3,643790
1769151600,78.25,79.75,78.1,79.5,35412353
1769155200,79.55,79.7,78.7,79.3,13078556
1769158800,79.25,79.4,79,79.2,4577562
1769162400,79.25,79.75,79.05,79.25,11286301
1769166000,79.25,79.3,78.4,78.7,14401819
1769169600,78.7,79,78.45,78.8,9566554
1769173200,78.8,79,78.65,78.7,5462250
1769176800,78.7,79,78.35,78.9,14816684
1769180400,78.85,78.85,78.85,78.85,3492653
1769407200,78.2,78.2,78.2,78.2,612536
1769410800,78.15,79.3,77.15,78.45,27477226
1769414400,78.45,78.65,78.1,78.5,8273411
1769418000,78.55,78.75,78.25,78.6,4685092
1769421600,78.6,78.65,78.3,78.4,4117726
1769425200,78.35,78.75,78.2,78.65,6120865
1769428800,78.7,78.85,78.4,78.55,5193618
1769432400,78.55,79.4,78.5,79.15,14990592
1769436000,79.15,79.75,78.9,79.55,19767698
1769439600,79.65,79.65,79.65,79.65,2178023
1769493600,79.85,79.85,79.85,79.85,606950
1769497200,79.85,80.3,79.15,79.75,22928909
1769500800,79.75,81,79.7,80.15,26333498
1769504400,80.15,80.6,79.95,80,7246170
1769508000,79.95,80.05,78.9,79.1,12215849
1769511600,79.1,79.6,78.8,79.45,9360639
1769515200,79.5,79.5,79,79.35,7392089
1769518800,79.4,79.7,78.95,78.95,5557459
1769522400,79,79.95,78.85,79.55,15932233
1769526000,79.55,79.55,79.55,79.55,2735233
1769580000,79.8,79.8,79.8,79.8,512521
1769583600,79.8,80.8,79.55,80.45,20786020
1769587200,80.45,82.65,80.3,82.5,23853140
1769590800,82.5,83,82.1,82.45,9090109
1769594400,82.4,83,82.35,82.6,7863480
1769598000,82.6,83.1,82.3,82.9,11185285
1769601600,82.85,84.7,82.75,84.35,26160225
1769605200,84.3,85.5,84.15,84.9,29850632
1769608800,84.85,86.1,84.75,85.4,38069073
1769612400,84.85,84.85,84.85,84.85,5320507
1769666400,85.75,85.75,85.75,85.75,503458
1769670000,85.75,87.95,85.1,87.8,33301955
1769673600,87.8,89.7,87.6,89.05,37969512
1769677200,89.05,89.7,89,89.15,17767997
1769680800,89.1,89.9,89,89.6,11861321
1769684400,89.6,90.35,89.45,90.2,14234425
1769688000,90.2,91.55,88.95,89.6,30672204
1769691600,89.65,89.8,88.95,89.15,12776351
1769695200,89.15,89.55,88.25,89.15,26174126
1769698800,89,89,89,89,3269995
1769752800,89,89,89,89,340761
1769756400,89,90.6,87.9,88.75,37437893
1769760000,88.8,90.75,88.55,89.85,23444817
1769763600,89.8,90.85,89.8,90.25,15635080
1769767200,90.2,90.4,89.8,90.35,8563641
1769770800,90.35,90.75,89.9,90.45,9018695
1769774400,90.45,91.05,90.4,91,13179905
1769778000,91,91.2,90.7,91.1,13385710
1769781600,91.1,92.2,90.75,92,25740402
1769785200,92.95,92.95,92.95,92.95,7393805
1770012000,91.15,91.15,91.15,91.15,556716
1770015600,91.1,91.1,88.65,89.3,37425710
1770019200,89.3,90.15,89.15,89.95,15777655
1770022800,90,90.1,89.1,89.4,12952131
1770026400,89.45,90.2,89.25,89.7,17536386
1770030000,89.7,92.3,89.6,92.2,39732101
1770033600,92.2,93.35,92.15,92.7,29198776
1770037200,92.7,92.85,91.85,91.9,14104060
1770040800,91.9,92.1,90.1,90.75,23001386
1770044400,90.75,90.95,90.75,90.95,2685972
1770098400,90.95,90.95,90.95,90.95,590389
1770102000,90.95,91,86.85,89.45,116715339
1770105600,89.45,89.95,88.75,89.2,33408457
1770109200,89.2,89.4,88.15,88.3,16086556
1770112800,88.3,88.6,88.05,88.2,11643655
1770116400,88.2,88.55,88,88.4,14777965
1770120000,88.4,88.75,88.2,88.4,16834830
1770123600,88.4,88.8,88.3,88.6,17669929
1770127200,88.55,88.6,87.3,88.15,33576084
1770130800,87.95,87.95,87.95,87.95,6908341
1770184800,88.35,88.35,88.35,88.35,637861
1770188400,88.35,88.75,87.25,87.5,33089129
1770192000,87.5,87.95,86.55,86.95,19143100
1770195600,87,87.2,86.75,87,6329527
1770199200,87,87.2,86.5,86.7,10312159
1770202800,86.75,86.85,86.05,86.7,11883140
1770206400,86.75,87.1,86.35,86.55,15267850
1770210000,86.5,86.8,86.4,86.6,8678853
1770213600,86.55,86.65,85.7,85.9,21090443
1770217200,85.95,85.95,85.65,85.65,4747376
1770271200,85.6,85.6,85.6,85.6,372916
1770274800,85.55,85.85,84.3,85.7,41569291
1770278400,85.7,85.9,84.9,85.15,16356442
1770282000,85.1,85.35,84.75,84.95,7553420
1770285600,84.9,85.35,84.8,84.95,6824329
1770289200,85,85,84.5,84.8,9527640
1770292800,84.8,84.95,84.05,84.65,9785074
1770296400,84.65,85.1,84.35,84.5,8157409
1770300000,84.5,85.15,84.05,84.45,17180522
1770303600,84.4,84.4,84.4,84.4,4479421
1770357600,84.4,84.4,84.4,84.4,509349
1770361200,84.4,85.4,84.3,84.7,22418870
1770364800,84.65,84.95,84.3,84.4,10212990
1770368400,84.4,85.05,84.25,84.6,7235200
1770372000,84.55,84.75,83.5,83.75,9028650
1770375600,83.8,84.1,83.7,83.85,6800823
1770379200,83.85,84,82.95,83,10778853
1770382800,83,83.9,82.9,83.6,8939915
1770386400,83.6,84.3,83.35,83.85,18863333
1770390000,83.85,83.85,83.85,83.85,2636863
1770616800,84.8,84.8,84.8,84.8,711886
1770620400,84.8,86.2,84.75,85.95,31427775
1770624000,85.95,86.35,85.55,86,24495668
1770627600,86,86,85.15,85.3,12760852
1770631200,85.3,85.45,84.9,85.05,11497693
1770634800,85.05,85.55,85,85.3,9133570
1770638400,85.25,85.3,84.85,85.05,6564849
1770642000,85,85.6,85,85.5,12364231
1770645600,85.55,85.6,85.2,85.55,12925459
1770649200,85.45,85.45,85.45,85.45,4256017
1770703200,85.6,85.6,85.6,85.6,595230
1770706800,85.6,85.65,84.2,84.45,26492611
1770710400,84.5,85.1,84.3,84.6,11871691
1770714000,84.55,84.75,84.55,84.65,3718371
1770717600,84.65,84.75,84.45,84.65,4811626
1770721200,84.65,84.7,84.3,84.35,6672866
1770724800,84.35,84.4,83.55,84,14317338
1770728400,83.95,84.25,83.35,83.5,11049908
1770732000,83.45,83.75,83.3,83.5,16891523
1770735600,83.55,83.55,83.55,83.55,4257535
1770789600,83.15,83.15,83.15,83.15,377365
1770793200,83.1,83.8,82.65,83.15,21977342
1770796800,83.15,83.4,82.7,83.15,7983353
1770800400,83.2,84.2,83.15,83.75,18684886
1770804000,83.75,83.8,83.35,83.65,3825552
1770807600,83.7,84.55,83.65,84.35,13193952
1770811200,84.35,84.8,84.25,84.6,11727572
1770814800,84.6,84.65,84.25,84.45,6517254
1770818400,84.4,84.5,83.95,84.05,12218162
1770822000,83.95,83.95,83.95,83.95,3074243
1770876000,84.2,84.2,84.2,84.2,352134
1770879600,84.2,85.2,84.05,85,23236305
1770883200,85,86.9,85,86.45,49077172
1770886800,86.45,87,86.2,86.65,16445663
1770890400,86.65,87.65,86.65,87.6,28764005
1770894000,87.6,88.8,87.45,88.8,24828810
1770897600,88.8,90.5,88.75,90.4,29633291
1770901200,90.4,90.7,89.8,90.15,21279565
1770904800,90.15,91.2,89.6,91.2,30635201
1770908400,91.15,91.15,91.15,91.15,4216768
1770962400,91.1,91.1,91.1,91.1,435795
1770966000,91.15,91.7,89.95,91.15,38889821
1770969600,91.15,91.15,89.45,89.85,17445363
1770973200,89.9,90.25,89.65,89.9,10661042
1770976800,89.9,90,89.45,89.6,10472477
1770980400,89.65,90,89.55,89.9,5526765
1770984000,89.9,89.9,89.3,89.4,6143857
1770987600,89.4,89.75,89.2,89.3,5788240
1770991200,89.3,89.3,88.45,88.65,19032548
1770994800,88.7,88.7,88.7,88.7,3961398
1771221600,89.2,89.2,89.2,89.2,717611
1771225200,89.15,90.25,88.95,89.15,27189447
1771228800,89.15,89.4,88.75,89.15,11042314
1771232400,89.2,89.95,89,89.8,8095438
1771236000,89.75,89.95,89.55,89.75,3348620
1771239600,89.8,89.9,89,89.15,6804696
1771243200,89.15,89.15,88.2,88.45,9873837
1771246800,88.4,89.05,88.35,88.85,7647699
1771250400,88.8,89.5,88.6,89.4,9336028
1771254000,89.5,89.5,89.5,89.5,2492503
1771308000,89.25,89.25,89.25,89.25,155434
1771311600,89.25,90.35,89,90.35,21530150
1771315200,90.3,90.6,89.6,90,15331502
1771318800,90,90.3,89.75,89.8,5282649
1771322400,89.75,90.2,89.75,89.95,2663583
1771326000,90,90.4,89.85,90.05,7421017
1771329600,90.1,90.55,90.05,90.2,8068292
1771333200,90.2,90.95,89.95,90.85,11527973
1771336800,90.95,91,89,89.15,17651215
1771340400,88.9,88.9,88.9,88.9,2901276
1771394400,89.2,89.2,89.2,89.2,438607
1771398000,89.2,90.25,88.95,90.05,20110678
1771401600,90.1,91.55,90.05,91.35,29596136
1771405200,91.3,91.45,91.05,91.2,6813215
1771408800,91.25,92.3,91.15,91.95,15286386
1771412400,91.95,92.1,91.65,91.7,5972793
1771416000,91.75,91.95,90.2,90.7,23038510
1771419600,90.65,91.05,90.2,90.6,20099618
1771423200,90.55,91.1,90.3,90.45,13146448
1771426800,90.5,90.5,90.5,90.5,3336868
1771480800,91,91,91,91,588372
1771484400,91,91.05,88.45,88.6,30574518
1771488000,88.55,89.1,87.1,87.95,21771890
1771491600,87.95,87.95,87.05,87.1,8350018
1771495200,87.15,87.85,86.9,87.55,7770740
1771498800,87.55,87.8,86.95,87.05,6053600
1771502400,87.05,87.55,86.9,87,6531375
1771506000,87,87.2,86.55,86.9,8135511
1771509600,86.95,87.25,86.45,87,11850630
1771513200,87,87,87,87,2172707
1771567200,87,87,87,87,472168
1771570800,87,87.85,85.55,87.6,22660983
1771574400,87.55,87.85,87.2,87.4,8888528
1771578000,87.4,87.95,87.35,87.5,7590253
1771581600,87.5,88.15,87.35,87.45,6430805
1771585200,87.45,87.55,86.7,87,10947660
1771588800,86.95,87.3,86.7,87.2,8159054
1771592400,87.15,87.65,86.75,87,11062804
1771596000,87.05,88.1,87,88.05,13887097
1771599600,88.05,88.35,88.05,88.35,3337033