time,open,high,low,close,Volume
1563436800,4.485,4.6075,4.4775,4.595,25613600
1563440400,4.595,4.6,4.58,4.59,7886936
1563444000,4.5975,4.5975,4.5975,4.5975,666792
1563447600,4.5975,4.61,4.5375,4.57,13429548
1563451200,4.565,4.6,4.5625,4.5875,6593888
1563454800,4.5875,4.6,4.5675,4.5875,5955288
1563458400,4.5875,4.6025,4.5575,4.585,11550192
1563462000,4.5675,4.5675,4.5675,4.5675,2760204
1563516000,4.67,4.67,4.67,4.67,1085304
1563519600,4.6725,4.695,4.63,4.6325,19503676
1563523200,4.6325,4.6375,4.57,4.595,10297916
1563526800,4.595,4.625,4.5875,4.605,3931264
1563530400,4.605,4.605,4.5975,4.5975,617620
1563534000,4.5975,4.6225,4.59,4.615,4055936
1563537600,4.615,4.6175,4.59,4.6,4229428
1563541200,4.6,4.6,4.585,4.5925,4533724
1563544800,4.5925,4.6025,4.5275,4.56,10813924
1563548400,4.5625,4.5625,4.5475,4.5475,2246568
1563775200,4.5475,4.5475,4.5475,4.5475,108616
1563778800,4.5475,4.5925,4.515,4.5675,10988352
1563782400,4.5675,4.6,4.56,4.57,6577944
1563786000,4.5675,4.5825,4.5575,4.565,1981628
1563789600,4.5625,4.5625,4.5625,4.5625,421864
1563793200,4.5625,4.5725,4.515,4.5225,5200548
1563796800,4.52,4.5425,4.5175,4.525,3225004
1563800400,4.525,4.5475,4.5125,4.53,2611548
1563804000,4.53,4.53,4.5025,4.515,3864288
1563807600,4.5075,4.5075,4.5075,4.5075,1484684
1563861600,4.51,4.51,4.51,4.51,179636
1563865200,4.51,4.5525,4.5025,4.52,9810596
1563868800,4.5225,4.5675,4.51,4.5575,13278944
1563872400,4.555,4.56,4.5425,4.555,3112660
1563876000,4.555,4.555,4.555,4.555,105228
1563879600,4.5575,4.59,4.5525,4.5625,13612432
1563883200,4.5625,4.58,4.5625,4.57,3362440
1563886800,4.5675,4.5725,4.5575,4.5625,2286736
1563890400,4.565,4.585,4.5625,4.565,5419904
1563894000,4.5775,4.5775,4.5775,4.5775,1572320
1563948000,4.5825,4.5825,4.5825,4.5825,229404
1563951600,4.585,4.59,4.535,4.5475,6979916
1563955200,4.55,4.555,4.525,4.5275,3140428
1563958800,4.53,4.5375,4.52,4.535,2106484
1563962400,4.525,4.525,4.525,4.525,137852
1563966000,4.53,4.575,4.525,4.5575,6745600
1563969600,4.5575,4.5725,4.5375,4.565,5139800
1563973200,4.565,4.5825,4.5575,4.575,6105476
1563976800,4.5775,4.6525,4.5775,4.6225,19966916
1563980400,4.62,4.625,4.62,4.625,1282928
1564034400,4.64,4.64,4.64,4.64,288252
1564038000,4.6425,4.6475,4.605,4.6225,6628188
1564041600,4.6225,4.625,4.605,4.615,1652716
1564045200,4.615,4.6225,4.6075,4.6175,1406460
1564048800,4.6075,4.6075,4.6075,4.6075,122876
1564052400,4.6125,4.665,4.5725,4.6275,11239980
1564056000,4.6275,4.635,4.6,4.605,4098020
1564059600,4.605,4.605,4.5225,4.53,10203616
1564063200,4.5325,4.5575,4.5275,4.54,4764788
1564066800,4.545,4.545,4.545,4.545,1375628
1564120800,4.5625,4.5625,4.5625,4.5625,181492
1564124400,4.565,4.635,4.5525,4.63,17104964
1564128000,4.6325,4.71,4.62,4.705,21425048
1564131600,4.705,4.735,4.69,4.695,23165832
1564135200,4.6975,4.6975,4.6975,4.6975,649752
1564138800,4.6975,4.715,4.67,4.705,11791196
1564142400,4.7025,4.71,4.675,4.6975,7225816
1564146000,4.6975,4.7425,4.695,4.725,15756220
1564149600,4.725,4.7325,4.69,4.7175,10326212
1564153200,4.7125,4.7125,4.7125,4.7125,2218320
1564380000,4.745,4.745,4.745,4.745,409608
1564383600,4.745,4.8275,4.725,4.8075,29684516
1564387200,4.805,4.8775,4.805,4.85,23178580
1564390800,4.85,4.86,4.8275,4.835,10966036
1564394400,4.835,4.835,4.835,4.835,662164
1564398000,4.835,4.8625,4.835,4.8475,7628220
1564401600,4.8475,4.855,4.8425,4.8475,3389124
1564405200,4.845,4.895,4.835,4.8875,17015808
1564408800,4.885,4.955,4.8675,4.95,18946940
1564412400,4.9525,4.9525,4.95,4.95,2310632
1564466400,4.9675,4.9675,4.9675,4.9675,632708
1564470000,4.9675,4.975,4.8675,4.8975,23544156
1564473600,4.9,4.9575,4.89,4.9275,10803180
1564477200,4.9275,4.9375,4.905,4.9125,3408616
1564480800,4.905,4.905,4.905,4.905,623468
1564484400,4.9075,4.9075,4.8325,4.855,15266840
1564488000,4.8575,4.885,4.845,4.87,4982544
1564491600,4.8725,4.8775,4.7875,4.8425,12631700
1564495200,4.845,4.8725,4.825,4.8275,9969348
1564498800,4.8275,4.8275,4.8275,4.8275,2705576
1564552800,4.85,4.85,4.85,4.85,137624
1564556400,4.85,4.87,4.8075,4.815,12991716
1564560000,4.815,4.8475,4.7825,4.8475,7266588
1564563600,4.8475,4.8575,4.825,4.8375,3863412
1564567200,4.83,4.83,4.83,4.83,609904
1564570800,4.835,4.8475,4.7775,4.7925,6784184
1564574400,4.7925,4.7925,4.735,4.765,9551572
1564578000,4.7675,4.7875,4.76,4.7725,3655472
1564581600,4.7725,4.7825,4.7375,4.7375,5755960
1564585200,4.7375,4.7375,4.7375,4.7375,2510380
1564639200,4.7025,4.7025,4.7025,4.7025,231248
1564642800,4.705,4.8125,4.69,4.785,17024600
1564646400,4.785,4.7975,4.76,4.79,4354748
1564650000,4.7875,4.8225,4.785,4.805,6760088
1564653600,4.8175,4.8175,4.8175,4.8175,626308
1564657200,4.8125,4.895,4.8075,4.8875,16718208
1564660800,4.89,4.9325,4.875,4.925,19756124
1564664400,4.9275,4.93,4.8975,4.915,11728532
1564668000,4.915,4.9325,4.865,4.88,11409552
1564671600,4.88,4.895,4.88,4.895,2112172
1564725600,4.8925,4.8925,4.8925,4.8925,434840
1564729200,4.89,4.9625,4.865,4.9025,20891316
1564732800,4.9025,4.9025,4.82,4.8275,9789236
1564736400,4.8275,4.8475,4.82,4.83,4299056
1564740000,4.82,4.82,4.82,4.82,493580
1564743600,4.8225,4.84,4.795,4.8175,5644680
1564747200,4.815,4.8175,4.775,4.7975,7552400
1564750800,4.7975,4.82,4.7875,4.7925,5480672
1564754400,4.7925,4.795,4.725,4.7275,11652188
1564758000,4.7275,4.7275,4.7275,4.7275,1950084
1564984800,4.7275,4.7275,4.7275,4.7275,256568
1564988400,4.725,4.8,4.7075,4.74,14503108
1564992000,4.7425,4.7425,4.7,4.71,6822592
1564995600,4.7125,4.7375,4.705,4.7175,4011268
1564999200,4.7175,4.7175,4.7175,4.7175,133468
1565002800,4.72,4.72,4.6725,4.6825,6860544
1565006400,4.685,4.685,4.6325,4.635,8139824
1565010000,4.635,4.6675,4.605,4.6475,8661604
1565013600,4.645,4.6575,4.615,4.655,6467996
1565017200,4.65,4.65,4.65,4.65,2473832
1565071200,4.6675,4.6675,4.6675,4.6675,254640
1565074800,4.67,4.73,4.655,4.67,14715632
1565078400,4.6725,4.6725,4.6325,4.64,5522140
1565082000,4.64,4.6425,4.6125,4.63,4432308
1565085600,4.62,4.62,4.62,4.62,613312
1565089200,4.625,4.6525,4.605,4.6425,7082624
1565092800,4.6425,4.675,4.635,4.6625,5507644
1565096400,4.6625,4.685,4.6625,4.6775,5302472
1565100000,4.6775,4.685,4.645,4.6525,6083436
1565103600,4.65,4.65,4.65,4.65,2066348
1565157600,4.625,4.625,4.625,4.625,976632
1565161200,4.6225,4.625,4.5175,4.525,20677768
1565164800,4.5275,4.54,4.5,4.51,8163944
1565168400,4.51,4.525,4.5,4.5175,7147228
1565172000,4.5175,4.5175,4.5175,4.5175,571888
1565175600,4.5175,4.52,4.45,4.4525,10654720
1565179200,4.4525,4.4525,4.33,4.3525,23926208
1565182800,4.355,4.4375,4.32,4.4,27761548
1565186400,4.3975,4.4,4.36,4.375,12434756
1565190000,4.36,4.36,4.36,4.36,3297268
1565244000,4.4125,4.4125,4.4125,4.4125,513116
1565247600,4.415,4.4325,4.345,4.3725,14712328
1565251200,4.3725,4.395,4.3725,4.3775,8210168
1565254800,4.3775,4.395,4.3525,4.36,7535360
1565258400,4.355,4.355,4.355,4.355,599332
1565262000,4.355,4.355,4.285,4.295,8235504
1565265600,4.295,4.315,4.29,4.3,4967476
1565269200,4.3,4.31,4.2825,4.3,7094124
1565272800,4.3025,4.315,4.29,4.3125,9224424
1565276400,4.3075,4.3075,4.3075,4.3075,2294712
1565330400,4.3125,4.3125,4.3125,4.3125,162832
1565334000,4.3125,4.3175,4.2725,4.28,11684616
1565337600,4.28,4.3,4.2725,4.295,5466944
1565341200,4.295,4.315,4.2875,4.2925,4508156
1565344800,4.29,4.29,4.29,4.29,548688
1565348400,4.2925,4.3075,4.285,4.3025,4301672
1565352000,4.3025,4.3575,4.3,4.3275,11302892
1565355600,4.3275,4.3325,4.2875,4.295,8171936
1565359200,4.2925,4.3075,4.285,4.3075,8931180
1565362800,4.3025,4.3025,4.3025,4.3025,1623796
1565848800,4.2875,4.2875,4.2875,4.2875,488404
1565852400,4.285,4.34,4.235,4.3225,15361252
1565856000,4.32,4.3325,4.2625,4.2975,8058412
1565859600,4.295,4.305,4.2725,4.2925,4584964
1565863200,4.29,4.29,4.29,4.29,643228
1565866800,4.29,4.33,4.2775,4.31,5188284
1565870400,4.31,4.325,4.3025,4.315,2660984
1565874000,4.3175,4.3225,4.295,4.3075,3108712
1565877600,4.31,4.3125,4.2825,4.2825,5558228
1565881200,4.285,4.285,4.2675,4.2675,2561736
1565935200,4.2925,4.2925,4.2925,4.2925,193088
1565938800,4.295,4.315,4.2775,4.285,7317240
1565942400,4.2875,4.29,4.245,4.25,4071452
1565946000,4.2475,4.255,4.2275,4.24,3687984
1565949600,4.2375,4.2375,4.2375,4.2375,595748
1565953200,4.2375,4.2525,4.22,4.24,3576948
1565956800,4.24,4.2625,4.23,4.26,2514424
1565960400,4.2625,4.2675,4.23,4.24,3039868
1565964000,4.2375,4.2425,4.225,4.23,5321704
1565967600,4.225,4.225,4.225,4.225,1312312
1566194400,4.2625,4.2625,4.2625,4.2625,91160
1566198000,4.2625,4.2675,4.2275,4.2625,6095452
1566201600,4.26,4.28,4.245,4.265,3593520
1566205200,4.265,4.3,4.2625,4.2975,3741800
1566208800,4.295,4.295,4.295,4.295,607164
1566212400,4.295,4.335,4.29,4.31,11773868
1566216000,4.31,4.3175,4.295,4.31,3938368
1566219600,4.31,4.3175,4.2625,4.265,5202276
1566223200,4.265,4.2775,4.2525,4.2725,6488072
1566226800,4.2675,4.2675,4.2675,4.2675,1732908
1566280800,4.28,4.28,4.28,4.28,244952
1566284400,4.2775,4.3425,4.2775,4.32,13463172
1566288000,4.3175,4.345,4.31,4.335,6187388
1566291600,4.3325,4.365,4.3325,4.36,8857964
1566295200,4.3675,4.3675,4.3675,4.3675,753568
1566298800,4.3625,4.3975,4.36,4.365,9481000
1566302400,4.365,4.4125,4.3625,4.405,7176612
1566306000,4.4075,4.4075,4.355,4.365,6342948
1566309600,4.365,4.42,4.36,4.405,9196232
1566313200,4.4025,4.4025,4.4025,4.4025,2004004
1566367200,4.465,4.465,4.465,4.465,1168812
1566370800,4.4675,4.79,4.4675,4.6875,82004548
1566374400,4.685,4.6875,4.595,4.6075,26046940
1566378000,4.6075,4.6225,4.5825,4.61,13697956
1566381600,4.61,4.61,4.61,4.61,642756
1566385200,4.6075,4.6275,4.5425,4.5475,17992864
1566388800,4.5475,4.5625,4.4825,4.49,19153736
1566392400,4.49,4.5175,4.4825,4.5075,10931364
1566396000,4.5075,4.53,4.495,4.51,10082128
1566399600,4.51,4.51,4.505,4.505,3133564
1566453600,4.5125,4.5125,4.5125,4.5125,323224
1566457200,4.5125,4.59,4.44,4.4525,23033620
1566460800,4.4525,4.4775,4.4075,4.43,13903588
1566464400,4.43,4.4525,4.4175,4.4325,5951464
1566468000,4.4325,4.4325,4.4325,4.4325,620988
1566471600,4.4325,4.4325,4.3775,4.385,10405144
1566475200,4.385,4.3875,4.3425,4.3525,9666836
1566478800,4.355,4.39,4.3425,4.3775,7824140
1566482400,4.38,4.4025,4.34,4.385,14586480
1566486000,4.38,4.38,4.38,4.38,2464640
1566540000,4.39,4.39,4.39,4.39,261440
1566543600,4.39,4.4475,4.3725,4.3875,18179844
1566547200,4.3875,4.41,4.38,4.4075,5397032
1566550800,4.4075,4.4275,4.3925,4.395,5096988
1566554400,4.39,4.39,4.39,4.39,599000
1566558000,4.3925,4.4125,4.39,4.4,3018732
1566561600,4.4,4.4025,4.3675,4.3875,6770100
1566565200,4.3875,4.3875,4.3725,4.38,2224564
1566568800,4.38,4.415,4.3725,4.415,11842672
1566572400,4.4125,4.415,4.4125,4.415,2027932
1566799200,4.35,4.35,4.35,4.35,393420
1566802800,4.3525,4.4,4.35,4.39,8266212
1566806400,4.3925,4.4075,4.38,4.3925,3980600
1566810000,4.3925,4.4075,4.39,4.4,2961564
1566813600,4.4,4.4,4.4,4.4,452644
1566817200,4.4025,4.485,4.4,4.465,12897456
1566820800,4.465,4.4825,4.4525,4.48,4966416
1566824400,4.48,4.51,4.4725,4.485,10891492
1566828000,4.485,4.4925,4.47,4.4775,5302536
1566831600,4.475,4.475,4.475,4.475,1861592
1566885600,4.495,4.495,4.495,4.495,362520
1566889200,4.49,4.5,4.4175,4.48,13312240
1566892800,4.4775,4.4825,4.4375,4.445,6080552
1566896400,4.445,4.46,4.4425,4.455,3718488
1566900000,4.4575,4.4575,4.4575,4.4575,658364
1566903600,4.4575,4.545,4.4475,4.53,32480840
1566907200,4.5325,4.5775,4.5275,4.5675,23010200
1566910800,4.5675,4.5725,4.5475,4.5575,6183028
1566914400,4.5575,4.5875,4.53,4.5325,15254548
1566918000,4.525,4.525,4.525,4.525,5242932
1566972000,4.56,4.56,4.56,4.56,553116
1566975600,4.5575,4.5675,4.4825,4.5075,16495436
1566979200,4.5075,4.535,4.5,4.525,5913992
1566982800,4.525,4.5325,4.5025,4.5175,3669068
1566986400,4.505,4.505,4.505,4.505,615980
1566990000,4.5075,4.5225,4.4825,4.49,8261536
1566993600,4.4875,4.4975,4.4475,4.4625,10246892
1566997200,4.4625,4.475,4.445,4.45,6215536
1567000800,4.4475,4.4575,4.4175,4.4525,13569056
1567004400,4.45,4.45,4.45,4.45,2497120
1567058400,4.4575,4.4575,4.4575,4.4575,110132
1567062000,4.455,4.5175,4.455,4.51,21300504
1567065600,4.5125,4.5525,4.5025,4.545,14805356
1567069200,4.545,4.5575,4.525,4.5425,8701328
1567072800,4.5375,4.5375,4.5375,4.5375,617792
1567076400,4.5375,4.5725,4.5325,4.5675,12775760
1567080000,4.565,4.5875,4.56,4.585,11325460
1567083600,4.5825,4.5875,4.5575,4.5675,6303532
1567087200,4.5675,4.5675,4.5375,4.56,9296772
1567090800,4.56,4.56,4.56,4.56,2191512
1567404000,4.5675,4.5675,4.5675,4.5675,358268
1567407600,4.5675,4.665,4.565,4.655,26791676
1567411200,4.6575,4.6675,4.64,4.65,8480508
1567414800,4.65,4.655,4.64,4.645,2655484
1567418400,4.6475,4.6475,4.6475,4.6475,595416
1567422000,4.6475,4.665,4.64,4.645,5807944
1567425600,4.6425,4.6825,4.6325,4.6675,14729552
1567429200,4.6675,4.73,4.6575,4.7025,23310732
1567432800,4.705,4.73,4.6925,4.7125,12311988
1567436400,4.7075,4.7075,4.7075,4.7075,2124464
1567490400,4.7,4.7,4.7,4.7,385276
1567494000,4.7,4.7525,4.63,4.6575,32415804
1567497600,4.655,4.7125,4.6525,4.71,11377468
1567501200,4.71,4.745,4.7025,4.73,27912060
1567504800,4.7325,4.7325,4.7325,4.7325,662004
1567508400,4.7325,4.7575,4.7275,4.73,19680616
1567512000,4.73,4.735,4.71,4.7325,8812292
1567515600,4.7325,4.74,4.7125,4.7225,6424124
1567519200,4.72,4.73,4.6525,4.685,16664176
1567522800,4.6775,4.6775,4.6775,4.6775,2213168
1567576800,4.7075,4.7075,4.7075,4.7075,412400
1567580400,4.71,4.73,4.6925,4.7075,15997324
1567584000,4.7075,4.725,4.705,4.7125,5782604
1567587600,4.71,4.7625,4.6875,4.7425,26658116
1567591200,4.7425,4.7425,4.7425,4.7425,553272
1567594800,4.7425,4.7575,4.715,4.73,11459156
1567598400,4.73,4.7825,4.73,4.775,21142920
1567602000,4.775,4.7925,4.77,4.78,11191668
1567605600,4.78,4.8,4.77,4.8,15733492
1567609200,4.8,4.8,4.8,4.8,3575568
1567663200,4.8275,4.8275,4.8275,4.8275,1096108
1567666800,4.83,4.8375,4.7625,4.79,23716292
1567670400,4.79,4.835,4.785,4.815,16992916
1567674000,4.8175,4.82,4.7875,4.8,6856940
1567677600,4.795,4.795,4.795,4.795,606956
1567681200,4.7975,4.8025,4.765,4.7775,8535640
1567684800,4.7775,4.8025,4.7725,4.7975,5888196
1567688400,4.795,4.8125,4.79,4.795,7357140
1567692000,4.795,4.815,4.785,4.7875,8570308
1567695600,4.7825,4.7825,4.7825,4.7825,3421304
1567749600,4.785,4.785,4.785,4.785,566428
1567753200,4.785,4.825,4.785,4.8025,13481460
1567756800,4.8025,4.8025,4.755,4.77,7634552
1567760400,4.77,4.7775,4.76,4.77,5404916
1567764000,4.7675,4.7675,4.7675,4.7675,642260
1567767600,4.7675,4.795,4.7675,4.7875,6178404
1567771200,4.7875,4.8125,4.755,4.7725,13587216
1567774800,4.77,4.83,4.7675,4.82,26760024
1567778400,4.82,4.835,4.7975,4.8125,20184676
1567782000,4.8,4.8,4.8,4.8,3712376
1568008800,4.835,4.835,4.835,4.835,1022824
1568012400,4.835,4.8825,4.8325,4.855,29966560
1568016000,4.855,4.88,4.8475,4.8575,9252920
1568019600,4.8575,4.88,4.8525,4.875,5784436
1568023200,4.8675,4.8675,4.8675,4.8675,596836
1568026800,4.87,4.9,4.87,4.89,15287580
1568030400,4.89,4.905,4.8325,4.8375,24232932
1568034000,4.8375,4.865,4.8275,4.8625,8191384
1568037600,4.8625,4.8625,4.8325,4.835,9605120
1568041200,4.83,4.83,4.83,4.83,3582492
1568095200,4.835,4.835,4.835,4.835,268244
1568098800,4.835,4.8775,4.835,4.8525,13041088
1568102400,4.8525,4.8575,4.8325,4.8475,9262040
1568106000,4.8475,4.9525,4.8475,4.95,52028624
1568109600,4.9525,4.9525,4.9525,4.9525,811500
1568113200,4.9525,5,4.945,4.98,41062404
1568116800,4.98,4.9925,4.945,4.975,17364872
1568120400,4.9725,4.9925,4.9625,4.985,13632464
1568124000,4.985,5.025,4.975,4.995,25390304
1568127600,4.9875,4.9875,4.9875,4.9875,2874524
1568181600,5,5,5,5,600752
1568185200,5,5.02,4.965,5.005,23844268
1568188800,5,5.095,5,5.055,30213396
1568192400,5.055,5.125,5.05,5.095,19832464
1568196000,5.1,5.1,5.1,5.1,667344
1568199600,5.1,5.125,5.095,5.12,7870092
1568203200,5.115,5.13,5.08,5.085,4805528
1568206800,5.085,5.125,5.075,5.1,6017380
1568210400,5.095,5.11,5.065,5.07,6227560
1568214000,5.065,5.065,5.065,5.065,3110048
1568268000,5.085,5.085,5.085,5.085,469772
1568271600,5.085,5.11,5.07,5.07,8511000
1568275200,5.075,5.075,5.01,5.035,9882008
1568278800,5.03,5.045,4.9975,5.01,5898636
1568282400,5,5,5,5,620912
1568286000,5.005,5.055,5,5.02,12533044
1568289600,5.02,5.035,4.9775,4.985,6291968
1568293200,4.985,4.9875,4.925,4.93,19988004
1568296800,4.93,4.9775,4.93,4.9625,12055176
1568300400,4.96,4.96,4.96,4.96,2844704
1568354400,4.98,4.98,4.98,4.98,350444
1568358000,4.9825,5.025,4.98,4.9875,13645072
1568361600,4.9875,5.035,4.9875,5.015,10602716
1568365200,5.01,5.025,4.965,4.9875,8413692
1568368800,4.985,4.985,4.985,4.985,606140
1568372400,4.9875,5.01,4.9825,4.9925,4584120
1568376000,4.99,5.01,4.975,4.98,7215728
1568379600,4.9825,5.005,4.9775,4.985,6877600
1568383200,4.9825,5.005,4.975,4.9925,11963308
1568386800,4.995,4.995,4.995,4.995,2888028
1568613600,4.9625,4.9625,4.9625,4.9625,400020
1568617200,4.9625,5.075,4.96,5.03,24360684
1568620800,5.03,5.055,5.025,5.04,3894136
1568624400,5.04,5.055,5.03,5.05,3088060
1568628000,5.05,5.05,5.05,5.05,525000
1568631600,5.05,5.07,4.975,4.99,17523888
1568635200,4.9925,5.015,4.9875,5.015,5916588
1568638800,5.01,5.02,4.99,5,3681172
1568642400,4.9975,5.03,4.995,5.02,9830404
1568646000,5.025,5.025,5.025,5.025,2826304
1568700000,5.05,5.05,5.05,5.05,366424
1568703600,5.05,5.08,4.965,4.9775,25660160
1568707200,4.98,4.9975,4.945,4.9475,10271588
1568710800,4.95,4.9575,4.8725,4.8925,19865496
1568714400,4.8925,4.8925,4.8925,4.8925,676444
1568718000,4.8925,4.915,4.8725,4.8825,16762888
1568721600,4.8825,4.9,4.865,4.8825,13238536
1568725200,4.8825,4.9075,4.87,4.9075,9753016
1568728800,4.9075,4.915,4.8925,4.895,9164984
1568732400,4.8875,4.8875,4.8875,4.8875,4013472
1568786400,4.89,4.89,4.89,4.89,343632
1568790000,4.8925,4.9025,4.795,4.8025,21422256
1568793600,4.8025,4.8425,4.8,4.8275,7695196
1568797200,4.825,4.845,4.825,4.83,3303096
1568800800,4.81,4.81,4.81,4.81,1053744
1568804400,4.8275,4.855,4.8125,4.845,7436588
1568808000,4.845,4.87,4.8425,4.8575,6851916
1568811600,4.855,4.87,4.85,4.8675,2773892
1568815200,4.8675,4.87,4.825,4.8275,5929132
1568818800,4.8325,4.8325,4.8325,4.8325,1965768
1568872800,4.8375,4.8375,4.8375,4.8375,159792
1568876400,4.84,4.8825,4.825,4.8475,17488668
1568880000,4.8475,4.8525,4.7975,4.8125,9889724
1568883600,4.81,4.8175,4.7725,4.785,7765488
1568887200,4.775,4.775,4.775,4.775,606608
1568890800,4.78,4.795,4.7575,4.7825,7053564
1568894400,4.7825,4.8025,4.7775,4.7875,2998608
1568898000,4.7875,4.7875,4.765,4.7725,3198828
1568901600,4.7725,4.78,4.715,4.72,9506836
1568905200,4.7125,4.7125,4.7125,4.7125,3222936
1568959200,4.7375,4.7375,4.7375,4.7375,231792
1568962800,4.74,4.755,4.6725,4.71,13312064
1568966400,4.71,4.7325,4.6975,4.705,5699600
1568970000,4.705,4.7125,4.69,4.695,2850832
1568973600,4.695,4.695,4.695,4.695,726112
1568977200,4.695,4.6975,4.645,4.6575,7208100
1568980800,4.6575,4.6725,4.65,4.6725,4274612
1568984400,4.6725,4.6775,4.64,4.65,5553388
1568988000,4.65,4.68,4.6425,4.675,11630500
1568991600,4.685,4.685,4.685,4.685,3907308
1569218400,4.705,4.705,4.705,4.705,302980
1569222000,4.7,4.725,4.6575,4.6625,14445700
1569225600,4.665,4.665,4.625,4.6375,6716764
1569229200,4.6375,4.65,4.63,4.6425,3252880
1569232800,4.6325,4.6325,4.6325,4.6325,613028
1569236400,4.635,4.6625,4.6325,4.66,6756904
1569240000,4.66,4.6625,4.625,4.63,6426992
1569243600,4.63,4.64,4.6125,4.6275,5208980
1569247200,4.6275,4.645,4.6125,4.635,5312956
1569250800,4.635,4.635,4.635,4.635,2668520
1569304800,4.805,4.805,4.805,4.805,3323368
1569308400,4.805,4.82,4.73,4.7475,36903220
1569312000,4.7475,4.765,4.735,4.75,6413348
1569315600,4.7525,4.7625,4.7425,4.7525,4154912
1569319200,4.75,4.75,4.75,4.75,621444
1569322800,4.7525,4.765,4.7475,4.7625,4829704
1569326400,4.7625,4.7725,4.755,4.7725,4040140
1569330000,4.7725,4.775,4.6825,4.715,15948152
1569333600,4.7175,4.7275,4.7025,4.7225,9743320
1569337200,4.725,4.725,4.725,4.725,3350504
1569391200,4.6975,4.6975,4.6975,4.6975,259764
1569394800,4.6975,4.7025,4.66,4.6725,12040596
1569398400,4.67,4.6825,4.6625,4.6775,5660912
1569402000,4.6775,4.6875,4.67,4.6875,4114248
1569405600,4.6875,4.6875,4.6875,4.6875,622688
1569409200,4.6875,4.6875,4.665,4.675,4509280
1569412800,4.675,4.6825,4.67,4.675,3706208
1569416400,4.6775,4.7125,4.675,4.69,8792440
1569420000,4.69,4.7225,4.685,4.715,11420460
1569423600,4.725,4.725,4.725,4.725,2637012
1569477600,4.7375,4.7375,4.7375,4.7375,316484
1569481200,4.74,4.7525,4.71,4.715,11855068
1569484800,4.715,4.7475,4.7025,4.735,6781876
1569488400,4.735,4.74,4.72,4.725,3432768
1569492000,4.7225,4.7225,4.7225,4.7225,575696
1569495600,4.725,4.725,4.67,4.68,7934764
1569499200,4.68,4.6925,4.6675,4.69,3318164
1569502800,4.6875,4.6925,4.6675,4.675,3140592
1569506400,4.675,4.68,4.6575,4.665,6560856
1569510000,4.665,4.665,4.665,4.665,2067712
1569564000,4.68,4.68,4.68,4.68,190420
1569567600,4.6775,4.79,4.6775,4.775,31847504
1569571200,4.775,4.79,4.7675,4.7875,10036520
1569574800,4.785,4.795,4.775,4.78,7145480
1569578400,4.7825,4.7825,4.7825,4.7825,635276
1569582000,4.78,4.825,4.78,4.8225,16480172
1569585600,4.82,4.8725,4.815,4.87,17567656
1569589200,4.87,4.9075,4.8575,4.8675,22169196
1569592800,4.8675,4.905,4.865,4.8925,15473336
1569596400,4.895,4.895,4.895,4.895,2227220
1569823200,4.935,4.935,4.935,4.935,747756
1569826800,4.9375,5.04,4.9275,5.02,37463052
1569830400,5.02,5.065,5.01,5.06,16650944
1569834000,5.06,5.06,5.03,5.04,6527376
1569837600,5.04,5.04,5.04,5.04,636264
1569841200,5.04,5.08,5.035,5.065,10720372
1569844800,5.065,5.07,5.035,5.045,6156076
1569848400,5.045,5.07,5.045,5.055,7721304
1569852000,5.055,5.06,5.035,5.035,7843748
1569855600,5.03,5.03,5.03,5.03,3037900
1569909600,5.035,5.035,5.035,5.035,537760
1569913200,5.035,5.04,4.95,4.9625,17837180
1569916800,4.965,4.965,4.89,4.8975,18707176
1569920400,4.895,4.9,4.865,4.895,12883332
1569924000,4.8925,4.8925,4.8925,4.8925,647652
1569927600,4.895,4.905,4.865,4.905,9505212
1569931200,4.905,4.905,4.825,4.8325,12260664
1569934800,4.835,4.8575,4.8225,4.835,9711148
1569938400,4.8325,4.86,4.82,4.86,11555604
1569942000,4.86,4.86,4.86,4.86,2671624
1569996000,4.875,4.875,4.875,4.875,555264
1569999600,4.8725,4.885,4.83,4.885,17298316
1570003200,4.885,4.8875,4.855,4.855,7918960
1570006800,4.855,4.8675,4.8425,4.865,3506432
1570010400,4.8625,4.8625,4.8625,4.8625,618304
1570014000,4.865,4.875,4.835,4.84,6063376
1570017600,4.8375,4.845,4.8275,4.8275,3713108
1570021200,4.83,4.845,4.8225,4.8275,5686828
1570024800,4.8275,4.8475,4.82,4.83,7291436
1570028400,4.825,4.825,4.825,4.825,2672104
1570082400,4.845,4.845,4.845,4.845,353048
1570086000,4.845,4.8775,4.8375,4.86,19250612
1570089600,4.8625,4.8675,4.8475,4.85,6089336
1570093200,4.85,4.8525,4.83,4.8375,6580776
1570096800,4.84,4.84,4.84,4.84,364936
1570100400,4.84,4.85,4.825,4.84,5029940
1570104000,4.8375,4.8375,4.7875,4.7975,7226092
1570107600,4.7975,4.8,4.7325,4.7575,14154488
1570111200,4.755,4.76,4.7175,4.7425,11675284
1570114800,4.745,4.745,4.745,4.745,2006792
1570168800,4.775,4.775,4.775,4.775,378032
1570172400,4.7725,4.7925,4.7525,4.7775,13406984
1570176000,4.7775,4.7925,4.7725,4.7875,5860520
1570179600,4.7875,4.79,4.7675,4.7725,3818100
1570183200,4.7725,4.775,4.7675,4.7725,1220032
1570186800,4.7725,4.775,4.7425,4.7575,5209220
1570190400,4.755,4.765,4.74,4.765,6359604
1570194000,4.765,4.765,4.745,4.76,5807484
1570197600,4.76,4.775,4.75,4.77,8102768
1570201200,4.7675,4.775,4.7675,4.775,2340536
1570428000,4.775,4.775,4.775,4.775,361140
1570431600,4.7725,4.7775,4.7425,4.75,11793380
1570435200,4.75,4.765,4.7425,4.7625,6622732
1570438800,4.765,4.825,4.755,4.815,16372368
1570442400,4.815,4.8425,4.81,4.84,9580292
1570446000,4.84,4.8525,4.83,4.8375,10171408
1570449600,4.8375,4.8425,4.8175,4.82,4844480
1570453200,4.82,4.83,4.805,4.8075,4583456
1570456800,4.8075,4.81,4.745,4.75,14232164
1570460400,4.755,4.755,4.755,4.755,2028868
1570514400,4.7125,4.7125,4.7125,4.7125,265396
1570518000,4.71,4.735,4.6075,4.63,25433752
1570521600,4.63,4.6625,4.6225,4.6575,6101652
1570525200,4.66,4.6625,4.64,4.645,2790484
1570528800,4.645,4.645,4.6125,4.6275,3842992
1570532400,4.625,4.6425,4.6125,4.63,4704860
1570536000,4.6275,4.74,4.62,4.67,22329492
1570539600,4.6675,4.6975,4.665,4.6825,6420608
1570543200,4.6825,4.6875,4.6625,4.68,5602592
1570546800,4.68,4.68,4.68,4.68,2116116
1570600800,4.6825,4.6825,4.6825,4.6825,118348
1570604400,4.685,4.7175,4.6475,4.6775,13835416
1570608000,4.675,4.7025,4.655,4.66,5363528
1570611600,4.6575,4.665,4.6425,4.6575,4246388
1570615200,4.655,4.665,4.65,4.665,1469148
1570618800,4.665,4.6725,4.65,4.665,2627688
1570622400,4.665,4.675,4.655,4.6675,2532880
1570626000,4.665,4.6675,4.635,4.645,6681940
1570629600,4.645,4.6475,4.5775,4.5825,10002808
1570633200,4.57,4.57,4.57,4.57,2672332
1570687200,4.57,4.57,4.57,4.57,379304
1570690800,4.57,4.5975,4.49,4.5225,18222520
1570694400,4.52,4.545,4.5125,4.525,5654576
1570698000,4.525,4.5325,4.5,4.5175,4422316
1570701600,4.52,4.545,4.5125,4.5275,3917000
1570705200,4.525,4.5275,4.4775,4.485,7239476
1570708800,4.485,4.49,4.4475,4.4625,9722712
1570712400,4.4625,4.465,4.4,4.42,10659596
1570716000,4.42,4.4975,4.42,4.4975,13151912
1570719600,4.4975,4.4975,4.4975,4.4975,1970956
1570773600,4.525,4.525,4.525,4.525,487004
1570777200,4.525,4.63,4.52,4.57,20003468
1570780800,4.57,4.5775,4.5625,4.575,3008316
1570784400,4.575,4.5775,4.5325,4.545,5721900
1570788000,4.545,4.555,4.5375,4.55,2132888
1570791600,4.55,4.5775,4.5475,4.5575,4725448
1570795200,4.56,4.5775,4.56,4.575,2252800
1570798800,4.5725,4.5775,4.54,4.5575,4252952
1570802400,4.5575,4.565,4.53,4.5525,5217292
1570806000,4.5525,4.555,4.5525,4.555,2020320
1571032800,4.5325,4.5325,4.5325,4.5325,339376
1571036400,4.53,4.53,4.465,4.475,12152056
1571040000,4.475,4.475,4.4125,4.425,10664716
1571043600,4.425,4.435,4.395,4.4125,8268528
1571047200,4.4125,4.42,4.405,4.41,2318116
1571050800,4.41,4.41,4.1725,4.2775,25127020
1571054400,4.2775,4.3325,4.265,4.3125,10582952
1571058000,4.3175,4.3175,4.29,4.3025,4985324
1571061600,4.3025,4.3025,4.265,4.27,9605380
1571065200,4.2575,4.2575,4.2575,4.2575,3335300
1571119200,4.35,4.35,4.35,4.35,529216
1571122800,4.35,4.3675,4.32,4.3475,18350232
1571126400,4.3475,4.375,4.3225,4.3275,7521044
1571130000,4.325,4.3425,4.315,4.335,3289732
1571133600,4.3375,4.34,4.3275,4.3325,1090572
1571137200,4.33,4.345,4.3025,4.345,5849580
1571140800,4.345,4.3525,4.3175,4.325,12054968
1571144400,4.325,4.3275,4.31,4.3125,4770688
1571148000,4.3125,4.32,4.295,4.315,13654064
1571151600,4.31,4.31,4.31,4.31,2298840
1571205600,4.27,4.27,4.27,4.27,438936
1571209200,4.2675,4.2675,4.2075,4.2475,21168920
1571212800,4.2475,4.2475,4.19,4.2,10523276
1571216400,4.2,4.215,4.195,4.2125,4643940
1571220000,4.215,4.215,4.195,4.2125,3110820
1571223600,4.2125,4.2225,4.2,4.21,4663016
1571227200,4.21,4.225,4.2075,4.2125,3713096
1571230800,4.215,4.2275,4.2125,4.215,3611524
1571234400,4.215,4.235,4.1975,4.23,9485508
1571238000,4.2175,4.2175,4.2175,4.2175,4282676
1571292000,4.22,4.22,4.22,4.22,278644
1571295600,4.22,4.2625,4.22,4.245,17590984
1571299200,4.2475,4.2475,4.2325,4.2325,3604316
1571302800,4.235,4.255,4.225,4.24,4969104
1571306400,4.24,4.2425,4.2175,4.225,4252248
1571310000,4.225,4.2275,4.2075,4.2125,5978440
1571313600,4.2125,4.215,4.2025,4.2125,4582960
1571317200,4.2125,4.215,4.2025,4.2025,5928732
1571320800,4.205,4.2775,4.2,4.235,30886084
1571324400,4.235,4.235,4.2275,4.2275,3938124
1571378400,4.475,4.475,4.475,4.475,2978916
1571382000,4.4675,4.49,4.4325,4.46,40342912
1571385600,4.4575,4.46,4.4425,4.455,8120768
1571389200,4.455,4.4675,4.42,4.425,13472856
1571392800,4.425,4.46,4.4225,4.455,4830000
1571396400,4.455,4.465,4.4475,4.455,5512600
1571400000,4.455,4.4675,4.4525,4.4625,5115684
1571403600,4.4625,4.475,4.45,4.47,5374996
1571407200,4.4675,4.4975,4.4525,4.465,20725232
1571410800,4.4675,4.4675,4.4675,4.4675,2830364
1571637600,4.4675,4.4675,4.4675,4.4675,459868
1571641200,4.465,4.4675,4.395,4.4075,14937784
1571644800,4.4075,4.42,4.405,4.4125,3241444
1571648400,4.4125,4.425,4.4075,4.425,2804948
1571652000,4.425,4.43,4.4175,4.425,1736696
1571655600,4.425,4.4275,4.4,4.41,3612112
1571659200,4.4075,4.43,4.4025,4.425,4938388
1571662800,4.4275,4.4375,4.4125,4.42,7237832
1571666400,4.42,4.4225,4.3875,4.3975,13969688
1571670000,4.3975,4.3975,4.3975,4.3975,2447564
1571724000,4.41,4.41,4.41,4.41,173972
1571727600,4.4075,4.44,4.4,4.4275,12613832
1571731200,4.4275,4.44,4.42,4.425,9193892
1571734800,4.425,4.425,4.41,4.41,5060488
1571738400,4.4125,4.42,4.4075,4.4175,2959604
1571742000,4.4175,4.425,4.4125,4.42,3408332
1571745600,4.42,4.4375,4.415,4.415,6689520
1571749200,4.415,4.425,4.415,4.4225,4114784
1571752800,4.425,4.4475,4.4175,4.4275,11376648
1571756400,4.4175,4.4175,4.4175,4.4175,2916744
1571810400,4.4625,4.4625,4.4625,4.4625,765864
1571814000,4.465,4.48,4.43,4.435,17627492
1571817600,4.4375,4.4525,4.4325,4.4475,5791596
1571821200,4.4475,4.4525,4.4425,4.4525,4994568
1571824800,4.4525,4.4825,4.445,4.4775,15689528
1571828400,4.48,4.52,4.475,4.505,33949000
1571832000,4.505,4.525,4.5025,4.52,9678100
1571835600,4.52,4.5275,4.5125,4.525,8207188
1571839200,4.525,4.5525,4.52,4.54,18197356
1571842800,4.54,4.54,4.54,4.54,2363596
1571896800,4.59,4.59,4.59,4.59,1017200
1571900400,4.5875,4.6325,4.585,4.62,22728704
1571904000,4.62,4.6225,4.6025,4.6125,13050320
1571907600,4.6125,4.615,4.5925,4.6025,4643204
1571911200,4.6,4.615,4.5975,4.6125,2084516
1571914800,4.615,4.615,4.555,4.585,13077028
1571918400,4.585,4.585,4.52,4.555,12469928
1571922000,4.555,4.5725,4.5375,4.5525,4703408
1571925600,4.5525,4.56,4.5175,4.5375,8956948
1571929200,4.5425,4.5425,4.5425,4.5425,1689568
1571983200,4.545,4.545,4.545,4.545,243384
1571986800,4.545,4.64,4.525,4.6325,30822136
1571990400,4.6325,4.655,4.6275,4.6325,19872152
1571994000,4.6325,4.6475,4.61,4.615,6977740
1571997600,4.615,4.6425,4.6125,4.6425,4798136
1572001200,4.6425,4.6475,4.62,4.625,4697052
1572004800,4.6275,4.65,4.6225,4.6375,7090332
1572008400,4.6375,4.6675,4.6325,4.655,17769184
1572012000,4.655,4.6775,4.6425,4.6725,14594712
1572015600,4.6725,4.6725,4.6725,4.6725,2508780
1572242400,4.68,4.68,4.68,4.68,591564
1572246000,4.6825,4.7,4.645,4.68,12702768
1572249600,4.6775,4.6825,4.66,4.67,5036996
1572253200,4.6725,4.6825,4.665,4.665,6040564
1572415200,4.5875,4.5875,4.5875,4.5875,529528
1572418800,4.585,4.585,4.5125,4.555,17480172
1572422400,4.555,4.595,4.545,4.58,11753936
1572426000,4.5775,4.59,4.5725,4.5775,4709760
1572429600,4.58,4.5925,4.5775,4.59,2636720
1572433200,4.59,4.635,4.57,4.6175,10548596
1572436800,4.6175,4.6275,4.6,4.62,2928108
1572440400,4.62,4.6225,4.555,4.5875,7195368
1572444000,4.5875,4.59,4.57,4.585,3507104
1572447600,4.575,4.575,4.575,4.575,2052828
1572501600,4.6,4.6,4.6,4.6,263528
1572505200,4.6,4.6175,4.5775,4.59,7467748
1572508800,4.5925,4.6325,4.5875,4.6225,7476160
1572512400,4.6225,4.6325,4.6,4.6125,4405508
1572516000,4.6125,4.6125,4.59,4.5975,2275924
1572519600,4.5975,4.5975,4.57,4.5775,3499816
1572523200,4.5775,4.5925,4.57,4.59,3057188
1572526800,4.5875,4.5925,4.5775,4.58,2059244
1572530400,4.58,4.5875,4.555,4.58,6910560
1572534000,4.5825,4.5875,4.5825,4.5875,2351920
1572588000,4.6,4.6,4.6,4.6,167396
1572591600,4.6,4.605,4.575,4.59,6211252
1572595200,4.59,4.5925,4.57,4.5725,3486004
1572598800,4.575,4.5775,4.545,4.55,5436936
1572602400,4.55,4.56,4.54,4.555,2040980
1572606000,4.555,4.5675,4.5475,4.5525,3483992
1572609600,4.55,4.56,4.545,4.5525,2315880
1572613200,4.555,4.5775,4.55,4.575,2341096
1572616800,4.5725,4.6025,4.5725,4.59,6144880
1572620400,4.59,4.5975,4.59,4.5975,1206248
1572847200,4.63,4.63,4.63,4.63,422572
1572850800,4.63,4.65,4.6175,4.6375,9239268
1572854400,4.635,4.69,4.635,4.6875,16216860
1572858000,4.6875,4.715,4.6775,4.7075,9867076
1572861600,4.705,4.7175,4.69,4.7025,5269904
1572865200,4.7025,4.72,4.7025,4.7175,4823032
1572868800,4.72,4.74,4.715,4.7225,11501828
1572872400,4.7225,4.74,4.72,4.7375,6166004
1572876000,4.735,4.7375,4.695,4.7125,9459156
1572879600,4.7175,4.7175,4.7175,4.7175,2682656
1572933600,4.72,4.72,4.72,4.72,284948
1572937200,4.7175,4.74,4.6825,4.71,12219324
1572940800,4.71,4.72,4.6975,4.71,4504856
1572944400,4.7075,4.73,4.7075,4.715,7936440
1572948000,4.715,4.7175,4.7075,4.71,1986268
1572951600,4.71,4.71,4.6925,4.7075,3440204
1572955200,4.7075,4.7125,4.7,4.71,2576024
1572958800,4.71,4.715,4.7,4.7025,3201936
1572962400,4.7025,4.725,4.695,4.72,7756652
1572966000,4.7225,4.7225,4.7225,4.7225,1604556
1573020000,4.7175,4.7175,4.7175,4.7175,1298472
1573023600,4.715,4.715,4.64,4.665,25022380
1573027200,4.6625,4.6675,4.63,4.64,13944916
1573030800,4.64,4.6425,4.6125,4.6325,10321436
1573034400,4.6325,4.645,4.6275,4.645,5954900
1573038000,4.6425,4.6525,4.6375,4.6425,10276500
1573041600,4.6425,4.6525,4.6325,4.6525,6338400
1573045200,4.6525,4.655,4.6425,4.65,6792616
1573048800,4.65,4.6575,4.64,4.65,10954784
1573052400,4.6525,4.6525,4.6525,4.6525,2118708
1573106400,4.6875,4.6875,4.6875,4.6875,680640
1573110000,4.6875,4.7075,4.67,4.695,14568724
1573113600,4.6975,4.7,4.685,4.69,8677216
1573117200,4.6875,4.71,4.6875,4.7,6857020
1573120800,4.7025,4.7025,4.6925,4.6975,1905984
1573124400,4.695,4.7175,4.6925,4.71,9931236
1573128000,4.7075,4.735,4.7025,4.735,17407404
1573131600,4.735,4.77,4.7325,4.7375,30925808
1573135200,4.74,4.7425,4.7225,4.735,11670668
1573138800,4.735,4.735,4.735,4.735,2359424
1573192800,4.74,4.74,4.74,4.74,365556
1573196400,4.7375,4.82,4.7375,4.8075,28776956
1573200000,4.805,4.825,4.74,4.7525,28793056
1573203600,4.75,4.7525,4.7175,4.74,9634636
1573207200,4.7425,4.76,4.7275,4.75,7999192
1573210800,4.7475,4.7825,4.7475,4.7625,10207192
1573214400,4.7625,4.7625,4.725,4.74,8978420
1573218000,4.74,4.7525,4.735,4.745,5333700
1573221600,4.745,4.76,4.73,4.7375,9261040
1573225200,4.7275,4.7275,4.7275,4.7275,3717612
1573452000,4.7,4.7,4.7,4.7,448060
1573455600,4.7,4.71,4.6525,4.6575,19908204
1573459200,4.655,4.6625,4.6375,4.655,10880556
1573462800,4.6575,4.6625,4.6475,4.66,4576912
1573466400,4.6575,4.6775,4.655,4.6775,5178472
1573470000,4.6775,4.6975,4.6725,4.6975,8001500
1573473600,4.695,4.7175,4.6925,4.71,13696116
1573477200,4.71,4.7175,4.6925,4.7075,11650672
1573480800,4.71,4.71,4.68,4.6925,10565868
1573484400,4.695,4.695,4.695,4.695,851796
1573538400,4.7075,4.7075,4.7075,4.7075,269200
1573542000,4.7075,4.7875,4.7075,4.77,35175836
1573545600,4.77,4.795,4.77,4.7825,12522212
1573549200,4.7825,4.79,4.775,4.785,5727808
1573552800,4.7875,4.79,4.7775,4.78,4447816
1573556400,4.78,4.8,4.775,4.795,8470496
1573560000,4.795,4.7975,4.755,4.7625,11238780
1573563600,4.7625,4.775,4.755,4.7575,6074172
1573567200,4.76,4.77,4.745,4.765,11592468
1573570800,4.765,4.765,4.765,4.765,1990488
1573624800,4.7675,4.7675,4.7675,4.7675,443792
1573628400,4.7675,4.7825,4.745,4.775,14113520
1573632000,4.775,4.775,4.7425,4.755,12737944
1573635600,4.755,4.7675,4.7525,4.765,5427740
1573639200,4.7675,4.77,4.76,4.76,3160612
1573642800,4.76,4.8025,4.7525,4.79,21744812
1573646400,4.79,4.815,4.78,4.81,24181400
1573650000,4.81,4.82,4.7975,4.81,13278740
1573653600,4.81,4.84,4.805,4.825,24179328
1573657200,4.82,4.82,4.82,4.82,2814544
1573711200,4.7525,4.7525,4.7525,4.7525,1160180
1573714800,4.75,4.84,4.7325,4.8,34896804
1573718400,4.8,4.8025,4.74,4.7675,19008748
1573722000,4.77,4.7825,4.7575,4.7725,6857800
1573725600,4.7725,4.7825,4.77,4.775,4761168
1573729200,4.775,4.78,4.7475,4.75,7784524
1573732800,4.7475,4.765,4.74,4.75,8425712
1573736400,4.75,4.755,4.7275,4.7425,6571956
1573740000,4.7425,4.7575,4.735,4.74,7851112
1573743600,4.74,4.74,4.74,4.74,3687080
1573797600,4.79,4.79,4.79,4.79,638316
1573801200,4.7925,4.815,4.78,4.7925,17071904
1573804800,4.795,4.805,4.7875,4.79,7228472
1573808400,4.79,4.81,4.785,4.795,5497864
1573812000,4.7975,4.8125,4.785,4.8025,5865884
1573815600,4.8,4.8025,4.7875,4.7925,4709116
1573819200,4.795,4.8,4.7875,4.79,3232728
1573822800,4.7925,4.805,4.79,4.7975,5905952
1573826400,4.7975,4.8,4.7775,4.78,10324548
1573830000,4.78,4.78,4.78,4.78,3687808
1574056800,4.8025,4.8025,4.8025,4.8025,788112
1574060400,4.8025,4.83,4.7975,4.815,21645896
1574064000,4.815,4.85,4.8125,4.845,17533920
1574067600,4.8475,4.8525,4.835,4.8375,10185940
1574071200,4.84,4.8475,4.82,4.8225,6993392
1574074800,4.8225,4.8425,4.8225,4.8375,4891196
1574078400,4.835,4.845,4.8275,4.83,4535724
1574082000,4.83,4.8425,4.825,4.835,5475952
1574085600,4.835,4.84,4.8175,4.8225,8902556
1574089200,4.82,4.82,4.82,4.82,2348544
1574143200,4.835,4.835,4.835,4.835,643820
1574146800,4.835,4.895,4.8125,4.8875,36590312
1574150400,4.885,4.895,4.8675,4.8775,23877924
1574154000,4.875,4.905,4.8675,4.88,14516944
1574157600,4.88,4.89,4.8725,4.8775,5450144
1574161200,4.8775,4.885,4.8625,4.8675,7669312
1574164800,4.8675,4.8825,4.8625,4.8725,5722248
1574168400,4.875,4.8825,4.865,4.8675,4978252
1574172000,4.8675,4.885,4.8575,4.86,10972780
1574175600,4.855,4.855,4.855,4.855,3558284
1574229600,4.855,4.855,4.855,4.855,424884
1574233200,4.855,4.8925,4.84,4.8775,17406448
1574236800,4.8775,4.9325,4.8675,4.9175,29797988
1574240400,4.9175,4.92,4.905,4.91,4205488
1574244000,4.91,4.9375,4.9075,4.9325,8567356
1574247600,4.9325,4.9475,4.92,4.9225,8542908
1574251200,4.9225,4.9275,4.9025,4.9075,5405980
1574254800,4.91,4.91,4.8325,4.85,19183764
1574258400,4.85,4.87,4.84,4.85,11190524
1574262000,4.85,4.85,4.85,4.85,3372204
1574316000,4.855,4.855,4.855,4.855,302908
1574319600,4.855,4.895,4.845,4.895,17345220
1574323200,4.895,4.8975,4.83,4.8375,15134228
1574326800,4.8375,4.8525,4.83,4.85,4963852
1574330400,4.85,4.8575,4.84,4.845,2679468
1574334000,4.8475,4.86,4.845,4.85,3961240
1574337600,4.85,4.8525,4.8275,4.84,3756860
1574341200,4.84,4.8525,4.8325,4.835,4234408
1574344800,4.8325,4.84,4.82,4.8275,11087752
1574348400,4.8275,4.8275,4.8275,4.8275,3769848
1574402400,4.84,4.84,4.84,4.84,138704
1574406000,4.8425,4.86,4.83,4.8375,12055264
1574409600,4.835,4.845,4.815,4.8275,12160460
1574413200,4.8275,4.8275,4.7925,4.805,8625952
1574416800,4.805,4.8175,4.795,4.8125,3980920
1574420400,4.8125,4.815,4.805,4.815,2740372
1574424000,4.815,4.8175,4.7925,4.805,6163168
1574427600,4.8025,4.8125,4.7925,4.7975,4195712
1574431200,4.8,4.8225,4.7925,4.815,11208024
1574434800,4.815,4.815,4.815,4.815,3414240
1574661600,4.845,4.845,4.845,4.845,553004
1574665200,4.845,4.86,4.8375,4.8575,13899408
1574668800,4.8575,4.86,4.805,4.8075,17823288
1574672400,4.81,4.81,4.77,4.7975,10472404
1574676000,4.795,4.7975,4.7625,4.7775,6938908
1574679600,4.7775,4.7825,4.7225,4.7325,11607208
1574683200,4.7325,4.7525,4.7325,4.7425,3930972
1574686800,4.745,4.75,4.7275,4.7425,5600988
1574690400,4.745,4.75,4.6925,4.695,15241532
1574694000,4.68,4.68,4.68,4.68,3906664
1574748000,4.6975,4.6975,4.6975,4.6975,388596
1574751600,4.6975,4.725,4.67,4.675,17988192
1574755200,4.675,4.6825,4.64,4.65,13139048
1574758800,4.65,4.6775,4.645,4.67,7252708
1574762400,4.67,4.6975,4.665,4.685,8359624
1574766000,4.6875,4.69,4.675,4.6875,4777644
1574769600,4.6875,4.705,4.6825,4.6975,6301420
1574773200,4.6975,4.7125,4.6925,4.71,8122920
1574776800,4.71,4.73,4.69,4.7225,24002648
1574780400,4.71,4.71,4.71,4.71,8113604
1574834400,4.705,4.705,4.705,4.705,436020
1574838000,4.705,4.725,4.685,4.7025,11496048
1574841600,4.7025,4.705,4.6575,4.6675,11225080
1574845200,4.6675,4.685,4.66,4.675,5535276
1574848800,4.675,4.6825,4.67,4.68,1833384
1574852400,4.6825,4.685,4.6725,4.6775,2797084
1574856000,4.675,4.6925,4.6725,4.6875,6386936
1574859600,4.6875,4.6875,4.6725,4.675,5977384
1574863200,4.6775,4.68,4.6575,4.6625,8363344
1574866800,4.66,4.66,4.66,4.66,4146208
1574920800,4.6725,4.6725,4.6725,4.6725,256064
1574924400,4.675,4.7075,4.665,4.69,23704376
1574928000,4.69,4.69,4.67,4.675,10217868
1574931600,4.6775,4.6775,4.6625,4.6725,5378036
1574935200,4.6725,4.69,4.67,4.6875,11482988
1574938800,4.6875,4.69,4.6775,4.685,6272928
1574942400,4.685,4.69,4.6775,4.685,8026496
1574946000,4.6825,4.7075,4.6825,4.705,11815116
1574949600,4.7075,4.72,4.6975,4.7,13248900
1574953200,4.705,4.705,4.705,4.705,1852312
1575007200,4.7075,4.7075,4.7075,4.7075,230640
1575010800,4.7075,4.72,4.6975,4.6975,12544692
1575014400,4.6975,4.7025,4.69,4.6975,6622160
1575018000,4.6975,4.705,4.6875,4.6875,2802244
1575021600,4.6875,4.6975,4.6875,4.6975,1794720
1575025200,4.6975,4.71,4.695,4.6975,4176560
1575028800,4.695,4.6975,4.6825,4.6975,3529568
1575032400,4.695,4.6975,4.685,4.69,3598360
1575036000,4.69,4.6975,4.6675,4.6675,12485224
1575039600,4.6675,4.6675,4.6675,4.6675,3552188
1575266400,4.6975,4.6975,4.6975,4.6975,616980
1575270000,4.695,4.715,4.6875,4.705,14742740
1575273600,4.705,4.705,4.69,4.7,5680492
1575277200,4.7,4.7075,4.695,4.7025,4090916
1575280800,4.7,4.71,4.6975,4.7075,2968712
1575284400,4.7075,4.7125,4.7,4.705,5447236
1575288000,4.705,4.7075,4.6875,4.6925,5866924
1575291600,4.6925,4.705,4.6875,4.7025,5318232
1575295200,4.7,4.7175,4.6925,4.6975,24116092
1575298800,4.6975,4.6975,4.6975,4.6975,2557428
1575352800,4.685,4.685,4.685,4.685,318060
1575356400,4.6825,4.6875,4.6675,4.6775,10499656
1575360000,4.68,4.68,4.67,4.6775,9521656
1575363600,4.6775,4.7425,4.6775,4.74,24119696
1575367200,4.7375,4.805,4.7375,4.7775,41551820
1575370800,4.7775,4.8175,4.7725,4.81,18329612
1575374400,4.81,4.84,4.805,4.825,21031640
1575378000,4.825,4.8425,4.78,4.7925,29222624
1575381600,4.795,4.8025,4.6875,4.695,26396892
1575385200,4.7025,4.7025,4.7025,4.7025,6116876
1575439200,4.735,4.735,4.735,4.735,489760
1575442800,4.735,4.775,4.7325,4.75,20224488
1575446400,4.75,4.755,4.735,4.7375,6159984
1575450000,4.735,4.74,4.7,4.7275,9205540
1575453600,4.7275,4.7275,4.71,4.7175,4305016
1575457200,4.72,4.73,4.715,4.725,4031040
1575460800,4.7225,4.765,4.7225,4.74,13776232
1575464400,4.74,4.76,4.7275,4.745,8918788
1575468000,4.7425,4.7475,4.73,4.7325,9263844
1575471600,4.735,4.735,4.735,4.735,3391364
1575525600,4.76,4.76,4.76,4.76,537852
1575529200,4.76,4.7975,4.76,4.785,15900620
1575532800,4.785,4.83,4.78,4.8275,30996124
1575536400,4.825,4.8525,4.815,4.8475,32406660
1575540000,4.8475,4.8475,4.83,4.8425,9102444
1575543600,4.8425,4.8625,4.8375,4.8575,18551316
1575547200,4.8575,4.89,4.855,4.8875,33361692
1575550800,4.89,4.9075,4.8825,4.9,24205464
1575554400,4.9,4.9425,4.9,4.925,46515040
1575558000,4.92,4.92,4.92,4.92,3155316
1575612000,4.95,4.95,4.95,4.95,1816728
1575615600,4.9525,4.955,4.895,4.9225,35500880
1575619200,4.925,4.93,4.855,4.875,26371048
1575622800,4.8725,4.8925,4.8675,4.8875,16892500
1575626400,4.89,4.8925,4.865,4.885,11053324
1575630000,4.8825,4.8925,4.86,4.8675,15418452
1575633600,4.865,4.8775,4.865,4.87,4873308
1575637200,4.87,4.885,4.865,4.88,8820888
1575640800,4.88,4.8875,4.84,4.8425,21311928
1575644400,4.8375,4.8375,4.8375,4.8375,4941932
1575871200,4.8475,4.8475,4.8475,4.8475,750152
1575874800,4.845,4.8625,4.82,4.8425,21195868
1575878400,4.845,4.8525,4.835,4.8425,6222792
1575882000,4.84,4.8775,4.84,4.865,15847316
1575885600,4.8625,4.8925,4.8625,4.8875,7941888
1575889200,4.8875,4.9275,4.8875,4.9075,21529232
1575892800,4.9075,4.91,4.8925,4.905,5359600
1575896400,4.905,4.915,4.88,4.88,8124568
1575900000,4.8825,4.8925,4.8625,4.875,11811364
1575903600,4.8875,4.8875,4.8875,4.8875,3160156
1575957600,4.88,4.88,4.88,4.88,185060
1575961200,4.8825,4.9375,4.88,4.9275,20760856
1575964800,4.9275,4.9275,4.875,4.885,14865544
1575968400,4.885,4.89,4.855,4.8725,7247180
1575972000,4.8725,4.8775,4.85,4.86,7255296
1575975600,4.8575,4.865,4.8325,4.8375,6801856
1575979200,4.835,4.845,4.8275,4.84,5715264
1575982800,4.8375,4.8675,4.835,4.86,6715320
1575986400,4.8575,4.865,4.8325,4.84,8489744
1575990000,4.835,4.835,4.835,4.835,2296676
1576044000,4.8425,4.8425,4.8425,4.8425,412576
1576047600,4.8425,4.8475,4.795,4.81,15875516
1576051200,4.81,4.8125,4.7875,4.805,6874168
1576054800,4.805,4.81,4.795,4.8,5291484
1576058400,4.8025,4.8125,4.7975,4.805,2534928
1576062000,4.8075,4.815,4.795,4.8025,4127052
1576065600,4.8025,4.8075,4.795,4.8,4659040
1576069200,4.7975,4.8025,4.795,4.7975,6378004
1576072800,4.7975,4.8,4.7775,4.78,10667660
1576076400,4.7825,4.7825,4.7825,4.7825,3788976
1576130400,4.805,4.805,4.805,4.805,425016
1576134000,4.805,4.865,4.805,4.845,22357432
1576137600,4.845,4.895,4.845,4.88,24912064
1576141200,4.88,4.905,4.88,4.9,15235792
1576144800,4.8975,4.9,4.88,4.885,7748436
1576148400,4.885,4.89,4.8675,4.8825,14890704
1576152000,4.88,4.9025,4.875,4.9025,17774384
1576155600,4.9,4.9075,4.88,4.8825,16625980
1576159200,4.8825,4.8875,4.8575,4.885,18059944
1576162800,4.8825,4.8825,4.8825,4.8825,1923776
1576216800,4.9225,4.9225,4.9225,4.9225,762332
1576220400,4.9225,4.945,4.915,4.925,26509300
1576224000,4.925,4.9325,4.9175,4.92,6980300
1576227600,4.9225,4.9525,4.92,4.95,16327508
1576231200,4.95,4.975,4.935,4.965,16428468
1576234800,4.9625,4.9675,4.9125,4.925,19204740
1576238400,4.9225,4.9375,4.91,4.91,10316248
1576242000,4.91,4.9175,4.8925,4.9125,9393468
1576245600,4.9125,4.915,4.8575,4.885,19291228
1576249200,4.8875,4.8875,4.8875,4.8875,2245592
1576476000,4.895,4.895,4.895,4.895,379192
1576479600,4.8925,4.91,4.8575,4.8725,21591764
1576483200,4.87,4.8975,4.8625,4.8775,10020476
1576486800,4.8775,4.8875,4.835,4.855,12137228
1576490400,4.855,4.8625,4.8475,4.8575,3898448
1576494000,4.8575,4.895,4.855,4.885,14655824
1576497600,4.885,4.8875,4.87,4.88,8982988
1576501200,4.88,4.905,4.8775,4.895,12829016
1576504800,4.8975,4.9,4.8725,4.88,11873944
1576508400,4.8825,4.8825,4.8825,4.8825,1612040
1576562400,4.91,4.91,4.91,4.91,474040
1576566000,4.9075,4.925,4.875,4.8775,16736732
1576569600,4.8775,4.9125,4.8775,4.9075,9890156
1576573200,4.9075,4.9125,4.8975,4.9025,4797132
1576576800,4.9025,4.9225,4.9,4.905,9227192
1576580400,4.905,4.9075,4.89,4.8925,14190816
1576584000,4.8925,4.8975,4.875,4.8825,7292524
1576587600,4.8825,4.89,4.88,4.89,6298004
1576591200,4.8875,4.89,4.8525,4.865,10185004
1576594800,4.8625,4.8625,4.8625,4.8625,1688124
1576648800,4.8175,4.8175,4.8175,4.8175,850740
1576652400,4.82,4.8425,4.8025,4.825,10548808
1576656000,4.825,4.8275,4.795,4.81,10087532
1576659600,4.8075,4.81,4.795,4.7975,8304852
1576663200,4.7975,4.805,4.795,4.805,1699528
1576666800,4.805,4.8075,4.79,4.7975,5932680
1576670400,4.795,4.805,4.795,4.8,4092980
1576674000,4.8025,4.8025,4.7875,4.79,4833400
1576677600,4.79,4.805,4.7825,4.795,12602052
1576681200,4.7975,4.805,4.7975,4.805,5201744
1576735200,4.8175,4.8175,4.8175,4.8175,301592
1576738800,4.82,4.8325,4.805,4.8075,10302880
1576742400,4.8075,4.8175,4.805,4.8125,5272520
1576746000,4.8125,4.8275,4.81,4.815,11188604
1576749600,4.815,4.815,4.805,4.81,3648212
1576753200,4.81,4.81,4.795,4.8025,3232736
1576756800,4.8,4.8125,4.7975,4.8075,8154976
1576760400,4.8075,4.8125,4.805,4.81,3573464
1576764000,4.8075,4.82,4.7925,4.805,12723072
1576767600,4.8,4.8,4.8,4.8,2702912
1576821600,4.8125,4.8125,4.8125,4.8125,192876
1576825200,4.8125,4.8275,4.81,4.825,8458836
1576828800,4.8275,4.83,4.8225,4.8275,10409844
1576832400,4.8275,4.8275,4.8125,4.82,3551436
1576836000,4.8175,4.8225,4.815,4.8175,2260860
1576839600,4.8175,4.8175,4.7925,4.795,5528176
1576843200,4.795,4.8,4.7825,4.7975,6534552
1576846800,4.795,4.7975,4.7875,4.7925,2685488
1576850400,4.79,4.7975,4.7875,4.7925,9638736
1576854000,4.7925,4.7925,4.7925,4.7925,3518372
1577080800,4.8,4.8,4.8,4.8,365176
1577084400,4.8,4.805,4.7775,4.79,8310448
1577088000,4.79,4.7925,4.7825,4.79,4576736
1577091600,4.7875,4.7925,4.785,4.79,4415960
1577095200,4.79,4.795,4.7875,4.7875,1803216
1577098800,4.79,4.79,4.785,4.79,3294052
1577102400,4.79,4.81,4.785,4.81,4953732
1577106000,4.8075,4.83,4.8,4.8025,12227148
1577109600,4.805,4.815,4.8,4.8075,8341824
1577113200,4.8125,4.8125,4.8125,4.8125,965172
1577167200,4.85,4.85,4.85,4.85,735872
1577170800,4.85,4.8675,4.8425,4.8475,16181976
1577174400,4.8475,4.8975,4.845,4.895,20315060
1577178000,4.895,4.9125,4.89,4.9,15153192
1577181600,4.9,4.9025,4.885,4.8975,5967332
1577185200,4.895,4.9,4.8875,4.8975,4403604
1577188800,4.8975,4.905,4.89,4.8975,5183056
1577192400,4.8975,4.9,4.8825,4.8875,4926732
1577196000,4.89,4.9175,4.885,4.905,22781572
1577199600,4.9025,4.9025,4.9025,4.9025,3190376
1577253600,4.91,4.91,4.91,4.91,558512
1577257200,4.91,4.925,4.9,4.905,16735596
1577260800,4.905,4.9075,4.9,4.9025,3500692
1577264400,4.9025,4.9175,4.9,4.905,9989304
1577268000,4.905,4.9075,4.9025,4.9075,1485948
1577271600,4.905,4.9075,4.9025,4.905,1440876
1577275200,4.9025,4.905,4.895,4.8975,3507220
1577278800,4.9,4.915,4.895,4.9125,3177536
1577282400,4.9125,4.9275,4.91,4.9275,20708512
1577286000,4.925,4.925,4.925,4.925,2339444
1577340000,4.935,4.935,4.935,4.935,1193852
1577343600,4.935,4.9875,4.9325,4.975,47576104
1577347200,4.975,4.9825,4.97,4.975,6240536
1577350800,4.975,4.98,4.9675,4.9725,6068228
1577354400,4.9725,4.975,4.9575,4.965,4234528
1577358000,4.9625,4.9675,4.96,4.965,4165704
1577361600,4.965,4.9675,4.915,4.93,13686580
1577365200,4.93,4.9325,4.9,4.9075,9293468
1577368800,4.9075,4.93,4.9075,4.925,8561968
1577372400,4.9175,4.9175,4.9175,4.9175,2365148
1577426400,4.93,4.93,4.93,4.93,497584
1577430000,4.9325,4.94,4.9125,4.9125,9844996
1577433600,4.9125,4.9225,4.905,4.9125,6465384
1577437200,4.9125,4.925,4.91,4.915,4697440
1577440800,4.915,4.92,4.91,4.9125,2881972
1577444400,4.91,4.9125,4.89,4.9025,6279508
1577448000,4.9025,4.9075,4.8925,4.8975,3778996
1577451600,4.9,4.915,4.8925,4.91,6001428
1577455200,4.9075,4.925,4.905,4.92,9455824
1577458800,4.9175,4.9175,4.9175,4.9175,1313476
1577685600,4.935,4.935,4.935,4.935,573040
1577689200,4.9375,4.95,4.93,4.935,11688604
1577692800,4.935,4.985,4.935,4.975,25919844
1577696400,4.975,5.065,4.965,5.04,55625360
1577700000,5.04,5.05,5.03,5.03,14469600
1577703600,5.035,5.07,5.025,5.06,16695280
1577707200,5.065,5.085,5.045,5.05,21268380
1577710800,5.05,5.08,5.045,5.065,9039736
1577714400,5.065,5.115,5.06,5.11,26281120
1577718000,5.11,5.12,5.11,5.12,4521580
1577772000,5.135,5.135,5.135,5.135,1341060
1577775600,5.135,5.305,5.125,5.235,67044076
1577779200,5.24,5.26,5.18,5.205,20049680
1577782800,5.205,5.215,5.17,5.21,7920924
1577786400,5.21,5.23,5.205,5.215,4678288
1577790000,5.22,5.265,5.215,5.26,10500032
1577793600,5.26,5.28,5.22,5.235,13593640
1577797200,5.23,5.25,5.225,5.24,4270764
1577800800,5.235,5.24,5.185,5.235,13887464
1577804400,5.235,5.235,5.235,5.235,2502424
1577944800,5.325,5.325,5.325,5.325,1701944
1577948400,5.32,5.35,5.28,5.325,27519728
1577952000,5.33,5.34,5.3,5.32,10916216
1577955600,5.32,5.33,5.315,5.325,7206680
1577959200,5.325,5.33,5.315,5.325,3226424
1577962800,5.325,5.36,5.31,5.35,13363092
1577966400,5.345,5.395,5.335,5.37,21041632
1577970000,5.37,5.405,5.36,5.39,15691628
1577973600,5.39,5.4,5.365,5.395,13204536
1577977200,5.4,5.4,5.4,5.4,2863084
1578031200,5.35,5.35,5.35,5.35,1673564
1578034800,5.35,5.485,5.305,5.47,53651260
1578038400,5.475,5.475,5.38,5.39,32505376
1578042000,5.395,5.395,5.355,5.365,19133128
1578045600,5.37,5.37,5.275,5.29,10851088
1578049200,5.285,5.315,5.225,5.29,28705804
1578052800,5.29,5.38,5.275,5.375,22248336
1578056400,5.375,5.41,5.365,5.37,25085996
1578060000,5.375,5.45,5.35,5.44,29508288
1578063600,5.445,5.445,5.445,5.445,3622344
1578290400,5.44,5.44,5.44,5.44,1354128
1578294000,5.44,5.59,5.42,5.57,72932984
1578297600,5.57,5.59,5.505,5.52,28283636
1578301200,5.52,5.525,5.46,5.515,22893076
1578304800,5.52,5.54,5.5,5.51,9068488
1578308400,5.51,5.525,5.495,5.515,8970628
1578312000,5.52,5.555,5.505,5.535,11120276
1578315600,5.535,5.555,5.49,5.495,15296472
1578319200,5.495,5.53,5.485,5.515,18576912
1578322800,5.52,5.52,5.52,5.52,2934280
1578376800,5.585,5.585,5.585,5.585,1221644
1578380400,5.59,5.605,5.56,5.58,22995412
1578384000,5.575,5.58,5.535,5.54,13910772
1578387600,5.54,5.55,5.52,5.53,8036568
1578391200,5.535,5.535,5.495,5.515,10639548
1578394800,5.51,5.545,5.51,5.53,5685784
1578398400,5.53,5.555,5.525,5.545,6608668
1578402000,5.545,5.56,5.53,5.54,7001352
1578405600,5.545,5.64,5.535,5.605,63096252
1578409200,5.6,5.6,5.6,5.6,2479360
1578463200,5.53,5.53,5.53,5.53,1574424
1578466800,5.535,5.6,5.495,5.595,47320856
1578470400,5.6,5.615,5.555,5.575,25072280
1578474000,5.575,5.605,5.575,5.6,13805832
1578477600,5.6,5.6,5.575,5.595,6503816
1578481200,5.595,5.625,5.59,5.6,17667572
1578484800,5.605,5.62,5.58,5.595,9231012
1578488400,5.595,5.615,5.585,5.6,7166744
1578492000,5.6,5.605,5.565,5.57,13324964
1578495600,5.565,5.565,5.565,5.565,3054860
1578549600,5.67,5.67,5.67,5.67,2135656
1578553200,5.67,5.695,5.635,5.685,28244740
1578556800,5.69,5.69,5.665,5.685,13613376
1578560400,5.685,5.725,5.68,5.71,16664532
1578564000,5.705,5.72,5.69,5.69,7611100
1578567600,5.69,5.705,5.685,5.685,5246808
1578571200,5.69,5.7,5.675,5.685,6593632
1578574800,5.685,5.705,5.685,5.705,9959368
1578578400,5.705,5.72,5.695,5.715,11660536
1578582000,5.72,5.72,5.72,5.72,2520568
1578636000,5.74,5.74,5.74,5.74,554516
1578639600,5.74,5.785,5.725,5.76,23345544
1578643200,5.76,5.77,5.69,5.7,18624048
1578646800,5.7,5.725,5.695,5.725,5951744
1578650400,5.725,5.73,5.705,5.72,6227924
1578654000,5.72,5.735,5.71,5.72,6831588
1578657600,5.72,5.725,5.69,5.695,9024600
1578661200,5.695,5.7,5.635,5.66,21303808
1578664800,5.66,5.69,5.635,5.675,13839480
1578668400,5.675,5.675,5.675,5.675,3217388
1578895200,5.735,5.735,5.735,5.735,912388
1578898800,5.735,5.75,5.715,5.73,20083532
1578902400,5.73,5.745,5.715,5.72,12661236
1578906000,5.72,5.725,5.7,5.71,10120464
1578909600,5.71,5.72,5.7,5.71,3993628
1578913200,5.705,5.72,5.685,5.695,9760812
1578916800,5.69,5.7,5.67,5.69,9669604
1578920400,5.685,5.735,5.68,5.725,12519476
1578924000,5.725,5.735,5.71,5.725,11928448
1578927600,5.73,5.73,5.73,5.73,2324056
1578981600,5.735,5.735,5.735,5.735,722212
1578985200,5.735,5.845,5.69,5.795,48596256
1578988800,5.795,5.795,5.755,5.79,13072208
1578992400,5.785,5.82,5.78,5.81,8839080
1578996000,5.805,5.81,5.78,5.79,4299384
1578999600,5.785,5.805,5.78,5.785,4559600
1579003200,5.785,5.8,5.765,5.77,6618740
1579006800,5.77,5.795,5.765,5.795,6304208
1579010400,5.795,5.82,5.785,5.82,14537240
1579014000,5.82,5.82,5.82,5.82,6055100
1579068000,5.805,5.805,5.805,5.805,361168
1579071600,5.8,5.835,5.78,5.8,15699272
1579075200,5.8,5.8,5.73,5.755,17879968
1579078800,5.76,5.765,5.73,5.74,5983532
1579082400,5.745,5.76,5.725,5.75,5860020
1579086000,5.75,5.77,5.735,5.765,5790864
1579089600,5.765,5.795,5.755,5.775,9569320
1579093200,5.77,5.785,5.74,5.76,6897980
1579096800,5.76,5.77,5.74,5.745,8396720
1579100400,5.74,5.74,5.74,5.74,2760848
1579154400,5.76,5.76,5.76,5.76,461364
1579158000,5.76,5.82,5.76,5.805,20563824
1579161600,5.805,5.81,5.79,5.8,8380940
1579165200,5.795,5.8,5.78,5.79,3821872
1579168800,5.79,5.805,5.78,5.8,4017464
1579172400,5.8,5.81,5.78,5.79,9995304
1579176000,5.795,5.795,5.78,5.795,3869616
1579179600,5.79,5.795,5.77,5.77,6264408
1579183200,5.77,5.77,5.69,5.725,18483556
1579186800,5.725,5.725,5.72,5.72,2225904
1579240800,5.745,5.745,5.745,5.745,413880
1579244400,5.75,5.775,5.69,5.695,19505228
1579248000,5.695,5.71,5.69,5.705,4185168
1579251600,5.71,5.71,5.67,5.685,5246268
1579255200,5.685,5.7,5.68,5.695,1960592
1579258800,5.695,5.725,5.69,5.715,7298536
1579262400,5.71,5.735,5.695,5.715,6334660
1579266000,5.715,5.72,5.68,5.695,6593760
1579269600,5.69,5.735,5.685,5.725,9011728
1579273200,5.73,5.73,5.73,5.73,2014076
1579500000,5.75,5.75,5.75,5.75,385728
1579503600,5.745,5.775,5.74,5.75,13411164
1579507200,5.75,5.76,5.73,5.755,6077316
1579510800,5.755,5.79,5.755,5.775,10499760
1579514400,5.78,5.785,5.76,5.775,5479516
1579518000,5.77,5.815,5.765,5.795,14490152
1579521600,5.795,5.8,5.765,5.78,6135440
1579525200,5.775,5.79,5.765,5.775,4622024
1579528800,5.775,5.78,5.755,5.77,9854928
1579532400,5.775,5.775,5.775,5.775,2188472
1579586400,5.745,5.745,5.745,5.745,570496
1579590000,5.74,5.765,5.725,5.745,12098492
1579593600,5.745,5.75,5.73,5.74,4809188
1579597200,5.735,5.755,5.735,5.745,2267804
1579600800,5.75,5.76,5.74,5.755,3096048
1579604400,5.755,5.77,5.745,5.755,3987104
1579608000,5.755,5.775,5.755,5.765,7622676
1579611600,5.76,5.785,5.755,5.775,6209284
1579615200,5.775,5.795,5.77,5.775,13279832
1579618800,5.775,5.775,5.775,5.775,2141160
1579672800,5.8,5.8,5.8,5.8,476128
1579676400,5.805,5.815,5.78,5.8,18500108
1579680000,5.8,5.805,5.76,5.765,9264592
1579683600,5.765,5.78,5.755,5.775,5566072
1579687200,5.78,5.79,5.765,5.785,2562860
1579690800,5.78,5.795,5.765,5.775,4950424
1579694400,5.775,5.785,5.76,5.775,3975480
1579698000,5.77,5.775,5.75,5.76,7746060
1579701600,5.765,5.785,5.76,5.77,11485584
1579705200,5.76,5.76,5.76,5.76,2001412
1579759200,5.74,5.74,5.74,5.74,234124
1579762800,5.74,5.775,5.735,5.75,12281348
1579766400,5.75,5.765,5.74,5.755,6553952
1579770000,5.755,5.76,5.745,5.75,2008008
1579773600,5.755,5.78,5.745,5.77,8007088
1579777200,5.765,5.775,5.76,5.765,2705968
1579780800,5.765,5.765,5.735,5.745,7429504
1579784400,5.745,5.75,5.72,5.74,5963020
1579788000,5.745,5.75,5.7,5.715,9635940
1579791600,5.71,5.71,5.71,5.71,2759508
1579845600,5.75,5.75,5.75,5.75,603184
1579849200,5.755,5.765,5.73,5.74,8892540
1579852800,5.74,5.745,5.72,5.725,5096080
1579856400,5.73,5.73,5.695,5.705,8448884
1579860000,5.705,5.715,5.685,5.7,5004088
1579863600,5.7,5.71,5.68,5.685,3532432
1579867200,5.685,5.695,5.65,5.68,7823080
1579870800,5.68,5.71,5.675,5.705,5239392
1579874400,5.7,5.74,5.7,5.73,8608640
1579878000,5.735,5.735,5.735,5.735,1361744
1580104800,5.665,5.665,5.665,5.665,473864
1580108400,5.67,5.73,5.66,5.72,8239032
1580112000,5.715,5.735,5.705,5.72,4875708
1580115600,5.72,5.725,5.7,5.715,5171344
1580119200,5.72,5.73,5.71,5.72,3713992
1580122800,5.715,5.73,5.715,5.72,2722852
1580126400,5.725,5.94,5.72,5.885,59203260
1580130000,5.885,5.93,5.88,5.915,16201044
1580133600,5.91,5.915,5.795,5.835,30015528
1580137200,5.855,5.855,5.855,5.855,2122888
1580191200,5.91,5.91,5.91,5.91,894824
1580194800,5.91,5.935,5.885,5.9,15712264
1580198400,5.9,5.9,5.795,5.85,17189400
1580202000,5.85,5.85,5.815,5.835,4576892
1580205600,5.835,5.895,5.825,5.865,9953184
1580209200,5.865,5.88,5.82,5.87,9413960
1580212800,5.87,5.88,5.845,5.85,6887476
1580216400,5.855,5.87,5.84,5.84,5617052
1580220000,5.84,5.855,5.81,5.815,14173412
1580223600,5.805,5.805,5.805,5.805,2219688
1580277600,5.825,5.825,5.825,5.825,533748
1580281200,5.83,5.855,5.8,5.835,15640204
1580284800,5.835,5.855,5.82,5.855,7590480
1580288400,5.855,5.93,5.845,5.895,23561384
1580292000,5.9,5.905,5.85,5.875,7326640
1580295600,5.875,5.885,5.845,5.85,5655616
1580299200,5.855,5.875,5.835,5.87,5191752
1580302800,5.87,5.875,5.84,5.85,4961876
1580306400,5.845,5.855,5.82,5.825,9789116
1580310000,5.82,5.82,5.82,5.82,2103260
1580364000,5.81,5.81,5.81,5.81,310404
1580367600,5.81,5.865,5.8,5.82,17521428
1580371200,5.815,5.9,5.8,5.88,18689400
1580374800,5.88,5.905,5.86,5.865,8389060
1580378400,5.86,5.9,5.85,5.89,5980280
1580382000,5.89,5.895,5.855,5.865,4302788
1580385600,5.87,5.88,5.855,5.865,3143424
1580389200,5.865,5.87,5.85,5.865,5271680
1580392800,5.87,5.915,5.86,5.91,16587792
1580396400,5.915,5.915,5.915,5.915,1976544
1580450400,5.93,5.93,5.93,5.93,483064
1580454000,5.93,6,5.905,5.975,33023064
1580457600,5.975,5.985,5.92,5.93,15921716
1580461200,5.93,5.935,5.905,5.915,11236552
1580464800,5.92,5.92,5.9,5.91,4187132
1580468400,5.905,5.925,5.905,5.91,3390704
1580472000,5.91,5.93,5.91,5.92,3696520
1580475600,5.92,5.925,5.91,5.92,3590832
1580479200,5.92,5.925,5.865,5.88,10338484
1580482800,5.88,5.88,5.865,5.865,3502984
1580709600,5.875,5.875,5.875,5.875,445800
1580713200,5.88,5.885,5.815,5.865,12278684
1580716800,5.87,5.87,5.835,5.865,6083580
1580720400,5.865,5.865,5.845,5.855,2514780
1580724000,5.855,5.865,5.835,5.84,2100660
1580727600,5.84,5.85,5.83,5.84,3419188
1580731200,5.84,5.865,5.835,5.86,4052112
1580734800,5.86,5.885,5.85,5.875,7022744
1580738400,5.87,5.875,5.83,5.845,9625016
1580742000,5.845,5.845,5.845,5.845,1589752
1580796000,5.93,5.93,5.93,5.93,1491072
1580799600,5.93,5.975,5.9,5.96,29909996
1580803200,5.955,5.975,5.945,5.965,8059040
1580806800,5.965,5.99,5.95,5.985,7407556
1580810400,5.985,5.985,5.965,5.97,4291140
1580814000,5.97,5.985,5.96,5.98,3928684
1580817600,5.98,6.095,5.975,6.09,34949144
1580821200,6.09,6.09,6.05,6.07,11883320
1580824800,6.075,6.15,6.045,6.145,19826488
1580828400,6.145,6.145,6.145,6.145,3109236
1580882400,6.155,6.155,6.155,6.155,546848
1580886000,6.155,6.175,6.115,6.135,15805184
1580889600,6.13,6.22,6.13,6.21,16247796
1580893200,6.205,6.225,6.18,6.21,9839560
1580896800,6.205,6.215,6.145,6.16,8381528
1580900400,6.16,6.165,6.07,6.09,17933120
1580904000,6.09,6.115,6.055,6.085,14217908
1580907600,6.09,6.1,6.07,6.09,6157948
1580911200,6.09,6.1,6.07,6.095,9828564
1580914800,6.1,6.1,6.1,6.1,2209768
1580968800,6.16,6.16,6.16,6.16,577348
1580972400,6.165,6.175,6.135,6.15,13683832
1580976000,6.15,6.155,6.105,6.13,7713656
1580979600,6.13,6.145,6.115,6.135,3746924
1580983200,6.135,6.14,6.115,6.12,2372728
1580986800,6.125,6.15,6.12,6.145,3337656
1580990400,6.145,6.16,6.135,6.145,3168048
1580994000,6.145,6.15,6.105,6.11,6693972
1580997600,6.11,6.125,6.09,6.1,9389040
1581001200,6.1,6.1,6.1,6.1,1763560
1581055200,6.125,6.125,6.125,6.125,261432
1581058800,6.125,6.125,6.085,6.095,7852184
1581062400,6.1,6.1,6.07,6.09,4435440
1581066000,6.09,6.1,6.075,6.095,2441328
1581069600,6.09,6.14,6.09,6.125,5827588
1581073200,6.125,6.13,6.105,6.115,2538076
1581076800,6.115,6.125,6.095,6.1,2434284
1581080400,6.1,6.135,6.095,6.125,5733344
1581084000,6.12,6.195,6.08,6.105,29221176
1581087600,6.115,6.115,6.115,6.115,1973784
1581314400,6.125,6.125,6.125,6.125,490944
1581318000,6.12,6.19,6.11,6.175,19208264
1581321600,6.175,6.175,6.145,6.15,7837024
1581325200,6.15,6.155,6.135,6.15,2789468
1581328800,6.15,6.165,6.14,6.155,2718684
1581332400,6.155,6.16,6.13,6.135,3922120
1581336000,6.135,6.14,5.87,5.885,25154432
1581339600,5.885,6.03,5.82,5.97,28907488
1581343200,5.965,6.025,5.91,6.025,13745476
1581346800,6.03,6.03,6.03,6.03,3406712
1581400800,6.095,6.095,6.095,6.095,1515616
1581404400,6.095,6.12,6.01,6.055,24331676
1581408000,6.055,6.07,5.995,6.035,10186404
1581411600,6.035,6.07,6,6.055,5434884
1581415200,6.06,6.065,6.02,6.055,4396888
1581418800,6.055,6.125,6.035,6.115,15151296
1581422400,6.11,6.135,6.085,6.115,9523312
1581426000,6.115,6.2,6.09,6.195,14716148
1581429600,6.195,6.21,6.17,6.19,23728648
1581433200,6.19,6.19,6.19,6.19,2491452
1581487200,6.43,6.43,6.43,6.43,7372656
1581490800,6.43,6.63,6.43,6.555,112375684
1581494400,6.555,6.905,6.53,6.9,123243060
1581498000,6.9,7.07,6.88,6.935,112751868
1581501600,6.935,7.17,6.93,7.01,67611532
1581505200,7.01,7.055,6.955,6.98,43121004
1581508800,6.98,7.055,6.955,7.015,30982064
1581512400,7.015,7.06,6.96,7.01,31116132
1581516000,7.005,7.115,6.96,6.995,62117704
1581519600,6.995,7,6.99,7,4933492
1581573600,7.005,7.005,7.005,7.005,1318348
1581577200,7.005,7.095,6.945,6.98,53633872
1581580800,6.98,7.19,6.96,7.125,69016472
1581584400,7.12,7.125,7.05,7.06,16427700
1581588000,7.055,7.125,7.045,7.08,13665748
1581591600,7.08,7.105,7.045,7.095,7490100
1581595200,7.095,7.12,7.06,7.095,12854928
1581598800,7.1,7.125,7.065,7.085,9296320
1581602400,7.085,7.105,7.04,7.055,12647164
1581606000,7.055,7.055,7.055,7.055,2655152
1581660000,7.07,7.07,7.07,7.07,708788
1581663600,7.07,7.105,7.06,7.07,14815060
1581667200,7.07,7.29,7.07,7.255,53836040
1581670800,7.255,7.425,7.225,7.395,53138280
1581674400,7.395,7.415,7.375,7.385,9327016
1581678000,7.385,7.41,7.32,7.325,11897108
1581681600,7.325,7.33,7.25,7.305,20695820
1581685200,7.305,7.305,7.21,7.265,19859580
1581688800,7.265,7.36,7.245,7.27,35017056
1581692400,7.27,7.27,7.27,7.27,2796240
1581919200,7.36,7.36,7.36,7.36,956912
1581922800,7.365,7.495,7.33,7.47,41185304
1581926400,7.47,7.655,7.47,7.54,64309588
1581930000,7.545,7.55,7.5,7.53,14396960
1581933600,7.53,7.54,7.5,7.505,9328292
1581937200,7.51,7.515,7.255,7.285,79460912
1581940800,7.28,7.35,7.28,7.3,19016748
1581944400,7.3,7.325,7.265,7.275,11509276
1581948000,7.28,7.285,7.19,7.215,42235652
1581951600,7.235,7.235,7.235,7.235,3121340
1582005600,7.22,7.22,7.22,7.22,556808
1582009200,7.215,7.35,7.12,7.27,53933132
1582012800,7.27,7.415,7.25,7.335,39622984
1582016400,7.335,7.415,7.315,7.395,19173424
1582020000,7.395,7.405,7.34,7.345,10838196
1582023600,7.345,7.365,7.305,7.32,9806276
1582027200,7.315,7.34,7.285,7.295,7010796
1582030800,7.295,7.325,7.19,7.275,23837788
1582034400,7.275,7.35,7.245,7.295,26232764
1582038000,7.295,7.295,7.295,7.295,2493104
1582092000,7.345,7.345,7.345,7.345,1116436
1582095600,7.35,7.42,7.335,7.37,29134564
1582099200,7.365,7.415,7.32,7.345,20811716
1582102800,7.345,7.355,7.25,7.255,17581316
1582106400,7.255,7.295,7.215,7.29,15150096
1582110000,7.29,7.315,7.215,7.275,15434636
1582113600,7.275,7.305,7.245,7.285,11982240
1582117200,7.29,7.355,7.28,7.325,17267204
1582120800,7.33,7.485,7.305,7.455,56338180
1582124400,7.445,7.445,7.445,7.445,3574008
1582178400,7.47,7.47,7.47,7.47,1133112
1582182000,7.47,7.535,7.42,7.455,41605056
1582185600,7.455,7.455,7.265,7.3,41403380
1582189200,7.3,7.31,7.255,7.3,17054772
1582192800,7.3,7.3,7.23,7.26,13396300
1582196400,7.265,7.27,7.145,7.21,25827984
1582200000,7.21,7.255,7.12,7.14,24143676
1582203600,7.14,7.145,6.985,7.095,46378416
1582207200,7.1,7.215,7.04,7.085,44794688
1582210800,7.085,7.09,7.085,7.09,4781140
1582264800,7.07,7.07,7.07,7.07,483848
1582268400,7.065,7.165,7.025,7.125,35298832
1582272000,7.125,7.16,7.05,7.14,25982040
1582275600,7.145,7.165,7.105,7.145,13821908
1582279200,7.145,7.185,7.13,7.145,12949820
1582282800,7.15,7.15,7.085,7.09,7698112
1582286400,7.09,7.26,7.09,7.195,41609516
1582290000,7.195,7.23,7.165,7.215,13430832
1582293600,7.215,7.285,7.19,7.215,39502036
1582297200,7.21,7.21,7.21,7.21,2725320
1582524000,7.075,7.075,7.075,7.075,497384
1582527600,7.07,7.16,7.05,7.125,28204704
1582531200,7.13,7.135,7.07,7.115,15106084
1582534800,7.11,7.125,7.09,7.115,7706872
1582538400,7.11,7.12,7.08,7.1,4254248
1582542000,7.095,7.115,7.08,7.1,6803060
1582545600,7.095,7.16,7.09,7.145,16052116
1582549200,7.14,7.15,7.115,7.12,6157796
1582552800,7.12,7.19,7.115,7.155,20430284
1582556400,7.155,7.155,7.155,7.155,2102868
1582610400,7.24,7.24,7.24,7.24,1138080
1582614000,7.24,7.305,7.21,7.23,34979628
1582617600,7.235,7.375,7.23,7.34,38100364
1582621200,7.335,7.39,7.27,7.295,29010632
1582624800,7.295,7.32,7.195,7.255,25829136
1582628400,7.255,7.31,7.24,7.265,12881336
1582632000,7.265,7.345,7.26,7.315,22298076
1582635600,7.31,7.34,7.285,7.32,12589260
1582639200,7.315,7.33,7.265,7.265,17279036
1582642800,7.285,7.285,7.285,7.285,3553516
1582696800,7.655,7.655,7.655,7.655,4275712
1582700400,7.655,7.665,7.495,7.545,85995792
1582704000,7.545,7.55,7.34,7.355,56712164
1582707600,7.35,7.355,7.165,7.26,74114896
1582711200,7.265,7.33,7.235,7.245,23612820
1582714800,7.25,7.29,7.22,7.265,15802256
1582718400,7.265,7.27,7.2,7.23,20177052
1582722000,7.23,7.255,7.205,7.22,16892708
1582725600,7.225,7.255,7.185,7.245,25273536
1582729200,7.25,7.25,7.25,7.25,5031632
1582783200,7.075,7.075,7.075,7.075,803752
1582786800,7.075,7.2,7.075,7.135,23952572
1582790400,7.135,7.135,7.06,7.1,16468432
1582794000,7.1,7.115,6.97,7.01,26958380
1582797600,7.01,7.035,6.88,6.905,23648988
1582801200,6.9,7.025,6.895,6.99,26079576
1582804800,6.99,7.03,6.95,6.995,14913204
1582808400,6.995,7.07,6.975,7.015,21075732
1582812000,7.015,7.08,6.985,7.025,38104648
1582815600,6.995,6.995,6.995,6.995,4035724
1582869600,6.25,6.25,6.25,6.25,1554420
1582873200,6.245,6.67,6.04,6.555,26006360
1582876800,6.555,6.785,6.555,6.74,29486616
1582880400,6.74,6.79,6.695,6.735,22535040
1582884000,6.74,6.945,6.735,6.905,19548940
1582887600,6.905,7.07,6.875,6.975,25998620
1582891200,6.97,7.03,6.95,6.98,10325948
1582894800,6.98,7.005,6.83,6.89,10709256
1582898400,6.89,6.945,6.82,6.92,17550412
1582902000,6.915,6.915,6.875,6.875,4531824
1583128800,7.12,7.12,7.12,7.12,1472912
1583132400,7.11,7.215,7.1,7.175,26343504
1583136000,7.175,7.195,7.14,7.15,7404820
1583139600,7.145,7.15,7.1,7.105,5356412
1583143200,7.11,7.12,7.02,7.04,8902728
1583146800,7.04,7.075,6.965,6.98,11939680
1583150400,6.975,7.085,6.97,7.065,10101608
1583154000,7.07,7.07,7.025,7.065,4400968
1583157600,7.065,7.115,7.02,7.06,16011540
1583161200,7.06,7.06,7.06,7.06,2850032
1583215200,7.205,7.205,7.205,7.205,1123392
1583218800,7.205,7.24,7.155,7.2,23921336
1583222400,7.2,7.25,7.195,7.245,14443336
1583226000,7.24,7.31,7.24,7.29,19921256
1583229600,7.29,7.335,7.285,7.31,11361676
1583233200,7.315,7.455,7.285,7.44,27056040
1583236800,7.44,7.52,7.395,7.44,47866376
1583240400,7.44,7.485,7.42,7.48,13718808
1583244000,7.48,7.6,7.48,7.59,48526212
1583247600,7.62,7.62,7.62,7.62,3609972
1583301600,7.6,7.6,7.6,7.6,667604
1583305200,7.6,7.885,7.535,7.775,73168664
1583308800,7.775,7.81,7.735,7.78,14361064
1583312400,7.78,7.875,7.75,7.845,19332748
1583316000,7.84,7.895,7.75,7.79,21280664
1583319600,7.79,7.815,7.775,7.785,7237240
1583323200,7.785,7.795,7.645,7.645,20508036
1583326800,7.645,7.67,7.43,7.565,41028444
1583330400,7.565,7.565,7.44,7.455,31862200
1583334000,7.455,7.455,7.445,7.445,2749564
1583388000,7.62,7.62,7.62,7.62,1453060
1583391600,7.615,7.715,7.565,7.62,31661424
1583395200,7.62,7.635,7.575,7.585,7347860
1583398800,7.585,7.61,7.57,7.6,4883336
1583402400,7.6,7.6,7.515,7.54,7071476
1583406000,7.54,7.64,7.53,7.615,16335664
1583409600,7.615,7.615,7.485,7.57,15798148
1583413200,7.57,7.655,7.56,7.625,14764080
1583416800,7.625,7.66,7.565,7.59,19471640
1583420400,7.59,7.59,7.57,7.57,2556204
1583474400,7.56,7.56,7.56,7.56,1102724
1583478000,7.555,7.6,7.46,7.47,23899600
1583481600,7.47,7.47,7.38,7.425,15262232
1583485200,7.425,7.44,7.385,7.395,7121612
1583488800,7.395,7.405,7.32,7.34,8920312
1583492400,7.345,7.45,7.34,7.43,12109652
1583496000,7.425,7.46,7.38,7.41,8753620
1583499600,7.405,7.445,7.405,7.415,5500036
1583503200,7.415,7.475,7.39,7.455,11571820
1583506800,7.46,7.46,7.46,7.46,2358300
1583733600,7.3,7.3,7.3,7.3,548556
1583737200,7.3,7.335,7.11,7.15,28256696
1583740800,7.145,7.205,7.13,7.18,10372060
1583744400,7.18,7.195,7.16,7.17,5265808
1583748000,7.165,7.185,7.09,7.125,7194216
1583751600,7.125,7.125,7.075,7.085,9012172
1583755200,7.085,7.105,7.035,7.06,7368264
1583758800,7.065,7.07,6.575,6.81,33292424
1583762400,6.815,7.01,6.75,6.93,33671392
1583766000,6.94,6.94,6.94,6.94,2353260
1583820000,7.14,7.14,7.14,7.14,1264924
1583823600,7.145,7.175,7.035,7.06,26100256
1583827200,7.06,7.115,7.05,7.1,16300516
1583830800,7.1,7.11,7.08,7.105,7092516
1583834400,7.11,7.16,7.1,7.135,8402312
1583838000,7.135,7.14,7.08,7.1,6249676
1583841600,7.1,7.105,6.7,6.8,38167504
1583845200,6.8,6.89,6.745,6.795,23772452
1583848800,6.8,6.84,6.445,6.515,35061744
1583852400,6.475,6.475,6.475,6.475,3464568
1583906400,6.475,6.475,6.475,6.475,1172528
1583910000,6.47,6.575,6.3,6.435,38946920
1583913600,6.43,6.45,6.33,6.425,20999476
1583917200,6.425,6.485,6.405,6.44,15805860
1583920800,6.44,6.55,6.36,6.37,28424484
1583924400,6.365,6.405,6.275,6.35,14952972
1583928000,6.35,6.365,6.26,6.295,11928956
1583931600,6.295,6.425,6.285,6.41,17133408
1583935200,6.41,6.525,6.39,6.52,25894140
1583938800,6.54,6.54,6.54,6.54,2421260
1583992800,6.3,6.3,6.3,6.3,514684
1583996400,6.305,6.345,6.21,6.25,25844780
1584000000,6.25,6.26,6.1,6.17,17043120
1584003600,6.17,6.25,6.16,6.235,14030968
1584007200,6.225,6.325,6.22,6.3,22129564
1584010800,6.305,6.315,6.225,6.23,7586372
1584014400,6.23,6.295,6.17,6.205,22401108
1584018000,6.205,6.215,6.055,6.14,16574188
1584021600,6.135,6.16,6.085,6.105,18101436
1584025200,6.105,6.105,6.09,6.09,2701120
1584079200,6.13,6.13,6.13,6.13,1222756
1584082800,6.13,6.3,5.85,6.215,51732356
1584086400,6.215,6.28,6.1,6.165,22372160
1584090000,6.165,6.265,6.13,6.25,11160920
1584093600,6.25,6.325,6.21,6.3,14679008
1584097200,6.3,6.435,6.295,6.435,23205084
1584100800,6.445,6.6,6.445,6.54,36641072
1584104400,6.54,6.55,6.325,6.37,24063632
1584108000,6.365,6.405,6.295,6.355,24160972
1584111600,6.365,6.365,6.365,6.365,1883352
1584338400,6,6,6,6,1080980
1584342000,5.995,6.07,5.935,6.015,29210100
1584345600,6.02,6.03,5.905,5.915,13297708
1584349200,5.92,5.94,5.86,5.89,14111752
1584352800,5.89,5.92,5.8,5.825,9515364
1584356400,5.82,5.85,5.79,5.805,12360084
1584360000,5.805,5.855,5.78,5.8,8767488
1584363600,5.805,5.805,5.73,5.73,20758688
1584367200,5.73,5.755,5.73,5.73,23706324
1584370800,5.73,5.73,5.73,5.73,329940
1584424800,5.75,5.75,5.75,5.75,1012184
1584428400,5.755,5.815,5.535,5.61,36016128
1584432000,5.61,5.645,5.2,5.215,19312028
1584435600,5.215,5.235,5.16,5.17,21442392
1584439200,5.17,5.475,5.165,5.47,38810536
1584442800,5.465,5.57,5.265,5.295,42204940
1584446400,5.295,5.375,5.255,5.32,21958416
1584450000,5.32,5.515,5.295,5.4,32559828
1584453600,5.405,5.545,5.385,5.47,39522804
1584457200,5.495,5.495,5.495,5.495,2058004
1584511200,5.3,5.3,5.3,5.3,541260
1584514800,5.295,5.645,5.245,5.585,41410076
1584518400,5.585,5.61,5.51,5.535,17484504
1584522000,5.54,5.59,5.53,5.58,13002932
1584525600,5.58,5.585,5.5,5.5,7681804
1584529200,5.505,5.555,5.465,5.535,15540424
1584532800,5.535,5.545,5.5,5.51,8149852
1584536400,5.51,5.545,5.485,5.52,16478536
1584540000,5.52,5.565,5.46,5.46,20273596
1584543600,5.46,5.46,5.435,5.435,2082356
1584597600,5.375,5.375,5.375,5.375,792132
1584601200,5.375,5.455,5.31,5.385,23137864
1584604800,5.385,5.505,5.38,5.5,21999136
1584608400,5.5,5.52,5.425,5.445,18344720
1584612000,5.445,5.445,5.355,5.355,14351780
1584615600,5.365,5.39,5.215,5.235,16707440
1584619200,5.235,5.29,5.2,5.265,17872312
1584622800,5.265,5.35,5.25,5.285,17781104
1584626400,5.285,5.365,5.265,5.275,21832884
1584630000,5.27,5.275,5.27,5.275,1851936
1584684000,5.43,5.43,5.43,5.43,1006104
1584687600,5.435,5.47,5.355,5.41,22563184
1584691200,5.405,5.435,5.39,5.41,12248140
1584694800,5.415,5.42,5.395,5.41,6391024
1584698400,5.41,5.41,5.37,5.38,5566120
1584702000,5.375,5.38,5.31,5.345,9493676
1584705600,5.35,5.365,5.27,5.27,7948472
1584709200,5.27,5.33,5.265,5.315,7311596
1584712800,5.315,5.35,5.275,5.33,12203800
1584716400,5.35,5.35,5.35,5.35,3685696
1584943200,5.15,5.15,5.15,5.15,417040
1584946800,5.155,5.205,5.03,5.065,16968488
1584950400,5.065,5.095,5.055,5.07,7572392
1584954000,5.07,5.14,5.065,5.125,9424112
1584957600,5.125,5.145,5.105,5.145,5625024
1584961200,5.15,5.15,5.095,5.11,5270688
1584964800,5.11,5.325,5.11,5.275,39944772
1584968400,5.275,5.32,5.175,5.245,17810616
1584972000,5.25,5.285,5.175,5.185,11879084
1584975600,5.195,5.2,5.195,5.2,1578960
1585029600,5.415,5.415,5.415,5.415,928620
1585033200,5.415,5.445,5.375,5.415,17374696
1585036800,5.42,5.46,5.4,5.42,12675748
1585040400,5.415,5.49,5.41,5.48,11262312
1585044000,5.485,5.605,5.465,5.565,22913088
1585047600,5.565,5.565,5.5,5.54,10917712
1585051200,5.535,5.57,5.505,5.555,10677584
1585054800,5.555,5.65,5.555,5.64,21160832
1585058400,5.64,5.715,5.57,5.705,26356060
1585062000,5.71,5.71,5.71,5.71,1526996
1585116000,5.78,5.78,5.78,5.78,1228512
1585119600,5.785,6.075,5.78,5.95,48008924
1585123200,5.95,5.965,5.84,5.965,28442108
1585126800,5.965,6.02,5.915,5.935,25294324
1585130400,5.93,5.935,5.71,5.73,32619044
1585134000,5.73,5.81,5.71,5.805,23629732
1585137600,5.805,5.855,5.78,5.84,18344892
1585141200,5.845,5.96,5.825,5.855,35760744
1585144800,5.86,5.89,5.78,5.855,27875000
1585148400,5.855,5.86,5.855,5.86,1407208
1585202400,5.855,5.855,5.855,5.855,322712
1585206000,5.85,5.89,5.77,5.86,19262220
1585209600,5.86,5.97,5.845,5.945,27601216
1585213200,5.945,5.965,5.85,5.9,18786972
1585216800,5.905,5.945,5.895,5.92,13036328
1585220400,5.925,5.945,5.865,5.895,12918520
1585224000,5.89,5.93,5.835,5.925,22985860
1585227600,5.925,6.05,5.905,6.015,54145668
1585231200,6.015,6.08,5.995,6.055,33754860
1585234800,6.065,6.065,6.065,6.065,1719072
1585288800,6.065,6.065,6.065,6.065,997696
1585292400,6.065,6.12,6,6.045,26214732
1585296000,6.045,6.06,5.9,5.92,20455036
1585299600,5.92,5.95,5.845,5.905,18396592
1585303200,5.905,5.92,5.865,5.88,8014096
1585306800,5.875,5.915,5.855,5.865,9914036
1585310400,5.865,5.885,5.765,5.8,14778180
1585314000,5.795,5.83,5.765,5.815,10004688
1585317600,5.815,5.835,5.725,5.765,14678376
1585321200,5.78,5.78,5.78,5.78,1844196
1585548000,5.75,5.75,5.75,5.75,242504
1585551600,5.745,5.78,5.665,5.74,18453676
1585555200,5.735,5.875,5.735,5.835,19801284
1585558800,5.835,5.85,5.765,5.78,9649184
1585562400,5.775,5.82,5.77,5.79,6664584
1585566000,5.79,5.87,5.78,5.855,13654660
1585569600,5.855,5.88,5.82,5.865,13175220
1585573200,5.87,5.885,5.775,5.815,16796788
1585576800,5.82,5.835,5.795,5.81,11025224
1585580400,5.81,5.81,5.81,5.81,2632964
1585634400,5.94,5.94,5.94,5.94,851228
1585638000,5.94,5.98,5.905,5.955,21371580
1585641600,5.96,5.965,5.91,5.925,11856740
1585645200,5.93,5.945,5.905,5.92,5619140
1585648800,5.92,5.92,5.885,5.905,6816152
1585652400,5.9,5.915,5.875,5.885,6916528
1585656000,5.89,5.89,5.825,5.875,10622140
1585659600,5.875,5.89,5.855,5.865,9342200
1585663200,5.865,5.935,5.86,5.9,14142496
1585666800,5.9,5.9,5.9,5.9,2794364
1585720800,5.755,5.755,5.755,5.755,717140
1585724400,5.755,5.82,5.74,5.795,15349664
1585728000,5.8,5.835,5.785,5.805,10995768
1585731600,5.805,5.93,5.795,5.88,18818232
1585735200,5.88,5.92,5.745,5.775,31862748
1585738800,5.775,5.8,5.76,5.77,9021916
1585742400,5.765,5.77,5.675,5.715,22928360
1585746000,5.715,5.745,5.705,5.725,6290756
1585749600,5.725,5.74,5.705,5.72,9171872
1585753200,5.72,5.72,5.72,5.72,3696228
1585807200,5.775,5.775,5.775,5.775,837612
1585810800,5.775,5.795,5.73,5.77,19054756
1585814400,5.77,5.79,5.75,5.76,8940012
1585818000,5.765,5.78,5.715,5.73,6113320
1585821600,5.73,5.76,5.715,5.75,4560352
1585825200,5.745,5.765,5.73,5.765,3572372
1585828800,5.765,5.77,5.705,5.72,6361240
1585832400,5.715,5.735,5.68,5.715,7260396
1585836000,5.715,5.79,5.7,5.775,13766244
1585839600,5.785,5.785,5.785,5.785,1883440
1585893600,5.795,5.795,5.795,5.795,543148
1585897200,5.795,5.9,5.755,5.845,32229048
1585900800,5.845,5.86,5.82,5.835,7593208
1585904400,5.84,5.855,5.825,5.845,4076612
1585908000,5.85,5.875,5.84,5.84,9241928
1585911600,5.84,5.88,5.83,5.88,6244840
1585915200,5.88,5.88,5.835,5.86,8203036
1585918800,5.86,5.88,5.81,5.825,10848168
1585922400,5.825,5.845,5.795,5.815,11766000
1585926000,5.8,5.8,5.8,5.8,2408088
1586152800,5.93,5.93,5.93,5.93,975192
1586156400,5.93,5.94,5.895,5.92,16576564
1586160000,5.925,5.925,5.88,5.905,7956400
1586163600,5.905,5.92,5.89,5.905,5281444
1586167200,5.91,5.91,5.895,5.905,2690848
1586170800,5.905,5.93,5.895,5.915,5826860
1586174400,5.91,5.92,5.9,5.91,6200352
1586178000,5.91,5.93,5.9,5.93,8367880
1586181600,5.93,5.96,5.92,5.94,21693672
1586185200,5.925,5.925,5.925,5.925,2818940
1586239200,5.995,5.995,5.995,5.995,1512584
1586242800,5.99,6.075,5.98,6.04,35841816
1586246400,6.045,6.065,5.99,5.99,12269964
1586250000,5.995,6.03,5.98,6.03,11818832
1586253600,6.03,6.04,6.01,6.025,7074664
1586257200,6.03,6.04,6.02,6.035,5927192
1586260800,6.03,6.045,6.02,6.04,7363744
1586264400,6.04,6.335,6.03,6.325,112708296
1586268000,6.325,6.325,6.035,6.1,75746936
1586271600,6.1,6.1,6.1,6.1,2273532
1586325600,6.12,6.12,6.12,6.12,482120
1586329200,6.12,6.2,6.09,6.155,40944708
1586332800,6.16,6.16,6.08,6.13,14962736
1586336400,6.13,6.17,6.12,6.155,12990224
1586340000,6.155,6.185,6.14,6.165,8924728
1586343600,6.165,6.185,6.155,6.175,8531520
1586347200,6.17,6.235,6.17,6.195,23174304
1586350800,6.195,6.22,6.16,6.17,11403856
1586354400,6.17,6.23,6.155,6.23,15808408
1586358000,6.25,6.25,6.25,6.25,4204200
1586412000,6.31,6.31,6.31,6.31,1647688
1586415600,6.315,6.355,6.29,6.315,32435336
1586419200,6.315,6.32,6.275,6.29,13484840
1586422800,6.285,6.3,6.27,6.29,7844204
1586426400,6.29,6.31,6.28,6.31,7397052
1586430000,6.31,6.315,6.205,6.25,20974716
1586433600,6.25,6.28,6.19,6.27,17401892
1586437200,6.27,6.325,6.255,6.325,18361828
1586440800,6.325,6.33,6.28,6.305,19577796
1586444400,6.305,6.305,6.295,6.295,2963552
1586498400,6.295,6.295,6.295,6.295,508332
1586502000,6.295,6.3,6.24,6.26,13550028
1586505600,6.26,6.275,6.245,6.255,4634564
1586509200,6.255,6.255,6.235,6.25,3444528
1586512800,6.25,6.265,6.24,6.25,2797980
1586516400,6.25,6.26,6.24,6.245,2032808
1586520000,6.25,6.25,6.24,6.25,1964484
1586523600,6.245,6.38,6.245,6.325,42793376
1586527200,6.32,6.33,6.26,6.285,13569652
1586530800,6.275,6.275,6.275,6.275,1581252
1586757600,6.225,6.225,6.225,6.225,470768
1586761200,6.22,6.275,6.18,6.25,17484140
1586764800,6.255,6.295,6.245,6.25,9759648
1586768400,6.245,6.275,6.245,6.265,6791952
1586772000,6.26,6.285,6.25,6.25,6684152
1586775600,6.25,6.29,6.245,6.275,5708748
1586779200,6.275,6.325,6.27,6.28,16875920
1586782800,6.28,6.29,6.24,6.245,8475704
1586786400,6.24,6.255,6.22,6.235,9286064
1586790000,6.235,6.235,6.235,6.235,1357888
1586844000,6.3,6.3,6.3,6.3,710780
1586847600,6.305,6.445,6.3,6.43,54959084
1586851200,6.435,6.49,6.425,6.445,31228208
1586854800,6.445,6.47,6.425,6.44,12161508
1586858400,6.44,6.52,6.435,6.475,28642768
1586862000,6.48,6.53,6.41,6.53,31159904
1586865600,6.53,6.6,6.505,6.57,54008416
1586869200,6.57,6.815,6.545,6.78,97857024
1586872800,6.775,6.855,6.73,6.815,62174932
1586876400,6.82,6.82,6.82,6.82,2747708
1586930400,6.86,6.86,6.86,6.86,1620072
1586934000,6.865,6.95,6.52,6.52,89906232
1586937600,6.515,6.595,6.395,6.565,55552364
1586941200,6.565,6.695,6.515,6.665,36941988
1586944800,6.665,6.675,6.585,6.64,18233052
1586948400,6.645,6.67,6.605,6.63,11068692
1586952000,6.63,6.635,6.55,6.575,13968356
1586955600,6.575,6.61,6.55,6.575,13556844
1586959200,6.58,6.62,6.54,6.565,25911568
1586962800,6.61,6.61,6.61,6.61,7126032
1587016800,6.7,6.7,6.7,6.7,1164516
1587020400,6.7,6.73,6.64,6.655,27058004
1587024000,6.655,6.66,6.565,6.605,18638820
1587027600,6.61,6.71,6.58,6.675,25095696
1587031200,6.68,6.705,6.645,6.695,13859776
1587034800,6.695,6.76,6.67,6.71,38959600
1587038400,6.715,6.73,6.68,6.71,15490644
1587042000,6.715,6.73,6.63,6.635,17289584
1587045600,6.635,6.69,6.595,6.685,24926136
1587049200,6.685,6.685,6.665,6.665,3027784
1587103200,6.8,6.8,6.8,6.8,1866504
1587106800,6.8,6.875,6.745,6.815,40298052
1587110400,6.82,6.845,6.785,6.79,9548184
1587114000,6.79,6.84,6.79,6.83,7926392
1587117600,6.83,6.865,6.82,6.85,11209984
1587121200,6.85,6.86,6.815,6.825,8422824
1587124800,6.825,6.835,6.805,6.81,5240040
1587128400,6.81,6.815,6.75,6.785,12827428
1587132000,6.79,6.79,6.705,6.775,22510160
1587135600,6.78,6.78,6.78,6.78,2637844
1587362400,6.835,6.835,6.835,6.835,1309200
1587366000,6.835,6.905,6.8,6.9,29947508
1587369600,6.9,6.9,6.835,6.855,11242332
1587373200,6.855,6.89,6.835,6.875,8948984
1587376800,6.875,6.875,6.83,6.85,7146060
1587380400,6.845,6.86,6.82,6.835,8341104
1587384000,6.835,6.845,6.79,6.81,10454380
1587387600,6.805,6.855,6.8,6.845,11738736
1587391200,6.845,6.87,6.83,6.85,13689232
1587394800,6.85,6.85,6.85,6.85,3631972
1587448800,6.805,6.805,6.805,6.805,1028096
1587452400,6.81,6.815,6.725,6.74,26931328
1587456000,6.745,6.765,6.74,6.76,7822932
1587459600,6.755,6.775,6.73,6.745,8304620
1587463200,6.745,6.78,6.74,6.755,6619280
1587466800,6.755,6.765,6.745,6.755,4069712
1587470400,6.75,6.755,6.71,6.725,11605296
1587474000,6.725,6.785,6.715,6.77,11820348
1587477600,6.77,6.785,6.74,6.74,12177384
1587481200,6.74,6.74,6.74,6.74,1830212
1587535200,6.795,6.795,6.795,6.795,720456
1587538800,6.79,6.8,6.765,6.78,13753888
1587542400,6.78,6.795,6.775,6.78,5091436
1587546000,6.785,6.795,6.755,6.765,6983828
1587549600,6.765,6.765,6.745,6.76,6322668
1587553200,6.76,6.765,6.715,6.74,10133772
1587556800,6.74,6.75,6.725,6.745,4202088
1587560400,6.75,6.765,6.735,6.745,7419936
1587564000,6.745,6.75,6.705,6.71,9268168
1587567600,6.695,6.695,6.695,6.695,4182852
1587708000,6.69,6.69,6.69,6.69,544492
1587711600,6.685,6.7,6.57,6.6,21036184
1587715200,6.6,6.625,6.595,6.62,6448012
1587718800,6.62,6.635,6.6,6.61,6632772
1587722400,6.605,6.62,6.59,6.62,5287492
1587726000,6.615,6.64,6.6,6.61,9473456
1587729600,6.61,6.69,6.605,6.67,14154804
1587733200,6.675,6.69,6.635,6.64,15474520
1587736800,6.645,6.665,6.615,6.665,10197336
1587740400,6.66,6.67,6.66,6.67,2414452
1587967200,6.78,6.78,6.78,6.78,1042740
1587970800,6.785,6.855,6.755,6.82,35277820
1587974400,6.82,6.845,6.805,6.815,8361636
1587978000,6.815,6.86,6.81,6.84,11557112
1587981600,6.84,6.845,6.825,6.845,3697044
1587985200,6.845,6.885,6.82,6.88,13243304
1587988800,6.88,6.9,6.855,6.87,21489480
1587992400,6.87,6.88,6.81,6.83,13309640
1587996000,6.83,6.88,6.815,6.87,11582392
1587999600,6.87,6.87,6.87,6.87,2077380
1588053600,6.885,6.885,6.885,6.885,1301984
1588057200,6.885,6.93,6.84,6.905,28828100
1588060800,6.905,6.91,6.815,6.845,13008996
1588064400,6.84,6.87,6.835,6.865,5657872
1588068000,6.865,6.87,6.85,6.86,2764160
1588071600,6.855,6.865,6.845,6.855,3414100
1588075200,6.855,6.88,6.85,6.87,6671300
1588078800,6.875,6.885,6.83,6.83,6108092
1588082400,6.835,6.855,6.815,6.83,9906108
1588086000,6.84,6.84,6.84,6.84,1748960
1588140000,6.875,6.875,6.875,6.875,604740
1588143600,6.875,6.885,6.83,6.855,12455236
1588147200,6.855,6.855,6.825,6.84,3738300
1588150800,6.84,6.855,6.835,6.84,3602140
1588154400,6.845,6.845,6.825,6.835,4749456
1588158000,6.835,6.88,6.83,6.845,14830264
1588161600,6.84,6.88,6.83,6.865,10331348
1588165200,6.865,6.905,6.85,6.875,23228148
1588168800,6.875,6.875,6.845,6.86,8349196
1588172400,6.85,6.85,6.85,6.85,1864740
1588226400,6.885,6.885,6.885,6.885,725504
1588230000,6.885,6.925,6.855,6.865,22444184
1588233600,6.87,6.88,6.85,6.865,8659080
1588237200,6.87,6.885,6.865,6.88,5650880
1588240800,6.88,6.915,6.86,6.865,10712884
1588244400,6.87,6.875,6.84,6.845,7276452
1588248000,6.845,6.855,6.66,6.7,18567360
1588251600,6.7,6.76,6.685,6.745,12131640
1588255200,6.745,6.81,6.73,6.795,11264076
1588258800,6.785,6.785,6.785,6.785,1986484
1588572000,6.675,6.675,6.675,6.675,796284
1588575600,6.67,6.72,6.635,6.645,18443612
1588579200,6.65,6.665,6.635,6.645,6503988
1588582800,6.645,6.65,6.615,6.64,6910528
1588586400,6.645,6.655,6.635,6.64,2506644
1588590000,6.64,6.645,6.61,6.625,4830016
1588593600,6.62,6.625,6.58,6.59,4471376
1588597200,6.59,6.61,6.565,6.6,6356088
1588600800,6.6,6.65,6.595,6.615,8896516
1588604400,6.59,6.59,6.59,6.59,1779860
1588658400,6.66,6.66,6.66,6.66,697844
1588662000,6.66,6.675,6.635,6.66,9649268
1588665600,6.66,6.67,6.615,6.625,7429708
1588669200,6.63,6.64,6.585,6.615,7972588
1588672800,6.615,6.625,6.605,6.615,2634920
1588676400,6.62,6.65,6.615,6.635,4901956
1588680000,6.635,6.65,6.625,6.645,3602204
1588683600,6.64,6.755,6.64,6.715,28781372
1588687200,6.715,6.785,6.675,6.765,22390756
1588690800,6.765,6.765,6.765,6.765,2833396
1588744800,6.79,6.79,6.79,6.79,736912
1588748400,6.79,6.795,6.72,6.755,17106360
1588752000,6.755,6.845,6.755,6.805,15949888
1588755600,6.8,6.815,6.79,6.81,3743476
1588759200,6.81,6.84,6.805,6.83,7993324
1588762800,6.83,6.835,6.78,6.8,4905916
1588766400,6.795,6.805,6.765,6.79,4524592
1588770000,6.79,6.8,6.735,6.745,6334872
1588773600,6.745,6.76,6.7,6.72,12987496
1588777200,6.725,6.725,6.725,6.725,2348632
1588831200,6.695,6.695,6.695,6.695,297176
1588834800,6.7,6.75,6.66,6.715,11564280
1588838400,6.72,6.815,6.71,6.77,16879528
1588842000,6.775,6.79,6.755,6.765,4895096
1588845600,6.765,6.765,6.75,6.76,2521032
1588849200,6.76,6.775,6.73,6.765,5065356
1588852800,6.77,6.78,6.75,6.765,4307440
1588856400,6.765,6.765,6.725,6.735,4479904
1588860000,6.735,6.745,6.71,6.725,6508236
1588863600,6.705,6.705,6.705,6.705,3163584
1588917600,6.755,6.755,6.755,6.755,520992
1588921200,6.755,6.765,6.715,6.72,11711980
1588924800,6.72,6.735,6.71,6.715,3873908
1588928400,6.725,6.73,6.69,6.705,3994388
1588932000,6.71,6.715,6.695,6.71,2989964
1588935600,6.705,6.715,6.695,6.71,2272444
1588939200,6.71,6.715,6.675,6.68,5729748
1588942800,6.685,6.685,6.645,6.665,5445268
1588946400,6.66,6.675,6.625,6.63,7069352
1588950000,6.625,6.625,6.625,6.625,2006216
1589176800,6.675,6.675,6.675,6.675,654856
1589180400,6.68,6.725,6.665,6.69,9502460
1589184000,6.69,6.69,6.65,6.675,3586172
1589187600,6.67,6.695,6.655,6.675,2783748
1589191200,6.675,6.685,6.665,6.675,1418156
1589194800,6.67,6.685,6.665,6.67,2913164
1589198400,6.675,6.68,6.655,6.665,1640280
1589202000,6.665,6.68,6.665,6.67,1833568
1589205600,6.675,6.7,6.66,6.7,5994800
1589209200,6.715,6.715,6.715,6.715,1302852
1589263200,6.71,6.71,6.71,6.71,318800
1589266800,6.705,6.735,6.675,6.7,10564372
1589270400,6.7,6.755,6.69,6.74,8137156
1589274000,6.74,6.8,6.735,6.785,22495936
1589277600,6.79,6.825,6.785,6.79,16239220
1589281200,6.795,6.84,6.78,6.83,11182404
1589284800,6.835,6.855,6.82,6.825,14524284
1589288400,6.82,6.855,6.81,6.825,8370972
1589292000,6.82,6.87,6.81,6.865,16752784
1589295600,6.855,6.855,6.855,6.855,3662080
1589349600,6.84,6.84,6.84,6.84,695844
1589353200,6.835,7.225,6.82,7.19,98708604
1589356800,7.195,7.33,7.16,7.25,61861052
1589360400,7.245,7.285,7.185,7.225,25173808
1589364000,7.225,7.23,7.155,7.19,14018500
1589367600,7.19,7.23,7.18,7.21,7571264
1589371200,7.21,7.26,7.19,7.235,13662608
1589374800,7.23,7.24,7.19,7.215,12889332
1589378400,7.21,7.27,7.175,7.18,27374264
1589382000,7.18,7.18,7.165,7.165,4589060
1589436000,7.155,7.155,7.155,7.155,966884
1589439600,7.155,7.36,7.15,7.35,61278860
1589443200,7.35,7.45,7.265,7.295,50262644
1589446800,7.3,7.34,7.29,7.33,8765552
1589450400,7.325,7.33,7.205,7.235,22217700
1589454000,7.235,7.26,7.165,7.225,23416160
1589457600,7.22,7.26,7.2,7.255,11539732
1589461200,7.255,7.285,7.235,7.245,19104688
1589464800,7.24,7.325,7.215,7.3,33840124
1589468400,7.295,7.305,7.295,7.305,2409840
1589522400,7.4,7.4,7.4,7.4,2129432
1589526000,7.4,7.425,7.32,7.32,27479792
1589529600,7.325,7.33,7.285,7.31,11936024
1589533200,7.315,7.315,7.29,7.305,4473332
1589536800,7.305,7.33,7.265,7.27,12780980
1589540400,7.265,7.27,7.23,7.255,10785532
1589544000,7.255,7.295,7.24,7.275,8365088
1589547600,7.275,7.275,7.235,7.25,7654112
1589551200,7.25,7.26,7.22,7.225,11397028
1589554800,7.215,7.215,7.215,7.215,3337040
1589781600,7.3,7.3,7.3,7.3,631584
1589785200,7.3,7.33,7.275,7.32,20632136
1589788800,7.325,7.355,7.3,7.31,8930076
1589792400,7.31,7.325,7.3,7.32,4381116
1589796000,7.315,7.365,7.315,7.34,11821436
1589799600,7.34,7.355,7.325,7.345,4658264
1589803200,7.34,7.355,7.32,7.33,4742088
1589806800,7.33,7.345,7.305,7.315,5520904
1589810400,7.32,7.33,7.275,7.305,13704044
1589814000,7.31,7.31,7.3,7.3,2581528
1589954400,7.335,7.335,7.335,7.335,730988
1589958000,7.335,7.37,7.3,7.35,19263296
1589961600,7.355,7.365,7.32,7.335,5354944
1589965200,7.33,7.345,7.325,7.335,2137944
1589968800,7.335,7.395,7.335,7.365,18810736
1589972400,7.365,7.37,7.335,7.35,6685972
1589976000,7.35,7.4,7.335,7.39,9098548
1589979600,7.395,7.455,7.37,7.405,41030788
1589983200,7.405,7.425,7.36,7.365,14752012
1589986800,7.4,7.4,7.4,7.4,2784256
1590040800,7.42,7.42,7.42,7.42,1078928
1590044400,7.42,7.455,7.41,7.43,21846424
1590048000,7.43,7.43,7.395,7.405,8062832
1590051600,7.4,7.505,7.4,7.46,38671488
1590055200,7.46,7.47,7.445,7.455,6813848
1590058800,7.455,7.475,7.365,7.385,18167708
1590062400,7.39,7.405,7.37,7.395,6563344
1590066000,7.395,7.415,7.37,7.41,9137888
1590069600,7.405,7.425,7.37,7.38,10425160
1590073200,7.39,7.39,7.39,7.39,1951248
1590127200,7.365,7.365,7.365,7.365,392948
1590130800,7.36,7.365,7.33,7.355,11492584
1590134400,7.355,7.37,7.34,7.355,6622000
1590138000,7.355,7.36,7.33,7.335,4659308
1590141600,7.335,7.405,7.335,7.36,16863880
1590145200,7.36,7.365,7.34,7.35,5146596
1590148800,7.35,7.36,7.335,7.34,5708300
1590152400,7.34,7.385,7.315,7.32,14686084
1590156000,7.32,7.335,7.29,7.325,10878548
1590159600,7.32,7.32,7.32,7.32,2343368
1590559200,7.42,7.42,7.42,7.42,612284
1590562800,7.415,7.44,7.38,7.395,16123600
1590566400,7.395,7.475,7.39,7.455,23826048
1590570000,7.46,7.495,7.45,7.48,11357200
1590573600,7.48,7.56,7.46,7.52,29654700
1590577200,7.515,7.56,7.51,7.54,12432340
1590580800,7.54,7.54,7.495,7.5,9352724
1590584400,7.5,7.575,7.485,7.525,19092212
1590588000,7.525,7.55,7.505,7.515,10993676
1590591600,7.52,7.52,7.52,7.52,2786424
1590645600,7.565,7.565,7.565,7.565,894948
1590649200,7.565,7.615,7.535,7.57,27421928
1590652800,7.575,7.59,7.545,7.545,12845832
1590656400,7.545,7.545,7.465,7.515,18779788
1590660000,7.515,7.525,7.505,7.515,3202596
1590663600,7.515,7.555,7.505,7.54,9812080
1590667200,7.54,7.58,7.525,7.555,17891312
1590670800,7.555,7.565,7.52,7.535,5185036
1590674400,7.535,7.545,7.51,7.525,8931068
1590678000,7.515,7.515,7.515,7.515,2286740
1590732000,7.525,7.525,7.525,7.525,405360
1590735600,7.525,7.55,7.475,7.52,18655472
1590739200,7.515,7.52,7.475,7.5,9094900
1590742800,7.5,7.545,7.49,7.545,6180876
1590746400,7.54,7.56,7.52,7.53,11997580
1590750000,7.53,7.545,7.525,7.535,2390896
1590753600,7.535,7.54,7.52,7.53,4438512
1590757200,7.53,7.535,7.51,7.53,4024352
1590760800,7.53,7.545,7.505,7.545,12774664
1590764400,7.545,7.545,7.545,7.545,7211528
1590991200,7.62,7.62,7.62,7.62,1112644
1590994800,7.615,7.66,7.59,7.615,22368716
1590998400,7.62,7.715,7.605,7.69,19058044
1591002000,7.69,7.815,7.68,7.8,34227968
1591005600,7.8,7.815,7.775,7.79,14828188
1591009200,7.79,7.8,7.735,7.75,8396104
1591012800,7.75,7.76,7.735,7.74,4555128
1591016400,7.74,7.82,7.725,7.805,19405048
1591020000,7.805,7.975,7.795,7.96,27174612
1591023600,7.965,7.975,7.965,7.975,2098440
1591077600,8.055,8.055,8.055,8.055,1660260
1591081200,8.05,8.245,8.04,8.18,52022032
1591084800,8.18,8.265,8.155,8.235,27305680
1591088400,8.235,8.235,8.18,8.205,9730060
1591092000,8.205,8.22,7.985,8.065,37033044
1591095600,8.065,8.1,7.995,8.07,19179124
1591099200,8.075,8.17,8.07,8.115,16079804
1591102800,8.115,8.15,8.1,8.145,7491824
1591106400,8.145,8.18,8.105,8.155,16275960
1591110000,8.155,8.155,8.155,8.155,2548724
1591164000,8.135,8.135,8.135,8.135,3298660
1591167600,8.13,8.13,7.935,8,54201756
1591171200,7.995,8.035,7.995,8.015,8900800
1591174800,8.015,8.045,8.015,8.035,8820416
1591178400,8.03,8.035,7.96,7.98,10224812
1591182000,7.98,8,7.965,7.995,6162560
1591185600,7.995,8.03,7.995,8.01,8256144
1591189200,8.01,8.02,7.975,7.995,9623984
1591192800,7.995,8.015,7.94,7.95,14044348
1591196400,7.94,7.94,7.94,7.94,2962348
1591250400,7.94,7.94,7.94,7.94,667380
1591254000,7.94,7.945,7.835,7.855,23716828
1591257600,7.86,7.89,7.855,7.865,7861284
1591261200,7.865,7.9,7.835,7.9,9611164
1591264800,7.895,8.06,7.885,8.06,45562688
1591268400,8.06,8.065,7.98,8.015,24533668
1591272000,8.015,8.02,7.92,7.965,13235572
1591275600,7.965,7.99,7.95,7.99,7313176
1591279200,7.985,7.99,7.905,7.92,8294084
1591282800,7.92,7.92,7.92,7.92,2511016
1591336800,7.975,7.975,7.975,7.975,460428
1591340400,7.97,8.02,7.95,7.975,15422900
1591344000,7.98,7.985,7.935,7.965,6563660
1591347600,7.96,7.965,7.94,7.96,3438344
1591351200,7.965,7.98,7.93,7.98,3771272
1591354800,7.98,7.995,7.965,7.975,6749840
1591358400,7.98,7.99,7.96,7.97,4209784
1591362000,7.97,7.99,7.96,7.975,5693636
1591365600,7.975,7.985,7.95,7.975,9004736
1591369200,7.97,7.97,7.97,7.97,2548724
1591596000,7.985,7.985,7.985,7.985,394348
1591599600,7.985,8.04,7.965,8.03,19433280
1591603200,8.035,8.065,8.03,8.065,16906552
1591606800,8.065,8.07,8.035,8.04,5433252
1591610400,8.04,8.04,8.01,8.01,3785408
1591614000,8.01,8.025,7.995,8.02,7272564
1591617600,8.02,8.025,8.005,8.015,2669508
1591621200,8.015,8.02,7.995,8,3104948
1591624800,8.005,8.005,7.84,7.895,26604316
1591628400,7.925,7.925,7.925,7.925,1586600
1591682400,7.93,7.93,7.93,7.93,494572
1591686000,7.925,7.95,7.82,7.85,23555272
1591689600,7.85,7.885,7.845,7.855,5637908
1591693200,7.855,7.89,7.845,7.875,3479136
1591696800,7.875,7.88,7.855,7.875,1973424
1591700400,7.875,7.885,7.84,7.875,4008932
1591704000,7.875,7.875,7.85,7.855,2088932
1591707600,7.855,7.935,7.85,7.915,9479724
1591711200,7.915,7.93,7.885,7.905,9335368
1591714800,7.91,7.91,7.91,7.91,1304620
1591768800,7.925,7.925,7.925,7.925,209476
1591772400,7.93,8.16,7.925,8.125,55852132
1591776000,8.125,8.13,8.055,8.07,11938808
1591779600,8.07,8.09,8.045,8.065,7640756
1591783200,8.065,8.09,8.045,8.08,7001392
1591786800,8.08,8.085,8.07,8.085,4596428
1591790400,8.085,8.125,8.075,8.115,13616872
1591794000,8.115,8.115,8.085,8.115,6590348
1591797600,8.115,8.13,8.04,8.055,24324472
1591801200,8.05,8.05,8.05,8.05,3310064
1591855200,7.975,7.975,7.975,7.975,739784
1591858800,7.975,8.175,7.96,8.155,48379624
1591862400,8.16,8.175,8.135,8.14,14062248
1591866000,8.135,8.14,8.125,8.125,4060236
1591869600,8.13,8.13,8.095,8.1,5739192
1591873200,8.1,8.11,8.045,8.07,6863576
1591876800,8.065,8.07,8,8.05,15627024
1591880400,8.045,8.07,8.03,8.06,13339744
1591884000,8.06,8.09,8.045,8.065,11086892
1591887600,8.06,8.06,8.06,8.06,3517748
1591941600,8,8,8,8,1191144
1591945200,8,8.035,7.97,8.015,31280392
1591948800,8.02,8.115,8.01,8.075,20240768
1591952400,8.08,8.13,8.065,8.085,26240856
1591956000,8.08,8.095,8.07,8.075,5233416
1591959600,8.08,8.095,8.07,8.085,4783944
1591963200,8.085,8.085,8.07,8.08,6358232
1591966800,8.085,8.09,8.065,8.07,8503224
1591970400,8.07,8.085,8.035,8.04,13782484
1591974000,8.05,8.05,8.05,8.05,1573604
1592200800,8,8,8,8,783392
1592204400,7.995,8.045,7.965,8.01,16631860
1592208000,8.01,8.075,8,8.05,13683860
1592211600,8.05,8.05,8.03,8.05,5504712
1592215200,8.05,8.06,8.03,8.035,3961752
1592218800,8.035,8.045,8.02,8.03,3547344
1592222400,8.03,8.035,8.005,8.02,4805904
1592226000,8.02,8.05,8.005,8.01,7160324
1592229600,8.015,8.03,8,8,8159820
1592233200,7.995,7.995,7.995,7.995,3712264
1592287200,8.075,8.075,8.075,8.075,1151820
1592290800,8.075,8.095,8.05,8.08,22808100
1592294400,8.08,8.155,8.07,8.135,39058724
1592298000,8.135,8.15,8.105,8.13,9172176
1592301600,8.13,8.18,8.12,8.17,25183292
1592305200,8.175,8.19,8.155,8.17,12407272
1592308800,8.165,8.205,8.155,8.195,19489352
1592312400,8.195,8.205,8.16,8.17,7629824
1592316000,8.17,8.19,8.125,8.125,14018088
1592319600,8.13,8.13,8.13,8.13,2587960
1592373600,8.16,8.16,8.16,8.16,415740
1592377200,8.16,8.175,8.095,8.1,21402060
1592380800,8.1,8.12,8.07,8.09,12464424
1592384400,8.095,8.095,8.015,8.02,14586164
1592388000,8.02,8.055,8.015,8.05,10825404
1592391600,8.05,8.055,8.015,8.035,5745556
1592395200,8.035,8.05,8.025,8.035,5718644
1592398800,8.035,8.04,7.99,8.005,11135808
1592402400,8,8.015,7.975,7.98,11026708
1592406000,7.98,7.98,7.96,7.96,4000296
1592460000,7.985,7.985,7.985,7.985,301308
1592463600,7.98,8.01,7.96,8,21890044
1592467200,8,8.07,7.985,8.055,20786128
1592470800,8.055,8.065,8.025,8.03,7593076
1592474400,8.03,8.05,8.02,8.045,4580004
1592478000,8.04,8.045,7.975,7.99,7228628
1592481600,7.99,8.015,7.97,8.01,8319740
1592485200,8.01,8.015,7.995,8,4777948
1592488800,8,8.15,8,8.15,44640268
1592492400,8.15,8.15,8.15,8.15,2988504
1592546400,8.205,8.205,8.205,8.205,1576488
1592550000,8.2,8.225,8.11,8.135,36255292
1592553600,8.14,8.14,8.065,8.115,19453380
1592557200,8.12,8.135,8.095,8.125,5547800
1592560800,8.12,8.155,8.105,8.13,5337672
1592564400,8.125,8.16,8.115,8.14,7706400
1592568000,8.14,8.525,8.125,8.385,120887320
1592571600,8.39,8.46,8.195,8.24,97506296
1592575200,8.235,8.25,8.05,8.145,61919520
1592578800,8.18,8.18,8.18,8.18,6816600
1592805600,8.225,8.225,8.225,8.225,1290780
1592809200,8.225,8.24,8.09,8.115,38456604
1592812800,8.12,8.2,8.105,8.155,15419640
1592816400,8.155,8.155,8.115,8.135,8048900
1592820000,8.13,8.14,8.115,8.125,5242616
1592823600,8.125,8.14,8.115,8.135,3737472
1592827200,8.135,8.14,8.12,8.13,3976852
1592830800,8.13,8.13,8.085,8.115,8148920
1592834400,8.115,8.13,8.09,8.095,11135740
1592838000,8.075,8.075,8.075,8.075,3266624
1592892000,8.11,8.11,8.11,8.11,559012
1592895600,8.115,8.14,8.08,8.095,17672172
1592899200,8.1,8.11,8.08,8.105,6981908
1592902800,8.105,8.13,8.095,8.105,8359336
1592906400,8.105,8.12,8.09,8.095,4369516
1592910000,8.095,8.1,8.065,8.085,9372932
1592913600,8.08,8.095,8.065,8.075,4372892
1592917200,8.075,8.115,8.075,8.09,9354260
1592920800,8.09,8.095,8.035,8.055,10999548
1592924400,8.04,8.04,8.04,8.04,2338576
1592978400,8.04,8.04,8.04,8.04,314524
1592982000,8.04,8.06,7.985,7.995,18946088
1592985600,8,8.015,7.98,8.015,10429932
1592989200,8.015,8.015,7.98,7.995,4318104
1592992800,8,8.02,7.995,8,4745408
1592996400,8.005,8.035,7.995,8.025,6263028
1593000000,8.025,8.03,7.99,8.01,6648376
1593003600,8.01,8.015,7.975,7.985,6686768
1593007200,7.985,7.995,7.855,7.87,20160296
1593010800,7.875,7.875,7.875,7.875,1916036
1593064800,7.875,7.875,7.875,7.875,394736
1593068400,7.875,7.895,7.79,7.835,22607764
1593072000,7.83,7.995,7.825,7.94,19556328
1593075600,7.935,7.96,7.915,7.93,8621172
1593079200,7.93,7.965,7.905,7.91,8993576
1593082800,7.915,7.94,7.86,7.87,8659804
1593086400,7.87,7.89,7.84,7.855,7143760
1593090000,7.855,7.895,7.845,7.86,5596020
1593093600,7.86,7.875,7.83,7.85,10744316
1593097200,7.85,7.85,7.85,7.85,1331528
1593151200,7.915,7.915,7.915,7.915,673884
1593154800,7.91,7.93,7.88,7.915,12461192
1593158400,7.915,7.915,7.89,7.91,4159488
1593162000,7.91,7.93,7.9,7.915,5495588
1593165600,7.915,7.925,7.905,7.91,2257388
1593169200,7.91,7.925,7.89,7.895,2408112
1593172800,7.895,7.9,7.855,7.86,4333620
1593176400,7.86,7.88,7.85,7.86,3357180
1593180000,7.86,7.875,7.835,7.875,9082308
1593183600,7.87,7.87,7.86,7.86,1209836
1593410400,7.87,7.87,7.87,7.87,322688
1593414000,7.875,7.895,7.845,7.865,10465868
1593417600,7.865,7.89,7.85,7.885,7073832
1593421200,7.885,7.915,7.87,7.9,5583792
1593424800,7.895,7.9,7.88,7.89,2077888
1593428400,7.885,7.905,7.88,7.895,3836852
1593432000,7.895,7.91,7.88,7.905,5846368
1593435600,7.905,8.11,7.885,8.02,72268732
1593439200,8.025,8.035,8.01,8.03,12162304
1593442800,8.015,8.015,8.015,8.015,2035528
1593496800,8.075,8.075,8.075,8.075,1341340
1593500400,8.08,8.135,8.055,8.115,27754240
1593504000,8.115,8.185,8.115,8.14,25114516
1593507600,8.14,8.155,8.12,8.14,6956372
1593511200,8.14,8.145,8.125,8.13,5281644
1593514800,8.135,8.135,8.1,8.105,5234744
1593518400,8.105,8.11,8.08,8.1,7134016
1593522000,8.095,8.11,8.08,8.09,5032948
1593525600,8.09,8.15,8.09,8.125,20403200
1593529200,8.12,8.12,8.12,8.12,2769624
1593583200,8.19,8.19,8.19,8.19,1876804
1593586800,8.19,8.23,8.12,8.175,26638708
1593590400,8.175,8.305,8.17,8.27,65893836
1593594000,8.27,8.27,8.19,8.2,19197196
1593597600,8.2,8.23,8.19,8.22,6867084
1593601200,8.22,8.225,8.19,8.215,7374764
1593604800,8.215,8.22,8.19,8.215,6961204
1593608400,8.215,8.225,8.2,8.205,6002016
1593612000,8.205,8.23,8.175,8.185,14675916
1593615600,8.19,8.19,8.19,8.19,3733340
1593669600,8.24,8.24,8.24,8.24,653064
1593673200,8.235,8.295,8.22,8.24,26351388
1593676800,8.245,8.28,8.24,8.255,8807404
1593680400,8.25,8.27,8.24,8.245,5020896
1593684000,8.245,8.245,8.21,8.245,7572896
1593687600,8.24,8.25,8.215,8.225,4367120
1593691200,8.225,8.255,8.215,8.245,6405844
1593694800,8.24,8.26,8.23,8.245,6741992
1593698400,8.245,8.255,8.21,8.22,9841200
1593702000,8.21,8.21,8.21,8.21,2194140
1593756000,8.23,8.23,8.23,8.23,601560
1593759600,8.235,8.245,8.155,8.175,20350872
1593763200,8.175,8.185,8.165,8.17,3561316
1593766800,8.17,8.175,8.125,8.135,5831340
1593770400,8.13,8.135,8.1,8.125,4418176
1593774000,8.12,8.135,8.08,8.09,4903884
1593777600,8.09,8.095,8.03,8.045,10310168
1593781200,8.04,8.14,8,8.07,29362336
1593784800,8.07,8.08,8.04,8.075,9576268
1593788400,8.065,8.065,8.065,8.065,2164396
1594015200,8.15,8.15,8.15,8.15,328428
1594018800,8.145,8.17,8.11,8.15,14486616
1594022400,8.15,8.155,8.125,8.13,7052592
1594026000,8.13,8.135,8.1,8.115,3908812
1594029600,8.115,8.135,8.115,8.12,2777176
1594033200,8.115,8.12,8.09,8.095,4526768
1594036800,8.1,8.105,8.085,8.095,3804856
1594040400,8.095,8.11,8.09,8.105,3260596
1594044000,8.1,8.13,8.095,8.125,9065712
1594047600,8.125,8.125,8.125,8.125,1989592
1594101600,8.135,8.135,8.135,8.135,399788
1594105200,8.135,8.21,8.105,8.16,20376728
1594108800,8.16,8.18,8.035,8.075,19262944
1594112400,8.08,8.105,8.06,8.1,7282708
1594116000,8.105,8.125,8.095,8.1,4638132
1594119600,8.095,8.135,8.095,8.115,4287584
1594123200,8.12,8.12,8.085,8.11,3460816
1594126800,8.11,8.125,8.1,8.115,3438312
1594130400,8.11,8.225,8.11,8.145,39466000
1594134000,8.15,8.15,8.15,8.15,2392556
1594188000,8.15,8.15,8.15,8.15,482748
1594191600,8.155,8.19,8.11,8.14,18120648
1594195200,8.14,8.195,8.14,8.165,13502028
1594198800,8.165,8.17,8.12,8.135,6471696
1594202400,8.135,8.165,8.135,8.155,4278708
1594206000,8.155,8.165,8.145,8.155,3226476
1594209600,8.15,8.16,8.14,8.15,2933580
1594213200,8.15,8.155,8.135,8.135,4449596
1594216800,8.14,8.14,8.09,8.1,10861020
1594220400,8.1,8.1,8.075,8.075,3035568
1594274400,8.12,8.12,8.12,8.12,872444
1594278000,8.12,8.125,8.07,8.105,10949452
1594281600,8.11,8.12,8.075,8.08,6683212
1594285200,8.075,8.2,8.075,8.155,35255680
1594288800,8.155,8.23,8.15,8.22,16187308
1594292400,8.22,8.22,8.165,8.18,7102000
1594296000,8.18,8.195,8.17,8.185,4429600
1594299600,8.185,8.195,8.135,8.145,7409776
1594303200,8.145,8.15,7.95,7.995,25664228
1594306800,7.955,7.955,7.955,7.955,2221820
1594360800,7.955,7.955,7.955,7.955,505884
1594364400,7.955,7.96,7.775,7.895,26574476
1594368000,7.895,7.92,7.865,7.875,8078180
1594371600,7.87,7.88,7.83,7.845,6002016
1594375200,7.845,7.87,7.825,7.855,5179284
1594378800,7.85,7.855,7.735,7.74,12548040
1594382400,7.74,7.785,7.7,7.765,16604640
1594386000,7.765,7.85,7.69,7.815,18018852
1594389600,7.82,7.94,7.745,7.94,14445700
1594393200,7.945,7.945,7.945,7.945,1453144
1594620000,7.99,7.99,7.99,7.99,743668
1594623600,7.995,8.075,7.995,8.04,18324936
1594627200,8.04,8.065,8.03,8.055,5780604
1594630800,8.05,8.055,8.02,8.05,4551580
1594634400,8.045,8.065,8.04,8.06,4479500
1594638000,8.06,8.075,8.045,8.07,5753176
1594641600,8.07,8.105,8.055,8.07,10043432
1594645200,8.07,8.085,8.06,8.075,3843720
1594648800,8.075,8.09,8.065,8.085,8850808
1594652400,8.085,8.085,8.085,8.085,1735372
1594706400,8.065,8.065,8.065,8.065,462240
1594710000,8.065,8.08,8.03,8.065,12309940
1594713600,8.065,8.075,8.05,8.06,2995008
1594717200,8.06,8.125,8.045,8.08,7686820
1594720800,8.08,8.09,8.045,8.065,4762672
1594724400,8.06,8.085,8.05,8.06,2691484
1594728000,8.06,8.06,8.01,8.025,8953644
1594731600,8.03,8.055,8.025,8.045,4224384
1594735200,8.045,8.045,8.015,8.025,5814872
1594738800,8.02,8.02,8.02,8.02,1642588
1594879200,8.085,8.085,8.085,8.085,555840
1594882800,8.085,8.105,8.065,8.095,11291408
1594886400,8.09,8.115,8.085,8.105,6556856
1594890000,8.11,8.11,8.08,8.09,3615724
1594893600,8.085,8.18,8.08,8.15,12315864
1594897200,8.15,8.225,8.145,8.19,22270492
1594900800,8.19,8.26,8.185,8.21,25125364
1594904400,8.21,8.305,8.17,8.29,22687788
1594908000,8.295,8.305,8.215,8.28,37179932
1594911600,8.28,8.29,8.28,8.29,4270144
1594965600,8.25,8.25,8.25,8.25,1052876
1594969200,8.25,8.255,8.155,8.165,26174548
1594972800,8.165,8.195,8.155,8.185,7116660
1594976400,8.185,8.21,8.17,8.18,6488584
1594980000,8.18,8.195,8.17,8.18,2607588
1594983600,8.18,8.195,8.14,8.145,7824208
1594987200,8.145,8.165,8.14,8.15,3942920
1594990800,8.155,8.16,8.125,8.135,4791744
1594994400,8.135,8.16,8.11,8.14,10599316
1594998000,8.14,8.14,8.14,8.14,2693968
1595224800,8.115,8.115,8.115,8.115,375372
1595228400,8.115,8.265,8.085,8.24,35313020
1595232000,8.24,8.33,8.235,8.32,25989548
1595235600,8.315,8.33,8.28,8.285,7129904
1595239200,8.285,8.29,8.26,8.27,3574212
1595242800,8.275,8.275,8.235,8.27,5784372
1595246400,8.265,8.27,8.24,8.26,2897632
1595250000,8.26,8.28,8.235,8.255,4490748
1595253600,8.255,8.355,8.25,8.29,42447724
1595257200,8.285,8.285,8.285,8.285,2264156
1595311200,8.345,8.345,8.345,8.345,806248
1595314800,8.345,8.37,8.305,8.31,18891512
1595318400,8.31,8.32,8.285,8.31,5826208
1595322000,8.31,8.34,8.285,8.305,12510208
1595325600,8.3,8.315,8.265,8.27,6138244
1595329200,8.27,8.295,8.255,8.29,5344892
1595332800,8.29,8.31,8.285,8.29,3840612
1595336400,8.285,8.295,8.265,8.275,4218284
1595340000,8.28,8.28,8.04,8.125,30876796
1595343600,8.085,8.085,8.085,8.085,3327916
1595397600,8.145,8.145,8.145,8.145,493232
1595401200,8.145,8.19,8.095,8.14,28982396
1595404800,8.135,8.23,8.13,8.205,27187444
1595408400,8.205,8.355,8.19,8.32,53466132
1595412000,8.325,8.34,8.29,8.31,15025548
1595415600,8.31,8.31,8.26,8.265,7951636
1595419200,8.265,8.28,8.225,8.28,13818200
1595422800,8.28,8.355,8.255,8.32,28171192
1595426400,8.315,8.485,8.315,8.435,80267632
1595430000,8.435,8.435,8.435,8.435,4292328
1595484000,8.465,8.465,8.465,8.465,1179608
1595487600,8.465,8.675,8.44,8.625,74924820
1595491200,8.625,8.685,8.61,8.675,31785704
1595494800,8.68,8.7,8.65,8.68,18602576
1595498400,8.68,8.685,8.635,8.66,10837276
1595502000,8.66,8.715,8.655,8.67,15348856
1595505600,8.67,8.685,8.615,8.635,14883980
1595509200,8.635,8.71,8.61,8.695,23572632
1595512800,8.7,8.82,8.66,8.795,68095948
1595516400,8.795,8.795,8.785,8.785,3642676
1595570400,8.735,8.735,8.735,8.735,2415268
1595574000,8.735,9.015,8.705,8.815,99012632
1595577600,8.815,8.835,8.755,8.82,22838672
1595581200,8.815,8.865,8.8,8.85,16456732
1595584800,8.85,8.85,8.805,8.82,7060164
1595588400,8.825,8.83,8.785,8.8,6069440
1595592000,8.8,8.815,8.79,8.795,3623932
1595595600,8.8,8.85,8.74,8.845,17021860
1595599200,8.845,8.86,8.765,8.775,24550808
1595602800,8.77,8.77,8.77,8.77,4484968
1595829600,8.81,8.81,8.81,8.81,786096
1595833200,8.81,8.885,8.77,8.82,35720324
1595836800,8.82,8.83,8.805,8.815,4925620
1595840400,8.82,8.945,8.81,8.875,35650792
1595844000,8.875,8.875,8.845,8.86,6449352
1595847600,8.855,8.88,8.835,8.86,5801896
1595851200,8.865,9.025,8.86,9.025,46015552
1595854800,9.02,9.41,8.995,9.365,88027548
1595858400,9.36,9.555,9.28,9.41,155281508
1595862000,9.42,9.42,9.42,9.42,6159388
1595916000,9.46,9.46,9.46,9.46,1770904
1595919600,9.455,9.58,9.345,9.375,84660388
1595923200,9.375,9.485,9.325,9.445,34094780
1595926800,9.445,9.465,9.38,9.38,11813324
1595930400,9.385,9.415,9.325,9.38,18574136
1595934000,9.375,9.455,9.355,9.415,17031648
1595937600,9.415,9.535,9.405,9.45,49977084
1595941200,9.45,9.45,9.375,9.435,20679968
1595944800,9.435,9.445,9.155,9.165,56311348
1595948400,9.17,9.17,9.12,9.12,5535676
1596002400,9.15,9.15,9.15,9.15,1587920
1596006000,9.15,9.27,9.065,9.2,85040808
1596009600,9.2,9.24,9.14,9.17,27104400
1596013200,9.17,9.185,9.08,9.105,15238472
1596016800,9.11,9.125,9.07,9.075,9969736
1596020400,9.07,9.085,8.97,9.055,24598296
1596024000,9.05,9.065,8.92,8.93,22434728
1596027600,8.93,8.945,8.775,8.855,37226680
1596031200,8.86,8.91,8.775,8.815,28360200
1596034800,8.82,8.82,8.82,8.82,3793112
1596088800,8.85,8.85,8.85,8.85,727984
1596092400,8.85,8.88,8.68,8.71,38613208
1596096000,8.71,8.76,8.645,8.725,19858376
1596099600,8.725,8.855,8.715,8.815,18100568
1596520800,9,9,9,9,1781920
1596524400,9,9.11,8.95,9,34776100
1596528000,8.995,9.02,8.88,8.965,15752584
1596531600,8.96,9.045,8.91,8.925,14902040
1596535200,8.93,8.955,8.83,8.85,16208168
1596538800,8.85,8.885,8.77,8.82,19818272
1596542400,8.82,8.855,8.715,8.76,18341328
1596546000,8.76,8.76,8.55,8.555,18194868
1596549600,8.495,8.65,8.235,8.6,42598228
1596553200,8.6,8.63,8.6,8.63,2261984
1596607200,8.69,8.69,8.69,8.69,812650
1596610800,8.695,8.74,8.3,8.55,36601456
1596614400,8.55,8.595,8.48,8.575,13901992
1596618000,8.575,8.61,8.56,8.575,7998694
1596621600,8.58,8.605,8.475,8.54,8115254
1596625200,8.54,8.55,8.49,8.535,5505778
1596628800,8.535,8.565,8.48,8.49,5515544
1596632400,8.495,8.51,8.42,8.495,6871334
1596636000,8.5,8.53,8.455,8.455,7855710
1596639600,8.46,8.46,8.42,8.42,2183944
1596693600,8.42,8.42,8.42,8.42,376248
1596697200,8.42,8.52,8.375,8.41,15779578
1596700800,8.415,8.415,8.09,8.115,19729476
1596704400,8.115,8.155,8,8,15186584
1596708000,8,8.035,7.75,7.94,29813714
1596711600,7.94,8.05,7.9,8.015,13889328
1596715200,8.02,8.02,7.945,7.975,8953502
1596718800,7.975,7.985,7.805,7.87,12304960
1596722400,7.87,7.965,7.62,7.645,22148046
1596726000,7.64,7.64,7.635,7.635,2449446
1596780000,7.6,7.6,7.6,7.6,895986
1596783600,7.6,7.6,7.22,7.245,38168300
1596787200,7.24,7.345,7.22,7.22,11121176
1596790800,7.215,7.45,7.115,7.415,24636966
1596794400,7.415,7.8,7.34,7.73,24490134
1596798000,7.735,8.005,7.655,7.92,45475998
1596801600,7.92,7.96,7.79,7.935,19964014
1596805200,7.935,7.975,7.85,7.97,15346290
1596808800,7.97,8.395,7.93,8.395,39126942
1596812400,8.395,8.395,8.395,8.395,136876
1597039200,8.395,8.395,8.395,8.395,1798580
1597042800,8.4,8.96,8.125,8.83,103246030
1597046400,8.835,8.87,8.735,8.75,33441468
1597050000,8.745,8.865,8.735,8.82,21349270
1597053600,8.82,8.855,8.805,8.84,8785872
1597057200,8.84,8.925,8.75,8.825,31109812
1597060800,8.82,8.875,8.765,8.79,13170844
1597064400,8.795,9.075,8.76,9.035,45759282
1597068000,9.04,9.06,8.955,9.01,31186064
1597071600,9.005,9.015,9.005,9.015,1780160
1597125600,9.055,9.055,9.055,9.055,754514
1597129200,9.06,9.44,9.06,9.335,63594820
1597132800,9.33,9.35,9.26,9.3,19812062
1597136400,9.3,9.31,9.125,9.195,26837278
1597140000,9.2,9.21,9,9.135,31384178
1597143600,9.135,9.18,9.11,9.16,12222084
1597147200,9.16,9.18,9.115,9.17,8182028
1597150800,9.17,9.22,9.135,9.145,13696496
1597154400,9.145,9.155,9.055,9.065,20103134
1597158000,9.05,9.05,9.05,9.05,2571680
1597212000,9.075,9.075,9.075,9.075,578012
1597215600,9.075,9.095,8.73,8.795,42312606
1597219200,8.795,8.88,8.78,8.865,14726786
1597222800,8.865,8.99,8.86,8.895,19199930
1597226400,8.895,8.925,8.865,8.87,6346112
1597230000,8.87,8.89,8.82,8.875,6537018
1597233600,8.875,8.93,8.845,8.895,6381958
1597237200,8.89,8.99,8.825,8.875,10405808
1597240800,8.875,8.92,8.82,8.85,9440790
1597244400,8.875,8.875,8.875,8.875,1544998
1597298400,8.885,8.885,8.885,8.885,151208
1597302000,8.89,9.07,8.85,8.94,28909810
1597305600,8.94,8.955,8.87,8.89,11747742
1597309200,8.89,8.945,8.87,8.94,7675486
1597312800,8.94,8.98,8.92,8.925,8485692
1597316400,8.925,9.04,8.88,9.03,19207336
1597320000,9.035,9.055,8.935,8.95,18291496
1597323600,8.95,8.96,8.73,8.805,19597480
1597327200,8.8,8.875,8.775,8.795,12292460
1597330800,8.795,8.8,8.795,8.795,1648534
1597384800,8.75,8.75,8.75,8.75,519728
1597388400,8.745,8.75,8.645,8.665,19206328
1597392000,8.665,8.7,8.575,8.695,12544110
1597395600,8.7,8.7,8.645,8.655,3749538
1597399200,8.65,8.665,8.595,8.66,5257406
1597402800,8.665,8.69,8.64,8.645,7359850
1597406400,8.65,8.665,8.57,8.605,7008538
1597410000,8.605,8.66,8.58,8.65,6674880
1597413600,8.65,8.675,8.575,8.605,9155054
1597417200,8.635,8.635,8.635,8.635,1019232
1597644000,8.645,8.645,8.645,8.645,251964
1597647600,8.65,8.81,8.61,8.675,17391606
1597651200,8.675,8.685,8.635,8.66,4473832
1597654800,8.655,8.75,8.65,8.695,8813924
1597658400,8.695,8.775,8.69,8.75,10712894
1597662000,8.75,8.78,8.7,8.71,6509168
1597665600,8.71,8.715,8.655,8.68,4909686
1597669200,8.68,8.725,8.67,8.69,4418096
1597672800,8.695,8.96,8.68,8.94,30745432
1597676400,8.94,8.94,8.92,8.92,2140948
1597730400,8.925,8.925,8.925,8.925,756226
1597734000,8.93,8.965,8.875,8.915,16958358
1597737600,8.915,9.03,8.91,8.97,18476972
1597741200,8.97,9,8.96,8.975,7294876
1597744800,8.975,8.985,8.915,8.93,6736180
1597748400,8.935,9.005,8.915,8.99,8656832
1597752000,8.995,9.015,8.955,8.97,10188972
1597755600,8.965,8.985,8.935,8.945,5389586
1597759200,8.945,8.955,8.83,8.855,13281852
1597762800,8.85,8.85,8.85,8.85,1568958
1597816800,8.95,8.95,8.95,8.95,1267302
1597820400,8.95,8.98,8.88,8.925,28087426
1597824000,8.93,9.02,8.915,8.945,22840866
1597827600,8.94,8.965,8.935,8.965,4222552
1597831200,8.96,8.97,8.935,8.945,4039174
1597834800,8.945,8.955,8.925,8.945,4305512
1597838400,8.945,8.945,8.91,8.935,6778148
1597842000,8.935,8.995,8.925,8.95,16914944
1597845600,8.945,8.975,8.875,8.945,18812504
1597849200,8.945,8.945,8.945,8.945,2186382
1597903200,8.95,8.95,8.95,8.95,549968
1597906800,8.95,8.955,8.81,8.82,16476562
1597910400,8.815,8.86,8.805,8.815,6078182
1597914000,8.815,8.855,8.795,8.84,5668290
1597917600,8.84,8.87,8.83,8.85,2663848
1597921200,8.845,8.85,8.795,8.82,7798976
1597924800,8.825,8.825,8.8,8.815,3607894
1597928400,8.815,8.865,8.795,8.855,7118900
1597932000,8.85,8.925,8.84,8.845,11875178
1597935600,8.84,8.84,8.84,8.84,1635654
1597989600,8.86,8.86,8.86,8.86,436306
1597993200,8.865,8.965,8.865,8.905,12838994
1597996800,8.905,8.91,8.84,8.845,7001844
1598000400,8.845,8.86,8.81,8.83,4585200
1598004000,8.83,8.855,8.825,8.835,2843736
1598007600,8.835,8.87,8.82,8.83,6446794
1598011200,8.825,8.855,8.69,8.74,13895068
1598014800,8.73,8.755,8.66,8.71,7389352
1598018400,8.71,8.745,8.67,8.675,6314556
1598022000,8.675,8.675,8.675,8.675,1078532
1598248800,8.68,8.68,8.68,8.68,213216
1598252400,8.685,8.74,8.675,8.705,7422522
1598256000,8.705,8.77,8.685,8.73,6569106
1598259600,8.73,8.74,8.7,8.705,2945206
1598263200,8.71,8.725,8.64,8.665,3859384
1598266800,8.665,8.665,8.6,8.66,5180922
1598270400,8.655,8.67,8.63,8.645,2736942
1598274000,8.64,8.665,8.615,8.63,3455528
1598277600,8.63,8.65,8.575,8.605,6137098
1598281200,8.6,8.6,8.595,8.595,863348
1598335200,8.65,8.65,8.65,8.65,304170
1598338800,8.645,8.67,8.575,8.585,9602216
1598342400,8.59,8.59,8.475,8.51,12238462
1598346000,8.51,8.55,8.485,8.55,4504122
1598349600,8.555,8.555,8.5,8.51,3465860
1598353200,8.515,8.54,8.5,8.525,3170120
1598356800,8.525,8.555,8.505,8.52,4185728
1598360400,8.52,8.52,8.43,8.46,7495168
1598364000,8.46,8.465,8.29,8.39,16322984
1598367600,8.465,8.465,8.465,8.465,1408600
1598421600,8.44,8.44,8.44,8.44,418672
1598425200,8.435,8.475,8.38,8.435,12128780
1598428800,8.43,8.605,8.43,8.54,18325916
1598432400,8.535,8.56,8.48,8.485,5503888
1598436000,8.49,8.525,8.465,8.515,5135710
1598439600,8.51,8.535,8.455,8.46,3755120
1598443200,8.46,8.475,8.42,8.45,6626770
1598446800,8.445,8.55,8.435,8.485,6951160
1598450400,8.485,8.51,8.42,8.485,8028740
1598454000,8.485,8.49,8.485,8.49,1057608
1598508000,8.525,8.525,8.525,8.525,310364
1598511600,8.53,8.575,8.505,8.52,10618726
1598515200,8.52,8.535,8.505,8.525,4321866
1598518800,8.52,8.53,8.485,8.495,3572502
1598522400,8.5,8.505,8.48,8.49,2306950
1598526000,8.495,8.51,8.48,8.505,2076808
1598529600,8.505,8.515,8.47,8.485,3539132
1598533200,8.48,8.505,8.475,8.49,3497416
1598536800,8.49,8.49,8.44,8.465,5996502
1598540400,8.465,8.465,8.465,8.465,1235472
1598594400,8.47,8.47,8.47,8.47,347624
1598598000,8.47,8.495,8.435,8.465,5872070
1598601600,8.465,8.47,8.44,8.455,2041034
1598605200,8.455,8.465,8.44,8.45,2138518
1598608800,8.45,8.45,8.415,8.435,2510066
1598612400,8.435,8.45,8.415,8.45,1888306
1598616000,8.445,8.45,8.31,8.315,6900666
1598619600,8.31,8.365,8.3,8.365,4916810
1598623200,8.36,8.375,8.315,8.375,5663536
1598626800,8.37,8.375,8.37,8.375,719758
1598853600,8.375,8.375,8.375,8.375,270192
1598857200,8.375,8.38,8.155,8.165,16871728
1598860800,8.165,8.225,8.16,8.205,6837720
1598864400,8.21,8.21,8.16,8.18,6931194
1598868000,8.18,8.2,8.17,8.175,3630590
1598871600,8.18,8.195,8.16,8.17,4320860
1598875200,8.17,8.205,8.135,8.185,6147860
1598878800,8.185,8.235,8.165,8.195,7766898
1598882400,8.195,8.195,8.105,8.135,10999206
1598886000,8.12,8.12,8.12,8.12,3447364
1598940000,8.125,8.125,8.125,8.125,225218
1598943600,8.13,8.165,8.045,8.07,11465134
1598947200,8.07,8.09,7.975,7.995,7223844
1598950800,7.995,7.995,7.925,7.975,8592254
1598954400,7.975,8.045,7.96,8.015,5960082
1598958000,8.015,8.345,8.005,8.245,25166930
1598961600,8.245,8.245,8.14,8.155,15571496
1598965200,8.155,8.2,8.11,8.15,7823976
1598968800,8.145,8.5,8.145,8.4,29992390
1598972400,8.405,8.415,8.4,8.415,1595802
1599026400,8.41,8.41,8.41,8.41,552118
1599030000,8.405,8.425,8.32,8.33,14102504
1599033600,8.325,8.46,8.31,8.45,14041306
1599037200,8.45,8.48,8.36,8.4,13811126
1599040800,8.395,8.405,8.375,8.375,4517124
1599044400,8.38,8.455,8.375,8.405,8575578
1599048000,8.4,8.41,8.34,8.395,11471442
1599051600,8.39,8.395,8.355,8.375,4285998
1599055200,8.375,8.405,8.305,8.31,10375482
1599058800,8.3,8.3,8.3,8.3,1541520
1599112800,8.31,8.31,8.31,8.31,223076
1599116400,8.315,8.535,8.315,8.51,33960364
1599120000,8.51,8.635,8.465,8.5,35663072
1599123600,8.5,8.525,8.445,8.48,12839490
1599127200,8.485,8.54,8.455,8.515,11931192
1599130800,8.515,8.535,8.47,8.48,4858640
1599134400,8.48,8.515,8.43,8.48,13165948
1599138000,8.485,8.59,8.48,8.57,17972268
1599141600,8.575,8.625,8.47,8.49,31979764
1599145200,8.45,8.45,8.45,8.45,4516418
1599199200,8.465,8.465,8.465,8.465,580110
1599202800,8.465,8.55,8.425,8.495,27874270
1599206400,8.5,8.505,8.46,8.475,7875608
1599210000,8.475,8.48,8.455,8.475,4525398
1599213600,8.475,8.53,8.455,8.49,12285776
1599217200,8.49,8.49,8.44,8.445,11380696
1599220800,8.445,8.49,8.435,8.475,8487496
1599224400,8.47,8.485,8.44,8.44,5647726
1599228000,8.44,8.46,8.38,8.44,13031736
1599231600,8.435,8.44,8.435,8.44,2718014
1599458400,8.45,8.45,8.45,8.45,247070
1599462000,8.455,8.485,8.42,8.425,11565808
1599465600,8.425,8.45,8.415,8.44,2951030
1599469200,8.44,8.46,8.43,8.44,2200192
1599472800,8.445,8.45,8.42,8.42,2481880
1599476400,8.42,8.445,8.415,8.435,2120218
1599480000,8.435,8.475,8.425,8.47,9530398
1599483600,8.465,8.5,8.44,8.445,12710808
1599487200,8.445,8.48,8.435,8.445,11362750
1599490800,8.445,8.45,8.445,8.45,2120864
1599544800,8.48,8.48,8.48,8.48,413752
1599548400,8.485,8.53,8.46,8.47,11759226
1599552000,8.47,8.48,8.445,8.465,6162464
1599555600,8.46,8.48,8.42,8.435,4628748
1599559200,8.435,8.455,8.43,8.44,3158516
1599562800,8.435,8.445,8.38,8.385,4915338
1599566400,8.385,8.405,8.35,8.365,4828142
1599570000,8.365,8.39,8.35,8.36,4034402
1599573600,8.355,8.395,8.325,8.335,8314888
1599577200,8.335,8.335,8.33,8.33,1446598
1599631200,8.33,8.33,8.33,8.33,278320
1599634800,8.33,8.425,8.315,8.37,12507058
1599638400,8.375,8.39,8.34,8.355,4347868
1599642000,8.35,8.385,8.34,8.375,2963888
1599645600,8.375,8.375,8.345,8.35,1952988
1599649200,8.35,8.355,8.33,8.345,3301270
1599652800,8.345,8.38,8.34,8.365,3713726
1599656400,8.365,8.365,8.31,8.315,6520152
1599660000,8.32,8.335,8.255,8.28,9481512
1599663600,8.28,8.28,8.28,8.28,1617786
1599717600,8.3,8.3,8.3,8.3,329398
1599721200,8.305,8.355,8.295,8.33,9236118
1599724800,8.33,8.35,8.295,8.3,4157260
1599728400,8.3,8.315,8.275,8.3,3642098
1599732000,8.295,8.33,8.295,8.305,2325982
1599735600,8.305,8.335,8.295,8.325,3308568
1599739200,8.325,8.425,8.315,8.355,13792012
1599742800,8.355,8.385,8.34,8.36,4314836
1599746400,8.36,8.365,8.28,8.295,8075830
1599750000,8.3,8.335,8.3,8.335,1072614
1599804000,8.355,8.355,8.355,8.355,296222
1599807600,8.355,8.365,8.285,8.295,8080812
1599811200,8.295,8.315,8.275,8.305,3595086
1599814800,8.305,8.31,8.295,8.31,1285594
1599818400,8.305,8.32,8.295,8.305,1469576
1599822000,8.305,8.365,8.29,8.315,4547402
1599825600,8.315,8.335,8.3,8.305,2401564
1599829200,8.305,8.31,8.295,8.3,1987386
1599832800,8.305,8.32,8.295,8.31,3289582
1599836400,8.315,8.315,8.315,8.315,980452
1600063200,8.34,8.34,8.34,8.34,283616
1600066800,8.34,8.43,8.33,8.39,16600458
1600070400,8.385,8.41,8.36,8.39,8386680
1600074000,8.39,8.395,8.35,8.37,4155842
1600077600,8.37,8.385,8.36,8.38,1791426
1600081200,8.375,8.38,8.36,8.37,1625556
1600084800,8.37,8.37,8.34,8.35,2421030
1600088400,8.345,8.37,8.335,8.36,2393630
1600092000,8.355,8.365,8.34,8.36,4234570
1600095600,8.365,8.365,8.365,8.365,1111776
1600149600,8.385,8.385,8.385,8.385,201012
1600153200,8.385,8.4,8.37,8.385,5581904
1600156800,8.385,8.45,8.38,8.41,14033756
1600160400,8.41,8.41,8.385,8.4,2076218
1600164000,8.4,8.42,8.39,8.415,3042306
1600167600,8.415,8.425,8.395,8.405,2341614
1600171200,8.405,8.41,8.385,8.39,2657154
1600174800,8.39,8.395,8.36,8.36,3954252
1600178400,8.36,8.365,8.25,8.355,13052592
1600182000,8.345,8.345,8.345,8.345,924540
1600236000,8.38,8.38,8.38,8.38,337590
1600239600,8.375,8.385,8.33,8.36,6930168
1600243200,8.365,8.365,8.34,8.355,3421550
1600246800,8.355,8.36,8.345,8.345,1582870
1600250400,8.345,8.35,8.325,8.33,2182274
1600254000,8.33,8.37,8.325,8.355,3081408
1600257600,8.355,8.36,8.32,8.325,2134812
1600261200,8.325,8.33,8.29,8.305,4027042
1600264800,8.31,8.335,8.295,8.33,3747732
1600268400,8.335,8.335,8.335,8.335,795046
1600322400,8.29,8.29,8.29,8.29,268706
1600326000,8.285,8.325,8.275,8.3,6091262
1600329600,8.3,8.315,8.27,8.275,4239350
1600333200,8.275,8.295,8.255,8.285,3967192
1600336800,8.285,8.29,8.27,8.27,1824826
1600340400,8.27,8.28,8.25,8.275,2509802
1600344000,8.27,8.28,8.255,8.255,1827152
1600347600,8.255,8.265,8.23,8.26,4380150
1600351200,8.26,8.315,8.255,8.315,7321852
1600354800,8.315,8.325,8.315,8.325,799766
1600408800,8.375,8.375,8.375,8.375,555156
1600412400,8.37,8.38,8.33,8.37,9682472
1600416000,8.375,8.375,8.335,8.335,4158638
1600419600,8.335,8.345,8.325,8.335,2123892
1600423200,8.335,8.355,8.325,8.345,1590100
1600426800,8.34,8.345,8.33,8.335,1315262
1600430400,8.335,8.34,8.32,8.335,1331328
1600434000,8.335,8.34,8.305,8.32,2342936
1600437600,8.32,8.335,8.3,8.305,3484520
1600441200,8.31,8.315,8.285,8.285,2578808
1600668000,8.285,8.285,8.285,8.285,380856
1600671600,8.285,8.33,8.26,8.28,11873166
1600675200,8.285,8.285,8.21,8.22,5867896
1600678800,8.22,8.23,8.2,8.23,3065346
1600682400,8.225,8.235,8.205,8.215,1762090
1600686000,8.21,8.25,8.21,8.225,2312694
1600689600,8.23,8.245,8.18,8.195,4576656
1600693200,8.195,8.2,8.165,8.185,4874604
1600696800,8.185,8.19,8.05,8.095,9972864
1600700400,8.11,8.11,8.11,8.11,834914
1600754400,8.11,8.11,8.11,8.11,229866
1600758000,8.115,8.14,8.025,8.095,8678516
1600761600,8.095,8.105,8.07,8.08,3545814
1600765200,8.075,8.12,8.075,8.095,3451658
1600768800,8.095,8.105,8.075,8.085,1675026
1600772400,8.085,8.21,8.08,8.12,9900212
1600776000,8.115,8.16,8.1,8.145,5119406
1600779600,8.15,8.165,8.105,8.11,3529638
1600783200,8.105,8.22,8.1,8.145,6960236
1600786800,8.17,8.17,8.17,8.17,697088
1600840800,8.185,8.185,8.185,8.185,323766
1600844400,8.185,8.21,8.165,8.185,7997624
1600848000,8.19,8.195,8.165,8.19,3094718
1600851600,8.19,8.265,8.19,8.245,13337250
1600855200,8.245,8.26,8.21,8.225,3149880
1600858800,8.225,8.23,8.21,8.215,1413800
1600862400,8.215,8.25,8.21,8.22,3095898
1600866000,8.22,8.28,8.21,8.22,7017880
1600869600,8.22,8.225,8.15,8.205,7377282
1600873200,8.18,8.18,8.18,8.18,1476558
1600927200,8.135,8.135,8.135,8.135,229168
1600930800,8.14,8.19,8.12,8.16,7158976
1600934400,8.155,8.175,8.135,8.155,2875222
1600938000,8.155,8.18,8.15,8.16,1234156
1600941600,8.16,8.175,8.15,8.15,1603412
1600945200,8.15,8.265,8.145,8.26,14856262
1600948800,8.26,8.425,8.235,8.395,36871352
1600952400,8.395,8.45,8.37,8.405,16903220
1600956000,8.405,8.495,8.405,8.485,23943260
1600959600,8.485,8.485,8.485,8.485,1492912
1601013600,8.55,8.55,8.55,8.55,1006350
1601017200,8.55,8.7,8.505,8.69,40512568
1601020800,8.695,8.72,8.58,8.61,23253890
1601024400,8.61,8.625,8.555,8.6,8390232
1601028000,8.595,8.625,8.56,8.575,7230758
1601031600,8.575,8.615,8.54,8.6,8489618
1601035200,8.605,8.67,8.565,8.65,17029106
1601038800,8.65,8.695,8.635,8.685,20856208
1601042400,8.685,8.7,8.595,8.625,18732134
1601046000,8.61,8.61,8.61,8.61,1539550
1601272800,8.62,8.62,8.62,8.62,619538
1601276400,8.625,8.85,8.62,8.77,43655424
1601280000,8.77,8.78,8.69,8.74,18686396
1601283600,8.74,8.78,8.72,8.725,6883628
1601287200,8.725,8.755,8.72,8.735,5061884
1601290800,8.735,8.77,8.7,8.725,6975504
1601294400,8.72,8.75,8.7,8.72,7834820
1601298000,8.72,8.765,8.715,8.75,8041268
1601301600,8.755,8.775,8.71,8.74,10592034
1601305200,8.73,8.73,8.73,8.73,2204014
1601359200,8.745,8.745,8.745,8.745,376230
1601362800,8.74,8.815,8.705,8.72,16076880
1601366400,8.725,8.725,8.68,8.705,7876380
1601370000,8.71,8.795,8.7,8.795,15482146
1601373600,8.79,8.95,8.775,8.93,33145546
1601377200,8.925,8.945,8.86,8.895,17368026
1601380800,8.895,8.93,8.875,8.905,8680372
1601384400,8.91,8.92,8.885,8.895,4044512
1601388000,8.895,9.31,8.755,9.305,86066738
1601391600,9.3,9.305,9.295,9.305,4006284
1601445600,9.23,9.23,9.23,9.23,1321302
1601449200,9.225,9.265,9.055,9.1,46938386
1601452800,9.1,9.46,9.095,9.335,69200170
1601456400,9.34,9.475,9.26,9.46,42040856
1601460000,9.46,9.555,9.425,9.445,62008002
1601463600,9.445,9.475,9.385,9.455,24331032
1601467200,9.455,9.5,9.4,9.49,20925590
1601470800,9.485,9.75,9.46,9.725,93505138
1601474400,9.73,9.9,9.66,9.695,87192486
1601478000,9.695,9.73,9.66,9.66,9293814
1601532000,9.66,9.66,9.66,9.66,750562
1601535600,9.665,9.93,9.6,9.75,48484288
1601539200,9.75,9.8,9.65,9.755,19317620
1601542800,9.755,9.8,9.715,9.76,12474078
1601546400,9.765,9.77,9.705,9.72,4813448
1601550000,9.72,9.785,9.7,9.74,10267748
1601553600,9.745,9.75,9.64,9.66,15514342
1601557200,9.66,9.66,9.48,9.52,25608534
1601560800,9.52,9.53,9.27,9.28,41194838
1601564400,9.28,9.28,9.265,9.265,2149496
1601618400,9.225,9.225,9.225,9.225,573950
1601622000,9.22,9.44,9.185,9.335,37764518
1601625600,9.335,9.385,9.315,9.365,14483502
1601629200,9.365,9.38,9.265,9.275,9538432
1601632800,9.28,9.295,9.23,9.275,5162402
1601636400,9.275,9.29,9.2,9.245,8140482
1601640000,9.245,9.29,9.185,9.215,16590160
1601643600,9.21,9.26,9.125,9.24,21714420
1601647200,9.24,9.28,9.175,9.21,23418380
1601650800,9.2,9.2,9.2,9.2,1828910
1601877600,9.265,9.265,9.265,9.265,280424
1601881200,9.27,9.41,9.245,9.29,23656690
1601884800,9.29,9.34,9.245,9.305,11520336
1601888400,9.305,9.35,9.3,9.33,4222138
1601892000,9.33,9.335,9.3,9.31,3589448
1601895600,9.31,9.335,9.295,9.33,2611794
1601899200,9.33,9.48,9.3,9.445,24417172
1601902800,9.45,9.46,9.325,9.34,12385334
1601906400,9.34,9.39,9.305,9.36,9746354
1601910000,9.35,9.35,9.35,9.35,1930438
1601964000,9.38,9.38,9.38,9.38,509922
1601967600,9.38,9.435,9.32,9.39,19755214
1601971200,9.39,9.42,9.345,9.35,10714620
1601974800,9.35,9.41,9.345,9.36,4905614
1601978400,9.365,9.37,9.325,9.34,4569732
1601982000,9.34,9.375,9.335,9.35,3366916
1601985600,9.35,9.36,9.29,9.315,6645574
1601989200,9.315,9.34,9.27,9.31,7973168
1601992800,9.305,9.345,9.275,9.275,5616026
1601996400,9.27,9.27,9.27,9.27,1225360
1602050400,9.225,9.225,9.225,9.225,340606
1602054000,9.22,9.36,9.21,9.33,25887440
1602057600,9.33,9.36,9.285,9.305,17130798
1602061200,9.305,9.335,9.275,9.3,7947310
1602064800,9.295,9.32,9.28,9.295,8280892
1602068400,9.295,9.315,9.285,9.295,9579394
1602072000,9.295,9.35,9.275,9.285,17715274
1602075600,9.285,9.32,9.275,9.285,5166594
1602079200,9.285,9.295,9.26,9.27,7777332
1602082800,9.28,9.28,9.28,9.28,1657884
1602136800,9.31,9.31,9.31,9.31,445714
1602140400,9.315,9.38,9.08,9.085,40775906
1602144000,9.08,9.095,9.025,9.06,18225224
1602147600,9.06,9.095,9.04,9.08,10391652
1602151200,9.085,9.095,9.05,9.055,7885802
1602154800,9.06,9.085,9.035,9.07,8056786
1602158400,9.07,9.115,9.055,9.07,12623906
1602162000,9.065,9.09,9.06,9.085,5901080
1602165600,9.085,9.085,9.005,9.025,14576334
1602169200,9.05,9.05,9.05,9.05,2638102
1602223200,9.07,9.07,9.07,9.07,210908
1602226800,9.075,9.085,8.985,9.015,13752560
1602230400,9.01,9.04,9,9.02,5129710
1602234000,9.02,9.03,9.005,9.03,2219260
1602237600,9.025,9.135,9.02,9.065,20646452
1602241200,9.07,9.115,9.06,9.085,8551232
1602244800,9.08,9.125,9.075,9.08,8392756
1602248400,9.08,9.085,9.035,9.055,7859738
1602252000,9.055,9.1,9.05,9.055,10132286
1602255600,9.055,9.055,9.055,9.055,1464234
1602482400,9.08,9.08,9.08,9.08,313464
1602486000,9.085,9.145,9.055,9.12,13095726
1602489600,9.12,9.145,9.095,9.11,6234018
1602493200,9.105,9.11,9.085,9.09,3025242
1602496800,9.09,9.11,9.085,9.1,2193172
1602500400,9.1,9.115,9.085,9.09,4894662
1602504000,9.09,9.095,9.07,9.08,3593938
1602507600,9.08,9.09,9.03,9.045,8829406
1602511200,9.045,9.055,9.025,9.04,7012176
1602514800,9.025,9.025,9.025,9.025,3298660
1602568800,9.05,9.05,9.05,9.05,432584
1602572400,9.055,9.06,9.01,9.025,9106474
1602576000,9.025,9.175,9.015,9.165,24545286
1602579600,9.165,9.17,9.085,9.1,9587468
1602583200,9.1,9.115,9.06,9.085,7765752
1602586800,9.085,9.105,9.075,9.085,3109462
1602590400,9.085,9.095,9.05,9.06,4092352
1602594000,9.055,9.06,8.97,8.995,10861150
1602597600,8.995,9.04,8.975,9.015,7475910
1602601200,9.015,9.015,9.015,9.015,1124586
1602655200,9.035,9.035,9.035,9.035,191734
1602658800,9.04,9.07,9.01,9.06,9869222
1602662400,9.06,9.075,9.035,9.055,7920260
1602666000,9.055,9.09,9.035,9.04,7849946
1602669600,9.035,9.045,9,9.015,8860982
1602673200,9.015,9.05,8.99,9.02,6509868
1602676800,9.02,9.035,9.005,9.03,3423604
1602680400,9.03,9.05,9.01,9.035,3824112
1602684000,9.04,9.045,9.02,9.025,5813118
1602687600,9.04,9.04,9.04,9.04,1477482
1602741600,9.045,9.045,9.045,9.045,369336
1602745200,9.05,9.115,9.04,9.06,13708214
1602748800,9.06,9.07,9.025,9.05,6875988
1602752400,9.05,9.075,9.04,9.05,4432440
1602756000,9.055,9.065,9.045,9.045,1574436
1602759600,9.045,9.065,9.03,9.04,3034044
1602763200,9.045,9.045,8.99,9.015,6299544
1602766800,9.01,9.035,8.98,9.02,5144892
1602770400,9.02,9.15,9,9.085,30150838
1602774000,9.09,9.09,9.09,9.09,1536582
1602828000,9.1,9.1,9.1,9.1,459326
1602831600,9.105,9.12,9.025,9.04,14633504
1602835200,9.035,9.05,9.03,9.045,3663748
1602838800,9.045,9.05,8.99,9.04,7610772
1602842400,9.04,9.055,9.03,9.045,3332290
1602846000,9.04,9.045,9.01,9.01,3684466
1602849600,9.015,9.045,9.01,9.03,2897288
1602853200,9.03,9.065,9.025,9.05,5012572
1602856800,9.05,9.055,9.02,9.025,6494808
1602860400,9.025,9.025,9.025,9.025,1762096
1603087200,9.045,9.045,9.045,9.045,256890
1603090800,9.045,9.07,9.035,9.05,6965742
1603094400,9.05,9.095,9.05,9.065,8717560
1603098000,9.06,9.08,9.05,9.07,3224842
1603101600,9.075,9.095,9.055,9.08,5502574
1603105200,9.075,9.085,9.045,9.06,4397666
1603108800,9.06,9.09,9.05,9.085,3022128
1603112400,9.08,9.09,9.055,9.065,3346716
1603116000,9.065,9.085,9.05,9.06,6648748
1603119600,9.05,9.05,9.05,9.05,1464334
1603173600,9.06,9.06,9.06,9.06,322160
1603177200,9.06,9.115,9.04,9.07,13942798
1603180800,9.065,9.185,9.055,9.155,30300178
1603184400,9.155,9.16,9.13,9.14,11277526
1603188000,9.145,9.185,9.115,9.145,11770202
1603191600,9.15,9.165,9.095,9.11,11576562
1603195200,9.11,9.135,9.085,9.13,5830416
1603198800,9.13,9.15,9.11,9.125,5369434
1603202400,9.125,9.14,9.085,9.095,6731644
1603206000,9.095,9.095,9.09,9.09,1446234
1603260000,9.125,9.125,9.125,9.125,385264
1603263600,9.13,9.135,9.08,9.095,10442986
1603267200,9.09,9.125,9.085,9.09,3781492
1603270800,9.09,9.105,9.09,9.095,2093544
1603274400,9.095,9.11,9.075,9.08,2864128
1603278000,9.08,9.095,9.05,9.06,5589242
1603281600,9.06,9.075,9.05,9.065,2968492
1603285200,9.065,9.07,9.035,9.065,4464306
1603288800,9.065,9.07,9.04,9.055,4347574
1603292400,9.035,9.035,9.035,9.035,1921076
1603346400,9.045,9.045,9.045,9.045,345800
1603350000,9.045,9.11,9.035,9.09,9888954
1603353600,9.095,9.095,9.05,9.05,3096624
1603357200,9.05,9.06,9.04,9.055,2869792
1603360800,9.055,9.075,9.04,9.045,3356342
1603364400,9.05,9.095,9,9.07,11226068
1603368000,9.07,9.23,9.07,9.155,38587838
1603371600,9.16,9.215,9.13,9.2,11459324
1603375200,9.2,9.245,9.13,9.14,23614788
1603378800,9.17,9.17,9.17,9.17,1629360
1603432800,9.17,9.17,9.17,9.17,604974
1603436400,9.165,9.19,9.1,9.12,13060950
1603440000,9.12,9.12,9.085,9.1,6126178
1603443600,9.1,9.1,9.07,9.08,2992420
1603447200,9.08,9.105,9.08,9.09,2283174
1603450800,9.09,9.095,9.07,9.075,2548272
1603454400,9.08,9.08,9.03,9.055,6995224
1603458000,9.05,9.055,8.89,8.965,12733046
1603461600,8.965,9.035,8.93,9.025,13849770
1603465200,9.03,9.03,9.03,9.03,1195026
1603692000,8.975,8.975,8.975,8.975,512302
1603695600,8.97,8.97,8.81,8.87,14843208
1603699200,8.865,8.89,8.85,8.865,6412144
1603702800,8.87,8.9,8.85,8.87,6738868
1603706400,8.865,8.875,8.85,8.87,2962088
1603710000,8.87,8.91,8.845,8.855,6132426
1603713600,8.855,8.86,8.6,8.625,15533834
1603717200,8.625,8.745,8.615,8.695,11186630
1603720800,8.695,8.77,8.53,8.53,11323750
1603724400,8.53,8.53,8.53,8.53,1532398
1603778400,8.555,8.555,8.555,8.555,366268
1603782000,8.56,8.67,8.46,8.59,15234286
1603785600,8.59,8.61,8.525,8.58,9133336
1603789200,8.575,8.62,8.56,8.6,6332916
1603792800,8.6,8.68,8.585,8.61,7231154
1603796400,8.605,8.65,8.595,8.62,6709254
1603800000,8.62,8.635,8.56,8.575,6328630
1603803600,8.58,8.59,8.535,8.59,4792276
1603807200,8.59,8.68,8.525,8.65,16350662
1603810800,8.68,8.68,8.68,8.68,977152
1603864800,8.645,8.645,8.645,8.645,685340
1603868400,8.64,8.93,8.56,8.795,42201580
1603872000,8.795,8.855,8.73,8.81,16548298
1603875600,8.805,8.835,8.7,8.7,10571644
1604037600,8.54,8.54,8.54,8.54,743324
1604041200,8.55,8.55,8.42,8.45,20997524
1604044800,8.455,8.505,8.41,8.435,12076978
1604048400,8.435,8.44,8.41,8.425,6023952
1604052000,8.425,8.46,8.415,8.46,4642820
1604055600,8.46,8.475,8.4,8.415,6905178
1604059200,8.415,8.415,8.31,8.395,12984088
1604062800,8.395,8.405,8.335,8.36,5698274
1604066400,8.36,8.475,8.325,8.365,13359322
1604070000,8.375,8.375,8.375,8.375,2057020
1604296800,8.415,8.415,8.415,8.415,259768
1604300400,8.42,8.82,8.415,8.745,39736768
1604304000,8.745,8.875,8.705,8.86,26427890
1604307600,8.86,8.93,8.815,8.925,25745940
1604311200,8.925,9.07,8.885,9.045,31360654
1604314800,9.045,9.06,8.96,9.01,19249138
1604318400,9.005,9.03,8.93,8.995,15946746
1604322000,8.995,9,8.91,8.91,11385718
1604325600,8.915,8.925,8.77,8.82,27374832
1604329200,8.815,8.815,8.815,8.815,1872266
1604383200,8.86,8.86,8.86,8.86,430884
1604386800,8.865,8.915,8.695,8.745,19761750
1604390400,8.745,8.81,8.71,8.73,14541676
1604394000,8.73,8.735,8.685,8.715,4052400
1604397600,8.715,8.72,8.64,8.65,5025012
1604401200,8.65,8.65,8.565,8.62,8981470
1604404800,8.62,8.685,8.59,8.63,9036944
1604408400,8.63,8.68,8.615,8.665,6446070
1604412000,8.66,8.755,8.65,8.66,16571026
1604415600,8.66,8.66,8.66,8.66,1732376
1604469600,8.775,8.775,8.775,8.775,652030
1604473200,8.775,8.915,8.74,8.775,21063470
1604476800,8.78,8.79,8.75,8.765,6827172
1604480400,8.76,8.76,8.69,8.695,9291402
1604484000,8.695,8.715,8.665,8.71,4850684
1604487600,8.71,8.73,8.69,8.705,5815328
1604491200,8.705,8.745,8.695,8.71,4998634
1604494800,8.71,8.71,8.685,8.7,3408142
1604498400,8.695,8.705,8.67,8.68,6446070
1604502000,8.68,8.69,8.68,8.69,1153190
1604556000,8.7,8.7,8.7,8.7,209788
1604559600,8.7,8.775,8.66,8.735,12403958
1604563200,8.735,8.775,8.695,8.7,11327442
1604566800,8.705,8.76,8.685,8.74,6696006
1604570400,8.735,8.75,8.72,8.725,2945256
1604574000,8.725,8.76,8.715,8.74,4974412
1604577600,8.74,8.795,8.735,8.75,8708806
1604581200,8.75,8.755,8.725,8.73,3466744
1604584800,8.73,8.73,8.635,8.69,12157768
1604588400,8.7,8.7,8.7,8.7,1294576
1604642400,8.705,8.705,8.705,8.705,238636
1604646000,8.705,8.735,8.68,8.715,5997442
1604649600,8.72,8.73,8.695,8.715,3913882
1604653200,8.72,8.725,8.69,8.69,3601600
1604656800,8.69,8.71,8.665,8.705,4457882
1604660400,8.705,8.76,8.7,8.76,11101640
1604664000,8.76,8.765,8.69,8.705,7560076
1604667600,8.7,8.72,8.685,8.71,3141776
1604671200,8.715,8.735,8.705,8.715,7840752
1604674800,8.73,8.73,8.73,8.73,1367322
1604901600,9,9,9,9,1539066
1604905200,9,9.04,8.875,8.9,19789130
1604908800,8.895,8.925,8.885,8.91,5092542
1604912400,8.91,8.94,8.9,8.93,4510162
1604916000,8.925,8.94,8.91,8.925,3564874
1604919600,8.925,8.995,8.92,8.995,7741982
1604923200,8.99,9.095,8.955,9.065,26503242
1604926800,9.06,9.085,9.025,9.03,10307626
1604930400,9.03,9.04,8.93,8.945,13988776
1604934000,8.95,8.95,8.95,8.95,1730656
1604988000,8.895,8.895,8.895,8.895,569114
1604991600,8.895,9.125,8.84,9.05,25070840
1604995200,9.05,9.09,9.03,9.06,6781386
1604998800,9.06,9.075,9.015,9.02,4081224
1605002400,9.02,9.035,8.96,8.96,5239954
1605006000,8.965,9.02,8.95,9.005,4384442
1605009600,9.005,9.05,8.975,9.045,4124830
1605013200,9.055,9.055,8.99,9,6514966
1605016800,9,9.025,8.965,9.005,7334308
1605020400,9.015,9.015,9.015,9.015,1258772
1605074400,9.06,9.06,9.06,9.06,406832
1605078000,9.06,9.205,9.035,9.155,40530020
1605081600,9.155,9.255,9.13,9.25,24549836
1605085200,9.255,9.31,9.245,9.255,26656908
1605088800,9.255,9.265,9.19,9.23,10750602
1605092400,9.225,9.265,9.185,9.25,12887194
1605096000,9.25,9.265,9.22,9.26,11316786
1605099600,9.255,9.37,9.245,9.31,24858718
1605103200,9.305,9.34,9.25,9.295,17185684
1605106800,9.29,9.29,9.29,9.29,1580066
1605160800,9.5,9.5,9.5,9.5,2134572
1605164400,9.505,9.695,9.48,9.57,55275960
1605168000,9.565,9.655,9.56,9.62,19863342
1605171600,9.625,9.7,9.6,9.65,25731116
1605175200,9.65,9.665,9.61,9.625,10872060
1605178800,9.625,9.635,9.525,9.565,15409138
1605182400,9.565,9.62,9.44,9.475,26471874
1605186000,9.47,9.495,9.105,9.275,51778444
1605189600,9.275,9.305,9.075,9.14,30102490
1605193200,9.125,9.125,9.125,9.125,2424278
1605247200,9.19,9.19,9.19,9.19,1016272
1605250800,9.19,9.31,9.16,9.19,24685862
1605254400,9.2,9.23,9.165,9.21,7228054
1605258000,9.21,9.225,9.2,9.215,3581588
1605261600,9.215,9.235,9.175,9.185,5197408
1605265200,9.19,9.19,9.135,9.15,5437448
1605268800,9.145,9.15,9.1,9.105,6029258
1605272400,9.105,9.185,9.105,9.155,5922294
1605276000,9.155,9.195,9.125,9.18,8501610
1605279600,9.175,9.175,9.175,9.175,1816804
1605506400,9.23,9.23,9.23,9.23,473466
1605510000,9.235,9.29,9.205,9.24,11527262
1605513600,9.24,9.245,9.21,9.215,4266070
1605517200,9.215,9.22,9.16,9.175,4540062
1605520800,9.175,9.205,9.17,9.195,2725336
1605524400,9.195,9.2,9.16,9.2,3472130
1605528000,9.2,9.22,9.17,9.195,5103080
1605531600,9.195,9.2,9.165,9.175,3187454
1605535200,9.175,9.18,9.08,9.095,9167690
1605538800,9.085,9.085,9.085,9.085,1655760
1605592800,9.055,9.055,9.055,9.055,485062
1605596400,9.05,9.055,8.92,8.925,13948298
1605600000,8.925,8.95,8.9,8.91,6057838
1605603600,8.91,8.95,8.88,8.915,5256048
1605607200,8.91,8.945,8.905,8.935,3001366
1605610800,8.93,8.95,8.92,8.925,2308306
1605614400,8.925,8.935,8.9,8.925,2145546
1605618000,8.92,8.935,8.905,8.925,1680880
1605621600,8.92,8.93,8.84,8.85,6589820
1605625200,8.835,8.835,8.835,8.835,1227448
1605679200,8.855,8.855,8.855,8.855,374010
1605682800,8.86,8.995,8.855,8.965,8944688
1605686400,8.955,8.98,8.94,8.975,3256664
1605690000,8.975,8.975,8.935,8.94,2145534
1605693600,8.945,9.06,8.94,9.035,10180238
1605697200,9.035,9.055,8.94,8.97,7900416
1605700800,8.965,9,8.92,8.945,8567618
1605704400,8.95,9.01,8.94,9,3350550
1605708000,9,9.08,8.995,9.08,7213720
1605711600,9.08,9.08,9.08,9.08,952338
1605765600,9.1,9.1,9.1,9.1,855314
1605769200,9.1,9.19,9.03,9.085,14479526
1605772800,9.085,9.085,9.015,9.07,5890926
1605776400,9.07,9.11,9.05,9.06,2659350
1605780000,9.055,9.085,9.035,9.055,3230804
1605783600,9.05,9.2,9.045,9.135,18498666
1605787200,9.135,9.29,9.125,9.245,12019556
1605790800,9.245,9.26,9.195,9.235,9463346
1605794400,9.23,9.235,9.11,9.125,10383236
1605798000,9.135,9.135,9.135,9.135,669880
1605852000,9.165,9.165,9.165,9.165,260840
1605855600,9.17,9.25,9.17,9.21,9977094
1605859200,9.21,9.22,9.125,9.14,6056138
1605862800,9.145,9.185,9.135,9.16,3593206
1605866400,9.16,9.22,9.14,9.165,7416090
1605870000,9.165,9.185,9.155,9.18,2687464
1605873600,9.175,9.225,9.155,9.165,6297102
1605877200,9.165,9.225,9.16,9.185,4537108
1605880800,9.185,9.19,9.155,9.175,5950810
1605884400,9.175,9.175,9.175,9.175,1063238
1606111200,9.185,9.185,9.185,9.185,269286
1606114800,9.19,9.23,9.13,9.18,12983284
1606118400,9.185,9.315,9.18,9.275,16074386
1606122000,9.28,9.285,9.24,9.24,5696370
1606125600,9.245,9.25,9.21,9.235,4758534
1606129200,9.235,9.24,9.2,9.2,3064494
1606132800,9.205,9.26,9.19,9.215,6077734
1606136400,9.22,9.225,9.125,9.135,8340868
1606140000,9.135,9.135,9,9.1,16143728
1606143600,9.08,9.08,9.08,9.08,2175232
1606197600,9.12,9.12,9.12,9.12,273414
1606201200,9.125,9.2,9.125,9.155,9358820
1606204800,9.16,9.175,9.13,9.155,3997964
1606208400,9.15,9.25,9.11,9.155,16564692
1606212000,9.15,9.17,9.075,9.11,5394160
1606215600,9.11,9.155,9.105,9.125,2318242
1606219200,9.12,9.145,9.11,9.13,1423096
1606222800,9.135,9.135,9.095,9.12,2353862
1606226400,9.12,9.155,9.105,9.15,5983542
1606230000,9.15,9.15,9.15,9.15,1103526
1606284000,9.19,9.19,9.19,9.19,291912
1606287600,9.19,9.195,9.155,9.19,6493182
1606291200,9.185,9.23,9.17,9.21,6348408
1606294800,9.205,9.21,9.17,9.18,3330450
1606298400,9.18,9.195,9.17,9.18,1811170
1606302000,9.175,9.2,9.175,9.185,2550022
1606305600,9.185,9.19,9.125,9.13,5284262
1606309200,9.13,9.135,9.1,9.12,4543726
1606312800,9.125,9.125,9.07,9.095,7106322
1606316400,9.09,9.09,9.09,9.09,799860
1606370400,9.14,9.14,9.14,9.14,242978
1606374000,9.145,9.155,9.105,9.11,5714590
1606377600,9.105,9.135,9.09,9.125,4181066
1606381200,9.125,9.13,9.105,9.11,1500374
1606384800,9.11,9.13,9.105,9.12,1592244
1606388400,9.115,9.14,9.115,9.12,2462168
1606392000,9.12,9.13,9.085,9.09,2971594
1606395600,9.095,9.12,9.06,9.115,5825664
1606399200,9.115,9.195,9.1,9.145,14428694
1606402800,9.14,9.14,9.14,9.14,1543020
1606456800,9.175,9.175,9.175,9.175,516308
1606460400,9.175,9.185,9.125,9.13,9654210
1606464000,9.13,9.14,9.095,9.12,4359802
1606467600,9.12,9.15,9.11,9.115,1831370
1606471200,9.12,9.13,9.1,9.105,2148358
1606474800,9.105,9.135,9.1,9.12,1972928
1606478400,9.12,9.13,9.085,9.1,4548008
1606482000,9.1,9.115,9.06,9.075,4691164
1606485600,9.07,9.075,9.005,9.055,9917608
1606489200,9.045,9.045,9.045,9.045,1019842
1606716000,8.955,8.955,8.955,8.955,276486
1606719600,8.95,9.01,8.905,8.915,10599186
1606723200,8.92,8.955,8.91,8.935,3621780
1606726800,8.94,8.96,8.935,8.935,1823590
1606730400,8.94,8.94,8.915,8.92,1841312
1606734000,8.92,8.925,8.88,8.885,4634924
1606737600,8.885,8.905,8.825,8.84,5771020
1606741200,8.835,8.845,8.76,8.82,9424998
1606744800,8.82,8.825,8.75,8.765,8291422
1606748400,8.645,8.645,8.645,8.645,12691752
1606802400,8.775,8.775,8.775,8.775,642668
1606806000,8.775,8.87,8.735,8.735,11686440
1606809600,8.73,8.785,8.65,8.775,8935832
1606813200,8.78,8.8,8.755,8.79,2691458
1606816800,8.79,8.825,8.77,8.8,2745808
1606820400,8.805,8.825,8.765,8.78,3053330
1606824000,8.78,8.795,8.76,8.78,1534206
1606827600,8.78,8.86,8.775,8.84,3671624
1606831200,8.84,9,8.81,8.98,9899094
1606834800,8.995,8.995,8.995,8.995,1310828
1606888800,8.995,8.995,8.995,8.995,241568
1606892400,9,9.085,8.935,9.01,13298950
1606896000,9.01,9.035,8.97,9.01,4475880
1606899600,9.015,9.035,9,9.01,2655074
1606903200,9.01,9.125,9.005,9.045,9966568
1606906800,9.045,9.05,8.95,8.965,6020068
1606910400,8.965,8.965,8.92,8.925,4866216
1606914000,8.93,8.95,8.86,8.915,7243428
1606917600,8.92,8.93,8.885,8.915,5700550
1606921200,8.915,8.915,8.915,8.915,946618
1606975200,8.925,8.925,8.925,8.925,272774
1606978800,8.93,8.95,8.875,8.875,6552214
1606982400,8.875,8.91,8.87,8.9,4913738
1606986000,8.9,8.925,8.89,8.91,4044178
1606989600,8.91,8.935,8.89,8.905,3311462
1606993200,8.91,8.91,8.89,8.905,2712978
1606996800,8.905,8.91,8.875,8.875,3684332
1607000400,8.875,8.91,8.875,8.89,2876310
1607004000,8.89,8.95,8.87,8.915,6907282
1607007600,8.915,8.915,8.915,8.915,1192500
1607061600,8.885,8.885,8.885,8.885,303228
1607065200,8.885,8.925,8.88,8.885,5449162
1607068800,8.89,8.9,8.85,8.885,4621732
1607072400,8.885,8.89,8.87,8.88,1955894
1607076000,8.88,8.885,8.85,8.87,2248814
1607079600,8.87,8.87,8.85,8.855,2529490
1607083200,8.85,8.87,8.845,8.855,2331936
1607086800,8.85,8.87,8.84,8.845,2890010
1607090400,8.845,8.86,8.84,8.85,4209412
1607094000,8.855,8.855,8.855,8.855,976222
1607320800,8.85,8.85,8.85,8.85,392690
1607324400,8.85,8.85,8.79,8.805,6544412
1607328000,8.805,8.94,8.79,8.85,8588706
1607331600,8.85,8.85,8.835,8.845,1884866
1607335200,8.845,8.88,8.835,8.86,4384118
1607338800,8.855,8.865,8.84,8.86,2033250
1607342400,8.86,8.86,8.825,8.835,2138200
1607346000,8.835,8.86,8.825,8.835,2389786
1607349600,8.835,8.84,8.805,8.82,3944174
1607353200,8.815,8.815,8.815,8.815,753136
1607407200,8.815,8.815,8.815,8.815,233448
1607410800,8.815,8.87,8.8,8.845,5636788
1607414400,8.845,8.87,8.83,8.845,3771826
1607418000,8.84,8.935,8.84,8.88,16118306
1607421600,8.88,8.885,8.85,8.875,3097056
1607425200,8.87,8.88,8.825,8.825,3467932
1607428800,8.83,8.86,8.815,8.85,3615032
1607432400,8.855,8.875,8.83,8.87,3371858
1607436000,8.875,8.875,8.805,8.81,4944012
1607439600,8.79,8.79,8.79,8.79,1650160
1607493600,8.85,8.85,8.85,8.85,331776
1607497200,8.85,8.885,8.825,8.84,9787308
1607500800,8.84,8.855,8.805,8.815,3667822
1607504400,8.815,8.83,8.81,8.82,1694316
1607508000,8.82,8.845,8.82,8.825,2311728
1607511600,8.825,8.83,8.81,8.815,1908644
1607515200,8.81,8.86,8.805,8.855,5311268
1607518800,8.855,9.065,8.835,8.97,56535894
1607522400,8.965,8.975,8.9,8.91,21232258
1607526000,8.91,8.91,8.91,8.91,2438702
1607580000,8.935,8.935,8.935,8.935,454498
1607583600,8.94,8.99,8.875,8.895,14662316
1607587200,8.89,8.98,8.88,8.95,7084774
1607590800,8.955,8.96,8.92,8.945,3558252
1607594400,8.945,8.955,8.92,8.925,2710056
1607598000,8.93,8.96,8.92,8.95,2472410
1607601600,8.945,8.965,8.915,8.92,3518488
1607605200,8.92,8.92,8.825,8.825,6238556
1607608800,8.83,8.845,8.775,8.815,11171308
1607612400,8.815,8.815,8.815,8.815,1345926
1607666400,8.625,8.625,8.625,8.625,1073080
1607670000,8.62,8.725,8.54,8.665,24899206
1607673600,8.665,8.675,8.585,8.625,13664912
1607677200,8.63,8.66,8.585,8.625,6954874
1607680800,8.625,8.65,8.575,8.62,6606766
1607684400,8.62,8.65,8.6,8.645,3448314
1607688000,8.64,8.665,8.62,8.635,5174510
1607691600,8.64,8.705,8.635,8.69,7121442
1607695200,8.69,8.835,8.665,8.77,19356560
1607698800,8.77,8.77,8.77,8.77,1205552
1607925600,8.895,8.895,8.895,8.895,614370
1607929200,8.9,8.905,8.77,8.785,12831064
1607932800,8.785,8.86,8.775,8.835,8717246
1607936400,8.83,8.84,8.815,8.83,3081534
1607940000,8.83,8.885,8.81,8.88,10289736
1607943600,8.885,8.9,8.825,8.84,17785194
1607947200,8.845,8.86,8.815,8.855,4757164
1607950800,8.855,8.975,8.84,8.97,29706232
1607954400,8.975,9.005,8.92,8.935,28892194
1607958000,8.935,8.935,8.935,8.935,1513134
1608012000,9.075,9.075,9.075,9.075,2617614
1608015600,9.08,9.1,8.955,8.985,32226058
1608019200,8.98,9.005,8.955,8.965,6296238
1608022800,8.965,8.97,8.885,8.915,10039084
1608026400,8.92,8.965,8.915,8.935,4601098
1608030000,8.94,8.945,8.91,8.925,2982926
1608033600,8.925,8.96,8.92,8.94,3756922
1608037200,8.945,8.96,8.915,8.935,5001086
1608040800,8.935,8.945,8.895,8.905,7866266
1608044400,8.895,8.895,8.895,8.895,1823568
1608098400,8.91,8.91,8.91,8.91,337894
1608102000,8.915,8.97,8.915,8.945,9689152
1608105600,8.945,9.1,8.94,9.045,37223532
1608109200,9.045,9.08,9.005,9.02,9351830
1608112800,9.015,9.02,8.955,8.965,6937340
1608116400,8.965,9.085,8.93,9.07,21529068
1608120000,9.07,9.1,9,9.05,18608558
1608123600,9.05,9.055,8.95,8.985,13261450
1608127200,8.985,9,8.9,8.955,17721912
1608130800,8.94,8.94,8.94,8.94,2816906
1608184800,9,9,9,9,649196
1608188400,9,9.05,8.975,9.02,13825666
1608192000,9.015,9.02,8.96,8.975,5619628
1608195600,8.975,8.975,8.92,8.94,6433504
1608199200,8.935,8.97,8.92,8.96,3326588
1608202800,8.955,8.965,8.935,8.95,1335416
1608206400,8.95,9.04,8.93,8.98,10582920
1608210000,8.985,8.995,8.945,8.955,6519826
1608213600,8.96,8.975,8.925,8.935,7913018
1608217200,8.925,8.925,8.925,8.925,1652068
1608271200,8.925,8.925,8.925,8.925,445720
1608274800,8.925,8.955,8.9,8.94,7022802
1608278400,8.935,8.995,8.925,8.955,5715150
1608282000,8.955,8.96,8.935,8.935,2004188
1608285600,8.935,8.95,8.925,8.94,2412558
1608289200,8.935,8.945,8.92,8.93,2236194
1608292800,8.935,8.96,8.93,8.935,4325468
1608296400,8.94,8.96,8.925,8.935,2870298
1608300000,8.935,8.945,8.915,8.92,4119764
1608303600,8.92,8.92,8.92,8.92,2770692
1608530400,8.9,8.9,8.9,8.9,573570
1608534000,8.9,8.9,8.805,8.875,12722586
1608537600,8.87,9.25,8.83,9.18,98148994
1608541200,9.18,9.205,9.1,9.1,19306888
1608544800,9.105,9.105,8.955,9.06,25525442
1608548400,9.055,9.09,9.045,9.05,10786090
1608552000,9.045,9.065,9.01,9.01,6237328
1608555600,9.01,9.03,8.95,9.025,13400304
1608559200,9.025,9.075,8.995,9.015,16869568
1608562800,9.015,9.015,9.01,9.01,2430798
1608616800,9.055,9.055,9.055,9.055,490400
1608620400,9.06,9.08,9.01,9.035,14644050
1608624000,9.035,9.065,9.025,9.035,7523728
1608627600,9.03,9.055,9.02,9.025,6374106
1608631200,9.025,9.065,9.02,9.03,6132904
1608634800,9.03,9.035,9.01,9.025,4966452
1608638400,9.025,9.035,8.985,9.005,9367002
1608642000,9.005,9.025,8.995,9.01,5234448
1608645600,9.005,9.015,8.955,8.965,11648600
1608649200,8.96,8.96,8.96,8.96,1571476
1608703200,8.97,8.97,8.97,8.97,187192
1608706800,8.975,9.02,8.975,8.995,9143622
1608710400,8.99,9.05,8.985,9.02,11519272
1608714000,9.02,9.07,9.005,9.06,12228080
1608717600,9.06,9.06,9.01,9.035,5784338
1608721200,9.035,9.045,8.99,8.995,5401432
1608724800,8.99,8.995,8.97,8.97,5206224
1608728400,8.97,9,8.96,9,3924186
1608732000,9,9.015,8.985,9.005,7095644
1608735600,8.99,8.99,8.99,8.99,1560462
1608789600,9.005,9.005,9.005,9.005,433914
1608793200,9.01,9.06,9.01,9.035,10921868
1608796800,9.035,9.05,9.005,9.02,6593164
1608800400,9.02,9.04,9.01,9.025,2482006
1608804000,9.025,9.03,9.005,9.02,3878576
1608807600,9.02,9.105,9,9.09,25533406
1608811200,9.09,9.1,9.04,9.05,14775630
1608814800,9.05,9.085,9.04,9.055,6740490
1608818400,9.06,9.065,9.015,9.02,9092082
1608822000,9.01,9.01,9.01,9.01,2313820
1608876000,9.04,9.04,9.04,9.04,362862
1608879600,9.04,9.075,9.025,9.05,9179640
1608883200,9.045,9.09,9.045,9.06,11435172
1608886800,9.06,9.065,9.045,9.05,2709074
1608890400,9.05,9.055,9.035,9.045,1731670
1608894000,9.04,9.045,9.035,9.035,1980996
1608897600,9.04,9.05,9.005,9.015,5670284
1608901200,9.01,9.015,8.985,8.995,4419540
1608904800,8.995,9.01,8.975,9.005,5320438
1608908400,9,9,9,9,1407614
1609135200,9.05,9.05,9.05,9.05,440742
1609138800,9.05,9.055,9.025,9.04,7540000
1609142400,9.035,9.045,9.015,9.02,3523540
1609146000,9.02,9.03,9.015,9.025,2089712
1609149600,9.025,9.035,9.015,9.03,1989826
1609153200,9.03,9.035,9.01,9.015,1984918
1609156800,9.015,9.02,9.005,9.01,1772872
1609160400,9.01,9.03,9.005,9.02,2610954
1609164000,9.02,9.025,9,9.01,4222698
1609167600,9.01,9.01,9.005,9.005,1544952
1609221600,9.02,9.02,9.02,9.02,248446
1609225200,9.025,9.03,8.98,8.985,8421490
1609228800,8.985,9,8.97,8.99,4487346
1609232400,8.985,8.99,8.94,8.98,5546546
1609236000,8.98,8.995,8.955,8.96,3353386
1609239600,8.96,8.975,8.955,8.97,1812948
1609243200,8.97,8.975,8.93,8.94,4615512
1609246800,8.945,8.95,8.895,8.925,8225578
1609250400,8.925,8.975,8.92,8.95,8168292
1609254000,8.95,8.95,8.95,8.95,1719976
1609308000,8.97,8.97,8.97,8.97,199106
1609311600,8.975,9.025,8.965,9.01,12037108
1609315200,9.01,9.455,9.005,9.41,132299168
1609318800,9.415,9.44,9.3,9.34,36299612
1609322400,9.335,9.36,9.24,9.265,17262196
1609326000,9.265,9.27,9.21,9.255,19610476
1609329600,9.255,9.275,9.185,9.2,12160830
1609333200,9.195,9.25,9.16,9.2,10920430
1609336800,9.205,9.245,9.18,9.215,13893822
1609340400,9.22,9.22,9.22,9.22,3254944
1609394400,9.205,9.205,9.205,9.205,906548
1609398000,9.205,9.24,9.105,9.15,19397082
1609401600,9.15,9.16,9.095,9.12,7521042
1609405200,9.125,9.135,9.11,9.12,3449582
1609408800,9.115,9.135,9.11,9.115,2565174
1609412400,9.12,9.205,9.115,9.12,12718406
1609416000,9.125,9.135,9.1,9.11,3800670
1609419600,9.105,9.195,9.105,9.155,5781240
1609423200,9.16,9.215,9.145,9.165,10671512
1609426800,9.165,9.165,9.125,9.125,2419894
1609740000,9.175,9.175,9.175,9.175,523554
1609743600,9.18,9.245,9.17,9.185,11353348
1609747200,9.185,9.21,9.165,9.19,6991166
1609750800,9.19,9.2,9.18,9.19,3782402
1609754400,9.19,9.305,9.185,9.24,22947210
1609758000,9.245,9.25,9.215,9.225,7373930
1609761600,9.235,9.235,9.195,9.215,4662596
1609765200,9.215,9.22,9.15,9.19,6748196
1609768800,9.19,9.215,9.155,9.18,8279298
1609772400,9.185,9.185,9.185,9.185,1184146
1609826400,9.16,9.16,9.16,9.16,480270
1609830000,9.155,9.2,9.13,9.165,12114124
1609833600,9.165,9.22,9.165,9.175,5613586
1609837200,9.175,9.255,9.165,9.22,12384372
1609840800,9.22,9.255,9.195,9.215,6968644
1609844400,9.215,9.22,9.17,9.17,4979074
1609848000,9.175,9.185,9.145,9.17,6260422
1609851600,9.165,9.215,9.09,9.105,11261256
1609855200,9.11,9.185,9.095,9.14,7477944
1609858800,9.175,9.175,9.175,9.175,1407138
1609912800,9.25,9.25,9.25,9.25,673144
1609916400,9.25,9.28,9.215,9.28,15766030
1609920000,9.28,9.475,9.275,9.43,72380652
1609923600,9.43,9.45,9.365,9.415,16376094
1609927200,9.415,9.425,9.375,9.39,6725886
1609930800,9.385,9.405,9.31,9.32,11494586
1609934400,9.32,9.38,9.315,9.36,6749706
1609938000,9.36,9.385,9.325,9.34,6059320
1609941600,9.34,9.375,9.295,9.355,11681644
1609945200,9.345,9.345,9.345,9.345,2644714
1609999200,9.4,9.4,9.4,9.4,1072604
1610002800,9.4,9.55,9.395,9.495,43114970
1610006400,9.5,9.55,9.445,9.52,21220178
1610010000,9.525,9.585,9.515,9.535,23807700
1610013600,9.54,9.54,9.49,9.505,5240584
1610017200,9.5,9.505,9.45,9.475,8222536
1610020800,9.48,9.515,9.455,9.465,5488582
1610024400,9.46,9.495,9.41,9.43,9792646
1610028000,9.43,9.505,9.415,9.475,15066984
1610031600,9.48,9.48,9.48,9.48,3361630
1610085600,9.53,9.53,9.53,9.53,1294640
1610089200,9.53,9.575,9.485,9.5,16576510
1610092800,9.5,9.545,9.455,9.505,11793624
1610096400,9.51,9.545,9.5,9.52,4915176
1610100000,9.52,9.535,9.5,9.52,3035380
1610103600,9.515,9.555,9.495,9.52,7951532
1610107200,9.525,9.53,9.485,9.5,4311146
1610110800,9.505,9.51,9.45,9.465,5797260
1610114400,9.46,9.505,9.45,9.49,8719006
1610118000,9.475,9.475,9.475,9.475,2341986
1610344800,9.48,9.48,9.48,9.48,846312
1610348400,9.48,9.6,9.46,9.525,19380006
1610352000,9.525,9.665,9.52,9.605,26153532
1610355600,9.61,9.63,9.595,9.6,6603340
1610359200,9.6,9.635,9.56,9.58,6444448
1610362800,9.58,9.6,9.56,9.565,4577132
1610366400,9.565,9.575,9.545,9.565,4360702
1610370000,9.56,9.575,9.445,9.48,10912574
1610373600,9.475,9.505,9.385,9.455,17676152
1610377200,9.46,9.46,9.46,9.46,2095066
1610431200,9.535,9.535,9.535,9.535,775492
1610434800,9.535,9.575,9.51,9.51,13150658
1610438400,9.515,9.52,9.47,9.485,6359526
1610442000,9.485,9.505,9.46,9.475,3876474
1610445600,9.47,9.48,9.44,9.445,4333874
1610449200,9.445,9.48,9.44,9.465,3718088
1610452800,9.465,9.485,9.46,9.485,2528964
1610456400,9.48,9.49,9.425,9.425,5329700
1610460000,9.43,9.46,9.42,9.445,7982028
1610463600,9.44,9.44,9.44,9.44,1796968
1610517600,9.48,9.48,9.48,9.48,330798
1610521200,9.48,9.52,9.465,9.49,10990940
1610524800,9.49,9.495,9.445,9.46,5818598
1610528400,9.46,9.47,9.43,9.435,3384180
1610532000,9.44,9.445,9.39,9.415,5079702
1610535600,9.415,9.42,9.385,9.39,4634598
1610539200,9.39,9.395,9.305,9.35,12375072
1610542800,9.35,9.37,9.325,9.34,4687014
1610546400,9.345,9.38,9.335,9.345,8686966
1610550000,9.36,9.36,9.36,9.36,1529660
1610604000,9.395,9.395,9.395,9.395,352034
1610607600,9.395,9.405,9.36,9.375,9344032
1610611200,9.37,9.45,9.37,9.38,10351682
1610614800,9.38,9.385,9.36,9.375,3216472
1610618400,9.38,9.38,9.335,9.35,3712712
1610622000,9.35,9.36,9.335,9.345,2640500
1610625600,9.345,9.345,9.295,9.33,4959106
1610629200,9.33,9.335,9.265,9.28,3823448
1610632800,9.285,9.305,9.22,9.275,10839706
1610636400,9.27,9.28,9.27,9.28,2370432
1610690400,9.23,9.23,9.23,9.23,326458
1610694000,9.225,9.275,9.2,9.21,8155992
1610697600,9.205,9.24,9.185,9.21,5045584
1610701200,9.215,9.26,9.21,9.225,4892554
1610704800,9.225,9.225,9.205,9.215,1887264
1610708400,9.215,9.215,9.165,9.175,3728966
1610712000,9.175,9.175,9.105,9.12,6586824
1610715600,9.12,9.145,9.095,9.1,3885954
1610719200,9.1,9.11,9.06,9.1,9882700
1610722800,9.09,9.09,9.09,9.09,1433926
1610949600,9.09,9.09,9.09,9.09,472094
1610953200,9.085,9.085,8.965,9.025,10233636
1610956800,9.02,9.195,9.015,9.11,14307860
1610960400,9.11,9.16,9.09,9.125,5009814
1610964000,9.125,9.16,9.12,9.145,2549754
1610967600,9.14,9.17,9.12,9.14,3270256
1610971200,9.135,9.17,9.135,9.15,2501870
1610974800,9.15,9.17,9.12,9.16,2690232
1610978400,9.155,9.25,9.14,9.215,8615588
1610982000,9.215,9.215,9.215,9.215,530996
1611036000,9.25,9.25,9.25,9.25,274450
1611039600,9.25,9.32,9.25,9.265,8384614
1611043200,9.265,9.28,9.18,9.215,6789926
1611046800,9.22,9.285,9.21,9.24,3588064
1611050400,9.24,9.26,9.225,9.245,2239504
1611054000,9.25,9.285,9.245,9.255,4720216
1611057600,9.255,9.37,9.235,9.265,18838638
1611061200,9.27,9.28,9.225,9.235,3483306
1611064800,9.23,9.23,9.185,9.205,7517864
1611068400,9.205,9.205,9.205,9.205,849834
1611122400,9.24,9.24,9.24,9.24,297758
1611126000,9.235,9.25,9.13,9.13,9866310
1611129600,9.13,9.165,9.11,9.15,5597846
1611133200,9.155,9.155,9.12,9.15,2498366
1611136800,9.145,9.155,9.12,9.125,2358826
1611140400,9.125,9.13,9.095,9.105,3341704
1611144000,9.105,9.145,9.1,9.14,2349684
1611147600,9.13,9.14,9.11,9.12,2173848
1611151200,9.12,9.16,9.11,9.115,6959254
1611154800,9.095,9.095,9.095,9.095,2135646
1611208800,9.135,9.135,9.135,9.135,383018
1611212400,9.14,9.17,9.125,9.145,6506088
1611216000,9.145,9.195,9.115,9.115,6808702
1611219600,9.12,9.155,9.115,9.125,9765582
1611223200,9.12,9.135,9.11,9.12,2950878
1611226800,9.12,9.17,9.105,9.13,6951304
1611230400,9.13,9.155,9.095,9.1,5352844
1611234000,9.095,9.11,9.075,9.085,4674402
1611237600,9.08,9.085,9.03,9.04,8446470
1611241200,9.04,9.04,9.02,9.02,1504286
1611295200,9,9,9,9,243644
1611298800,9.005,9.06,8.97,9.015,11529864
1611302400,9.02,9.1,9.01,9.085,6250908
1611306000,9.085,9.17,9.05,9.13,8640838
1611309600,9.13,9.135,9.09,9.1,3228414
1611313200,9.1,9.145,9.07,9.075,3727160
1611316800,9.075,9.15,9.07,9.14,5321904
1611320400,9.135,9.175,9.085,9.105,6615354
1611324000,9.11,9.245,9.105,9.15,15429976
1611327600,9.195,9.195,9.195,9.195,1899550
1611554400,9.27,9.27,9.27,9.27,781130
1611558000,9.275,9.32,9.165,9.18,10098330
1611561600,9.175,9.185,9.095,9.125,7203598
1611565200,9.13,9.135,9.09,9.12,4782328
1611568800,9.12,9.135,9.11,9.125,2402892
1611572400,9.125,9.13,9.1,9.11,3012460
1611576000,9.105,9.11,9.075,9.1,2955254
1611579600,9.095,9.12,9.09,9.105,1781774
1611583200,9.11,9.125,9.08,9.095,4569120
1611586800,9.09,9.09,9.09,9.09,1123084
1611640800,9.085,9.085,9.085,9.085,351436
1611644400,9.085,9.125,9.025,9.05,7590706
1611648000,9.045,9.09,9.025,9.07,4747848
1611651600,9.07,9.115,9.07,9.08,3539150
1611655200,9.08,9.1,9.055,9.065,2808502
1611658800,9.065,9.095,9.06,9.08,2705114
1611662400,9.08,9.18,9.08,9.145,7736942
1611666000,9.15,9.175,9.1,9.1,4940296
1611669600,9.1,9.17,9.09,9.165,12381716
1611673200,9.17,9.17,9.17,9.17,1644952
1611727200,9.17,9.17,9.17,9.17,433394
1611730800,9.17,9.21,9.135,9.145,12894002
1611734400,9.145,9.145,9.09,9.1,7511582
1611738000,9.1,9.12,9.09,9.11,3449916
1611741600,9.11,9.115,9.05,9.06,4467174
1611745200,9.06,9.075,9,9.005,7256896
1611748800,9,9.015,8.93,8.975,12094770
1611752400,8.98,8.99,8.93,8.955,6595110
1611756000,8.96,8.96,8.82,8.83,12661760
1611759600,8.805,8.805,8.805,8.805,1894314
1611813600,8.75,8.75,8.75,8.75,504044
1611817200,8.745,8.765,8.655,8.7,20447896
1611820800,8.7,8.725,8.645,8.655,12780530
1611824400,8.65,8.72,8.64,8.72,7189320
1611828000,8.72,8.79,8.71,8.755,8046274
1611831600,8.76,8.76,8.72,8.725,6974884
1611835200,8.72,8.725,8.69,8.7,3734924
1611838800,8.695,8.755,8.67,8.75,6659122
1611842400,8.75,8.95,8.745,8.865,21165278
1611846000,8.865,8.865,8.855,8.855,1172368
1611900000,8.75,8.75,8.75,8.75,474376
1611903600,8.745,8.79,8.72,8.775,6429362
1611907200,8.775,8.84,8.735,8.825,4952204
1611910800,8.825,8.835,8.77,8.785,2647596
1611914400,8.785,8.805,8.76,8.8,2362522
1611918000,8.8,8.805,8.755,8.76,3014244
1611921600,8.76,8.76,8.695,8.715,6543046
1611925200,8.72,8.73,8.685,8.725,5799120
1611928800,8.725,8.73,8.625,8.67,10502624
1611932400,8.65,8.65,8.65,8.65,2067174
1612159200,8.705,8.705,8.705,8.705,288304
1612162800,8.71,8.725,8.635,8.71,8864312
1612166400,8.705,8.74,8.69,8.715,4356358
1612170000,8.71,8.735,8.7,8.73,2736122
1612173600,8.735,8.75,8.705,8.715,4007964
1612177200,8.715,8.74,8.705,8.73,2942866
1612180800,8.73,8.735,8.71,8.72,2599670
1612184400,8.725,8.765,8.71,8.74,4702902
1612188000,8.745,8.755,8.705,8.72,4789178
1612191600,8.715,8.72,8.71,8.71,649832
1612245600,8.755,8.755,8.755,8.755,257534
1612249200,8.76,8.815,8.755,8.795,9718804
1612252800,8.795,8.845,8.785,8.8,9149594
1612256400,8.8,8.805,8.78,8.785,2407900
1612260000,8.78,8.8,8.775,8.795,2245832
1612263600,8.79,8.805,8.77,8.775,2994780
1612267200,8.775,8.78,8.705,8.725,6821272
1612270800,8.725,8.745,8.715,8.74,2569780
1612274400,8.735,8.755,8.715,8.745,4735302
1612278000,8.74,8.74,8.74,8.74,1241750
1612332000,8.76,8.76,8.76,8.76,244854
1612335600,8.765,8.945,8.765,8.92,27108022
1612339200,8.915,9,8.91,8.95,25861340
1612342800,8.95,8.955,8.885,8.895,6782516
1612346400,8.9,8.905,8.875,8.885,4199528
1612350000,8.885,8.895,8.845,8.855,4034262
1612353600,8.855,8.865,8.83,8.845,2806406
1612357200,8.84,8.935,8.815,8.935,10554968
1612360800,8.93,8.995,8.91,8.965,19193284
1612364400,8.96,8.965,8.96,8.965,1462736
1612418400,8.965,8.965,8.965,8.965,545568
1612422000,8.965,9.015,8.93,8.95,14414184
1612425600,8.955,8.985,8.95,8.955,3760350
1612429200,8.955,9.01,8.95,8.95,6801414
1612432800,8.945,8.96,8.935,8.96,2803394
1612436400,8.955,8.975,8.935,8.94,2551754
1612440000,8.94,8.945,8.89,8.945,4672748
1612443600,8.945,8.96,8.925,8.925,2457700
1612447200,8.925,8.935,8.885,8.89,5131880
1612450800,8.875,8.875,8.875,8.875,1923378
1612504800,8.92,8.92,8.92,8.92,201452
1612508400,8.925,8.94,8.895,8.905,4626954
1612512000,8.9,8.91,8.88,8.895,3706120
1612515600,8.895,8.925,8.885,8.915,1808304
1612519200,8.915,8.975,8.91,8.935,5252436
1612522800,8.935,8.96,8.925,8.93,3741250
1612526400,8.93,8.935,8.9,8.92,2794690
1612530000,8.915,8.92,8.84,8.855,4299986
1612533600,8.855,8.88,8.805,8.83,8511260
1612537200,8.825,8.825,8.825,8.825,1042528
1612764000,8.885,8.885,8.885,8.885,329014
1612767600,8.88,8.93,8.855,8.855,11138364
1612771200,8.855,8.87,8.82,8.835,5637692
1612774800,8.835,8.87,8.8,8.85,5141978
1612778400,8.85,8.855,8.83,8.84,1571772
1612782000,8.84,8.885,8.825,8.845,3352474
1612785600,8.84,8.86,8.8,8.86,3921970
1612789200,8.855,8.875,8.85,8.86,3900044
1612792800,8.86,8.875,8.82,8.835,4796304
1612796400,8.825,8.825,8.825,8.825,1462274
1612850400,8.85,8.85,8.85,8.85,357656
1612854000,8.855,8.875,8.84,8.855,7126880
1612857600,8.855,8.94,8.855,8.895,13438734
1612861200,8.9,8.995,8.895,8.925,18176706
1612864800,8.925,8.93,8.91,8.915,3043056
1612868400,8.915,8.935,8.89,8.93,3778184
1612872000,8.93,9.155,8.93,9.1,41889544
1612875600,9.1,9.12,8.965,9.06,26224064
1612879200,9.06,9.08,9.02,9.025,8618890
1612882800,9.03,9.03,9.03,9.03,1563906
1612936800,9.12,9.12,9.12,9.12,1098066
1612940400,9.125,9.15,9.06,9.095,18438184
1612944000,9.09,9.115,9.075,9.09,7295852
1612947600,9.095,9.095,9.04,9.06,4317684
1612951200,9.06,9.06,8.99,9.02,5149536
1612954800,9.02,9.04,9,9.015,2202646
1612958400,9.01,9.06,8.985,9.02,3533242
1612962000,9.025,9.035,8.875,8.955,9716902
1612965600,8.955,9,8.93,8.99,6950506
1612969200,8.985,8.985,8.985,8.985,964964
1613023200,8.975,8.975,8.975,8.975,206190
1613026800,8.975,8.985,8.905,8.93,5164780
1613030400,8.925,9,8.925,8.96,3886830
1613034000,8.96,9.05,8.96,8.98,4733236
1613037600,8.98,9.015,8.91,8.96,3081638
1613041200,8.955,8.97,8.925,8.93,2198684
1613044800,8.925,8.95,8.92,8.935,1898136
1613048400,8.935,8.97,8.925,8.94,2544744
1613052000,8.945,8.945,8.89,8.905,6424308
1613055600,8.895,8.895,8.895,8.895,978544
1613109600,8.895,8.895,8.895,8.895,320234
1613113200,8.89,8.895,8.835,8.845,5808772
1613116800,8.84,8.845,8.74,8.79,7229578
1613120400,8.785,8.825,8.785,8.815,2301690
1613124000,8.82,8.83,8.8,8.82,1208594
1613127600,8.82,8.82,8.795,8.8,2089368
1613131200,8.795,8.815,8.775,8.815,1977930
1613134800,8.815,8.845,8.805,8.825,2871942
1613138400,8.82,8.825,8.79,8.82,3841400
1613142000,8.82,8.825,8.82,8.825,841048
1613368800,8.855,8.855,8.855,8.855,296446
1613372400,8.86,8.915,8.86,8.89,5822742
1613376000,8.885,8.915,8.875,8.88,3435938
1613379600,8.88,8.94,8.875,8.91,4848412
1613383200,8.91,8.925,8.905,8.91,1648380
1613386800,8.91,8.915,8.895,8.905,1091022
1613390400,8.9,8.905,8.885,8.895,1618252
1613394000,8.895,8.91,8.885,8.89,1658430
1613397600,8.89,8.93,8.88,8.925,7181508
1613401200,8.92,8.92,8.92,8.92,662906
1613455200,8.925,8.925,8.925,8.925,220860
1613458800,8.93,8.96,8.865,8.865,8903548
1613462400,8.865,8.895,8.85,8.89,2870664
1613466000,8.89,8.9,8.855,8.865,2692718
1613469600,8.86,8.875,8.86,8.87,1866612
1613473200,8.865,8.885,8.84,8.855,3894924
1613476800,8.85,8.86,8.81,8.825,4451638
1613480400,8.825,8.825,8.72,8.725,7092604
1613484000,8.725,8.76,8.68,8.735,9789710
1613487600,8.74,8.74,8.74,8.74,567888
1613541600,8.765,8.765,8.765,8.765,223370
1613545200,8.77,8.78,8.69,8.72,8117090
1613548800,8.715,8.73,8.685,8.715,4162638
1613552400,8.72,8.73,8.7,8.725,2037396
1613556000,8.72,8.77,8.71,8.735,3174274
1613559600,8.735,8.8,8.715,8.715,4122076
1613563200,8.71,8.785,8.71,8.735,5612016
1613566800,8.735,8.745,8.715,8.725,1782156
1613570400,8.725,8.755,8.68,8.725,5878878
1613574000,8.725,8.725,8.72,8.72,927288
1613628000,8.765,8.765,8.765,8.765,286196
1613631600,8.77,8.775,8.73,8.735,6789432
1613635200,8.74,8.765,8.735,8.76,3868622
1613638800,8.76,8.815,8.75,8.78,5239990
1613642400,8.78,8.785,8.74,8.75,2583302
1613646000,8.745,8.77,8.73,8.75,2300280
1613649600,8.75,8.755,8.71,8.71,2802872
1613653200,8.715,8.73,8.675,8.7,4689242
1613656800,8.7,8.71,8.685,8.69,4085204
1613660400,8.675,8.675,8.675,8.675,1693296
1613714400,8.68,8.68,8.68,8.68,253742
1613718000,8.68,8.805,8.68,8.73,13899918
1613721600,8.73,8.775,8.725,8.75,4347014
1613725200,8.75,8.76,8.715,8.73,3485476
1613728800,8.73,8.74,8.71,8.74,1624302
1613732400,8.735,8.75,8.705,8.725,2134858
1613736000,8.725,8.765,8.715,8.755,3462460
1613739600,8.76,8.875,8.74,8.83,13577272
1613743200,8.835,8.85,8.765,8.805,8045906
1613746800,8.865,8.865,8.865,8.865,2852544
1613973600,8.915,8.915,8.915,8.915,662638
1613977200,8.915,8.94,8.835,8.865,12386188
1613980800,8.87,8.88,8.81,8.815,4562926
1613984400,8.82,8.84,8.805,8.835,1799920
1613988000,8.83,8.855,8.825,8.83,1471186
1613991600,8.83,8.865,8.815,8.83,2379246
1613995200,8.83,8.895,8.815,8.835,6470602
1613998800,8.835,8.85,8.83,8.835,1417874
1614002400,8.84,8.845,8.75,8.77,6120756
1614006000,8.76,8.76,8.76,8.76,1828924
1614060000,8.805,8.805,8.805,8.805,407046
1614063600,8.81,8.89,8.725,8.725,18684180
1614067200,8.725,8.735,8.56,8.615,19597806
1614070800,8.615,8.62,8.545,8.6,7704986
1614074400,8.595,8.6,8.55,8.575,5145826
1614078000,8.575,8.61,8.56,8.59,4715884
1614081600,8.59,8.59,8.555,8.575,3921694
1614085200,8.575,8.59,8.535,8.575,6394906
1614088800,8.575,8.59,8.525,8.54,10027654
1614092400,8.54,8.54,8.54,8.54,2167334
1614146400,8.875,8.875,8.875,8.875,3919820
1614150000,8.88,8.935,8.74,8.825,51809928
1614153600,8.825,8.96,8.785,8.84,34792146
1614157200,8.84,8.85,8.775,8.785,6957446
1614160800,8.785,8.845,8.77,8.83,4753856
1614164400,8.83,8.845,8.775,8.78,3918782
1614168000,8.78,8.845,8.775,8.785,4482132
1614171600,8.785,8.79,8.69,8.7,10776256
1614175200,8.705,8.805,8.685,8.725,15130260
1614178800,8.7,8.7,8.7,8.7,1832492
1614232800,8.83,8.83,8.83,8.83,707254
1614236400,8.83,8.845,8.635,8.7,21022410
1614240000,8.695,8.705,8.645,8.685,6899662
1614243600,8.68,8.725,8.66,8.66,5104668
1614247200,8.66,8.675,8.625,8.65,4505884
1614250800,8.65,8.65,8.54,8.59,7641430
1614254400,8.59,8.63,8.585,8.61,3917672
1614258000,8.615,8.63,8.56,8.6,5805624
1614261600,8.595,8.615,8.545,8.555,10756284
1614265200,8.555,8.555,8.545,8.545,2706458
1614319200,8.335,8.335,8.335,8.335,561398
1614322800,8.335,8.46,8.325,8.445,16399672
1614326400,8.44,8.575,8.435,8.565,9250074
1614330000,8.565,8.6,8.535,8.545,5948832
1614333600,8.545,8.55,8.475,8.505,4279810
1614337200,8.505,8.515,8.455,8.51,3901700
1614340800,8.505,8.555,8.505,8.53,3028848
1614344400,8.53,8.555,8.515,8.535,2544320
1614348000,8.54,8.56,8.455,8.505,11083426
1614351600,8.49,8.49,8.49,8.49,2683378
1614578400,8.55,8.55,8.55,8.55,290480
1614582000,8.555,8.59,8.535,8.565,9343602
1614585600,8.56,8.65,8.56,8.595,8893592
1614589200,8.59,8.6,8.565,8.59,2329232
1614592800,8.59,8.615,8.57,8.595,3380714
1614596400,8.595,8.61,8.57,8.58,2093302
1614600000,8.585,8.61,8.58,8.595,2774124
1614603600,8.595,8.61,8.58,8.6,3272134
1614607200,8.595,8.63,8.585,8.615,7295118
1614610800,8.615,8.615,8.61,8.61,2404220
1614664800,8.61,8.61,8.61,8.61,421386
1614668400,8.615,8.625,8.555,8.595,9971356
1614672000,8.59,8.7,8.585,8.63,13175944
1614675600,8.625,8.675,8.615,8.655,3521002
1614679200,8.655,8.66,8.63,8.645,2121110
1614682800,8.645,8.65,8.605,8.625,3609686
1614686400,8.625,8.69,8.62,8.685,5746268
1614690000,8.68,8.685,8.61,8.62,5354662
1614693600,8.625,8.625,8.59,8.605,5592902
1614697200,8.595,8.595,8.595,8.595,1498246
1614751200,8.645,8.645,8.645,8.645,402402
1614754800,8.645,8.665,8.63,8.65,9124078
1614758400,8.645,8.705,8.645,8.675,14716636
1614762000,8.68,8.68,8.65,8.66,2851404
1614765600,8.665,8.725,8.66,8.675,8298932
1614769200,8.675,8.685,8.66,8.675,3373594
1614772800,8.675,8.675,8.65,8.66,3373472
1614776400,8.66,8.665,8.575,8.6,9571482
1614780000,8.6,8.635,8.58,8.625,6398382
1614783600,8.605,8.605,8.605,8.605,1507102
1614837600,8.595,8.595,8.595,8.595,484306
1614841200,8.6,8.635,8.58,8.595,8027110
1614844800,8.595,8.615,8.555,8.575,5587712
1614848400,8.57,8.59,8.565,8.58,2866602
1614852000,8.58,8.59,8.565,8.575,2653888
1614855600,8.575,8.61,8.57,8.61,2584138
1614859200,8.605,8.615,8.585,8.6,4389294
1614862800,8.605,8.61,8.575,8.59,3365170
1614866400,8.585,8.61,8.57,8.59,5531918
1614870000,8.59,8.59,8.59,8.59,1894786
1614924000,8.575,8.575,8.575,8.575,432184
1614927600,8.57,8.635,8.555,8.615,10140690
1614931200,8.615,8.765,8.6,8.725,32981918
1614934800,8.725,8.79,8.7,8.705,13813080
1614938400,8.71,8.71,8.64,8.665,6852790
1614942000,8.67,8.68,8.65,8.67,3322710
1614945600,8.67,8.68,8.64,8.665,3462192
1614949200,8.665,8.67,8.6,8.615,7368570
1614952800,8.61,8.635,8.595,8.605,8037710
1614956400,8.61,8.61,8.61,8.61,1565946
1615183200,8.625,8.625,8.625,8.625,456654
1615186800,8.63,8.65,8.605,8.62,10670144
1615190400,8.62,8.63,8.59,8.595,5227454
1615194000,8.6,8.625,8.575,8.59,5601802
1615197600,8.59,8.6,8.58,8.59,2290540
1615201200,8.59,8.6,8.565,8.565,2630158
1615204800,8.565,8.57,8.52,8.535,5659786
1615208400,8.535,8.55,8.51,8.545,2715980
1615212000,8.545,8.555,8.505,8.51,6404764
1615215600,8.51,8.515,8.51,8.515,1471040
1615269600,8.55,8.55,8.55,8.55,390790
1615273200,8.55,8.575,8.525,8.555,7297720
1615276800,8.56,8.58,8.545,8.565,6480416
1615280400,8.565,8.61,8.56,8.595,6293114
1615284000,8.595,8.6,8.575,8.595,2641708
1615287600,8.595,8.655,8.58,8.65,15680170
1615291200,8.645,8.65,8.59,8.595,6409316
1615294800,8.595,8.605,8.585,8.6,2639208
1615298400,8.6,8.625,8.585,8.585,6873658
1615302000,8.585,8.585,8.585,8.585,1673212
1615356000,8.6,8.6,8.6,8.6,326148
1615359600,8.605,8.65,8.59,8.63,9477296
1615363200,8.625,8.63,8.6,8.615,3997748
1615366800,8.62,8.65,8.615,8.615,3672286
1615370400,8.615,8.63,8.605,8.605,1915140
1615374000,8.61,8.615,8.575,8.59,3466684
1615377600,8.59,8.605,8.585,8.59,2102702
1615381200,8.59,8.605,8.565,8.595,4027646
1615384800,8.6,8.615,8.585,8.605,5332504
1615388400,8.605,8.605,8.605,8.605,997518
1615442400,8.65,8.65,8.65,8.65,697936
1615446000,8.655,8.665,8.62,8.645,9531790
1615449600,8.645,8.705,8.63,8.655,14876488
1615453200,8.66,8.665,8.635,8.655,2745528
1615456800,8.655,8.66,8.635,8.645,3113366
1615460400,8.65,8.68,8.62,8.66,5450946
1615464000,8.655,8.66,8.595,8.62,7838982
1615467600,8.615,8.635,8.59,8.59,3721012
1615471200,8.595,8.605,8.56,8.57,9571314
1615474800,8.57,8.57,8.57,8.57,1249640
1615528800,8.58,8.58,8.58,8.58,299482
1615532400,8.58,8.61,8.565,8.595,5740184
1615536000,8.59,8.615,8.57,8.61,4388240
1615539600,8.605,8.61,8.575,8.58,2691336
1615543200,8.58,8.6,8.57,8.595,1371862
1615546800,8.595,8.6,8.57,8.57,1421372
1615550400,8.575,8.59,8.54,8.585,3724320
1615554000,8.58,8.585,8.55,8.555,3272504
1615557600,8.555,8.56,8.54,8.555,5718308
1615561200,8.555,8.555,8.555,8.555,818394
1615788000,8.55,8.55,8.55,8.55,322590
1615791600,8.545,8.625,8.54,8.625,9007792
1615795200,8.62,8.74,8.62,8.7,27296208
1615798800,8.7,8.73,8.67,8.69,8791434
1615802400,8.69,8.7,8.67,8.68,2793820
1615806000,8.68,8.685,8.625,8.66,4928334
1615809600,8.66,8.71,8.655,8.69,5116160
1615813200,8.685,8.705,8.665,8.68,3604728
1615816800,8.685,8.7,8.635,8.645,8056860
1615820400,8.64,8.64,8.64,8.64,1861572
1615874400,8.66,8.66,8.66,8.66,367438
1615878000,8.665,8.7,8.655,8.675,6618922
1615881600,8.67,8.675,8.62,8.63,4773954
1615885200,8.63,8.64,8.615,8.63,3470008
1615888800,8.63,8.645,8.625,8.635,1998052
1615892400,8.635,8.64,8.61,8.62,2723962
1615896000,8.62,8.645,8.615,8.635,2761254
1615899600,8.63,8.635,8.62,8.625,1593720
1615903200,8.625,8.635,8.61,8.62,3989974
1615906800,8.62,8.62,8.62,8.62,1908410
1615960800,8.625,8.625,8.625,8.625,249402
1615964400,8.63,8.64,8.605,8.615,5815460
1615968000,8.615,8.655,8.61,8.645,5209146
1615971600,8.645,8.645,8.615,8.62,2070128
1615975200,8.615,8.625,8.61,8.615,1268152
1615978800,8.61,8.62,8.555,8.57,5471072
1615982400,8.57,8.58,8.545,8.575,3749644
1615986000,8.565,8.575,8.53,8.535,4537880
1615989600,8.535,8.55,8.52,8.53,4455252
1615993200,8.53,8.53,8.53,8.53,921228
1616047200,8.54,8.54,8.54,8.54,313330
1616050800,8.54,8.58,8.535,8.55,4885210
1616054400,8.555,8.565,8.525,8.545,3662886
1616058000,8.54,8.56,8.535,8.55,1511550
1616061600,8.555,8.595,8.55,8.58,4661534
1616065200,8.58,8.61,8.55,8.56,5169316
1616068800,8.56,8.565,8.505,8.535,5694548
1616072400,8.535,8.54,8.49,8.495,4499894
1616076000,8.49,8.495,8.42,8.45,8775674
1616079600,8.44,8.44,8.44,8.44,1313944
1616133600,8.43,8.43,8.43,8.43,235546
1616137200,8.43,8.44,8.335,8.36,8513508
1616140800,8.355,8.415,8.34,8.41,3414838
1616144400,8.41,8.425,8.365,8.375,3163294
1616148000,8.375,8.385,8.365,8.375,1064074
1616151600,8.37,8.375,8.27,8.29,6317042
1616155200,8.29,8.295,8.195,8.235,6233460
1616158800,8.235,8.245,8.145,8.19,5162084
1616162400,8.19,8.22,8.165,8.205,5803304
1616166000,8.205,8.205,8.185,8.185,2894210
1616392800,7.825,7.825,7.825,7.825,629968
1616396400,7.815,7.925,7.755,7.85,5350212
1616400000,7.85,7.86,7.4,7.515,13928010
1616403600,7.515,7.705,7.45,7.69,8936348
1616407200,7.69,7.785,7.67,7.69,6292706
1616410800,7.685,7.705,7.525,7.565,5455498
1616414400,7.565,7.57,7.39,7.39,11349928
1616418000,7.395,7.51,7.385,7.42,5225886
1616421600,7.42,7.42,7.37,7.37,7531598
1616425200,7.37,7.37,7.37,7.37,43000
1616479200,7.285,7.285,7.285,7.285,266400
1616482800,7.25,7.255,7.045,7.045,1519886
1616486400,7.045,7.51,6.84,7.505,20225184
1616490000,7.505,7.6,7.26,7.51,19818096
1616493600,7.505,7.545,7.355,7.43,9422392
1616497200,7.43,7.51,7.41,7.505,7143276
1616500800,7.505,7.53,7.465,7.525,6679998
1616504400,7.525,7.585,7.375,7.425,8445600
1616508000,7.43,7.515,7.38,7.51,7851210
1616511600,7.52,7.52,7.52,7.52,2058180
1616565600,7.575,7.575,7.575,7.575,197268
1616569200,7.575,7.6,7.49,7.52,11097530
1616572800,7.51,7.565,7.505,7.535,6990602
1616576400,7.535,7.64,7.525,7.61,7986904
1616580000,7.61,7.63,7.56,7.595,5628308
1616583600,7.595,7.635,7.57,7.635,4788310
1616587200,7.635,7.72,7.63,7.7,9328406
1616590800,7.695,7.725,7.645,7.665,7682726
1616594400,7.67,7.67,7.6,7.615,7012944
1616598000,7.645,7.645,7.645,7.645,1279522
1616652000,7.645,7.645,7.645,7.645,314192
1616655600,7.645,7.725,7.64,7.72,8841838
1616659200,7.72,7.855,7.7,7.745,12664086
1616662800,7.75,7.755,7.68,7.7,6523526
1616666400,7.7,7.715,7.675,7.715,2247348
1616670000,7.71,7.735,7.62,7.625,4083512
1616673600,7.625,7.645,7.56,7.58,6384950
1616677200,7.575,7.605,7.565,7.575,3336012
1616680800,7.575,7.625,7.535,7.55,7031008
1616684400,7.53,7.53,7.53,7.53,1226886
1616738400,7.595,7.595,7.595,7.595,333416
1616742000,7.595,7.66,7.565,7.61,9273022
1616745600,7.605,7.625,7.6,7.61,2026764
1616749200,7.61,7.61,7.535,7.54,2859512
1616752800,7.54,7.55,7.45,7.46,3961174
1616756400,7.46,7.48,7.34,7.39,5598436
1616760000,7.39,7.46,7.36,7.46,3724338
1616763600,7.46,7.48,7.41,7.46,3600578
1616767200,7.46,7.505,7.42,7.445,5473948
1616770800,7.425,7.425,7.425,7.425,906016
1616997600,7.435,7.435,7.435,7.435,387238
1617001200,7.435,7.56,7.435,7.51,8488446
1617004800,7.51,7.555,7.45,7.53,8414540
1617008400,7.535,7.605,7.515,7.545,4735446
1617012000,7.545,7.545,7.51,7.515,1537622
1617015600,7.515,7.53,7.505,7.525,1571436
1617019200,7.525,7.54,7.48,7.48,1773810
1617022800,7.48,7.515,7.47,7.51,3193560
1617026400,7.5,7.565,7.5,7.545,4405644
1617030000,7.56,7.56,7.56,7.56,501798
1617084000,7.55,7.55,7.55,7.55,309982
1617087600,7.55,7.555,7.47,7.475,6380356
1617091200,7.475,7.505,7.47,7.495,3413636
1617094800,7.495,7.505,7.48,7.5,1049686
1617098400,7.5,7.505,7.43,7.45,3637502
1617102000,7.445,7.505,7.44,7.505,2671604
1617105600,7.5,7.535,7.49,7.535,2697818
1617109200,7.535,7.545,7.49,7.525,2245892
1617112800,7.525,7.535,7.485,7.505,4139596
1617116400,7.51,7.51,7.51,7.51,554322
1617170400,7.51,7.51,7.51,7.51,191044
1617174000,7.51,7.565,7.49,7.53,7478896
1617177600,7.53,7.53,7.51,7.53,2116326
1617181200,7.525,7.54,7.49,7.49,2643448
1617184800,7.49,7.505,7.465,7.495,1960024
1617188400,7.49,7.5,7.47,7.5,2695390
1617192000,7.495,7.515,7.49,7.5,2840408
1617195600,7.5,7.505,7.47,7.495,2093490
1617199200,7.49,7.515,7.455,7.455,4568886
1617202800,7.475,7.475,7.475,7.475,1816300
1617256800,7.5,7.5,7.5,7.5,253494
1617260400,7.5,7.575,7.495,7.57,8223542
1617264000,7.575,7.655,7.565,7.64,10722508
1617267600,7.64,7.66,7.595,7.605,4718924
1617271200,7.6,7.62,7.59,7.605,1858776
1617274800,7.605,7.63,7.6,7.62,2203074
1617278400,7.62,7.625,7.595,7.61,2213164
1617282000,7.61,7.615,7.59,7.61,1936366
1617285600,7.61,7.7,7.605,7.69,6052700
1617289200,7.69,7.73,7.69,7.73,1292620
1617343200,7.73,7.73,7.73,7.73,384050
1617346800,7.735,7.765,7.71,7.745,6610580
1617350400,7.74,7.76,7.725,7.75,2203462
1617354000,7.75,7.76,7.715,7.725,1997712
1617357600,7.725,7.735,7.675,7.68,1917176
1617361200,7.68,7.685,7.64,7.675,2954926
1617364800,7.675,7.685,7.65,7.665,1378534
1617368400,7.665,7.685,7.645,7.68,1212366
1617372000,7.685,7.74,7.665,7.735,2946732
1617375600,7.75,7.75,7.75,7.75,590498
1617602400,7.875,7.875,7.875,7.875,699336
1617606000,7.875,8.095,7.875,7.98,22129216
1617609600,7.985,7.995,7.91,7.92,7054812
1617613200,7.925,7.96,7.915,7.93,3254956
1617616800,7.93,8.005,7.92,7.99,4923198
1617620400,7.99,7.995,7.95,7.95,2490870
1617624000,7.955,7.98,7.93,7.965,2340302
1617627600,7.97,8.02,7.955,7.955,5720688
1617631200,7.955,7.985,7.955,7.965,3923226
1617634800,7.97,7.97,7.97,7.97,939820
1617688800,7.96,7.96,7.96,7.96,364800
1617692400,7.955,8.03,7.85,7.855,12519680
1617696000,7.855,7.9,7.83,7.86,4505032
1617699600,7.865,7.865,7.815,7.84,2882820
1617703200,7.845,7.86,7.8,7.8,2453048
1617706800,7.805,7.815,7.75,7.79,5118862
1617710400,7.79,7.81,7.755,7.805,2696582
1617714000,7.805,7.82,7.755,7.78,3282382
1617717600,7.775,7.84,7.77,7.775,4358340
1617721200,7.765,7.765,7.765,7.765,972234
1617775200,7.765,7.765,7.765,7.765,241938
1617778800,7.76,7.835,7.695,7.71,9284798
1617782400,7.715,7.775,7.68,7.76,3834852
1617786000,7.755,7.76,7.71,7.715,1359104
1617789600,7.715,7.74,7.69,7.695,2402710
1617793200,7.69,7.72,7.665,7.715,2514354
1617796800,7.71,7.755,7.7,7.75,1524682
1617800400,7.75,7.785,7.74,7.75,1988576
1617804000,7.75,7.8,7.725,7.795,3909598
1617807600,7.805,7.805,7.805,7.805,956150
1617861600,7.83,7.83,7.83,7.83,433318
1617865200,7.835,7.86,7.78,7.815,4134700
1617868800,7.82,7.84,7.78,7.795,3285656
1617872400,7.795,7.8,7.755,7.76,1318446
1617876000,7.76,7.785,7.75,7.77,1163256
1617879600,7.775,7.81,7.77,7.79,1856428
1617883200,7.785,7.795,7.76,7.77,1527622
1617886800,7.77,7.785,7.73,7.74,3648908
1617890400,7.745,7.765,7.715,7.735,3819574
1617894000,7.705,7.705,7.705,7.705,1565874
1617948000,7.7,7.7,7.7,7.7,277460
1617951600,7.695,7.73,7.65,7.685,4272802
1617955200,7.685,7.725,7.68,7.7,2272142
1617958800,7.7,7.7,7.655,7.68,1665510
1617962400,7.68,7.68,7.625,7.635,1579248
1617966000,7.635,7.64,7.57,7.595,3698010
1617969600,7.595,7.61,7.51,7.52,3770996
1617973200,7.52,7.57,7.495,7.56,4087728
1617976800,7.565,7.6,7.545,7.56,4315224
1617980400,7.57,7.57,7.57,7.57,1264692
1618207200,7.52,7.52,7.52,7.52,196418
1618210800,7.525,7.55,7.42,7.5,6475884
1618214400,7.505,7.52,7.475,7.485,2548668
1618218000,7.49,7.525,7.48,7.495,2002728
1618221600,7.49,7.495,7.47,7.48,1170680
1618225200,7.48,7.5,7.47,7.48,1372090
1618228800,7.48,7.53,7.465,7.525,1720356
1618232400,7.525,7.57,7.465,7.465,2900520
1618236000,7.475,7.495,7.445,7.49,3165430
1618239600,7.525,7.525,7.525,7.525,1785576
1618293600,7.525,7.525,7.525,7.525,198310
1618297200,7.53,7.54,7.43,7.44,3859196
1618300800,7.44,7.48,7.42,7.47,3172670
1618304400,7.47,7.48,7.435,7.445,1438286
1618308000,7.445,7.45,7.41,7.445,1270858
1618311600,7.45,7.485,7.445,7.48,1693448
1618315200,7.48,7.535,7.45,7.515,2773674
1618318800,7.515,7.535,7.485,7.525,2189232
1618322400,7.525,7.575,7.495,7.53,4330808
1618326000,7.5,7.5,7.5,7.5,2589774
1618380000,7.55,7.55,7.55,7.55,289182
1618383600,7.55,7.62,7.545,7.605,4419458
1618387200,7.605,7.645,7.59,7.64,2934924
1618390800,7.645,7.7,7.635,7.655,2623826
1618394400,7.655,7.665,7.63,7.635,1440018
1618398000,7.63,7.64,7.615,7.625,961730
1618401600,7.625,7.63,7.61,7.62,2208480
1618405200,7.615,7.62,7.595,7.6,1093350
1618408800,7.605,7.64,7.59,7.635,1964200
1618412400,7.65,7.65,7.65,7.65,785798
1618466400,7.65,7.65,7.65,7.65,244678
1618470000,7.65,7.67,7.615,7.62,3174020
1618473600,7.62,7.62,7.585,7.59,2264844
1618477200,7.595,7.62,7.585,7.605,2751018
1618480800,7.605,7.61,7.585,7.595,2175972
1618484400,7.595,7.605,7.54,7.57,3576704
1618488000,7.57,7.595,7.55,7.59,1620418
1618491600,7.585,7.6,7.565,7.57,1442600
1618495200,7.57,7.6,7.55,7.58,1918960
1618498800,7.57,7.57,7.57,7.57,612286
1618552800,7.52,7.52,7.52,7.52,276638
1618556400,7.53,7.645,7.525,7.625,5247628
1618560000,7.62,7.68,7.6,7.63,5912000
1618563600,7.625,7.635,7.61,7.62,1363424
1618567200,7.62,7.635,7.6,7.635,1140412
1618570800,7.63,7.63,7.6,7.605,1030400
1618574400,7.6,7.615,7.585,7.61,1013326
1618578000,7.61,7.64,7.585,7.6,2734038
1618581600,7.6,7.615,7.58,7.6,2509732
1618585200,7.605,7.605,7.605,7.605,895302
1618812000,7.605,7.605,7.605,7.605,226426
1618815600,7.605,7.685,7.565,7.575,6621392
1618819200,7.58,7.6,7.55,7.585,2151260
1618822800,7.585,7.585,7.515,7.53,2109046
1618826400,7.53,7.56,7.52,7.54,1477098
1618830000,7.54,7.545,7.515,7.535,1277892
1618833600,7.535,7.56,7.52,7.55,1563540
1618837200,7.55,7.55,7.475,7.49,1915986
1618840800,7.485,7.51,7.45,7.48,3795664
1618844400,7.48,7.48,7.48,7.48,797626
1618898400,7.45,7.45,7.45,7.45,221250
1618902000,7.455,7.51,7.395,7.405,5459644
1618905600,7.405,7.445,7.375,7.445,2561072
1618909200,7.44,7.455,7.425,7.44,1295164
1618912800,7.44,7.47,7.425,7.46,1158654
1618916400,7.46,7.495,7.445,7.47,1996636
1618920000,7.47,7.55,7.46,7.5,3508894
1618923600,7.505,7.515,7.46,7.475,1355900
1618927200,7.475,7.475,7.42,7.43,2032278
1618930800,7.46,7.46,7.46,7.46,610488
1618984800,7.4,7.4,7.4,7.4,298570
1618988400,7.405,7.435,7.3,7.31,5129196
1618992000,7.31,7.365,7.275,7.36,2811818
1618995600,7.36,7.375,7.275,7.29,1912062
1618999200,7.295,7.355,7.29,7.34,1306148
1619002800,7.34,7.345,7.315,7.335,850466
1619006400,7.34,7.34,7.28,7.3,1703226
1619010000,7.305,7.305,7.165,7.255,5972418
1619013600,7.255,7.28,7.2,7.215,4849332
1619017200,7.25,7.25,7.25,7.25,462510
1619071200,7.115,7.115,7.115,7.115,229150
1619074800,7.125,7.215,7.11,7.185,8257808
1619078400,7.18,7.25,7.18,7.24,3179426
1619082000,7.235,7.255,7.205,7.25,1584146
1619085600,7.25,7.3,7.245,7.265,3045724
1619089200,7.265,7.325,7.255,7.29,2098698
1619092800,7.285,7.3,7.225,7.245,1351956
1619096400,7.245,7.26,7.195,7.255,1872228
1619100000,7.255,7.275,7.23,7.27,2160988
1619103600,7.275,7.275,7.275,7.275,451440
1619416800,7.25,7.25,7.25,7.25,320010
1619420400,7.26,7.36,7.245,7.34,6859854
1619424000,7.34,7.365,7.32,7.35,3522584
1619427600,7.35,7.355,7.325,7.325,1403016
1619431200,7.325,7.335,7.3,7.315,1645482
1619434800,7.31,7.33,7.29,7.3,1692590
1619438400,7.295,7.325,7.295,7.31,1508994
1619442000,7.31,7.325,7.275,7.28,2205302
1619445600,7.275,7.32,7.245,7.315,3884238
1619449200,7.335,7.335,7.335,7.335,836904
1619503200,7.37,7.37,7.37,7.37,357664
1619506800,7.37,7.615,7.37,7.55,13424552
1619510400,7.55,7.59,7.53,7.555,4863344
1619514000,7.555,7.685,7.525,7.68,11402836
1619517600,7.68,7.715,7.655,7.66,6623466
1619521200,7.66,7.695,7.625,7.66,5278984
1619524800,7.66,7.75,7.64,7.74,6916780
1619528400,7.74,7.74,7.67,7.69,4239580
1619532000,7.695,7.715,7.65,7.71,6910834
1619535600,7.745,7.745,7.745,7.745,1405092
1619589600,7.675,7.675,7.675,7.675,741830
1619593200,7.675,7.675,7.465,7.47,13990440
1619596800,7.47,7.495,7.445,7.495,4591936
1619600400,7.49,7.52,7.475,7.52,2373528
1619604000,7.52,7.535,7.51,7.515,2024412
1619607600,7.52,7.525,7.485,7.485,2327734
1619611200,7.49,7.51,7.47,7.485,1830828
1619614800,7.49,7.49,7.455,7.475,2328542
1619618400,7.475,7.505,7.45,7.46,4021696
1619622000,7.45,7.45,7.45,7.45,1196890
1619676000,7.48,7.48,7.48,7.48,223220
1619679600,7.485,7.605,7.485,7.56,9816298
1619683200,7.56,7.57,7.52,7.53,2656166
1619686800,7.53,7.57,7.52,7.555,2495796
1619690400,7.555,7.565,7.525,7.545,2902032
1619694000,7.54,7.55,7.53,7.54,893502
1619697600,7.54,7.555,7.5,7.535,3242706
1619701200,7.54,7.56,7.53,7.54,1923268
1619704800,7.54,7.555,7.495,7.525,2778360
1619708400,7.51,7.51,7.51,7.51,1193620
1619762400,7.525,7.525,7.525,7.525,309502
1619766000,7.52,7.54,7.475,7.515,4916454
1619769600,7.52,7.58,7.51,7.57,5606182
1619773200,7.565,7.6,7.535,7.59,3922588
1619776800,7.59,7.595,7.55,7.565,2349036
1619780400,7.56,7.585,7.535,7.545,3176724
1619784000,7.55,7.55,7.53,7.54,2451822
1619787600,7.54,7.54,7.515,7.525,2216094
1619791200,7.52,7.53,7.505,7.515,4276896
1619794800,7.5,7.5,7.5,7.5,2160358
1620021600,7.52,7.52,7.52,7.52,327242
1620025200,7.525,7.57,7.515,7.52,7443662
1620028800,7.52,7.54,7.505,7.535,2042074
1620032400,7.535,7.54,7.515,7.52,1473412
1620036000,7.525,7.535,7.51,7.53,1588278
1620039600,7.53,7.53,7.52,7.525,1199174
1620043200,7.52,7.53,7.505,7.515,1886878
1620046800,7.515,7.54,7.51,7.53,1834484
1620050400,7.53,7.55,7.525,7.545,4143804
1620054000,7.555,7.555,7.555,7.555,1380344
1620108000,7.57,7.57,7.57,7.57,392916
1620111600,7.565,7.58,7.525,7.535,6194764
1620115200,7.54,7.57,7.53,7.56,2836836
1620118800,7.565,7.565,7.525,7.53,2501152
1620122400,7.53,7.535,7.515,7.525,1583940
1620126000,7.53,7.535,7.515,7.52,1860086
1620129600,7.52,7.53,7.51,7.52,1111680
1620133200,7.525,7.525,7.475,7.48,2692024
1620136800,7.48,7.49,7.46,7.48,3847072
1620140400,7.48,7.48,7.455,7.455,1879962
1620194400,7.47,7.47,7.47,7.47,276552
1620198000,7.47,7.475,7.36,7.375,7264028
1620201600,7.375,7.44,7.365,7.405,2763968
1620205200,7.405,7.425,7.405,7.42,1012096
1620208800,7.42,7.435,7.415,7.43,1477248
1620212400,7.425,7.435,7.405,7.405,1299764
1620216000,7.41,7.42,7.39,7.4,1977698
1620219600,7.405,7.43,7.395,7.415,1734004
1620223200,7.42,7.47,7.41,7.455,3861022
1620226800,7.455,7.455,7.455,7.455,737910
1620280800,7.455,7.455,7.455,7.455,230590
1620284400,7.46,7.475,7.42,7.43,3638630
1620288000,7.43,7.44,7.41,7.425,1701100
1620291600,7.425,7.435,7.41,7.42,989228
1620295200,7.42,7.435,7.415,7.435,1034136
1620298800,7.43,7.455,7.42,7.445,2714342
1620302400,7.445,7.455,7.435,7.44,2001562
1620306000,7.445,7.46,7.425,7.43,1690796
1620309600,7.43,7.43,7.38,7.385,4985378
1620313200,7.39,7.39,7.39,7.39,733342
1620367200,7.405,7.405,7.405,7.405,275420
1620370800,7.41,7.475,7.4,7.44,7278872
1620374400,7.44,7.495,7.43,7.48,4651112
1620378000,7.48,7.625,7.465,7.575,23494664
1620381600,7.58,7.585,7.52,7.535,5894358
1620385200,7.54,7.55,7.49,7.495,4598804
1620388800,7.49,7.53,7.475,7.53,3164716
1620392400,7.53,7.545,7.5,7.53,3944562
1620396000,7.53,7.55,7.495,7.52,5445886
1620399600,7.52,7.52,7.52,7.52,1804338
1620626400,7.56,7.56,7.56,7.56,405696
1620630000,7.565,7.605,7.555,7.575,10194170
1620633600,7.575,7.595,7.575,7.58,2810044
1620637200,7.58,7.595,7.555,7.565,2504252
1620640800,7.565,7.58,7.55,7.57,3105488
1620644400,7.57,7.575,7.555,7.565,1491548
1620648000,7.56,7.59,7.56,7.57,7234526
1620651600,7.565,7.57,7.535,7.55,3690758
1620655200,7.55,7.59,7.545,7.56,6239250
1620658800,7.55,7.55,7.55,7.55,1714774
1620712800,7.485,7.485,7.485,7.485,475422
1620716400,7.48,7.51,7.46,7.47,7057554
1620720000,7.465,7.535,7.465,7.495,5310484
1620723600,7.495,7.5,7.48,7.485,1702784
1620727200,7.48,7.495,7.48,7.485,925892
1620730800,7.48,7.49,7.465,7.48,1926324
1620734400,7.48,7.485,7.44,7.45,2669490
1620738000,7.455,7.48,7.435,7.48,2864036
1620741600,7.48,7.48,7.44,7.455,3248466
1620745200,7.46,7.46,7.46,7.46,786106
1620799200,7.41,7.41,7.41,7.41,220434
1620802800,7.415,7.45,7.41,7.43,3365968
1620806400,7.43,7.445,7.42,7.435,1530572
1620810000,7.435,7.44,7.425,7.425,2149938
1621231200,7.485,7.485,7.485,7.485,471450
1621234800,7.485,7.535,7.48,7.505,6212918
1621238400,7.51,7.525,7.495,7.515,1611330
1621242000,7.515,7.535,7.51,7.51,1948418
1621245600,7.515,7.52,7.5,7.51,1361984
1621249200,7.515,7.575,7.51,7.555,5238506
1621252800,7.555,7.56,7.535,7.545,1777194
1621256400,7.54,7.56,7.535,7.555,1554990
1621260000,7.555,7.58,7.53,7.57,6405536
1621263600,7.585,7.585,7.585,7.585,1164894
1621317600,7.595,7.595,7.595,7.595,414052
1621321200,7.6,7.65,7.565,7.65,9269410
1621324800,7.645,7.66,7.625,7.63,4446944
1621328400,7.63,7.635,7.61,7.62,1606032
1621332000,7.625,7.635,7.615,7.625,1162402
1621335600,7.625,7.625,7.59,7.59,2490510
1621339200,7.59,7.605,7.585,7.6,1513524
1621342800,7.6,7.6,7.58,7.585,1257886
1621346400,7.58,7.59,7.565,7.575,3612570
1621350000,7.57,7.57,7.57,7.57,882758
1621490400,7.565,7.565,7.565,7.565,295160
1621494000,7.565,7.615,7.565,7.59,8324002
1621497600,7.585,7.59,7.51,7.53,6191458
1621501200,7.53,7.545,7.525,7.535,1984444
1621504800,7.535,7.56,7.53,7.55,1746246
1621508400,7.545,7.55,7.525,7.535,1060870
1621512000,7.535,7.56,7.525,7.555,1699134
1621515600,7.555,7.56,7.535,7.54,1380404
1621519200,7.535,7.545,7.525,7.535,3488160
1621522800,7.525,7.525,7.525,7.525,1996042
1621576800,7.555,7.555,7.555,7.555,356084
1621580400,7.555,7.645,7.55,7.615,14352788
1621584000,7.615,7.615,7.59,7.6,2724642
1621587600,7.595,7.605,7.58,7.59,1409274
1621591200,7.59,7.615,7.59,7.61,1995850
1621594800,7.61,7.62,7.59,7.6,1656740
1621598400,7.6,7.61,7.59,7.6,1036990
1621602000,7.595,7.645,7.59,7.605,6171756
1621605600,7.6,7.61,7.565,7.575,4225114
1621609200,7.575,7.575,7.575,7.575,1167800
1621836000,7.585,7.585,7.585,7.585,268104
1621839600,7.59,7.755,7.59,7.69,32583966
1621843200,7.685,7.74,7.675,7.735,11359162
1621846800,7.735,7.75,7.71,7.74,6913012
1621850400,7.74,7.815,7.735,7.76,19045948
1621854000,7.755,7.77,7.715,7.725,5703184
1621857600,7.715,7.74,7.69,7.71,6291518
1621861200,7.705,7.735,7.69,7.735,4181412
1621864800,7.735,7.76,7.695,7.7,8101304
1621868400,7.695,7.695,7.695,7.695,2310960
1621922400,7.735,7.735,7.735,7.735,750648
1621926000,7.73,7.75,7.655,7.655,9914214
1621929600,7.66,7.66,7.595,7.62,8030908
1621933200,7.62,7.645,7.605,7.645,2988276
1621936800,7.645,7.65,7.625,7.635,2333028
1621940400,7.635,7.64,7.6,7.61,2457248
1621944000,7.605,7.62,7.52,7.53,7208630
1621947600,7.535,7.555,7.425,7.445,12025618
1621951200,7.44,7.485,7.37,7.385,12441754
1621954800,7.39,7.39,7.36,7.36,2488666
1622008800,7.415,7.415,7.415,7.415,367456
1622012400,7.42,7.495,7.375,7.425,12839712
1622016000,7.425,7.485,7.41,7.47,3679270
1622019600,7.47,7.485,7.455,7.485,1592448
1622023200,7.48,7.485,7.43,7.45,2266320
1622026800,7.45,7.465,7.42,7.43,1522842
1622030400,7.43,7.465,7.42,7.445,1554630
1622034000,7.445,7.465,7.425,7.46,1196324
1622037600,7.46,7.525,7.455,7.5,5566484
1622041200,7.52,7.52,7.52,7.52,1017220
1622095200,7.475,7.475,7.475,7.475,263880
1622098800,7.49,7.565,7.47,7.515,6985510
1622102400,7.515,7.53,7.46,7.475,3672484
1622106000,7.475,7.485,7.46,7.48,1448666
1622109600,7.48,7.49,7.47,7.48,1256730
1622113200,7.485,7.495,7.41,7.415,3618266
1622116800,7.415,7.43,7.39,7.42,4202812
1622120400,7.42,7.455,7.415,7.44,2093662
1622124000,7.44,7.44,7.405,7.415,3416668
1622127600,7.415,7.445,7.415,7.445,5657538
1622181600,7.44,7.44,7.44,7.44,172948
1622185200,7.435,7.505,7.39,7.43,16078230
1622188800,7.425,7.47,7.425,7.46,3193450
1622192400,7.465,7.545,7.455,7.47,12327020
1622196000,7.47,7.48,7.425,7.47,5288850
1622199600,7.47,7.475,7.43,7.435,2458104
1622203200,7.435,7.465,7.425,7.465,2109044
1622206800,7.46,7.49,7.46,7.485,3183940
1622210400,7.485,7.525,7.45,7.515,9603054
1622214000,7.52,7.52,7.52,7.52,778848
1622440800,7.52,7.52,7.52,7.52,290994
1622444400,7.525,7.525,7.48,7.5,5479792
1622448000,7.495,7.51,7.485,7.495,2239744
1622451600,7.495,7.5,7.465,7.465,2149308
1622455200,7.465,7.485,7.465,7.475,2032700
1622458800,7.475,7.475,7.44,7.465,2100910
1622462400,7.465,7.47,7.445,7.47,1309730
1622466000,7.47,7.475,7.455,7.46,1894020
1622469600,7.455,7.47,7.425,7.45,5167322
1622473200,7.45,7.45,7.45,7.45,865142
1622527200,7.495,7.495,7.495,7.495,369380
1622530800,7.495,7.555,7.475,7.555,10319236
1622534400,7.555,7.61,7.54,7.595,13235124
1622538000,7.595,7.595,7.55,7.56,2631520
1622541600,7.555,7.57,7.53,7.54,3062442
1622545200,7.54,7.545,7.495,7.5,7624188
1622548800,7.505,7.53,7.5,7.52,1819366
1622552400,7.52,7.545,7.51,7.525,3844118
1622556000,7.525,7.54,7.51,7.525,3936688
1622559600,7.525,7.525,7.525,7.525,1518490
1622613600,7.47,7.47,7.47,7.47,268584
1622617200,7.47,7.53,7.465,7.49,7886160
1622620800,7.495,7.555,7.49,7.53,3741838
1622624400,7.53,7.545,7.51,7.525,2546208
1622628000,7.525,7.53,7.51,7.525,1042548
1622631600,7.52,7.545,7.505,7.54,2017816
1622635200,7.535,7.545,7.525,7.54,1883882
1622638800,7.54,7.55,7.525,7.53,1472740
1622642400,7.53,7.54,7.5,7.525,4250900
1622646000,7.535,7.535,7.535,7.535,831690
1622700000,7.555,7.555,7.555,7.555,296562
1622703600,7.555,7.62,7.55,7.62,8471920
1622707200,7.62,7.62,7.565,7.565,3985474
1622710800,7.57,7.58,7.535,7.54,4492550
1622714400,7.535,7.545,7.525,7.53,1858340
1622718000,7.53,7.53,7.495,7.5,3868056
1622721600,7.5,7.505,7.47,7.49,3652914
1622725200,7.49,7.495,7.44,7.45,4494114
1622728800,7.45,7.51,7.445,7.505,4813818
1622732400,7.515,7.515,7.515,7.515,1096976
1622786400,7.54,7.54,7.54,7.54,397480
1622790000,7.535,7.59,7.52,7.55,10255326
1622793600,7.545,7.57,7.545,7.57,2222592
1622797200,7.57,7.57,7.525,7.54,2614450
1622800800,7.54,7.545,7.515,7.52,1419740
1622804400,7.52,7.555,7.515,7.54,1889722
1622808000,7.545,7.565,7.525,7.54,2747110
1622811600,7.54,7.55,7.525,7.54,1624576
1622815200,7.54,7.57,7.53,7.535,5559802
1622818800,7.54,7.54,7.54,7.54,1164474
1623045600,7.575,7.575,7.575,7.575,684220
1623049200,7.575,7.74,7.57,7.73,25674164
1623052800,7.73,7.79,7.715,7.72,15794258
1623056400,7.72,7.73,7.7,7.705,5557586
1623060000,7.71,7.74,7.7,7.71,3303194
1623063600,7.71,7.75,7.71,7.73,3745208
1623067200,7.73,7.745,7.72,7.72,2632046
1623070800,7.725,7.735,7.71,7.735,2801468
1623074400,7.735,7.735,7.705,7.725,6085180
1623078000,7.73,7.73,7.73,7.73,1837404
1623132000,7.735,7.735,7.735,7.735,454886
1623135600,7.735,7.735,7.66,7.695,10264222
1623139200,7.695,7.73,7.685,7.725,5138846
1623142800,7.725,7.75,7.705,7.715,4823850
1623146400,7.715,7.715,7.68,7.69,2092686
1623150000,7.685,7.7,7.685,7.695,972052
1623153600,7.695,7.715,7.69,7.705,1018354
1623157200,7.71,7.76,7.705,7.72,9354134
1623160800,7.72,7.725,7.69,7.715,5002982
1623164400,7.715,7.715,7.715,7.715,952726
1623218400,7.715,7.715,7.715,7.715,237826
1623222000,7.715,7.735,7.7,7.71,6045584
1623225600,7.71,7.725,7.705,7.71,3297788
1623229200,7.71,7.715,7.66,7.66,4395142
1623232800,7.665,7.685,7.66,7.68,1766228
1623236400,7.675,7.68,7.655,7.67,1991734
1623240000,7.675,7.69,7.665,7.675,2169682
1623243600,7.675,7.68,7.66,7.67,2053814
1623247200,7.665,7.68,7.64,7.665,5641784
1623250800,7.65,7.65,7.65,7.65,1310562
1623304800,7.68,7.68,7.68,7.68,440910
1623308400,7.685,7.72,7.66,7.675,5567838
1623312000,7.675,7.755,7.675,7.74,9819188
1623315600,7.74,7.74,7.705,7.705,2734466
1623319200,7.71,7.725,7.695,7.71,2463902
1623322800,7.71,7.715,7.695,7.71,1280712
1623326400,7.715,7.745,7.69,7.745,4432544
1623330000,7.745,7.755,7.725,7.735,7937986
1623333600,7.74,7.875,7.725,7.835,25283942
1623337200,7.85,7.85,7.85,7.85,1836108
1623391200,7.88,7.88,7.88,7.88,1074894
1623394800,7.88,7.975,7.84,7.965,35907208
1623398400,7.965,7.975,7.925,7.95,8328342
1623402000,7.945,7.965,7.89,7.9,8137476
1623405600,7.895,7.92,7.885,7.91,2865560
1623409200,7.91,7.92,7.9,7.91,1384458
1623412800,7.91,7.915,7.895,7.895,2203126
1623416400,7.9,7.9,7.805,7.825,8898522
1623420000,7.83,7.855,7.805,7.815,6703750
1623423600,7.805,7.805,7.805,7.805,2176252
1623650400,7.885,7.885,7.885,7.885,1213230
1623654000,7.89,7.935,7.865,7.91,12303280
1623657600,7.91,7.965,7.905,7.92,8723988
1623661200,7.92,7.95,7.92,7.94,1684694
1623664800,7.935,7.955,7.93,7.935,2336146
1623668400,7.935,7.955,7.93,7.95,2372638
1623672000,7.945,7.95,7.92,7.93,2564682
1623675600,7.93,7.94,7.88,7.885,4276686
1623679200,7.885,7.95,7.865,7.9,6699966
1623682800,7.9,7.9,7.9,7.9,1375230
1623736800,7.84,7.84,7.84,7.84,586282
1623740400,7.835,7.835,7.7,7.785,13250454
1623744000,7.785,7.805,7.76,7.76,3018892
1623747600,7.765,7.765,7.695,7.695,5750092
1623751200,7.695,7.715,7.675,7.685,6104016
1623754800,7.69,7.745,7.665,7.74,5335844
1623758400,7.74,7.75,7.7,7.705,3539286
1623762000,7.705,7.77,7.7,7.735,4854842
1623765600,7.74,7.935,7.725,7.785,28433084
1623769200,7.78,7.78,7.78,7.78,1377914
1623823200,7.755,7.755,7.755,7.755,373318
1623826800,7.755,7.775,7.715,7.72,5861868
1623830400,7.72,7.75,7.715,7.74,1717300
1623834000,7.74,7.74,7.7,7.71,2604114
1623837600,7.71,7.73,7.705,7.725,1336736
1623841200,7.725,7.735,7.715,7.725,1011884
1623844800,7.73,7.73,7.7,7.7,1472310
1623848400,7.7,7.72,7.68,7.695,3413436
1623852000,7.695,7.74,7.675,7.685,5379332
1623855600,7.685,7.685,7.685,7.685,934540
1623909600,7.645,7.645,7.645,7.645,176676
1623913200,7.645,7.67,7.605,7.645,5437434
1623916800,7.64,7.66,7.62,7.63,2119724
1623920400,7.625,7.655,7.62,7.645,1620616
1623924000,7.645,7.655,7.62,7.655,1564402
1623927600,7.65,7.665,7.61,7.625,3751554
1623931200,7.62,7.63,7.6,7.605,2743202
1623934800,7.605,7.63,7.58,7.585,4377208
1623938400,7.585,7.6,7.545,7.565,7416512
1623942000,7.545,7.545,7.545,7.545,1525124
1623996000,7.58,7.58,7.58,7.58,356140
1623999600,7.585,7.605,7.54,7.56,5384356
1624003200,7.56,7.565,7.525,7.535,3039434
1624006800,7.535,7.535,7.51,7.525,1712926
1624010400,7.525,7.545,7.51,7.54,1384658
1624014000,7.54,7.545,7.51,7.525,1632236
1624017600,7.525,7.53,7.45,7.46,6040474
1624021200,7.465,7.5,7.455,7.48,2695874
1624024800,7.48,7.48,7.44,7.46,5545310
1624028400,7.455,7.455,7.455,7.455,2572186
1624255200,7.485,7.485,7.485,7.485,582760
1624258800,7.49,7.59,7.48,7.515,15895560
1624262400,7.51,7.535,7.495,7.53,3342730
1624266000,7.53,7.55,7.52,7.545,2396808
1624269600,7.54,7.545,7.52,7.525,1839824
1624273200,7.525,7.525,7.475,7.5,2893216
1624276800,7.495,7.54,7.49,7.54,2187936
1624280400,7.54,7.575,7.525,7.545,4449060
1624284000,7.55,7.61,7.54,7.61,5774574
1624287600,7.62,7.62,7.62,7.62,914414
1624341600,7.68,7.68,7.68,7.68,458814
1624345200,7.685,7.715,7.625,7.635,7746280
1624348800,7.63,7.635,7.605,7.615,2650628
1624352400,7.61,7.645,7.61,7.625,1711716
1624356000,7.63,7.645,7.62,7.64,866658
1624359600,7.64,7.665,7.63,7.665,2840704
1624363200,7.665,7.68,7.64,7.64,1936450
1624366800,7.64,7.655,7.625,7.65,1750114
1624370400,7.645,7.695,7.64,7.67,5379744
1624374000,7.67,7.67,7.67,7.67,1320966
1624428000,7.705,7.705,7.705,7.705,704560
1624431600,7.705,7.775,7.705,7.735,9853570
1624435200,7.73,7.74,7.7,7.705,3374854
1624438800,7.71,7.71,7.685,7.7,2148404
1624442400,7.7,7.7,7.63,7.645,5954202
1624446000,7.645,7.655,7.615,7.625,3452184
1624449600,7.625,7.67,7.62,7.67,2826144
1624453200,7.67,7.67,7.625,7.63,2026802
1624456800,7.63,7.635,7.58,7.59,5777570
1624460400,7.58,7.58,7.58,7.58,1214102
1624514400,7.605,7.605,7.605,7.605,436304
1624518000,7.605,7.63,7.6,7.61,7686862
1624521600,7.61,7.62,7.595,7.605,1964072
1624525200,7.61,7.625,7.61,7.62,1242764
1624528800,7.62,7.62,7.59,7.6,1637062
1624532400,7.6,7.61,7.59,7.6,897430
1624536000,7.605,7.655,7.6,7.64,3026632
1624539600,7.64,7.655,7.615,7.625,1889224
1624543200,7.625,7.63,7.58,7.595,3808702
1624546800,7.595,7.605,7.595,7.605,1150328
1624600800,7.625,7.625,7.625,7.625,256544
1624604400,7.625,7.63,7.56,7.56,6898442
1624608000,7.56,7.57,7.54,7.57,3025938
1624611600,7.565,7.57,7.55,7.555,919586
1624615200,7.55,7.565,7.535,7.555,1913094
1624618800,7.555,7.56,7.535,7.55,1152864
1624622400,7.55,7.56,7.535,7.55,1620430
1624626000,7.545,7.57,7.54,7.555,1432908
1624629600,7.55,7.555,7.5,7.51,6022098
1624633200,7.515,7.515,7.515,7.515,1053828
1624860000,7.525,7.525,7.525,7.525,245808
1624863600,7.525,7.535,7.48,7.51,5156708
1624867200,7.51,7.52,7.475,7.49,2710912
1624870800,7.49,7.5,7.47,7.47,1452184
1624874400,7.47,7.485,7.435,7.47,4230080
1624878000,7.47,7.48,7.45,7.47,1439958
1624881600,7.475,7.485,7.455,7.485,1465708
1624885200,7.48,7.495,7.46,7.485,1656930
1624888800,7.48,7.485,7.43,7.45,3344344
1624892400,7.45,7.45,7.45,7.45,807244
1624946400,7.45,7.45,7.45,7.45,272592
1624950000,7.455,7.47,7.37,7.425,6694390
1624953600,7.42,7.43,7.39,7.41,3154190
1624957200,7.41,7.41,7.365,7.395,2827990
1624960800,7.39,7.415,7.39,7.415,1403776
1624964400,7.415,7.435,7.395,7.435,2267784
1624968000,7.435,7.46,7.425,7.425,2411668
1624971600,7.43,7.505,7.41,7.475,4259880
1624975200,7.475,7.49,7.445,7.49,3959298
1624978800,7.505,7.505,7.505,7.505,1039158
1625032800,7.475,7.475,7.475,7.475,203450
1625036400,7.48,7.495,7.455,7.46,4808272
1625040000,7.455,7.47,7.425,7.43,3082116
1625043600,7.435,7.44,7.4,7.42,3271394
1625047200,7.415,7.43,7.41,7.42,1629634
1625050800,7.425,7.425,7.39,7.405,3544912
1625054400,7.405,7.425,7.39,7.415,2946538
1625058000,7.41,7.42,7.405,7.41,2196528
1625061600,7.41,7.42,7.34,7.35,9111846
1625065200,7.355,7.36,7.355,7.36,1695428
1625119200,7.36,7.36,7.36,7.36,216930
1625122800,7.36,7.4,7.355,7.4,3854478
1625126400,7.4,7.41,7.375,7.38,2030238
1625130000,7.38,7.405,7.375,7.4,1544188
1625133600,7.4,7.4,7.37,7.375,1329090
1625137200,7.375,7.38,7.345,7.375,2058264
1625140800,7.375,7.39,7.365,7.38,1641100
1625144400,7.375,7.42,7.365,7.375,3286238
1625148000,7.375,7.435,7.37,7.425,4856256
1625151600,7.44,7.44,7.44,7.44,1077266
1625205600,7.415,7.415,7.415,7.415,202224
1625209200,7.425,7.44,7.405,7.415,4793902
1625212800,7.415,7.42,7.38,7.39,2449474
1625216400,7.385,7.395,7.37,7.375,2175402
1625220000,7.375,7.375,7.355,7.365,1770052
1625223600,7.365,7.375,7.36,7.37,986300
1625227200,7.37,7.375,7.35,7.37,3061188
1625230800,7.37,7.405,7.365,7.375,5266618
1625234400,7.375,7.385,7.36,7.365,3946552
1625238000,7.365,7.365,7.365,7.365,1161064
1625464800,7.37,7.37,7.37,7.37,267250
1625468400,7.37,7.44,7.355,7.43,7250174
1625472000,7.425,7.475,7.415,7.46,6512758
1625475600,7.46,7.5,7.45,7.47,5083966
1625479200,7.47,7.48,7.46,7.46,1514612
1625482800,7.46,7.465,7.45,7.46,1382740
1625486400,7.46,7.47,7.445,7.45,1246274
1625490000,7.45,7.47,7.45,7.465,1345852
1625493600,7.465,7.53,7.46,7.525,5572378
1625497200,7.515,7.515,7.515,7.515,1029602
1625551200,7.495,7.495,7.495,7.495,309404
1625554800,7.495,7.54,7.47,7.485,6391406
1625558400,7.48,7.505,7.47,7.505,1724344
1625562000,7.5,7.51,7.47,7.475,2229230
1625565600,7.475,7.48,7.45,7.465,2483548
1625569200,7.47,7.475,7.455,7.47,1404482
1625572800,7.475,7.49,7.465,7.48,1714756
1625576400,7.48,7.48,7.44,7.445,2687150
1625580000,7.44,7.45,7.41,7.425,4173908
1625583600,7.41,7.41,7.41,7.41,1298248
1625637600,7.41,7.41,7.41,7.41,328536
1625641200,7.415,7.455,7.415,7.44,3562896
1625644800,7.44,7.445,7.425,7.435,1776446
1625648400,7.435,7.475,7.43,7.47,3096142
1625652000,7.475,7.485,7.455,7.46,2228598
1625655600,7.46,7.47,7.44,7.455,1764724
1625659200,7.455,7.455,7.43,7.445,2141766
1625662800,7.45,7.465,7.44,7.45,1638942
1625666400,7.45,7.455,7.42,7.44,3826796
1625670000,7.44,7.44,7.435,7.435,1051634
1625724000,7.42,7.42,7.42,7.42,215488
1625727600,7.425,7.45,7.4,7.415,3476906
1625731200,7.42,7.42,7.41,7.42,926034
1625734800,7.42,7.42,7.39,7.4,1931064
1625738400,7.4,7.4,7.375,7.38,1571554
1625742000,7.385,7.395,7.365,7.37,2144622
1625745600,7.375,7.39,7.365,7.39,1101880
1625749200,7.39,7.4,7.37,7.375,2063924
1625752800,7.375,7.39,7.37,7.37,2480716
1625756400,7.375,7.375,7.375,7.375,724534
1625810400,7.375,7.375,7.375,7.375,208664
1625814000,7.375,7.415,7.37,7.375,4643300
1625817600,7.37,7.375,7.34,7.365,2748626
1625821200,7.37,7.37,7.36,7.365,905478
1625824800,7.36,7.37,7.36,7.365,581590
1625828400,7.365,7.38,7.345,7.38,2178174
1625832000,7.385,7.41,7.375,7.395,2943978
1625835600,7.4,7.4,7.38,7.39,1185928
1625839200,7.39,7.405,7.38,7.385,1816968
1625842800,7.4,7.4,7.4,7.4,776684
1626069600,7.39,7.39,7.39,7.39,186242
1626073200,7.39,7.41,7.34,7.35,5141242
1626076800,7.35,7.365,7.34,7.355,1503614
1626080400,7.355,7.365,7.345,7.345,1208618
1626084000,7.345,7.35,7.33,7.335,1189188
1626087600,7.34,7.345,7.33,7.34,700288
1626091200,7.34,7.355,7.335,7.35,1205532
1626094800,7.355,7.36,7.19,7.195,7724820
1626098400,7.195,7.27,7.18,7.195,10270446
1626102000,7.21,7.21,7.21,7.21,1078080
1626156000,7.22,7.22,7.22,7.22,219098
1626159600,7.225,7.255,7.145,7.15,5919906
1626163200,7.145,7.165,7.125,7.155,2924884
1626166800,7.15,7.175,7.145,7.17,1482684
1626170400,7.17,7.19,7.165,7.185,1440040
1626174000,7.185,7.185,7.15,7.155,1824114
1626177600,7.15,7.17,7.135,7.135,1321054
1626181200,7.135,7.15,7.115,7.13,1688138
1626184800,7.13,7.15,7.105,7.12,3927480
1626188400,7.11,7.11,7.11,7.11,1209724
1626242400,7.11,7.11,7.11,7.11,292640
1626246000,7.115,7.22,7.115,7.205,5797844
1626249600,7.21,7.23,7.185,7.185,1496392
1626253200,7.19,7.21,7.185,7.195,1008876
1626256800,7.195,7.215,7.19,7.205,521958
1626260400,7.21,7.23,7.18,7.195,1832502
1626264000,7.2,7.205,7.175,7.195,1505072
1626267600,7.19,7.2,7.18,7.195,798580
1626271200,7.195,7.255,7.19,7.22,3007480
1626274800,7.22,7.24,7.22,7.24,476108
1626415200,7.22,7.22,7.22,7.22,182152
1626418800,7.23,7.305,7.225,7.3,4597914
1626422400,7.3,7.305,7.25,7.255,2120400
1626426000,7.255,7.26,7.235,7.24,1470578
1626429600,7.24,7.24,7.19,7.205,1652864
1626433200,7.2,7.215,7.19,7.2,1376150
1626436800,7.2,7.225,7.19,7.21,1115492
1626440400,7.205,7.21,7.18,7.19,1246528
1626444000,7.195,7.22,7.16,7.21,4392884
1626447600,7.23,7.23,7.23,7.23,847600
1626674400,7.155,7.155,7.155,7.155,149284
1626678000,7.155,7.26,7.15,7.205,5723348
1626681600,7.21,7.235,7.195,7.215,2683354
1626685200,7.215,7.255,7.21,7.23,1734060
1627279200,7.21,7.21,7.21,7.21,267262
1627282800,7.21,7.305,7.21,7.245,5875042
1627286400,7.25,7.255,7.19,7.21,3189198
1627290000,7.21,7.25,7.19,7.225,2174684
1627293600,7.225,7.255,7.215,7.24,1447180
1627297200,7.24,7.24,7.195,7.205,1479098
1627300800,7.21,7.25,7.205,7.25,2536254
1627304400,7.245,7.275,7.23,7.235,2782636
1627308000,7.235,7.295,7.225,7.28,4168242
1627311600,7.285,7.285,7.285,7.285,851918
1627365600,7.27,7.27,7.27,7.27,173764
1627369200,7.27,7.345,7.255,7.275,7610526
1627372800,7.27,7.29,7.255,7.275,2033204
1627376400,7.27,7.315,7.27,7.295,2540416
1627380000,7.295,7.335,7.295,7.31,2028694
1627383600,7.315,7.37,7.31,7.365,5192576
1627387200,7.37,7.38,7.35,7.37,3282466
1627390800,7.37,7.405,7.365,7.365,3203020
1627394400,7.365,7.425,7.365,7.39,5397056
1627398000,7.39,7.39,7.38,7.38,1272450
1627452000,7.375,7.375,7.375,7.375,196292
1627455600,7.375,7.455,7.34,7.42,11054948
1627459200,7.42,7.425,7.37,7.38,3571342
1627462800,7.38,7.41,7.375,7.4,2069594
1627466400,7.4,7.42,7.385,7.39,3242298
1627470000,7.39,7.45,7.385,7.42,4570214
1627473600,7.425,7.475,7.415,7.45,8833102
1627477200,7.445,7.46,7.425,7.43,3267502
1627480800,7.435,7.435,7.41,7.43,2616066
1627484400,7.43,7.43,7.43,7.43,636286
1627538400,7.465,7.465,7.465,7.465,322764
1627542000,7.465,7.54,7.465,7.49,10497924
1627545600,7.485,7.535,7.48,7.525,5773540
1627549200,7.525,7.55,7.515,7.54,3890580
1627552800,7.535,7.56,7.525,7.55,6398120
1627556400,7.55,7.58,7.535,7.555,8415286
1627560000,7.555,7.585,7.535,7.58,6415240
1627563600,7.58,7.665,7.58,7.665,17268634
1627567200,7.66,7.675,7.61,7.62,7670466
1627570800,7.63,7.63,7.63,7.63,1347048
1627624800,7.6,7.6,7.6,7.6,277750
1627628400,7.6,7.73,7.6,7.705,19219678
1627632000,7.705,7.725,7.675,7.695,6417442
1627635600,7.695,7.76,7.685,7.735,8314912
1627639200,7.74,7.77,7.73,7.735,7455632
1627642800,7.735,7.735,7.68,7.7,4335862
1627646400,7.7,7.73,7.69,7.705,3314654
1627650000,7.7,7.725,7.695,7.725,3155346
1627653600,7.725,7.765,7.71,7.765,8862500
1627657200,7.755,7.755,7.755,7.755,2379128
1627884000,7.78,7.78,7.78,7.78,723848
1627887600,7.78,7.875,7.775,7.805,15101082
1627891200,7.805,7.91,7.8,7.895,9920582
1627894800,7.895,8.005,7.895,7.975,29385060
1627898400,7.975,7.995,7.945,7.95,5649094
1627902000,7.95,8,7.94,7.97,8802046
1627905600,7.97,7.98,7.95,7.975,4309974
1627909200,7.975,8,7.965,7.975,4666134
1627912800,7.975,8.03,7.96,8.02,20826346
1627916400,8.02,8.02,8.02,8.02,1470038
1627970400,8.005,8.005,8.005,8.005,359146
1627974000,8.005,8.065,7.93,8.015,32305362
1627977600,8.015,8.03,7.97,7.995,6162868
1627981200,8,8.025,7.965,8.01,4659504
1627984800,8.01,8.025,7.995,8.005,2504252
1627988400,8.005,8.01,7.97,7.99,2751270
1627992000,7.995,8.05,7.975,8.03,6869670
1627995600,8.03,8.075,8.01,8.055,17373030
1627999200,8.06,8.09,8.045,8.09,15162654
1628002800,8.09,8.09,8.09,8.09,2152554
1628056800,8.09,8.09,8.09,8.09,449206
1628060400,8.09,8.1,8.035,8.05,8497358
1628064000,8.055,8.075,8.045,8.045,2429660
1628067600,8.05,8.065,8.02,8.045,3820344
1628071200,8.045,8.05,7.995,8.005,3783340
1628074800,8,8.01,7.975,8,4942810
1628078400,7.995,8.01,7.975,8.005,2402602
1628082000,8,8.035,7.99,8,2817044
1628085600,8,8.005,7.925,7.935,5499232
1628089200,7.935,7.94,7.935,7.94,1252252
1628143200,7.9,7.9,7.9,7.9,308186
1628146800,7.9,8.06,7.89,8.025,16748578
1628150400,8.025,8.035,8,8.015,2595502
1628154000,8.02,8.05,8.005,8.035,2246606
1628157600,8.035,8.04,8.02,8.03,1730684
1628161200,8.03,8.035,8.015,8.025,2692548
1628164800,8.02,8.03,7.94,7.98,3435938
1628168400,7.98,8.04,7.96,7.99,7054094
1628172000,7.995,8.04,7.99,8.03,5816350
1628175600,8.02,8.02,8.02,8.02,1120082
1628229600,8,8,8,8,187608
1628233200,8.005,8.055,8,8.015,7002094
1628236800,8.015,8.025,7.985,8.005,1633756
1628240400,8,8.01,7.96,7.985,2357634
1628244000,7.98,7.995,7.96,7.975,1501412
1628247600,7.97,7.99,7.965,7.965,1362762
1628251200,7.97,7.985,7.915,7.94,4256154
1628254800,7.94,8.01,7.925,8.01,3689620
1628258400,8.01,8.03,7.98,8,5331058
1628262000,7.985,7.985,7.985,7.985,1118328
1628488800,7.99,7.99,7.99,7.99,250838
1628492400,7.985,8.05,7.975,8.005,12943038
1628496000,8.005,8.015,7.99,8,2054348
1628499600,7.995,8,7.975,8,1696566
1628503200,8,8,7.945,7.97,3022214
1628506800,7.97,7.985,7.94,7.96,3442448
1628510400,7.96,7.97,7.93,7.945,3238330
1628514000,7.945,7.96,7.93,7.95,958966
1628517600,7.955,7.965,7.915,7.92,3058302
1628521200,7.91,7.91,7.91,7.91,1556590
1628575200,7.92,7.92,7.92,7.92,292378
1628578800,7.92,7.98,7.915,7.945,5127302
1628582400,7.94,7.99,7.94,7.98,3000954
1628586000,7.98,8.005,7.94,7.94,3317530
1628589600,7.94,7.975,7.935,7.97,1440800
1628593200,7.97,8,7.97,7.985,2901120
1628596800,7.99,8.005,7.98,8,2241286
1628600400,8,8.025,7.975,7.985,3335202
1628604000,7.98,7.995,7.955,7.955,2604856
1628607600,7.95,7.95,7.95,7.95,1903524
1628661600,7.955,7.955,7.955,7.955,539928
1628665200,7.96,7.985,7.795,7.81,15722626
1628668800,7.81,7.82,7.775,7.815,4323174
1628672400,7.81,7.815,7.755,7.765,3091212
1628676000,7.765,7.77,7.735,7.745,3914162
1628679600,7.745,7.745,7.71,7.725,3893500
1628683200,7.725,7.755,7.685,7.73,4358650
1628686800,7.73,7.755,7.705,7.73,2658840
1628690400,7.725,7.735,7.645,7.655,7079002
1628694000,7.65,7.65,7.65,7.65,1586052
1628748000,7.715,7.715,7.715,7.715,405762
1628751600,7.715,7.76,7.69,7.72,7043496
1628755200,7.715,7.73,7.705,7.715,2035012
1628758800,7.715,7.715,7.685,7.705,1200884
1628762400,7.705,7.72,7.7,7.715,591696
1628766000,7.72,7.745,7.715,7.73,2885176
1628769600,7.735,7.765,7.725,7.75,2870932
1628773200,7.745,7.795,7.745,7.755,4295516
1628776800,7.75,7.765,7.735,7.755,2159152
1628780400,7.75,7.75,7.75,7.75,811722
1628834400,7.75,7.75,7.75,7.75,200956
1628838000,7.745,7.775,7.695,7.715,4376146
1628841600,7.71,7.765,7.71,7.745,2675154
1628845200,7.745,7.755,7.725,7.74,1021372
1628848800,7.74,7.745,7.72,7.73,954040
1628852400,7.735,7.74,7.715,7.725,998828
1628856000,7.72,7.74,7.705,7.73,903552
1628859600,7.73,7.74,7.72,7.725,1287202
1628863200,7.72,7.735,7.7,7.73,2567536
1628866800,7.725,7.725,7.725,7.725,887498
1629093600,7.725,7.725,7.725,7.725,198422
1629097200,7.73,7.82,7.73,7.76,5374658
1629100800,7.76,7.785,7.755,7.78,2084988
1629104400,7.78,7.78,7.755,7.76,1591388
1629108000,7.76,7.76,7.73,7.74,2659856
1629111600,7.745,7.76,7.735,7.75,973114
1629115200,7.75,7.75,7.705,7.72,2452286
1629118800,7.72,7.72,7.69,7.7,2097860
1629122400,7.7,7.72,7.695,7.715,2923106
1629126000,7.715,7.715,7.715,7.715,771906
1629180000,7.715,7.715,7.715,7.715,218884
1629183600,7.715,7.725,7.63,7.645,5769958
1629187200,7.645,7.675,7.64,7.67,1905696
1629190800,7.665,7.675,7.65,7.655,1327682
1629194400,7.65,7.67,7.65,7.67,1015800
1629198000,7.67,7.675,7.645,7.65,1099340
1629201600,7.655,7.69,7.645,7.675,3164400
1629205200,7.68,7.685,7.645,7.66,2209630
1629208800,7.66,7.715,7.66,7.71,6174338
1629212400,7.715,7.715,7.715,7.715,1073702
1629266400,7.735,7.735,7.735,7.735,227912
1629270000,7.735,7.75,7.675,7.69,5724184
1629273600,7.685,7.69,7.66,7.665,2653018
1629277200,7.665,7.68,7.665,7.67,820484
1629280800,7.665,7.69,7.66,7.685,1223520
1629284400,7.685,7.695,7.635,7.64,2619562
1629288000,7.645,7.655,7.63,7.645,1923748
1629291600,7.645,7.665,7.635,7.665,1462710
1629295200,7.66,7.67,7.64,7.645,4314924
1629298800,7.63,7.63,7.63,7.63,1583982
1629352800,7.575,7.575,7.575,7.575,315406
1629356400,7.58,7.67,7.575,7.615,7118166
1629360000,7.61,7.64,7.585,7.615,3514826
1629363600,7.615,7.66,7.605,7.645,6146852
1629367200,7.64,7.645,7.61,7.615,1869940
1629370800,7.615,7.64,7.605,7.62,1226404
1629374400,7.62,7.64,7.59,7.6,2523598
1629378000,7.6,7.65,7.595,7.65,1959870
1629381600,7.65,7.68,7.635,7.645,5208974
1629385200,7.64,7.64,7.64,7.64,751392
1629439200,7.64,7.64,7.64,7.64,260410
1629442800,7.64,7.67,7.615,7.62,4892496
1629446400,7.62,7.64,7.615,7.635,1373666
1629450000,7.64,7.64,7.6,7.615,1441158
1629453600,7.61,7.625,7.605,7.625,1347656
1629457200,7.62,7.625,7.59,7.6,1456166
1629460800,7.6,7.61,7.585,7.6,1624498
1629464400,7.6,7.65,7.6,7.635,3437000
1629468000,7.64,7.69,7.64,7.685,4931116
1629471600,7.69,7.69,7.69,7.69,703708
1629698400,7.72,7.72,7.72,7.72,365972
1629702000,7.72,7.84,7.715,7.835,11291408
1629705600,7.835,7.865,7.83,7.86,7311022
1629709200,7.86,7.86,7.835,7.845,1580046
1629712800,7.845,7.855,7.83,7.84,1757834
1629716400,7.835,7.875,7.835,7.87,3225946
1629720000,7.865,7.88,7.845,7.85,2253392
1629723600,7.85,7.865,7.84,7.855,1057384
1629727200,7.855,7.855,7.81,7.835,3207950
1629730800,7.815,7.815,7.815,7.815,1208268
1629784800,7.825,7.825,7.825,7.825,478964
1629788400,7.83,7.87,7.81,7.85,6678556
1629792000,7.845,7.85,7.81,7.82,2487720
1629795600,7.82,7.845,7.815,7.825,1982688
1629799200,7.825,7.845,7.82,7.84,982392
1629802800,7.84,7.885,7.84,7.875,4249876
1629806400,7.875,7.885,7.845,7.86,2288672
1629810000,7.86,7.88,7.84,7.86,3155020
1629813600,7.86,7.87,7.815,7.82,2801464
1629817200,7.83,7.83,7.83,7.83,933728
1629871200,7.83,7.83,7.83,7.83,267376
1629874800,7.83,7.96,7.83,7.94,16655216
1629878400,7.935,7.97,7.92,7.92,7354734
1629882000,7.92,7.925,7.865,7.865,4840554
1629885600,7.865,7.875,7.85,7.86,2288664
1629889200,7.86,7.875,7.85,7.86,1891648
1629892800,7.865,7.87,7.775,7.8,6750884
1629896400,7.8,7.85,7.785,7.835,3121148
1629900000,7.84,7.89,7.835,7.875,7392870
1629903600,7.865,7.865,7.865,7.865,1524188
1629957600,7.865,7.865,7.865,7.865,228568
1629961200,7.865,7.965,7.865,7.955,11905906
1629964800,7.96,8.005,7.93,7.94,12937658
1629968400,7.94,7.965,7.92,7.945,4999574
1629972000,7.945,7.955,7.935,7.95,1166422
1629975600,7.945,7.97,7.94,7.94,1341464
1629979200,7.945,7.96,7.905,7.915,2153796
1629982800,7.915,7.92,7.825,7.84,6739650
1629986400,7.845,7.865,7.82,7.85,5687702
1629990000,7.84,7.84,7.84,7.84,1270200
1630044000,7.87,7.87,7.87,7.87,363994
1630047600,7.875,7.94,7.835,7.85,13201848
1630051200,7.85,7.87,7.835,7.845,2659966
1630054800,7.845,7.865,7.825,7.84,2252074
1630058400,7.835,7.86,7.835,7.855,1388624
1630062000,7.85,7.895,7.85,7.885,3533882
1630065600,7.885,7.91,7.875,7.885,4080832
1630069200,7.885,7.94,7.885,7.915,5221678
1630072800,7.915,7.945,7.88,7.895,6227882
1630076400,7.905,7.905,7.905,7.905,1123194
1630389600,7.93,7.93,7.93,7.93,423218
1630393200,7.935,7.99,7.925,7.93,8606608
1630396800,7.935,7.945,7.915,7.925,2482966
1630400400,7.92,7.93,7.9,7.92,2110118
1630404000,7.92,7.925,7.875,7.89,2775576
1630407600,7.89,7.91,7.885,7.9,1059104
1630411200,7.895,7.9,7.885,7.89,715882
1630414800,7.895,7.95,7.885,7.94,3746490
1630418400,7.94,7.96,7.935,7.955,6783280
1630422000,7.945,7.945,7.945,7.945,3282554
1630476000,7.97,7.97,7.97,7.97,469482
1630479600,7.97,7.985,7.885,7.905,11146348
1630483200,7.905,7.915,7.89,7.905,3986160
1630486800,7.91,7.915,7.9,7.91,1685452
1630490400,7.91,7.915,7.895,7.9,1469066
1630494000,7.9,7.9,7.855,7.875,5292824
1630497600,7.875,7.885,7.865,7.87,1745748
1630501200,7.865,7.885,7.865,7.88,1794026
1630504800,7.875,7.885,7.85,7.855,4260048
1630508400,7.855,7.855,7.855,7.855,1796846
1630562400,7.85,7.85,7.85,7.85,289166
1630566000,7.85,7.905,7.845,7.89,6656260
1630569600,7.885,7.905,7.87,7.885,2483166
1630573200,7.885,7.89,7.88,7.885,786986
1630576800,7.885,7.89,7.88,7.885,758530
1630580400,7.885,7.905,7.88,7.885,1768732
1630584000,7.88,7.895,7.88,7.895,832150
1630587600,7.89,7.905,7.885,7.89,2307724
1630591200,7.89,7.89,7.86,7.87,3827420
1630594800,7.87,7.87,7.865,7.865,972226
1630648800,7.865,7.865,7.865,7.865,183926
1630652400,7.87,7.88,7.825,7.84,5338044
1630656000,7.835,7.835,7.78,7.8,4499088
1630659600,7.8,7.815,7.79,7.805,2427934
1630663200,7.8,7.815,7.795,7.805,885954
1630666800,7.805,7.83,7.795,7.81,1425276
1630670400,7.81,7.86,7.805,7.855,3169726
1630674000,7.855,7.875,7.84,7.86,2653374
1630677600,7.855,7.87,7.825,7.835,2848698
1630681200,7.85,7.85,7.85,7.85,580418
1630908000,7.86,7.86,7.86,7.86,232388
1630911600,7.865,7.88,7.845,7.865,3920180
1630915200,7.865,7.88,7.85,7.85,2125560
1630918800,7.85,7.855,7.835,7.84,1436316
1630922400,7.84,7.855,7.825,7.84,2347704
1630926000,7.845,7.85,7.83,7.835,781192
1630929600,7.83,7.845,7.825,7.835,1101552
1630933200,7.835,7.855,7.83,7.845,1061928
1630936800,7.845,7.85,7.83,7.84,2102262
1630940400,7.845,7.845,7.845,7.845,462256
1630994400,7.84,7.84,7.84,7.84,188716
1630998000,7.84,7.865,7.81,7.815,5085268
1631001600,7.81,7.815,7.8,7.805,1701796
1631005200,7.81,7.81,7.795,7.795,977124
1631008800,7.795,7.81,7.77,7.785,2043804
1631012400,7.785,7.81,7.77,7.8,1783478
1631016000,7.805,7.805,7.79,7.79,874548
1631019600,7.79,7.8,7.765,7.785,1272830
1631023200,7.78,7.785,7.7,7.705,5792712
1631026800,7.705,7.705,7.7,7.7,972166
1631080800,7.7,7.7,7.7,7.7,223228
1631084400,7.7,7.72,7.65,7.655,4968266
1631088000,7.66,7.675,7.635,7.67,2844198
1631091600,7.665,7.68,7.65,7.67,1423438
1631095200,7.67,7.685,7.66,7.68,1245294
1631098800,7.68,7.705,7.67,7.685,1538110
1631102400,7.685,7.705,7.67,7.685,1525690
1631106000,7.685,7.705,7.67,7.695,1685146
1631109600,7.7,7.705,7.585,7.59,5313750
1631113200,7.59,7.59,7.59,7.59,1003322
1631167200,7.585,7.585,7.585,7.585,314128
1631170800,7.585,7.61,7.545,7.575,6174506
1631174400,7.57,7.61,7.565,7.6,4112346
1631178000,7.6,7.63,7.585,7.62,2070714
1631181600,7.615,7.625,7.59,7.605,1050070
1631185200,7.61,7.645,7.605,7.64,2587796
1631188800,7.645,7.645,7.59,7.605,2154040
1631192400,7.605,7.645,7.595,7.64,2292630
1631196000,7.64,7.655,7.62,7.65,2800758
1631199600,7.665,7.665,7.665,7.665,747600
1631253600,7.68,7.68,7.68,7.68,179174
1631257200,7.685,7.7,7.63,7.64,4024118
1631260800,7.64,7.655,7.635,7.64,1235906
1631264400,7.64,7.645,7.615,7.62,1410352
1631268000,7.615,7.635,7.605,7.615,1556316
1631271600,7.615,7.615,7.58,7.595,2953640
1631275200,7.595,7.595,7.575,7.585,1734700
1631278800,7.59,7.6,7.57,7.575,2181300
1631282400,7.575,7.585,7.55,7.56,3594984
1631286000,7.56,7.56,7.56,7.56,897112
1631512800,7.56,7.56,7.56,7.56,230996
1631516400,7.565,7.61,7.56,7.59,4566376
1631520000,7.59,7.59,7.565,7.575,1227210
1631523600,7.575,7.605,7.57,7.585,1776838
1631527200,7.585,7.6,7.58,7.585,1007232
1631530800,7.585,7.59,7.575,7.585,833172
1631534400,7.58,7.595,7.575,7.585,785868
1631538000,7.585,7.595,7.56,7.565,2494790
1631541600,7.565,7.57,7.535,7.545,2801622
1631545200,7.555,7.555,7.555,7.555,624086
1631599200,7.555,7.555,7.555,7.555,204928
1631602800,7.555,7.58,7.51,7.535,4373398
1631606400,7.535,7.54,7.515,7.52,1534038
1631610000,7.515,7.53,7.51,7.515,1202106
1631613600,7.52,7.53,7.495,7.525,2965356
1631617200,7.525,7.525,7.455,7.47,3874348
1631620800,7.47,7.535,7.455,7.52,4613376
1631624400,7.525,7.545,7.505,7.505,2189698
1631628000,7.51,7.515,7.47,7.49,4025820
1631631600,7.48,7.48,7.48,7.48,962864
1631685600,7.48,7.48,7.48,7.48,266196
1631689200,7.48,7.5,7.46,7.475,3823850
1631692800,7.475,7.495,7.47,7.48,1917978
1631696400,7.48,7.52,7.48,7.51,2715926
1631700000,7.515,7.53,7.49,7.495,1420216
1631703600,7.495,7.535,7.465,7.505,8003222
1631707200,7.5,7.515,7.42,7.43,7018644
1631710800,7.435,7.45,7.385,7.41,3808348
1631714400,7.41,7.425,7.39,7.405,4171130
1631718000,7.38,7.38,7.38,7.38,1689064
1631772000,7.4,7.4,7.4,7.4,313012
1631775600,7.405,7.46,7.405,7.43,5305420
1631779200,7.425,7.45,7.42,7.445,1642742
1631782800,7.44,7.45,7.385,7.405,2225298
1631786400,7.405,7.405,7.37,7.395,2021598
1631790000,7.395,7.405,7.37,7.375,1245642
1631793600,7.375,7.4,7.37,7.39,2097012
1631797200,7.385,7.39,7.345,7.355,2468896
1631800800,7.35,7.36,7.335,7.35,2842594
1631804400,7.355,7.355,7.355,7.355,654874
1631858400,7.375,7.375,7.375,7.375,199546
1631862000,7.38,7.4,7.365,7.39,3199086
1631865600,7.39,7.395,7.375,7.375,1225476
1631869200,7.375,7.38,7.34,7.365,2464606
1631872800,7.365,7.365,7.34,7.345,1110606
1631876400,7.345,7.36,7.34,7.35,1073584
1631880000,7.355,7.425,7.345,7.4,4634776
1631883600,7.4,7.42,7.395,7.405,1988526
1631887200,7.405,7.41,7.345,7.37,4471304
1631890800,7.43,7.43,7.43,7.43,2534760
1632117600,7.37,7.37,7.37,7.37,202906
1632121200,7.37,7.375,7.285,7.335,6578090
1632124800,7.33,7.33,7.3,7.33,2297100
1632128400,7.325,7.335,7.315,7.33,1017664
1632132000,7.33,7.33,7.305,7.315,939610
1632135600,7.315,7.315,7.235,7.245,3333582
1632139200,7.245,7.28,7.23,7.275,1681682
1632142800,7.275,7.315,7.26,7.305,2320824
1632146400,7.3,7.305,7.27,7.3,2742986
1632150000,7.49,7.49,7.49,7.49,2200792
1632204000,7.48,7.48,7.48,7.48,249850
1632207600,7.48,7.49,7.4,7.425,7539122
1632211200,7.425,7.445,7.415,7.425,2717830
1632214800,7.43,7.435,7.415,7.42,2109904
1632218400,7.425,7.445,7.415,7.425,1124342
1632222000,7.425,7.43,7.39,7.415,2440222
1632225600,7.41,7.51,7.4,7.42,9874926
1632229200,7.42,7.44,7.415,7.425,1291552
1632232800,7.425,7.43,7.36,7.385,5075556
1632236400,7.365,7.365,7.365,7.365,869998
1632290400,7.39,7.39,7.39,7.39,192242
1632294000,7.395,7.43,7.385,7.39,4125302
1632297600,7.39,7.4,7.39,7.395,1677802
1632301200,7.39,7.395,7.38,7.385,1385734
1632304800,7.385,7.39,7.35,7.355,1853948
1632308400,7.355,7.355,7.33,7.34,1972122
1632312000,7.345,7.375,7.335,7.37,898382
1632315600,7.375,7.415,7.365,7.4,1791610
1632319200,7.4,7.45,7.4,7.445,4703412
1632322800,7.45,7.45,7.45,7.45,771656
1632376800,7.42,7.42,7.42,7.42,197590
1632380400,7.43,7.52,7.43,7.51,8391264
1632384000,7.505,7.525,7.48,7.49,2024700
1632387600,7.49,7.52,7.49,7.505,1274196
1632391200,7.51,7.51,7.475,7.5,1350700
1632394800,7.505,7.505,7.41,7.435,7850724
1632398400,7.44,7.455,7.425,7.44,1185384
1632402000,7.445,7.475,7.425,7.475,2778856
1632405600,7.47,7.48,7.435,7.445,3164088
1632409200,7.45,7.45,7.45,7.45,1196664
1632463200,7.405,7.405,7.405,7.405,180814
1632466800,7.41,7.44,7.37,7.38,5136224
1632470400,7.375,7.405,7.365,7.4,2227812
1632474000,7.405,7.41,7.385,7.395,858596
1632477600,7.395,7.405,7.375,7.385,1104578
1632481200,7.38,7.39,7.335,7.34,2885008
1632484800,7.34,7.355,7.32,7.355,2310278
1632488400,7.355,7.375,7.33,7.345,1612024
1632492000,7.345,7.375,7.34,7.355,2202398
1632495600,7.35,7.355,7.34,7.34,1118524
1632722400,7.36,7.36,7.36,7.36,270666
1632726000,7.365,7.41,7.355,7.39,6018098
1632729600,7.385,7.39,7.375,7.38,1326526
1632733200,7.38,7.405,7.38,7.405,1499178
1632736800,7.405,7.405,7.365,7.37,1459754
1632740400,7.375,7.375,7.35,7.35,1271298
1632744000,7.355,7.355,7.32,7.34,2280800
1632747600,7.34,7.355,7.32,7.35,1584378
1632751200,7.345,7.39,7.34,7.36,3588372
1632754800,7.37,7.37,7.37,7.37,678222
1632808800,7.34,7.34,7.34,7.34,170024
1632812400,7.35,7.375,7.295,7.305,3913622
1632816000,7.305,7.325,7.295,7.315,1867886
1632819600,7.315,7.32,7.285,7.29,1494476
1632823200,7.29,7.3,7.27,7.295,1868194
1632826800,7.295,7.305,7.285,7.295,1409792
1632830400,7.29,7.315,7.285,7.295,1233104
1632834000,7.295,7.325,7.29,7.31,2163332
1632837600,7.31,7.325,7.3,7.32,2928734
1632841200,7.31,7.31,7.31,7.31,1252532
1632895200,7.345,7.345,7.345,7.345,215842
1632898800,7.35,7.365,7.325,7.36,4408112
1632902400,7.36,7.375,7.33,7.34,2263320
1632906000,7.345,7.365,7.335,7.35,1219424
1632909600,7.35,7.35,7.335,7.335,1019190
1632913200,7.335,7.365,7.325,7.35,1811478
1632916800,7.355,7.365,7.34,7.34,1402822
1632920400,7.34,7.37,7.325,7.365,2954686
1632924000,7.365,7.405,7.355,7.36,5830048
1632927600,7.375,7.375,7.375,7.375,769654
1632981600,7.375,7.375,7.375,7.375,192424
1632985200,7.38,7.39,7.35,7.365,3505984
1632988800,7.365,7.43,7.36,7.41,6101244
1632992400,7.41,7.45,7.405,7.445,4136260
1632996000,7.44,7.455,7.38,7.405,5714758
1632999600,7.405,7.47,7.395,7.46,6620242
1633003200,7.46,7.515,7.45,7.505,7569922
1633006800,7.51,7.57,7.48,7.555,11618174
1633010400,7.555,7.585,7.545,7.55,6242692
1633014000,7.55,7.57,7.55,7.57,1576122
1633068000,7.5,7.5,7.5,7.5,299182
1633071600,7.505,7.535,7.48,7.525,5897248
1633075200,7.52,7.61,7.5,7.57,9137114
1633078800,7.57,7.575,7.525,7.53,4180066
1633082400,7.53,7.56,7.515,7.555,3628454
1633086000,7.56,7.59,7.55,7.59,4727794
1633089600,7.59,7.6,7.56,7.565,5042806
1633093200,7.56,7.59,7.54,7.545,3670912
1633096800,7.55,7.56,7.52,7.525,2658466
1633100400,7.52,7.53,7.52,7.53,1101816
1633327200,7.545,7.545,7.545,7.545,420580
1633330800,7.545,7.635,7.545,7.63,11454244
1633334400,7.63,7.695,7.625,7.675,11541942
1633338000,7.675,7.685,7.645,7.655,3608366
1633341600,7.65,7.67,7.635,7.64,2857076
1633345200,7.645,7.655,7.635,7.64,2490248
1633348800,7.645,7.66,7.635,7.655,2874288
1633352400,7.66,7.69,7.65,7.67,4665762
1633356000,7.675,7.69,7.61,7.615,9247128
1633359600,7.61,7.61,7.61,7.61,1866008
1633413600,7.635,7.635,7.635,7.635,295924
1633417200,7.635,7.65,7.605,7.62,7162302
1633420800,7.615,7.62,7.555,7.56,5827914
1633424400,7.56,7.565,7.535,7.55,3586662
1633428000,7.545,7.55,7.535,7.535,1976224
1633431600,7.54,7.555,7.535,7.545,1751974
1633435200,7.54,7.55,7.525,7.545,2859994
1633438800,7.54,7.57,7.53,7.54,6284142
1633442400,7.54,7.57,7.53,7.54,5173548
1633446000,7.535,7.535,7.535,7.535,861090
1633500000,7.505,7.505,7.505,7.505,268340
1633503600,7.51,7.53,7.38,7.395,10250756
1633507200,7.39,7.395,7.345,7.365,6356576
1633510800,7.36,7.425,7.36,7.4,6645596
1633514400,7.395,7.445,7.385,7.41,4497008
1633518000,7.41,7.46,7.41,7.45,2684732
1633521600,7.45,7.465,7.435,7.44,2378532
1633525200,7.44,7.475,7.425,7.45,4529706
1633528800,7.45,7.465,7.415,7.425,5034612
1633532400,7.415,7.415,7.415,7.415,1249150
1633586400,7.455,7.455,7.455,7.455,233622
1633590000,7.46,7.605,7.46,7.6,18061138
1633593600,7.595,7.69,7.59,7.64,19262544
1633597200,7.645,7.73,7.645,7.72,18539766
1633600800,7.715,7.73,7.69,7.725,9080730
1633604400,7.725,7.75,7.705,7.71,14804044
1633608000,7.71,7.715,7.68,7.7,3689102
1633611600,7.7,7.75,7.69,7.74,5864920
1633615200,7.74,7.755,7.72,7.74,8132338
1633618800,7.74,7.755,7.74,7.755,1763038
1633672800,7.79,7.79,7.79,7.79,595416
1633676400,7.785,7.85,7.73,7.8,21785598
1633680000,7.795,7.81,7.765,7.8,6481988
1633683600,7.8,7.8,7.7,7.75,15271074
1633687200,7.75,7.8,7.745,7.765,14982966
1633690800,7.765,7.775,7.74,7.765,10688502
1633694400,7.765,7.77,7.73,7.765,12034800
1633698000,7.765,7.915,7.76,7.88,34870114
1633701600,7.88,7.92,7.84,7.88,23632584
1633705200,7.885,7.885,7.885,7.885,3335564
1633932000,7.915,7.915,7.915,7.915,608440
1633935600,7.915,7.955,7.87,7.94,17664986
1633939200,7.94,7.985,7.94,7.96,8312526
1633942800,7.965,7.975,7.925,7.93,9853708
1633946400,7.935,7.945,7.91,7.94,3406432
1633950000,7.94,7.96,7.92,7.94,4544930
1633953600,7.94,7.945,7.925,7.935,3867006
1633957200,7.94,7.97,7.93,7.945,8090358
1633960800,7.945,7.945,7.905,7.92,7157526
1633964400,7.92,7.92,7.91,7.91,2433438
1634018400,7.85,7.85,7.85,7.85,416826
1634022000,7.855,7.985,7.85,7.96,13468964
1634025600,7.965,8.015,7.94,7.985,20691118
1634029200,7.985,7.99,7.97,7.975,2498902
1634032800,7.975,8.07,7.97,8.055,21009042
1634036400,8.055,8.165,8.035,8.16,35939812
1634040000,8.155,8.26,8.15,8.25,42316090
1634043600,8.245,8.255,8.205,8.215,12578056
1634047200,8.21,8.225,8.145,8.175,17826846
1634050800,8.17,8.17,8.17,8.17,2303612
1634104800,8.195,8.195,8.195,8.195,432436
1634108400,8.195,8.275,8.16,8.175,25620652
1634112000,8.175,8.27,8.17,8.265,17354564
1634115600,8.265,8.27,8.225,8.23,8574732
1634119200,8.235,8.265,8.225,8.23,8236174
1634122800,8.23,8.275,8.215,8.26,11923228
1634126400,8.265,8.325,8.255,8.265,51582704
1634130000,8.26,8.28,8.21,8.225,14417054
1634133600,8.22,8.225,8.125,8.13,29283102
1634137200,8.135,8.15,8.135,8.15,2715616
1634191200,8.155,8.155,8.155,8.155,679478
1634194800,8.16,8.22,8.155,8.195,14945844
1634198400,8.195,8.355,8.195,8.335,38382452
1634202000,8.335,8.345,8.285,8.295,20335848
1634205600,8.295,8.295,8.215,8.24,17430040
1634209200,8.24,8.275,8.23,8.27,7171958
1634212800,8.27,8.315,8.235,8.305,12253496
1634216400,8.31,8.315,8.275,8.28,9513284
1634220000,8.285,8.325,8.24,8.265,18433356
1634223600,8.285,8.285,8.285,8.285,1924396
1634277600,8.315,8.315,8.315,8.315,630612
1634281200,8.32,8.34,8.26,8.265,22121394
1634284800,8.265,8.31,8.245,8.31,9929998
1634288400,8.31,8.32,8.285,8.305,5131612
1634292000,8.305,8.305,8.245,8.26,5825914
1634295600,8.265,8.275,8.235,8.25,4436118
1634299200,8.25,8.25,8.155,8.155,12953198
1634302800,8.155,8.245,8.14,8.24,9820606
1634306400,8.24,8.29,8.235,8.255,12978620
1634310000,8.245,8.245,8.245,8.245,2814730
1634536800,8.2,8.2,8.2,8.2,691198
1634540400,8.205,8.23,8.07,8.075,21420230
1634544000,8.075,8.105,8.02,8.09,20999252
1634547600,8.09,8.09,8.055,8.055,4538738
1634551200,8.055,8.07,8.03,8.065,5106644
1634554800,8.065,8.135,8.065,8.12,13403492
1634558400,8.115,8.13,8.09,8.115,5969596
1634562000,8.115,8.14,8.11,8.14,4510650
1634565600,8.135,8.175,8.125,8.14,10132804
1634569200,8.14,8.14,8.135,8.135,3095166
1634623200,8.15,8.15,8.15,8.15,839106
1634626800,8.155,8.275,8.155,8.21,23591386
1634630400,8.205,8.22,8.19,8.2,4246880
1634634000,8.2,8.215,8.175,8.205,4202146
1634637600,8.205,8.205,8.175,8.175,2774360
1634641200,8.18,8.22,8.17,8.21,4771056
1634644800,8.205,8.235,8.2,8.205,5453640
1634648400,8.21,8.23,8.195,8.2,3421724
1634652000,8.2,8.22,8.175,8.21,7489148
1634655600,8.2,8.2,8.2,8.2,2153006
1634709600,8.22,8.22,8.22,8.22,303816
1634713200,8.22,8.22,8.125,8.135,7969246
1634716800,8.13,8.15,8.115,8.135,5703430
1634720400,8.135,8.145,8.12,8.125,2553236
1634724000,8.125,8.15,8.12,8.14,2898852
1634727600,8.14,8.225,8.14,8.21,22599824
1634731200,8.215,8.25,8.215,8.24,16836490
1634734800,8.24,8.255,8.225,8.235,13795560
1634738400,8.235,8.245,8.13,8.145,17313276
1634742000,8.145,8.15,8.145,8.15,1964702
1634796000,8.14,8.14,8.14,8.14,245112
1634799600,8.14,8.25,8.13,8.245,12531092
1634803200,8.24,8.245,8.205,8.21,6451914
1634806800,8.21,8.225,8.2,8.21,2503918
1634810400,8.21,8.235,8.185,8.225,4690224
1634814000,8.225,8.24,8.105,8.15,16819346
1634817600,8.15,8.22,8.13,8.21,8828702
1634821200,8.21,8.265,8.19,8.26,11248366
1634824800,8.26,8.32,8.215,8.305,21749152
1634828400,8.305,8.305,8.305,8.305,2237246
1634882400,8.305,8.305,8.305,8.305,362528
1634886000,8.31,8.45,8.265,8.44,28967116
1634889600,8.44,8.455,8.41,8.445,8657394
1634893200,8.445,8.445,8.365,8.395,7373322
1634896800,8.395,8.4,8.34,8.365,8017758
1634900400,8.37,8.375,8.335,8.36,5937322
1634904000,8.36,8.375,8.32,8.345,10483750
1634907600,8.345,8.385,8.345,8.37,10372788
1634911200,8.37,8.405,8.33,8.34,16106610
1634914800,8.35,8.35,8.35,8.35,1936054
1635141600,8.25,8.25,8.25,8.25,645992
1635145200,8.265,8.405,8.265,8.33,17036870
1635148800,8.33,8.375,8.32,8.345,9221108
1635152400,8.35,8.36,8.315,8.32,3884880
1635156000,8.32,8.325,8.28,8.325,5121344
1635159600,8.325,8.355,8.325,8.345,5978570
1635163200,8.345,8.385,8.335,8.34,9298534
1635166800,8.34,8.405,8.34,8.395,16018810
1635170400,8.4,8.4,8.33,8.34,10359932
1635174000,8.34,8.34,8.34,8.34,1667344
1635228000,8.375,8.375,8.375,8.375,318030
1635231600,8.375,8.54,8.375,8.52,30844682
1635235200,8.515,8.545,8.49,8.545,10340412
1635238800,8.545,8.575,8.535,8.54,9998266
1635242400,8.545,8.55,8.515,8.54,3960534
1635246000,8.545,8.545,8.515,8.515,2797540
1635249600,8.515,8.525,8.495,8.515,4272570
1635253200,8.515,8.52,8.48,8.515,4505660
1635256800,8.51,8.545,8.47,8.48,12848432
1635260400,8.485,8.485,8.485,8.485,1471254
1635314400,8.27,8.27,8.27,8.27,1800500
1635318000,8.27,8.3,8.18,8.225,53141556
1635321600,8.225,8.24,8.19,8.2,12032326
1635325200,8.195,8.23,8.185,8.23,8760322
1635328800,8.23,8.26,8.225,8.235,10327444
1635332400,8.235,8.25,8.225,8.25,3883250
1635336000,8.25,8.28,8.235,8.27,8549960
1635339600,8.265,8.275,8.245,8.255,4610476
1635343200,8.255,8.26,8.225,8.24,15891616
1635346800,8.24,8.24,8.24,8.24,2764064
1635400800,8.245,8.245,8.245,8.245,335514
1635404400,8.24,8.27,8.225,8.255,10321920
1635408000,8.25,8.255,8.23,8.23,4909848
1635411600,8.23,8.245,8.215,8.215,5981830
1635746400,8.24,8.24,8.24,8.24,463494
1635750000,8.245,8.27,8.185,8.24,12623560
1635753600,8.235,8.285,8.235,8.28,10258594
1635757200,8.285,8.315,8.26,8.265,13894200
1635760800,8.26,8.275,8.25,8.275,2206494
1635764400,8.275,8.28,8.26,8.26,2441548
1635768000,8.265,8.275,8.255,8.265,1478736
1635771600,8.265,8.285,8.265,8.275,3512128
1635775200,8.275,8.28,8.235,8.245,6771004
1635778800,8.24,8.24,8.24,8.24,1496056
1635832800,8.23,8.23,8.23,8.23,184632
1635836400,8.235,8.285,8.23,8.265,6588596
1635840000,8.26,8.265,8.22,8.235,2905676
1635843600,8.235,8.24,8.225,8.235,952512
1635847200,8.23,8.24,8.22,8.225,1520842
1635850800,8.225,8.23,8.155,8.155,4891268
1635854400,8.155,8.19,8.145,8.18,4779206
1635858000,8.185,8.185,8.16,8.175,2946202
1635861600,8.175,8.23,8.16,8.175,7367946
1635865200,8.16,8.16,8.16,8.16,1087676
1635919200,8.16,8.16,8.16,8.16,206950
1635922800,8.16,8.265,8.14,8.23,11407526
1635926400,8.225,8.255,8.21,8.25,4768352
1635930000,8.25,8.25,7.945,7.965,15450238
1635933600,7.965,8.11,7.765,8.095,20271488
1635937200,8.095,8.13,8.07,8.09,5059198
1635940800,8.09,8.105,8.065,8.1,3909812
1635944400,8.1,8.1,8.07,8.095,2283352
1635948000,8.095,8.135,8.075,8.12,5909048
1635951600,8.125,8.125,8.12,8.12,1788446
1636005600,8.2,8.2,8.2,8.2,519836
1636009200,8.2,8.235,8.17,8.185,9900752
1636012800,8.185,8.195,8.155,8.17,4826138
1636016400,8.17,8.185,8.165,8.17,2637144
1636020000,8.175,8.24,8.165,8.22,7857590
1636023600,8.22,8.22,8.18,8.185,4255936
1636027200,8.19,8.195,8.175,8.19,3393030
1636030800,8.185,8.29,8.18,8.275,26810022
1636034400,8.275,8.35,8.255,8.345,25016316
1636038000,8.34,8.34,8.34,8.34,2480928
1636092000,8.365,8.365,8.365,8.365,850424
1636095600,8.365,8.405,8.325,8.39,23141714
1636099200,8.39,8.42,8.315,8.325,13334052
1636102800,8.325,8.33,8.285,8.325,6466760
1636106400,8.325,8.35,8.3,8.345,5191568
1636110000,8.345,8.38,8.335,8.36,6667846
1636113600,8.36,8.405,8.335,8.39,7451946
1636117200,8.385,8.405,8.345,8.385,8798164
1636120800,8.385,8.42,8.37,8.38,15032474
1636124400,8.36,8.36,8.36,8.36,3080586
1636351200,8.37,8.37,8.37,8.37,356962
1636354800,8.375,8.535,8.375,8.5,33372824
1636358400,8.5,8.56,8.49,8.495,25809208
1636362000,8.495,8.51,8.485,8.49,5891200
1636365600,8.49,8.5,8.45,8.47,6285284
1636369200,8.47,8.49,8.44,8.45,8758650
1636372800,8.45,8.48,8.44,8.46,3974942
1636376400,8.46,8.525,8.46,8.505,15478464
1636380000,8.505,8.52,8.46,8.475,13154778
1636383600,8.46,8.46,8.46,8.46,3077876
1636437600,8.48,8.48,8.48,8.48,327780
1636441200,8.48,8.59,8.46,8.56,25609856
1636444800,8.565,8.645,8.555,8.635,21306124
1636448400,8.635,8.68,8.63,8.64,17120370
1636452000,8.64,8.66,8.615,8.645,8427346
1636455600,8.645,8.645,8.605,8.61,6733984
1636459200,8.61,8.66,8.57,8.63,13315906
1636462800,8.625,8.695,8.62,8.66,16047326
1636466400,8.655,8.685,8.6,8.61,11662034
1636470000,8.61,8.61,8.6,8.6,1463026
1636524000,8.605,8.605,8.605,8.605,526492
1636527600,8.605,8.64,8.575,8.6,12817276
1636531200,8.61,8.62,8.49,8.535,14074966
1636534800,8.53,8.535,8.45,8.49,9023758
1636538400,8.49,8.51,8.46,8.495,3794998
1636542000,8.5,8.53,8.495,8.53,5005592
1636545600,8.53,8.555,8.525,8.54,7144856
1636549200,8.545,8.6,8.515,8.59,16851984
1636552800,8.59,8.6,8.53,8.545,11667978
1636556400,8.54,8.54,8.54,8.54,1340138
1636610400,8.525,8.525,8.525,8.525,358150
1636614000,8.53,8.65,8.525,8.635,21813078
1636617600,8.64,8.73,8.635,8.68,27521220
1636621200,8.68,8.705,8.645,8.685,7966282
1636624800,8.685,8.695,8.64,8.66,8349470
1636628400,8.655,8.68,8.635,8.675,8013824
1636632000,8.675,8.69,8.66,8.675,7648658
1636635600,8.675,8.715,8.66,8.68,13216382
1636639200,8.68,8.685,8.605,8.61,13921042
1636642800,8.595,8.595,8.595,8.595,3491214
1636696800,8.63,8.63,8.63,8.63,431944
1636700400,8.635,8.665,8.615,8.65,11695472
1636704000,8.65,8.695,8.645,8.69,11854568
1636707600,8.69,8.71,8.65,8.67,7952358
1636711200,8.67,8.695,8.66,8.68,5975830
1636714800,8.68,8.68,8.64,8.66,3894104
1636718400,8.66,8.675,8.63,8.66,5912252
1636722000,8.66,8.71,8.645,8.675,19767438
1636725600,8.675,8.705,8.655,8.685,10208640
1636729200,8.68,8.68,8.68,8.68,1447498
1636956000,8.8,8.8,8.8,8.8,1023184
1636959600,8.805,8.88,8.79,8.855,19041028
1636963200,8.855,8.96,8.845,8.955,18352524
1636966800,8.96,8.98,8.915,8.975,13460220
1636970400,8.97,9,8.95,9,9757468
1636974000,9,9.09,8.98,9.02,32895960
1636977600,9.02,9.045,8.97,8.99,11811140
1636981200,8.99,9.015,8.97,9.005,7836112
1636984800,9.005,9.04,8.995,9.035,11653006
1636988400,9.01,9.01,9.01,9.01,2789510
1637042400,9.015,9.015,9.015,9.015,883550
1637046000,9.02,9.08,8.95,8.98,25610008
1637049600,8.98,9.03,8.93,9.025,11187062
1637053200,9.02,9.065,9.01,9.04,13203870
1637056800,9.04,9.055,9,9.015,7310820
1637060400,9.01,9.025,8.935,8.97,10064046
1637064000,8.97,9,8.955,8.985,5065364
1637067600,8.985,9.005,8.94,8.98,7277266
1637071200,8.985,8.99,8.91,8.925,11744148
1637074800,8.91,8.91,8.91,8.91,2627512
1637128800,8.91,8.91,8.91,8.91,257876
1637132400,8.91,9,8.91,8.99,12120492
1637136000,8.995,9.055,8.985,9.025,17166916
1637139600,9.025,9.025,8.975,8.995,4838602
1637143200,8.995,9.015,8.945,9.005,6806250
1637146800,9,9.005,8.96,8.97,1763150
1637150400,8.97,9,8.955,8.98,3256166
1637154000,8.98,9.015,8.975,9.015,4432956
1637157600,9.01,9.06,9.005,9.045,15116262
1637161200,9.055,9.055,9.055,9.055,1681042
1637215200,9.08,9.08,9.08,9.08,610868
1637218800,9.075,9.105,9.03,9.04,12492636
1637222400,9.04,9.185,9.04,9.12,23745704
1637226000,9.115,9.15,9.085,9.13,7853814
1637229600,9.13,9.145,9.09,9.14,5470240
1637233200,9.14,9.3,9.09,9.295,34840298
1637236800,9.295,9.395,9.275,9.345,28046520
1637240400,9.345,9.35,9.025,9.23,29369354
1637244000,9.23,9.32,9.23,9.29,13386114
1637247600,9.32,9.32,9.32,9.32,1673664
1637301600,9.335,9.335,9.335,9.335,653662
1637305200,9.34,9.525,9.335,9.455,27117048
1637308800,9.455,9.48,9.42,9.445,12467442
1637312400,9.45,9.455,9.365,9.38,7617486
1637316000,9.38,9.425,9.33,9.425,7907686
1637319600,9.43,9.435,9.345,9.36,7279900
1637323200,9.355,9.4,9.345,9.39,4308884
1637326800,9.39,9.39,9.345,9.355,5000324
1637330400,9.355,9.385,9.335,9.355,8784248
1637334000,9.35,9.37,9.35,9.37,1235416
1637560800,9.505,9.505,9.505,9.505,616670
1637564400,9.505,9.525,9.42,9.45,13841562
1637568000,9.445,9.49,9.43,9.455,5408050
1637571600,9.455,9.47,9.43,9.445,3924806
1637575200,9.445,9.445,9.4,9.425,3222210
1637578800,9.425,9.43,9.37,9.39,4747832
1637582400,9.385,9.39,9.3,9.32,5702566
1637586000,9.32,9.355,9.255,9.34,16214866
1637589600,9.34,9.355,9.275,9.33,7538148
1637593200,9.34,9.34,9.34,9.34,821540
1637647200,9.37,9.37,9.37,9.37,409570
1637650800,9.37,9.59,9.37,9.57,29143648
1637654400,9.575,9.67,9.4,9.505,32475322
1637658000,9.505,9.585,9.405,9.565,20571526
1637661600,9.56,9.65,9.545,9.58,13033760
1637665200,9.58,9.645,9.57,9.64,9381040
1637668800,9.635,9.64,9.475,9.575,19902752
1637672400,9.575,9.675,9.57,9.65,19499120
1637676000,9.645,9.685,9.62,9.635,16770872
1637679600,9.635,9.645,9.635,9.645,1902152
1637733600,9.75,9.75,9.75,9.75,952350
1637737200,9.75,10.36,9.75,10.24,41523946
1637740800,10.23,10.26,10.02,10.09,20576478
1637744400,10.09,10.16,10.07,10.12,7982326
1637748000,10.12,10.2,10.11,10.14,7295526
1637751600,10.15,10.32,10.14,10.14,16474252
1637755200,10.15,10.35,10.14,10.16,14013554
1637758800,10.16,10.36,10.13,10.27,16587482
1637762400,10.27,10.54,10.18,10.54,24077654
1637766000,10.5,10.5,10.5,10.5,2511564
1637820000,10.58,10.58,10.58,10.58,876466
1637823600,10.59,10.97,10.54,10.86,58790028
1637827200,10.85,10.99,10.8,10.97,23168878
1637830800,10.97,11,10.88,10.98,14420494
1637834400,10.97,10.99,10.91,10.95,10241758
1637838000,10.95,10.96,10.76,10.83,15286090
1637841600,10.84,10.85,10.57,10.66,21755418
1637845200,10.66,10.69,10.56,10.67,12252330
1637848800,10.67,10.68,10.51,10.62,14881982
1637852400,10.64,10.64,10.64,10.64,1872470
1637906400,10.5,10.5,10.5,10.5,613850
1637910000,10.5,10.55,10.32,10.41,19517090
1637913600,10.42,10.7,10.38,10.62,27267730
1637917200,10.62,10.64,10.53,10.55,8541244
1637920800,10.54,10.55,10.45,10.53,9129698
1637924400,10.53,10.61,10.43,10.45,9936824
1637928000,10.46,10.53,10.39,10.49,16470220
1637931600,10.5,10.61,10.43,10.44,14095264
1637935200,10.44,10.45,10.26,10.38,17909474
1637938800,10.34,10.34,10.34,10.34,3043978
1638165600,10.48,10.48,10.48,10.48,849802
1638169200,10.48,10.7,10.46,10.61,22742224
1638172800,10.61,10.66,10.57,10.62,8295718
1638176400,10.62,10.75,10.61,10.69,15188890
1638180000,10.69,11,10.68,10.99,25701426
1638183600,10.99,11.02,10.85,10.88,19507730
1638187200,10.88,11.01,10.84,11,9588594
1638190800,11,11.27,10.98,11.2,29087532
1638194400,11.21,11.37,11.17,11.37,37325080
1638198000,11.37,11.37,11.37,11.37,316498
1638252000,11.4,11.4,11.4,11.4,1257256
1638255600,11.39,11.73,11.16,11.36,83145810
1638259200,11.36,11.45,11.1,11.21,30392522
1638262800,11.21,11.23,11.13,11.18,10642908
1638266400,11.18,11.41,11.17,11.23,25636124
1638270000,11.22,11.24,11.17,11.18,12038370
1638273600,11.19,11.39,11.18,11.29,20995254
1638277200,11.28,11.29,10.6,10.84,72533080
1638280800,10.85,10.91,10.6,10.8,40099108
1638284400,10.87,10.87,10.87,10.87,13949974
1638338400,11.04,11.04,11.04,11.04,1385662
1638342000,11.03,11.13,10.82,11.03,37475764
1638345600,11.03,11.03,10.92,10.95,13072260
1638349200,10.95,10.97,10.74,10.89,16959134
1638352800,10.88,10.99,10.79,10.97,12833674
1638356400,10.97,11.29,10.95,11.12,55882988
1638360000,11.12,11.18,10.9,10.98,25395764
1638363600,10.97,11.05,10.93,10.99,14287640
1638367200,10.99,11.02,10.89,10.93,15741232
1638370800,10.92,10.92,10.92,10.92,4913410
1638424800,10.99,10.99,10.99,10.99,769150
1638428400,11,11.22,10.99,11.1,33066882
1638432000,11.09,11.1,11,11.06,13408844
1638435600,11.06,11.11,11.04,11.07,8738458
1638439200,11.07,11.11,11.06,11.09,5206574
1638442800,11.09,11.09,11,11.03,10911430
1638446400,11.02,11.11,11.02,11.07,13408040
1638450000,11.07,11.1,11.02,11.05,5404758
1638453600,11.04,11.05,10.93,10.94,14500894
1638457200,10.95,10.95,10.95,10.95,3340454
1638511200,11.04,11.04,11.04,11.04,1182322
1638514800,11.04,11.15,10.99,11.09,25602948
1638518400,11.09,11.12,11.03,11.07,9112082
1638522000,11.08,11.1,11.05,11.08,4952528
1638525600,11.08,11.09,11.03,11.06,5769288
1638529200,11.06,11.11,11.04,11.06,6264724
1638532800,11.07,11.08,11.03,11.03,5519506
1638536400,11.03,11.05,10.97,11,7801744
1638540000,11,11.05,10.98,11,11264868
1638543600,10.98,10.98,10.98,10.98,5582286
1638770400,11.07,11.07,11.07,11.07,1499916
1638774000,11.06,11.1,10.84,10.93,20565610
1638777600,10.93,10.96,10.9,10.93,6263454
1638781200,10.94,10.96,10.9,10.91,4782778
1638784800,10.91,10.93,10.87,10.89,6007618
1638788400,10.89,10.9,10.85,10.89,4662054
1638792000,10.89,10.92,10.85,10.89,3858352
1638795600,10.9,10.95,10.86,10.94,6632646
1638799200,10.94,11.41,10.93,11.29,56331150
1638802800,11.29,11.29,11.27,11.27,4714394
1638856800,11.39,11.39,11.39,11.39,1892526
1638860400,11.38,11.43,11.19,11.36,46411228
1638864000,11.35,11.42,11.31,11.36,18002600
1638867600,11.35,11.55,11.32,11.53,29667718
1638871200,11.52,11.56,11.42,11.49,16623052
1638874800,11.49,11.6,11.47,11.53,24074578
1638878400,11.52,11.55,11.43,11.55,16055802
1638882000,11.54,11.59,11.48,11.55,17988396
1638885600,11.55,11.69,11.46,11.52,41295984
1638889200,11.53,11.54,11.53,11.54,3498984
1638943200,11.65,11.65,11.65,11.65,2162016
1638946800,11.65,12.26,11.63,12.04,87560318
1638950400,12.04,12.05,11.84,11.87,20577940
1638954000,11.87,11.94,11.73,11.87,24525826
1638957600,11.87,11.93,11.8,11.84,8126562
1638961200,11.84,11.88,11.74,11.84,11421858
1638964800,11.84,12.03,11.84,11.98,20486736
1638968400,11.98,12.05,11.92,12.02,16587518
1638972000,12.02,12.09,11.93,11.95,27466922
1638975600,11.95,11.95,11.95,11.95,3983006
1639029600,12.08,12.08,12.08,12.08,1108028
1639033200,12.08,12.26,12.06,12.17,50904970
1639036800,12.17,12.18,12.13,12.15,14121220
1639040400,12.16,12.4,12.12,12.37,33952728
1639044000,12.36,12.44,12.31,12.38,15514484
1639047600,12.38,12.39,12.26,12.27,11549116
1639051200,12.28,12.32,12.16,12.27,18795224
1639054800,12.27,12.55,12.23,12.46,33792722
1639058400,12.47,12.94,12.35,12.47,70297100
1639062000,12.52,12.52,12.52,12.52,2165790
1639116000,12.56,12.56,12.56,12.56,726286
1639119600,12.56,12.64,12.36,12.45,38683680
1639123200,12.45,12.48,12.24,12.37,17994280
1639126800,12.36,12.47,12.28,12.44,9742012
1639130400,12.44,12.45,12.35,12.38,4382430
1639134000,12.37,12.45,12.28,12.34,9289538
1639137600,12.34,12.37,12.02,12.18,23661050
1639141200,12.18,12.3,12.13,12.3,14629616
1639144800,12.3,12.34,12.23,12.28,15517340
1639148400,12.28,12.28,12.25,12.25,4486860
1639375200,12.37,12.37,12.37,12.37,627924
1639378800,12.38,12.55,12.33,12.49,30961914
1639382400,12.48,12.78,12.48,12.76,28808818
1639386000,12.75,12.88,12.6,12.77,31426854
1639389600,12.77,13.01,12.7,12.97,25432884
1639393200,12.98,13.08,12.94,12.99,32353654
1639396800,12.99,13.04,12.94,13.03,12563140
1639400400,13.02,13.05,12.89,12.96,15289600
1639404000,12.97,12.98,12.72,12.86,22253132
1639407600,12.86,12.88,12.86,12.88,2752232
1639461600,13.13,13.13,13.13,13.13,1425980
1639465200,13.14,13.31,13.09,13.19,26531660
1639468800,13.19,13.2,12.89,12.99,22999494
1639472400,12.99,13.09,12.95,13,8049666
1639476000,12.99,13.09,12.97,13.05,6894304
1639479600,13.05,13.08,13.03,13.06,4081488
1639483200,13.06,13.15,13.01,13.08,8526032
1639486800,13.08,13.1,12.94,12.99,7824938
1639490400,12.99,13.09,12.96,13.08,12918146
1639494000,13.09,13.09,13.09,13.09,3201588
1639548000,13.3,13.3,13.3,13.3,1501222
1639551600,13.29,13.29,12.87,13.03,33955930
1639555200,13.03,13.05,12.8,12.88,15920606
1639558800,12.87,13.01,12.84,13,8477386
1639562400,13,13.04,12.93,12.94,5228020
1639566000,12.94,13.01,12.92,13,8065768
1639569600,13,13.01,12.92,12.98,5866928
1639573200,12.99,13.14,12.97,13.07,20434268
1639576800,13.07,13.08,12.72,12.79,17716606
1639580400,12.79,12.79,12.76,12.76,2404510
1639634400,12.9,12.9,12.9,12.9,473978
1639638000,12.89,13.02,12.83,12.95,20762860
1639641600,12.94,12.97,12.9,12.92,6180546
1639645200,12.91,12.93,12.82,12.87,4897034
1639648800,12.88,12.91,12.85,12.9,2783766
1639652400,12.9,13.43,12.89,13.42,59019358
1639656000,13.43,13.46,13.32,13.34,22013672
1639659600,13.34,13.61,13.31,13.58,21687376
1639663200,13.58,13.68,13.43,13.66,29207362
1639666800,13.67,13.67,13.67,13.67,3100826
1639720800,13.9,13.9,13.9,13.9,1780648
1639724400,13.91,14.4,13.85,14.25,45407838
1639728000,14.25,14.36,14.18,14.36,12800186
1639731600,14.36,14.4,14.27,14.38,10463146
1639735200,14.38,14.53,14.05,14.21,28495176
1639738800,14.21,14.34,14.13,14.31,12436434
1639742400,14.31,14.38,13.96,14.09,15852754
1639746000,14.09,14.09,12.31,12.37,11179150
1639749600,12.31,12.96,12.31,12.31,28631320
1639753200,12.31,12.31,12.31,12.31,2066058
1639980000,12.15,12.15,12.15,12.15,1351084
1639983600,12.14,12.61,11.55,12.2,27350160
1639987200,12.21,12.65,12.2,12.65,16390944
1639990800,12.65,12.81,12.41,12.5,16632804
1639994400,12.5,12.57,12.4,12.49,6305430
1639998000,12.49,12.54,12.26,12.35,7915468
1640001600,12.35,12.39,11.64,11.64,12426058
1640005200,11.5,11.51,11.08,11.25,10000610
1640008800,11.25,12.04,11.18,12,20817092
1640012400,12.1,12.1,12.1,12.1,1290766
1640066400,12.48,12.48,12.48,12.48,1980074
1640070000,12.47,12.99,11.26,11.83,20206846
1640073600,11.83,11.96,11.27,11.27,9476396
1640077200,11.27,11.5,11.08,11.16,8887852
1640080800,11.15,11.25,11.07,11.12,6474096
1640084400,11.13,11.14,10.89,10.9,6929974
1640088000,10.89,11.02,10.89,10.89,8977796
1640091600,10.9,11.1,10.89,10.96,6311246
1640095200,10.96,10.96,10.89,10.89,3728338
1640098800,10.89,10.89,10.89,10.89,301328
1640152800,10.35,10.35,10.35,10.35,522484
1640156400,10.35,10.76,9.975,10.71,32559010
1640160000,10.7,10.94,10.48,10.67,18211418
1640163600,10.67,10.75,10.57,10.71,6090692
1640167200,10.71,10.77,10.25,10.41,10183604
1640170800,10.39,10.42,10.12,10.14,8569640
1640174400,10.1,10.31,9.925,10.2,12691210
1640178000,10.19,10.41,10.1,10.27,11379396
1640181600,10.26,10.28,10.02,10.18,12006794
1640185200,10.17,10.17,10.04,10.04,1095690
1640239200,10.2,10.2,10.2,10.2,612350
1640242800,10.2,10.35,10.07,10.16,16388830
1640246400,10.16,10.23,9.875,10.21,14001850
1640250000,10.22,10.29,10.07,10.07,7422478
1640253600,10.07,10.15,9.965,10.02,6307730
1640257200,10.02,10.03,9.335,9.65,14988824
1640260800,9.65,9.905,9.51,9.6,16900588
1640264400,9.595,9.87,9.58,9.795,13312618
1640268000,9.795,9.935,9.735,9.865,10243298
1640271600,9.915,9.915,9.915,9.915,1352646
1640325600,9.955,9.955,9.955,9.955,899834
1640329200,9.96,10.26,9.9,10.25,20800760
1640332800,10.26,10.38,10.17,10.27,13408506
1640336400,10.27,10.3,10.16,10.17,5668488
1640340000,10.18,10.24,10.15,10.22,2915006
1640343600,10.22,10.28,10.16,10.28,3122910
1640347200,10.28,10.37,10.23,10.32,7371798
1640350800,10.32,10.52,10.31,10.5,11046840
1640354400,10.5,10.74,10.45,10.74,13443418
1640358000,10.81,10.81,10.81,10.81,2045688
1640584800,10.99,10.99,10.99,10.99,819946
1640588400,10.99,11.31,10.86,11.26,29851780
1640592000,11.26,11.29,11.09,11.18,10221412
1640595600,11.17,11.18,11.08,11.12,5660322
1640599200,11.12,11.15,11.02,11.13,5343416
1640602800,11.13,11.19,11.02,11.02,6898998
1640606400,11.03,11.03,10.74,10.96,15708284
1640610000,10.96,10.99,10.82,10.91,9086310
1640613600,10.92,11.04,10.89,10.9,8946652
1640617200,10.91,10.91,10.91,10.91,1183250
1640671200,11.01,11.01,11.01,11.01,572944
1640674800,11.01,11.1,10.91,11.03,13251952
1640678400,11.03,11.04,10.83,10.88,6262510
1640682000,10.87,10.89,10.73,10.81,4563858
1640685600,10.82,10.84,10.72,10.77,2656358
1640689200,10.77,10.78,10.64,10.69,4292156
1640692800,10.69,10.81,10.64,10.77,4188978
1640696400,10.76,10.78,10.65,10.67,3190136
1640700000,10.67,10.7,10.42,10.55,12522054
1640703600,10.58,10.58,10.58,10.58,1140456
1640757600,10.5,10.5,10.5,10.5,173252
1640761200,10.49,10.49,10.21,10.41,11970034
1640764800,10.41,10.67,10.39,10.66,12627568
1640768400,10.66,10.78,10.57,10.76,11383362
1640772000,10.76,10.81,10.67,10.76,6152232
1640775600,10.75,10.81,10.65,10.79,5505702
1640779200,10.79,10.92,10.78,10.81,11060112
1640782800,10.81,10.91,10.75,10.89,7388242
1640786400,10.89,10.93,10.76,10.79,10632476
1640790000,10.82,10.82,10.82,10.82,1345554
1640844000,10.97,10.97,10.97,10.97,507316
1640847600,10.98,11.08,10.68,10.79,18697368
1640851200,10.79,10.91,10.75,10.86,7229770
1640854800,10.87,10.9,10.74,10.8,3676512
1640858400,10.8,10.86,10.75,10.79,3525802
1640862000,10.79,10.83,10.57,10.62,7897500
1640865600,10.63,10.72,10.57,10.66,4200086
1640869200,10.66,10.72,10.61,10.68,3229852
1640872800,10.68,10.7,10.51,10.58,7553572
1640876400,10.56,10.56,10.56,10.56,1356082
1640930400,10.64,10.64,10.64,10.64,255522
1640934000,10.63,10.66,10.47,10.57,7757246
1640937600,10.57,10.64,10.53,10.59,4448700
1640941200,10.58,10.67,10.56,10.64,3760978
1640944800,10.64,10.65,10.5,10.52,3047374
1640948400,10.51,10.58,10.47,10.56,4795752
1640952000,10.56,10.57,10.48,10.5,2137048
1640955600,10.49,10.52,10.39,10.48,4405752
1640959200,10.48,10.52,10.36,10.42,6587398
1640962800,10.43,10.44,10.43,10.44,842052
1641189600,10.49,10.49,10.49,10.49,265392
1641193200,10.49,10.65,10.42,10.63,13071314
1641196800,10.63,10.75,10.6,10.67,8278036
1641200400,10.67,10.77,10.66,10.77,5851948
1641204000,10.76,10.81,10.71,10.74,5676666
1641207600,10.74,10.75,10.59,10.68,6344060
1641211200,10.68,10.72,10.64,10.66,3001798
1641214800,10.65,10.78,10.62,10.67,8456518
1641218400,10.68,10.9,10.65,10.9,8967562
1641222000,10.9,10.9,10.9,10.9,1150852
1641276000,11.01,11.01,11.01,11.01,1279484
1641279600,11.01,11.3,10.96,11.25,30313634
1641283200,11.25,11.39,11.17,11.3,22269264
1641286800,11.3,11.3,11.19,11.21,6913308
1641290400,11.2,11.33,11.18,11.21,6869886
1641294000,11.21,11.27,11.19,11.22,4119206
1641297600,11.21,11.25,10.92,11.09,14090706
1641301200,11.08,11.13,10.95,11.04,8583488
1641304800,11.04,11.26,10.98,11.26,10052000
1641308400,11.26,11.26,11.25,11.25,1672450
1641362400,11.26,11.26,11.26,11.26,438246
1641366000,11.26,11.27,11.06,11.13,12681634
1641369600,11.13,11.21,11.1,11.18,5151384
1641373200,11.17,11.24,11.15,11.16,4264906
1641376800,11.16,11.18,11.09,11.16,2969504
1641380400,11.16,11.23,11.15,11.2,2754670
1641384000,11.2,11.44,11.18,11.42,20697618
1641387600,11.42,11.52,11.38,11.46,21968794
1641391200,11.47,11.55,11.45,11.5,17013500
1641394800,11.51,11.51,11.51,11.51,1949794
1641448800,11.38,11.38,11.38,11.38,554468
1641452400,11.39,11.65,11.34,11.61,27675986
1641456000,11.61,11.68,11.49,11.59,12727744
1641459600,11.6,11.79,11.58,11.76,19090548
1641463200,11.77,11.88,11.74,11.79,17750228
1641466800,11.8,11.83,11.72,11.76,10277144
1641470400,11.76,11.79,11.71,11.76,7626382
1641474000,11.76,11.81,11.68,11.74,7677820
1641477600,11.73,11.75,11.61,11.64,13490916
1641481200,11.63,11.63,11.63,11.63,1563580
1641535200,11.73,11.73,11.73,11.73,713126
1641538800,11.74,11.84,11.73,11.78,14345682
1641542400,11.78,11.8,11.64,11.7,8038302
1641546000,11.7,11.77,11.68,11.74,4832314
1641549600,11.72,11.74,11.68,11.72,2191356
1641553200,11.73,11.73,11.47,11.65,9804622
1641556800,11.65,11.67,11.51,11.58,5265928
1641560400,11.57,11.62,11.53,11.58,4414920
1641564000,11.58,11.76,11.58,11.75,12834152
1641567600,11.75,11.75,11.73,11.73,2165528
1641794400,11.84,11.84,11.84,11.84,934964
1641798000,11.85,12.26,11.81,12.12,45872298
1641801600,12.13,12.24,12.12,12.16,15139878
1641805200,12.16,12.24,12.12,12.21,8402136
1641808800,12.21,12.26,12.17,12.21,9639498
1641812400,12.2,12.25,12.14,12.24,6753630
1641816000,12.23,12.37,12.19,12.32,22910372
1641819600,12.33,12.33,12.28,12.29,13282222
1641823200,12.3,12.3,12.11,12.14,17818912
1641826800,12.1,12.1,12.1,12.1,2669486
1641880800,12.26,12.26,12.26,12.26,1374202
1641884400,12.26,12.29,11.9,12.01,24473468
1641888000,12.02,12.05,11.79,11.81,11557976
1641891600,11.81,11.93,11.72,11.92,14277696
1641895200,11.91,12.01,11.88,11.96,6914890
1641898800,11.97,12.03,11.91,12.01,7214544
1641902400,12.01,12.09,11.95,12.05,8964816
1641906000,12.05,12.22,12.03,12.19,24961460
1641909600,12.18,12.21,11.96,11.99,17086328
1641913200,11.99,12,11.98,12,1439034
1641967200,12.19,12.19,12.19,12.19,917752
1641970800,12.19,12.26,12.14,12.15,19284104
1641974400,12.16,12.18,12.03,12.06,9585262
1641978000,12.06,12.15,12.05,12.13,6012968
1641981600,12.13,12.17,12.12,12.13,4217732
1641985200,12.14,12.17,12.07,12.15,4622442
1641988800,12.14,12.15,12.04,12.05,6204876
1641992400,12.05,12.11,12.01,12.1,7163218
1641996000,12.09,12.12,12,12.08,11280970
1641999600,12.08,12.08,12.08,12.08,1753802
1642053600,12.1,12.1,12.1,12.1,1081494
1642057200,12.1,12.3,12.06,12.24,35153818
1642060800,12.24,12.34,12.23,12.27,23947944
1642064400,12.27,12.45,12.26,12.38,36026746
1642068000,12.38,12.42,12.33,12.34,9864388
1642071600,12.34,12.38,12.28,12.3,6948642
1642075200,12.3,12.32,12.21,12.25,8092036
1642078800,12.25,12.25,12.17,12.18,10776162
1642082400,12.18,12.2,12.1,12.15,15302882
1642086000,12.15,12.15,12.15,12.15,2974662
1642140000,12.14,12.14,12.14,12.14,679638
1642143600,12.14,12.17,12,12.03,19716898
1642147200,12.03,12.04,11.9,11.98,11076346
1642150800,11.97,12.01,11.94,11.95,2940978
1642154400,11.95,11.97,11.89,11.96,5216490
1642158000,11.96,12.01,11.96,11.98,3848054
1642161600,11.98,12.06,11.97,12.02,6285250
1642165200,12.03,12.09,11.93,12.07,10342576
1642168800,12.07,12.15,12.06,12.07,14799998
1642172400,12.07,12.07,12.07,12.07,1792930
1642399200,12.26,12.26,12.26,12.26,1192366
1642402800,12.26,12.45,12.18,12.3,33129836
1642406400,12.29,12.35,12.22,12.3,8121012
1642410000,12.28,12.31,12.23,12.25,7277114
1642413600,12.24,12.3,12.23,12.27,4955458
1642417200,12.27,12.36,12.24,12.33,10087492
1642420800,12.34,12.36,12.26,12.3,5284128
1642424400,12.3,12.3,12.13,12.19,18425210
1642428000,12.19,12.21,12.11,12.13,12340456
1642431600,12.11,12.11,12.11,12.11,3133788
1642485600,12.1,12.1,12.1,12.1,804592
1642489200,12.09,12.17,12.04,12.16,14976372
1642492800,12.15,12.22,12.1,12.13,8502354
1642496400,12.12,12.13,11.9,11.99,11908384
1642500000,11.99,12.06,11.95,12.02,7823928
1642503600,12.01,12.07,11.96,12.04,5442442
1642507200,12.04,12.05,12,12.02,3197390
1642510800,12.01,12.02,11.8,11.81,12052634
1642514400,11.81,11.81,11.4,11.4,9409286
1642572000,11.39,11.39,11.39,11.39,341048
1642575600,11.38,11.47,11.18,11.23,25937208
1642579200,11.23,11.41,11.22,11.37,9547804
1642582800,11.38,11.4,11.27,11.31,5057186
1642586400,11.32,11.38,11.11,11.12,9051558
1642590000,11.12,11.26,11.04,11.23,12471532
1642593600,11.24,11.3,11.18,11.3,6769178
1642597200,11.3,11.55,11.3,11.52,19705850
1642600800,11.52,11.66,11.49,11.57,15527286
1642604400,11.57,11.61,11.56,11.61,1293654
1642658400,11.66,11.66,11.66,11.66,352712
1642662000,11.67,11.72,11.65,11.68,10693206
1642665600,11.68,11.69,11.48,11.52,9271224
1642669200,11.53,11.55,11.45,11.53,4710282
1642672800,11.53,11.57,11.48,11.53,4125958
1642676400,11.53,11.67,11.42,11.46,19281818
1642680000,11.45,11.52,11.33,11.37,15291812
1642683600,11.37,11.42,11.3,11.37,8094376
1642687200,11.36,11.39,11.08,11.29,14767444
1642690800,11.27,11.27,11.27,11.27,1186484
1642744800,11.18,11.18,11.18,11.18,134410
1642748400,11.19,11.26,11.07,11.23,10357760
1642752000,11.23,11.28,11.14,11.18,7583080
1642755600,11.19,11.26,11.17,11.2,4217206
1642759200,11.2,11.27,11.16,11.22,4004616
1642762800,11.22,11.22,11.07,11.13,8443010
1642766400,11.13,11.2,11.1,11.17,4539574
1642770000,11.17,11.2,11.03,11.06,6211866
1642773600,11.06,11.2,11.03,11.15,9169548
1642777200,11.15,11.15,11.15,11.15,1184304
1643004000,11.14,11.14,11.14,11.14,198824
1643007600,11.13,11.27,11.09,11.13,10115832
1643011200,11.14,11.17,11.07,11.12,6277448
1643014800,11.12,11.13,11,11.02,5965144
1643018400,11.01,11.02,10.59,10.59,18829390
1643022000,10.65,10.77,10.59,10.67,11649612
1643025600,10.67,10.69,10.43,10.52,9232620
1643029200,10.52,10.65,10.46,10.54,10988264
1643032800,10.54,10.62,10.44,10.44,7841044
1643090400,10.52,10.52,10.52,10.52,208960
1643094000,10.52,10.61,10.4,10.51,9525384
1643097600,10.52,10.52,10.21,10.42,11525692
1643101200,10.42,10.51,10.38,10.49,5994802
1643104800,10.48,10.56,10.42,10.47,5237256
1643108400,10.47,10.52,10.41,10.51,4414508
1643112000,10.51,10.65,10.5,10.63,8920316
1643115600,10.63,10.67,10.55,10.6,7245452
1643119200,10.6,10.66,10.52,10.55,6577744
1643122800,10.55,10.58,10.55,10.58,878554
1643176800,10.65,10.65,10.65,10.65,265590
1643180400,10.65,10.8,10.6,10.74,10952912
1643184000,10.74,10.8,10.73,10.76,5946860
1643187600,10.76,10.79,10.72,10.74,4037872
1643191200,10.74,10.84,10.69,10.8,5671976
1643194800,10.8,10.81,10.75,10.78,3136396
1643198400,10.78,10.78,10.61,10.68,5750874
1643202000,10.67,10.77,10.64,10.77,4760470
1643205600,10.77,10.8,10.64,10.67,8144624
1643209200,10.68,10.68,10.68,10.68,1035302
1643263200,10.54,10.54,10.54,10.54,446686
1643266800,10.53,10.67,10.49,10.61,12544490
1643270400,10.62,10.75,10.61,10.74,7187122
1643274000,10.73,10.88,10.73,10.85,12588324
1643277600,10.85,10.89,10.77,10.77,5538410
1643281200,10.77,10.88,10.77,10.84,4752410
1643284800,10.84,10.91,10.77,10.84,7471378
1643288400,10.85,10.94,10.85,10.92,7826300
1643292000,10.93,11.14,10.92,11.13,19842022
1643295600,11.15,11.15,11.15,11.15,1891704
1643349600,11.16,11.16,11.16,11.16,767134
1643353200,11.15,11.28,11.14,11.23,17875562
1643356800,11.23,11.23,11.14,11.18,6364602
1643360400,11.18,11.2,11.06,11.1,6463888
1643364000,11.1,11.11,11,11.08,5264820
1643367600,11.08,11.09,11.02,11.05,3319046
1643371200,11.05,11.07,10.94,10.97,5234632
1643374800,10.97,11.11,10.93,11.08,5548004
1643378400,11.07,11.14,10.97,10.99,8370714
1643382000,10.96,10.96,10.96,10.96,1579122
1643608800,11.07,11.07,11.07,11.07,381652
1643612400,11.06,11.15,11.03,11.09,8767808
1643616000,11.09,11.1,11.01,11.02,4467018
1643619600,11.03,11.04,10.96,10.98,4788354
1643623200,10.98,10.98,10.85,10.89,7589020
1643626800,10.89,10.93,10.85,10.88,5025542
1643630400,10.88,10.88,10.76,10.82,4976134
1643634000,10.81,10.9,10.79,10.87,5572374
1643637600,10.87,10.88,10.79,10.8,6903578
1643641200,10.8,10.8,10.8,10.8,1567504
1643695200,10.9,10.9,10.9,10.9,822750
1643698800,10.91,10.99,10.88,10.91,14177024
1643702400,10.91,10.94,10.87,10.92,5015550
1643706000,10.91,10.94,10.83,10.85,5221048
1643709600,10.86,10.9,10.84,10.85,3312258
1643713200,10.84,10.93,10.84,10.89,4051114
1643716800,10.9,10.91,10.82,10.84,4923782
1643720400,10.84,10.86,10.78,10.81,3608702
1643724000,10.81,10.81,10.71,10.75,9748214
1643727600,10.75,10.75,10.75,10.75,1275636
1643781600,10.83,10.83,10.83,10.83,418646
1643785200,10.84,10.91,10.79,10.84,13635154
1643788800,10.84,10.87,10.75,10.79,6905922
1643792400,10.79,10.83,10.76,10.77,3341710
1643796000,10.76,10.76,10.64,10.66,7593546
1643799600,10.66,10.67,10.57,10.64,5559242
1643803200,10.64,10.71,10.63,10.71,4179276
1643806800,10.71,10.72,10.63,10.66,3424252
1643810400,10.65,10.67,10.58,10.61,7896702
1643814000,10.63,10.63,10.63,10.63,1434638
1643868000,10.54,10.54,10.54,10.54,235866
1643871600,10.55,10.72,10.54,10.65,9570168
1643875200,10.66,10.66,10.52,10.6,8457104
1643878800,10.6,10.62,10.56,10.57,2747830
1643882400,10.57,10.61,10.53,10.54,2630602
1643886000,10.53,10.54,10.45,10.54,7006450
1643889600,10.54,10.55,10.47,10.53,5203070
1643893200,10.53,10.59,10.34,10.44,8700420
1643896800,10.43,10.44,10.25,10.32,14457364
1643900400,10.37,10.37,10.37,10.37,1096542
1643954400,10.41,10.41,10.41,10.41,262786
1643958000,10.41,10.44,10.29,10.35,7355208
1643961600,10.35,10.4,10.21,10.27,6340150
1643965200,10.27,10.35,10.26,10.32,3482168
1643968800,10.32,10.35,10.29,10.31,1584588
1643972400,10.32,10.33,10.22,10.25,4112424
1643976000,10.25,10.34,10.18,10.33,6002750
1643979600,10.33,10.38,10.3,10.33,4604408
1643983200,10.33,10.35,10.24,10.25,6333408
1643986800,10.26,10.26,10.26,10.26,1447496
1644213600,10.24,10.24,10.24,10.24,294326
1644217200,10.23,10.28,10.11,10.15,9548552
1644220800,10.14,10.19,10.02,10.12,8178272
1644224400,10.12,10.14,10.09,10.12,2972514
1644228000,10.12,10.18,10.1,10.17,2763406
1644231600,10.17,10.39,10.15,10.28,9568164
1644235200,10.29,10.37,10.26,10.35,4783340
1644238800,10.34,10.42,10.34,10.41,6912484
1644242400,10.42,10.55,10.4,10.52,13003506
1644246000,10.53,10.53,10.53,10.53,1421690
1644300000,10.53,10.53,10.53,10.53,458170
1644303600,10.53,10.61,10.47,10.54,15488272
1644307200,10.54,10.63,10.54,10.58,6805726
1644310800,10.58,10.68,10.57,10.6,6049430
1644314400,10.6,10.6,10.53,10.58,4750516
1644318000,10.58,10.58,10.41,10.47,7497574
1644321600,10.46,10.52,10.42,10.5,5629398
1644325200,10.5,10.61,10.49,10.6,12854402
1644328800,10.61,10.63,10.5,10.53,10418758
1644332400,10.52,10.54,10.52,10.54,1475604
1644386400,10.64,10.64,10.64,10.64,474272
1644390000,10.65,10.73,10.61,10.67,16775874
1644393600,10.67,10.75,10.64,10.73,7447914
1644397200,10.74,10.8,10.72,10.74,11133318
1644400800,10.74,10.75,10.69,10.73,4202320
1644404400,10.73,10.73,10.67,10.72,3294028
1644408000,10.72,10.73,10.66,10.68,4275282
1644411600,10.68,10.7,10.61,10.68,6497270
1644415200,10.67,10.72,10.67,10.69,6814120
1644418800,10.69,10.69,10.69,10.69,1567552
1644472800,10.71,10.71,10.71,10.71,255448
1644476400,10.72,10.78,10.71,10.72,9816436
1644480000,10.73,10.74,10.67,10.68,6521820
1644483600,10.68,10.74,10.66,10.72,3572416
1644487200,10.72,10.73,10.67,10.7,3539776
1644490800,10.69,10.73,10.68,10.7,2576010
1644494400,10.7,10.71,10.67,10.69,2731632
1644498000,10.7,10.73,10.57,10.62,11480596
1644501600,10.62,10.64,10.56,10.6,8247176
1644505200,10.6,10.6,10.6,10.6,1477000
1644559200,10.49,10.49,10.49,10.49,295030
1644562800,10.49,10.59,10.49,10.54,6606840
1644566400,10.55,10.6,10.53,10.59,4737832
1644570000,10.59,10.6,10.46,10.48,6517194
1644573600,10.48,10.48,10.37,10.46,5787518
1644577200,10.46,10.5,10.41,10.48,4015544
1644580800,10.48,10.83,10.46,10.75,22114558
1644584400,10.75,10.84,10.75,10.83,16638678
1644588000,10.83,10.91,10.78,10.86,19380974
1644591600,10.87,10.87,10.87,10.87,1837140
1644818400,10.91,10.91,10.91,10.91,1992330
1644822000,10.92,11.13,10.92,11.06,59246032
1644825600,11.05,11.06,10.52,10.63,32157048
1644829200,10.63,10.81,10.6,10.75,15333132
1644832800,10.75,11,10.74,10.97,15908332
1644836400,10.96,10.99,10.82,10.97,17561294
1644840000,10.96,11.01,10.83,11,21250258
1644843600,11.01,11.04,10.92,10.96,18176154
1644847200,10.97,11.01,10.81,10.92,13726218
1644850800,10.92,10.92,10.92,10.92,2104732
1644904800,10.99,10.99,10.99,10.99,884400
1644908400,10.99,11.02,10.83,10.94,21087418
1644912000,10.93,11.07,10.92,11.02,23111016
1644915600,11.02,11.03,10.98,10.99,5671964
1644919200,10.99,11.02,10.93,11,7215334
1644922800,10.99,11.03,10.97,11.01,8207044
1644926400,11.02,11.02,10.93,10.98,6777960
1644930000,10.99,11,10.87,10.89,9805744
1644933600,10.88,10.92,10.84,10.88,10632534
1644937200,10.89,10.89,10.88,10.88,2071452
1644991200,10.9,10.9,10.9,10.9,500136
1644994800,10.91,11,10.9,10.97,11326730
1644998400,10.98,10.99,10.92,10.95,6163976
1645002000,10.94,10.95,10.89,10.92,5123296
1645005600,10.93,10.93,10.88,10.93,2697824
1645009200,10.92,10.98,10.91,10.97,5568018
1645012800,10.96,11.15,10.93,11.13,42033890
1645016400,11.13,11.19,11.1,11.12,21494372
1645020000,11.12,11.14,11.05,11.13,24831174
1645023600,11.13,11.13,11.13,11.13,3162294
1645077600,11.16,11.16,11.16,11.16,1217122
1645081200,11.17,11.18,11.05,11.1,16699018
1645084800,11.1,11.12,10.89,10.98,21169694
1645088400,10.98,11.03,10.96,11.03,5187828
1645092000,11.02,11.05,10.99,11.02,4733908
1645095600,11.02,11.06,10.98,11.01,5172254
1645099200,11.02,11.11,11.01,11.06,9632010
1645102800,11.05,11.07,10.94,10.95,8450732
1645106400,10.95,11.03,10.84,10.84,16530674
1645110000,10.85,10.85,10.85,10.85,2039224
1645164000,10.92,10.92,10.92,10.92,362266
1645167600,10.93,10.99,10.83,10.88,11083662
1645171200,10.87,10.91,10.83,10.84,6112498
1645174800,10.84,10.86,10.81,10.86,3205862
1645178400,10.86,10.87,10.81,10.83,2460732
1645182000,10.83,10.86,10.8,10.81,4106254
1645185600,10.82,10.86,10.81,10.83,3440860
1645189200,10.83,10.84,10.67,10.72,8529696
1645192800,10.72,10.82,10.69,10.82,6421024
1645196400,10.82,10.83,10.82,10.83,1213404
1645423200,10.96,10.96,10.96,10.96,526606
1645426800,10.97,11.04,10.93,10.96,14175052
1645430400,10.96,11.03,10.95,10.96,6560548
1645434000,10.96,10.97,10.9,10.92,5570728
1645437600,10.92,10.93,10.85,10.9,6044298
1645441200,10.9,10.93,10.75,10.78,9850690
1645444800,10.78,10.82,10.74,10.77,5375224
1645448400,10.77,10.81,10.69,10.78,6276112
1645452000,10.78,10.92,10.78,10.8,9785136
1645455600,10.81,10.81,10.81,10.81,1459488
1645509600,10.53,10.53,10.53,10.53,389548
1645513200,10.55,10.64,10.46,10.58,15018432
1645516800,10.57,10.72,10.55,10.7,8168418
1645520400,10.7,10.76,10.65,10.69,5958426
1645524000,10.69,10.8,10.67,10.77,6767104
1645527600,10.76,10.79,10.7,10.72,4482860
1645531200,10.71,10.75,10.67,10.69,3955214
1645534800,10.69,10.76,10.68,10.74,5063880
1645538400,10.74,10.78,10.66,10.73,10342426
1645542000,10.74,10.74,10.74,10.74,1381308
1645596000,10.79,10.79,10.79,10.79,451874
1645599600,10.79,10.82,10.75,10.79,8541848
1645603200,10.79,10.82,10.74,10.75,6495880
1645606800,10.75,10.79,10.74,10.78,2814044
1645610400,10.78,10.79,10.75,10.77,2354000
1645614000,10.76,10.76,10.69,10.72,6183692
1645617600,10.72,10.73,10.64,10.66,3535398
1645621200,10.66,10.67,10.58,10.62,6067268
1645624800,10.61,10.64,10.52,10.55,6386236
1645628400,10.56,10.56,10.5,10.5,1791326
1645682400,9.7,9.7,9.7,9.7,685364
1645686000,9.7,10.08,9.69,9.945,11476830
1645689600,9.95,9.985,9.79,9.79,11527148
1645693200,9.79,9.9,9.655,9.66,8349844
1645696800,9.66,9.68,9.45,9.45,13051918
1645700400,9.45,9.535,9.45,9.51,8282822
1645704000,9.51,9.515,9.45,9.45,4568010
1645707600,9.45,9.515,9.45,9.49,6115786
1645711200,9.49,9.665,9.45,9.45,11538556
1645714800,9.45,9.45,9.45,9.45,324958
1645768800,9.55,9.55,9.55,9.55,405244
1645772400,9.545,9.995,9.535,9.89,26110982
1645776000,9.9,10.13,9.875,10.07,20750976
1645779600,10.07,10.12,9.96,10.06,11156512
1645783200,10.06,10.15,10.03,10.09,6271104
1645786800,10.09,10.13,10.04,10.1,5674914
1645790400,10.09,10.29,10.08,10.29,8146860
1645794000,10.28,10.32,10.22,10.26,7832086
1645797600,10.27,10.35,10.25,10.31,6290226
1645801200,10.27,10.27,10.27,10.27,933256
1646028000,10.13,10.13,10.13,10.13,389642
1646031600,10.12,10.99,10.08,10.73,35041056
1646035200,10.72,10.76,10.61,10.67,8449412
1646038800,10.68,10.71,10.57,10.58,4290688
1646042400,10.57,10.64,10.53,10.54,5273972
1646046000,10.55,10.63,10.53,10.59,3532692
1646049600,10.59,10.65,10.57,10.6,4015338
1646053200,10.6,10.63,10.52,10.62,6960020
1646056800,10.62,11.14,10.6,11.14,53182318
1646060400,11.13,11.13,11.12,11.12,3604904
1646114400,11.26,11.26,11.26,11.26,1049600
1646118000,11.27,11.6,11.23,11.47,39514546
1646121600,11.47,11.53,11.44,11.48,12357438
1646125200,11.48,11.52,11.43,11.47,8270340
1646128800,11.47,11.61,11.37,11.43,20085478
1646132400,11.43,11.58,11.4,11.44,18645632
1646136000,11.44,11.67,11.42,11.62,24686794
1646139600,11.62,11.68,11.58,11.65,13796302
1646143200,11.65,11.99,11.63,11.96,46514330
1646146800,12,12,12,12,3245842
1646200800,11.85,11.85,11.85,11.85,1174046
1646204400,11.84,11.84,11.56,11.62,35679202
1646208000,11.63,11.99,11.6,11.7,31778912
1646211600,11.71,11.94,11.67,11.79,18124248
1646215200,11.79,11.81,11.74,11.79,6894670
1646218800,11.78,11.79,11.67,11.71,7136810
1646222400,11.71,11.86,11.67,11.69,13551994
1646226000,11.69,11.69,11.42,11.55,19867958
1646229600,11.55,11.56,11.45,11.51,13103704
1646233200,11.48,11.48,11.48,11.48,3180152
1646287200,11.6,11.6,11.6,11.6,728498
1646290800,11.6,11.95,11.58,11.87,46993294
1646294400,11.87,12.18,11.78,12.14,38555468
1646298000,12.13,12.2,12.05,12.08,20785348
1646301600,12.08,12.13,11.97,12.11,12898984
1646305200,12.11,12.17,11.95,12.04,14562306
1646308800,12.04,12.1,11.99,12.03,8036744
1646312400,12.02,12.15,12.01,12.08,10165288
1646316000,12.08,12.12,11.8,11.97,23163908
1646319600,11.91,11.91,11.91,11.91,2516236
1646373600,11.96,11.96,11.96,11.96,850022
1646377200,11.97,12.38,11.96,12.31,47560720
1646380800,12.3,12.33,12.16,12.26,19590110
1646384400,12.25,12.3,12.12,12.21,12451878
1646388000,12.21,12.23,12.18,12.22,3943230
1646391600,12.21,12.26,12.17,12.22,6151596
1646395200,12.22,12.23,12.12,12.19,6987210
1646398800,12.2,12.27,12.06,12.21,13436880
1646402400,12.21,12.26,12.08,12.09,13845052
1646406000,12.1,12.1,12.1,12.1,2767804
1646632800,12.2,12.2,12.2,12.2,984372
1646636400,12.21,12.35,11.86,11.92,30727614
1646640000,11.92,11.93,11.78,11.87,14860220
1646643600,11.86,11.91,11.82,11.91,6963436
1646647200,11.91,12.17,11.89,12.14,19621292
1646650800,12.15,12.19,11.94,12.14,18728628
1646654400,12.13,12.22,12.1,12.21,14304840
1646658000,12.21,12.24,12.14,12.22,11702340
1646661600,12.22,12.28,12.15,12.2,13282042
1646665200,12.15,12.15,12.15,12.15,2233048
1646719200,12.13,12.13,12.13,12.13,442274
1646722800,12.12,12.42,12.06,12.41,25960302
1646726400,12.41,12.49,12.33,12.47,20548716
1646730000,12.48,12.48,12.39,12.42,6665598
1646733600,12.42,12.63,12.39,12.58,22228894
1646737200,12.58,12.8,12.58,12.78,22495036
1646740800,12.77,13.04,12.77,13,37603976
1646744400,13,13.11,12.87,13.06,30318882
1646748000,13.06,13.19,12.92,13.02,40172506
1646751600,12.96,12.96,12.96,12.96,3374020
1646805600,13.17,13.17,13.17,13.17,1119184
1646809200,13.18,13.21,12.88,12.96,31126984
1646812800,12.97,13.05,12.93,12.96,10379620
1646816400,12.96,12.96,12.86,12.86,8917630
1646820000,12.86,12.87,12.67,12.75,16888078
1646823600,12.75,12.77,12.6,12.64,7394720
1646827200,12.64,12.74,12.6,12.61,6910886
1646830800,12.61,12.63,12.52,12.52,13849278
1646834400,12.51,12.55,12.45,12.52,14185644
1646838000,12.5,12.5,12.5,12.5,2225422
1646892000,12.55,12.55,12.55,12.55,765136
1646895600,12.55,12.6,12.3,12.46,21778706
1646899200,12.46,12.48,12.33,12.36,7672590
1646902800,12.36,12.47,12.35,12.42,8196130
1646906400,12.42,12.72,12.4,12.47,32294124
1646910000,12.47,12.47,12.35,12.38,10261958
1646913600,12.38,12.38,12.19,12.25,10618956
1646917200,12.25,12.29,12.17,12.28,6390448
1646920800,12.28,12.3,12.17,12.2,10421548
1646924400,12.21,12.21,12.2,12.21,2303998
1646978400,12.23,12.23,12.23,12.23,632298
1646982000,12.23,12.53,12.21,12.31,33179366
1646985600,12.31,12.35,12.29,12.32,6288112
1646989200,12.32,12.33,12.27,12.29,3277162
1646992800,12.29,12.31,12.17,12.2,5203968
1646996400,12.2,12.3,12.18,12.25,7438158
1647000000,12.26,12.29,12.19,12.22,4446714
1647003600,12.21,12.3,12.21,12.26,4412474
1647007200,12.26,12.27,12.15,12.16,8476882
1647010800,12.17,12.17,12.17,12.17,1802988
1647237600,12.2,12.2,12.2,12.2,341034
1647241200,12.21,12.3,12.17,12.22,11875330
1647244800,12.21,12.24,12.17,12.23,5023200
1647248400,12.22,12.25,12.19,12.23,3412992
1647252000,12.22,12.23,12.19,12.2,1714172
1647255600,12.2,12.24,12.17,12.18,3481266
1647259200,12.18,12.18,12.06,12.07,5258728
1647262800,12.07,12.16,12,12.04,6142544
1647266400,12.04,12.09,12.02,12.05,7538718
1647270000,12.05,12.05,12.05,12.05,1736980
1647324000,12.01,12.01,12.01,12.01,255594
1647327600,12.02,12.28,12.01,12.21,19859998
1647331200,12.21,12.22,12.13,12.17,6384764
1647334800,12.17,12.19,12.15,12.16,2149782
1647338400,12.16,12.17,12.09,12.09,2955526
1647342000,12.1,12.12,12.04,12.1,3980876
1647345600,12.1,12.12,12.07,12.09,4068656
1647349200,12.1,12.15,12.09,12.15,6897808
1647352800,12.14,12.15,11.89,11.91,10600166
1647356400,11.98,11.98,11.98,11.98,1380298
1647410400,12.05,12.05,12.05,12.05,334402
1647414000,12.05,12.17,11.99,12.08,13293130
1647417600,12.08,12.09,11.97,11.99,4355132
1647421200,11.99,12.03,11.98,12,3128614
1647424800,12.01,12.02,11.94,11.96,3365560
1647428400,11.96,11.98,11.88,11.9,4689924
1647432000,11.9,11.92,11.82,11.84,6269686
1647435600,11.84,11.84,11.77,11.8,6666774
1647439200,11.81,11.84,11.69,11.72,12104020
1647442800,11.72,11.72,11.72,11.72,1777888
1647496800,11.77,11.77,11.77,11.77,371864
1647500400,11.78,11.93,11.78,11.9,22063534
1647504000,11.89,11.9,11.83,11.83,3555574
1647507600,11.84,11.85,11.75,11.78,5315834
1647511200,11.78,11.83,11.77,11.82,2900166
1647514800,11.82,11.86,11.8,11.83,5909704
1647518400,11.83,11.9,11.8,11.86,7292822
1647522000,11.86,11.99,11.81,11.95,14948204
1647525600,11.94,11.97,11.86,11.89,9170204
1647529200,11.89,11.89,11.89,11.89,1413412
1647583200,11.89,11.89,11.89,11.89,250412
1647586800,11.9,11.96,11.88,11.92,12501026
1647590400,11.91,11.93,11.87,11.87,3709244
1647594000,11.87,11.88,11.79,11.84,5592880
1647597600,11.84,11.88,11.76,11.78,5404014
1647601200,11.78,11.81,11.77,11.79,2762352
1647604800,11.79,11.8,11.69,11.71,6117708
1647608400,11.72,11.74,11.65,11.72,5320466
1647612000,11.72,11.73,11.65,11.68,8608976
1647615600,11.65,11.65,11.65,11.65,4028458
1647842400,11.79,11.79,11.79,11.79,702740
1647846000,11.79,12.04,11.75,11.93,22891826
1647849600,11.93,12.08,11.92,12.05,21269306
1647853200,12.04,12.13,12.03,12.11,13378722
1647856800,12.11,12.12,12.06,12.07,6154480
1647860400,12.07,12.11,12.06,12.06,2860846
1647864000,12.06,12.08,11.99,12.03,4150088
1647867600,12.02,12.12,12.02,12.06,7016988
1647871200,12.06,12.14,12.04,12.06,16311348
1647874800,12.08,12.08,12.08,12.08,2782962
1647928800,12.2,12.2,12.2,12.2,1760904
1647932400,12.2,12.26,12.16,12.21,25829822
1647936000,12.21,12.23,12.14,12.14,6517874
1647939600,12.14,12.17,12.14,12.16,3662214
1647943200,12.17,12.17,12.13,12.15,3557896
1647946800,12.15,12.17,12.13,12.15,3047462
1647950400,12.14,12.15,12.09,12.13,4926252
1647954000,12.12,12.17,12.12,12.16,5365068
1647957600,12.16,12.18,12.12,12.15,10734524
1647961200,12.15,12.15,12.15,12.15,2245020
1648015200,12.22,12.22,12.22,12.22,830044
1648018800,12.22,12.26,12.1,12.12,14315256
1648022400,12.12,12.14,12.03,12.07,8409950
1648026000,12.07,12.1,12.03,12.07,4473258
1648029600,12.07,12.12,12.06,12.1,3892522
1648033200,12.1,12.13,12.07,12.1,3577604
1648036800,12.1,12.1,11.92,11.99,9498066
1648040400,11.99,11.99,11.91,11.96,6451044
1648044000,11.96,12.01,11.92,11.97,8098018
1648047600,11.96,11.96,11.96,11.96,1500318
1648101600,11.97,11.97,11.97,11.97,208072
1648105200,11.98,12.11,11.94,12.06,13833724
1648108800,12.07,12.08,11.96,11.99,7855854
1648112400,11.99,12,11.91,11.94,5463482
1648116000,11.93,11.94,11.85,11.91,6471742
1648119600,11.91,11.92,11.88,11.9,3146280
1648123200,11.9,11.91,11.88,11.91,2683386
1648126800,11.91,11.95,11.9,11.91,3894578
1648130400,11.91,11.93,11.81,11.84,7370972
1648134000,11.83,11.83,11.8,11.8,2367226
1648188000,11.89,11.89,11.89,11.89,474790
1648191600,11.88,11.9,11.77,11.83,7577324
1648195200,11.83,11.98,11.82,11.97,18291636
1648198800,11.96,12.04,11.93,11.97,13276882
1648202400,11.97,12.03,11.96,11.98,4162340
1648206000,11.99,12.03,11.96,11.97,4978002
1648209600,11.97,11.98,11.84,11.92,11419956
1648213200,11.92,11.92,11.87,11.89,3930608
1648216800,11.9,11.91,11.83,11.91,9301822
1648220400,11.91,11.92,11.9,11.92,2328482
1648447200,12.02,12.02,12.02,12.02,1056766
1648450800,12.02,12.03,11.92,11.98,18359478
1648454400,11.98,12.02,11.95,12,5968772
1648458000,12,12,11.96,11.98,5474186
1648461600,11.98,11.98,11.94,11.97,6045902
1648465200,11.97,11.98,11.94,11.94,3657942
1648468800,11.94,11.95,11.9,11.91,4979304
1648472400,11.92,11.92,11.86,11.88,5133950
1648476000,11.88,11.89,11.78,11.8,9936698
1648479600,11.79,11.79,11.79,11.79,2071778
1648533600,11.84,11.84,11.84,11.84,564134
1648537200,11.84,11.92,11.82,11.86,18397330
1648540800,11.87,11.88,11.84,11.86,3787464
1648544400,11.86,11.88,11.83,11.85,5088036
1648548000,11.84,11.88,11.82,11.86,7694186
1648551600,11.86,11.89,11.84,11.88,6461410
1648555200,11.87,12.07,11.87,11.96,35532860
1648558800,11.95,11.98,11.9,11.96,10134362
1648562400,11.96,11.96,11.88,11.96,14192640
1648566000,11.96,11.96,11.96,11.96,2599096
1648620000,12.06,12.06,12.06,12.06,1435792
1648623600,12.07,12.35,12.07,12.28,71397902
1648627200,12.28,12.3,12.22,12.29,16038576
1648630800,12.28,12.31,12.25,12.28,12456012
1648634400,12.28,12.34,12.27,12.3,14099950
1648638000,12.3,12.31,12.23,12.24,7592138
1648641600,12.25,12.26,12.19,12.24,9346904
1648645200,12.23,12.29,12.21,12.24,7197490
1648648800,12.23,12.23,12.15,12.18,12682026
1648652400,12.19,12.19,12.19,12.19,2782048
1648706400,12.25,12.25,12.25,12.25,1491714
1648710000,12.25,12.31,12.16,12.19,23798528
1648713600,12.19,12.21,12.13,12.14,9877468
1648717200,12.14,12.16,12.12,12.15,5921422
1648720800,12.14,12.18,12.09,12.13,8321406
1648724400,12.12,12.13,12.06,12.09,10440006
1648728000,12.09,12.15,12.08,12.13,10331956
1648731600,12.13,12.14,12.09,12.1,4417974
1648735200,12.1,12.1,12,12.07,13351762
1648738800,12.07,12.07,12.07,12.07,3807128
1648792800,12.12,12.12,12.12,12.12,893864
1648796400,12.13,12.18,12.06,12.14,22938282
1648800000,12.15,12.24,12.14,12.19,16190102
1648803600,12.19,12.2,12.15,12.18,5497444
1648807200,12.18,12.19,12.14,12.16,3144754
1648810800,12.16,12.21,12.15,12.2,5840526
1648814400,12.2,12.2,12.11,12.15,6505742
1648818000,12.14,12.19,12.12,12.18,8047972
1648821600,12.18,12.43,12.18,12.4,59245148
1648825200,12.4,12.4,12.39,12.39,4476898
1649052000,12.55,12.55,12.55,12.55,4304562
1649055600,12.56,12.74,12.55,12.64,63322088
1649059200,12.63,12.7,12.57,12.67,32648494
1649062800,12.66,12.7,12.65,12.66,10952350
1649066400,12.66,12.71,12.64,12.69,19965738
1649070000,12.69,12.7,12.64,12.66,12760526
1649073600,12.65,12.74,12.62,12.66,22396222
1649077200,12.66,12.7,12.61,12.66,12317362
1649080800,12.65,12.68,12.59,12.66,19336334
1649084400,12.67,12.67,12.67,12.67,4070832
1649138400,12.82,12.82,12.82,12.82,4067890
1649142000,12.82,12.95,12.74,12.82,66264364
1649145600,12.81,12.89,12.8,12.86,12747876
1649149200,12.86,13.06,12.84,13.06,62453612
1649152800,13.06,13.07,12.94,13.01,22190662
1649156400,13,13.09,12.98,13.06,24261542
1649160000,13.06,13.12,13.02,13.07,19684370
1649163600,13.07,13.09,12.96,12.99,23727956
1649167200,13,13.04,12.77,13.02,61801618
1649170800,13.01,13.01,13.01,13.01,6042150
1649224800,13.08,13.08,13.08,13.08,2178302
1649228400,13.08,13.14,12.95,13.06,58890450
1649232000,13.06,13.06,12.93,12.98,24050324
1649235600,12.98,12.99,12.87,12.91,12535040
1649239200,12.91,12.94,12.86,12.88,7335168
1649242800,12.89,12.89,12.78,12.83,12667998
1649246400,12.83,12.89,12.81,12.85,5771686
1649250000,12.86,12.88,12.78,12.82,8241668
1649253600,12.83,12.85,12.78,12.81,10951480
1649257200,12.79,12.81,12.77,12.77,5282832
1649311200,13.2,13.2,13.2,13.2,4967788
1649314800,13.21,13.32,13.02,13.07,54799054
1649318400,13.06,13.08,13.02,13.05,9000570
1649322000,13.06,13.06,13.03,13.06,7109658
1649325600,13.05,13.07,13.02,13.04,7571634
1649329200,13.04,13.07,13.02,13.07,7776876
1649332800,13.06,13.13,13.06,13.09,18392722
1649336400,13.09,13.13,13.06,13.07,14399682
1649340000,13.07,13.08,12.94,13.03,18912200
1649343600,13.05,13.05,13.05,13.05,5213954
1649397600,13.38,13.38,13.38,13.38,6373774
1649401200,13.39,13.47,13.24,13.27,59190258
1649404800,13.26,13.31,13.23,13.29,9427474
1649408400,13.29,13.31,13.26,13.29,6405884
1649412000,13.29,13.3,13.24,13.29,6453294
1649415600,13.29,13.3,13.24,13.26,6031060
1649419200,13.25,13.29,13.24,13.26,4587424
1649422800,13.26,14.11,13.24,14.05,144702494
1649426400,14.04,14.05,13.86,13.95,61769746
1649430000,13.95,13.95,13.95,13.95,5816084
1649656800,13.96,13.96,13.96,13.96,1593722
1649660400,13.96,14.22,13.83,14.07,51334400
1649664000,14.07,14.11,13.99,13.99,15347556
1649667600,14,14.03,13.94,13.96,13013038
1649671200,13.96,14.32,13.95,14.16,60066218
1649674800,14.16,14.21,14.11,14.15,12556742
1649678400,14.15,14.18,14.01,14.1,17490876
1649682000,14.1,14.16,14.06,14.14,12776668
1649685600,14.14,14.14,13.95,13.98,23011130
1649689200,13.98,13.99,13.98,13.99,3938846
1649743200,13.95,13.95,13.95,13.95,1312260
1649746800,13.94,13.95,13.77,13.85,31170378
1649750400,13.84,13.87,13.8,13.82,11664678
1649754000,13.82,13.82,13.72,13.76,8933866
1649757600,13.76,13.84,13.75,13.82,5853790
1649761200,13.82,13.87,13.78,13.85,11498564
1649764800,13.84,14.14,13.82,14.12,40968336
1649768400,14.12,14.12,14,14.03,20386936
1649772000,14.03,14.06,13.91,13.93,21323352
1649775600,13.93,13.93,13.9,13.9,3758406
1649829600,14.02,14.02,14.02,14.02,967830
1649833200,14.03,14.29,13.98,14.22,52447664
1649836800,14.21,14.33,14.16,14.27,26217532
1649840400,14.27,14.28,14.06,14.13,19161228
1649844000,14.13,14.22,14.09,14.12,13141250
1649847600,14.13,14.19,14.06,14.12,11489304
1649851200,14.12,14.13,13.9,13.94,23462618
1649854800,13.94,13.96,13.71,13.94,28686374
1649858400,13.93,14.13,13.88,13.94,30737210
1649862000,13.94,13.94,13.93,13.93,3240930
1649916000,14.08,14.08,14.08,14.08,1407224
1649919600,14.09,14.12,13.94,13.97,20907532
1649923200,13.97,14.04,13.93,14.01,8563454
1649926800,14.01,14.01,13.89,13.95,8402114
1649930400,13.94,14.01,13.91,14,5606540
1649934000,14,14.01,13.91,14,8971724
1649937600,14,14.01,13.91,13.93,6348096
1649941200,13.93,14,13.92,13.96,6716796
1649944800,13.96,14,13.91,13.93,11466674
1649948400,13.93,13.93,13.91,13.91,4133228
1650002400,13.92,13.92,13.92,13.92,705290
1650006000,13.92,13.94,13.79,13.87,14723000
1650009600,13.87,13.88,13.79,13.8,8142642
1650013200,13.81,13.82,13.78,13.8,3604810
1650016800,13.8,13.85,13.79,13.81,4348470
1650020400,13.82,13.83,13.79,13.81,4412060
1650024000,13.82,13.84,13.8,13.83,4501042
1650027600,13.82,13.91,13.82,13.84,8680080
1650031200,13.84,13.85,13.76,13.8,11093220
1650034800,13.77,13.77,13.77,13.77,3108504
1650261600,13.81,13.81,13.81,13.81,570454
1650265200,13.82,13.87,13.72,13.77,26080580
1650268800,13.76,14.01,13.76,13.96,29277022
1650272400,13.96,13.98,13.9,13.91,10670592
1650276000,13.91,13.93,13.87,13.89,7815590
1650279600,13.9,14.04,13.88,13.92,23557642
1650283200,13.93,14.07,13.92,14.03,36271324
1650286800,14.02,14.03,13.94,13.96,9105212
1650290400,13.96,14.21,13.95,14.07,42206470
1650294000,14.06,14.08,14.06,14.08,3093178
1650348000,14.3,14.3,14.3,14.3,4645766
1650351600,14.3,14.34,14.15,14.19,40584134
1650355200,14.18,14.24,14.17,14.18,10458462
1650358800,14.18,14.22,14.18,14.21,5229504
1650362400,14.2,14.23,14.16,14.19,5865492
1650366000,14.19,14.22,14.13,14.15,9580528
1650369600,14.15,14.16,13.9,13.91,27913480
1650373200,13.9,13.97,13.76,13.94,23621704
1650376800,13.93,13.97,13.85,13.85,18853080
1650380400,13.86,13.86,13.86,13.86,5257822
1650434400,13.94,13.94,13.94,13.94,1103096
1650438000,13.95,14.01,13.85,13.88,22311260
1650441600,13.87,13.98,13.8,13.92,12827402
1650445200,13.92,14.01,13.91,13.93,9149246
1650448800,13.92,14.07,13.91,13.99,18115344
1650452400,13.98,14.02,13.93,14.02,8315602
1650456000,14.02,14.09,13.99,14.03,16141704
1650459600,14.02,14.04,13.91,13.95,9083940
1650463200,13.96,13.99,13.88,13.92,13355866
1650466800,13.93,13.93,13.93,13.93,3885776
1650520800,13.96,13.96,13.96,13.96,779258
1650524400,13.97,14.22,13.96,14.19,61826734
1650528000,14.19,14.19,14.07,14.1,18995072
1650531600,14.1,14.13,14.08,14.09,6674226
1650535200,14.08,14.17,14.08,14.14,7562256
1650538800,14.14,14.15,14.07,14.1,7688626
1650542400,14.1,14.15,14.06,14.1,8474282
1650546000,14.1,14.15,14.07,14.1,11501894
1650549600,14.1,14.27,14.08,14.23,56939902
1650553200,14.22,14.26,14.22,14.26,5556232
1650607200,14.17,14.17,14.17,14.17,2018434
1650610800,14.17,14.31,14.12,14.2,60154332
1650614400,14.2,14.4,14.18,14.29,47910936
1650618000,14.29,14.34,14.23,14.34,13748416
1650621600,14.34,14.34,14.16,14.19,10136954
1650625200,14.18,14.23,14.16,14.2,9490254
1650628800,14.2,14.24,14.03,14.12,21176524
1650632400,14.12,14.14,13.99,14.05,18280094
1650636000,14.04,14.06,13.47,13.52,40473320
1650639600,13.5,13.5,13.5,13.5,4356336
1650866400,13.33,13.33,13.33,13.33,1228580
1650870000,13.33,13.44,13.07,13.34,40304610
1650873600,13.35,13.38,13.25,13.31,9159746
1650877200,13.3,13.33,13.21,13.28,8015926
1650880800,13.28,13.33,13.25,13.28,6808366
1650884400,13.28,13.63,13.27,13.59,25451346
1650888000,13.6,13.65,13.53,13.59,18210424
1650891600,13.59,13.62,13.46,13.47,10573068
1650895200,13.47,13.56,13.41,13.5,13602246
1650898800,13.49,13.5,13.49,13.5,2263916
1650952800,13.63,13.63,13.63,13.63,791460
1650956400,13.63,13.69,13.54,13.63,21931812
1650960000,13.62,13.66,13.55,13.57,6799578
1650963600,13.56,13.57,13.51,13.54,4672930
1650967200,13.53,13.56,13.32,13.35,14229152
1650970800,13.34,13.35,13.12,13.29,15741750
1650974400,13.28,13.32,13.22,13.28,8415534
1650978000,13.28,13.31,12.95,12.95,11235102
1650981600,12.98,13.08,12.65,12.84,30191656
1650985200,12.8,12.8,12.8,12.8,2877088
1651039200,12.67,12.67,12.67,12.67,775500
1651042800,12.66,12.72,12.36,12.67,45622446
1651046400,12.67,12.69,12.48,12.58,13230712
1651050000,12.57,12.6,12.43,12.5,12170770
1651053600,12.5,12.56,12.47,12.53,9261912
1651057200,12.53,12.59,12.48,12.57,7508596
1651060800,12.56,12.66,12.56,12.61,9493824
1651064400,12.61,12.75,12.57,12.69,12304390
1651068000,12.7,12.72,12.55,12.58,18979124
1651071600,12.57,12.57,12.57,12.57,2589042
1651125600,12.69,12.69,12.69,12.69,701466
1651129200,12.7,12.78,12.67,12.72,21144886
1651132800,12.72,12.74,12.62,12.68,8502670
1651136400,12.68,12.8,12.67,12.75,13556356
1651140000,12.76,12.78,12.69,12.7,7900512
1651143600,12.7,12.7,12.57,12.59,13199906
1651147200,12.59,12.64,12.58,12.59,6651216
1651150800,12.59,12.61,12.41,12.47,12947380
1651154400,12.47,12.53,12.33,12.36,15388036
1651158000,12.38,12.38,12.38,12.38,1810770
1651212000,12.51,12.51,12.51,12.51,696266
1651215600,12.51,12.52,12.29,12.39,18558732
1651219200,12.38,12.42,12.3,12.31,7178562
1651222800,12.31,12.32,12.15,12.17,14335702
1651226400,12.16,12.21,12.12,12.21,6622614
1651230000,12.2,12.23,12.12,12.15,9921508
1651233600,12.15,12.2,12.12,12.14,9023670
1651237200,12.15,12.25,12.08,12.2,14185524
1651240800,12.2,12.25,12.16,12.21,20721740
1651244400,12.21,12.25,12.21,12.25,3289100
1651730400,12.47,12.47,12.47,12.47,1068474
1651734000,12.47,12.49,12.29,12.36,22835864
1651737600,12.36,12.39,12.32,12.36,9269048
1651741200,12.36,12.43,12.35,12.41,10603440
1651744800,12.4,12.45,12.38,12.42,9920418
1651748400,12.41,12.47,12.38,12.41,10922748
1651752000,12.41,12.47,12.39,12.44,8226014
1651755600,12.44,12.44,12.32,12.33,12665720
1651759200,12.32,12.36,12.28,12.34,17479012
1651762800,12.33,12.33,12.33,12.33,4251452
1651816800,12.28,12.28,12.28,12.28,628128
1651820400,12.27,12.28,12.15,12.22,21531626
1651824000,12.23,12.23,12.17,12.2,6968076
1651827600,12.19,12.2,12.1,12.12,10071914
1651831200,12.11,12.16,12.1,12.15,5520476
1651834800,12.15,12.16,12.11,12.14,5531168
1651838400,12.14,12.22,12.13,12.18,11437990
1651842000,12.19,12.19,11.97,11.99,22312568
1651845600,11.99,12.07,11.97,12.05,14699214
1651849200,12.05,12.05,12.05,12.05,3198112
1652076000,12.04,12.04,12.04,12.04,657096
1652079600,12.03,12.13,11.99,12.03,20658240
1652083200,12.04,12.04,11.91,11.96,13138954
1652086800,11.96,11.98,11.94,11.96,4916070
1652090400,11.95,11.97,11.86,11.87,6753988
1652094000,11.86,11.91,11.85,11.91,5894332
1652097600,11.91,11.94,11.87,11.92,9458234
1652101200,11.92,11.95,11.88,11.9,10126950
1652104800,11.89,11.92,11.87,11.88,17132760
1652108400,11.87,11.87,11.87,11.87,3384980
1652162400,11.97,11.97,11.97,11.97,1182634
1652166000,11.97,12,11.89,11.92,20329650
1652169600,11.91,11.94,11.86,11.93,12252942
1652173200,11.93,12.13,11.91,12.04,46798582
1652176800,12.03,12.18,12.03,12.08,20532622
1652180400,12.08,12.12,12.04,12.11,10729212
1652184000,12.12,12.14,12.07,12.14,17835322
1652187600,12.14,12.15,12.03,12.06,16123960
1652191200,12.06,12.11,12.04,12.09,13648726
1652194800,12.09,12.09,12.09,12.09,2466734
1652248800,12.18,12.18,12.18,12.18,1153936
1652252400,12.19,12.22,12.02,12.06,22625090
1652256000,12.05,12.07,12.01,12.06,7587200
1652259600,12.05,12.08,12,12.03,5910786
1652263200,12.03,12.16,11.95,12.1,36312016
1652266800,12.09,12.14,12.03,12.09,16710142
1652270400,12.1,12.19,11.93,11.99,33976526
1652274000,11.99,12.02,11.87,12.02,20289466
1652277600,12.02,12.08,11.93,11.94,21422290
1652281200,11.93,11.93,11.93,11.93,4269864
1652335200,11.77,11.77,11.77,11.77,1021450
1652338800,11.76,11.86,11.5,11.58,39881018
1652342400,11.58,11.61,11.39,11.46,21363644
1652346000,11.45,11.48,11.29,11.32,27388378
1652349600,11.32,11.45,11.3,11.44,17998834
1652353200,11.45,11.47,11.37,11.42,11285192
1652356800,11.42,11.47,11.33,11.35,16733546
1652360400,11.36,11.43,11.3,11.33,16577922
1652364000,11.33,11.44,11.29,11.34,24218564
1652367600,11.34,11.34,11.32,11.32,3309116
1652421600,11.46,11.46,11.46,11.46,1130216
1652425200,11.46,11.61,11.45,11.52,33800642
1652428800,11.51,11.54,11.45,11.47,10308542
1652432400,11.47,11.48,11.39,11.48,8102972
1652436000,11.47,11.51,11.45,11.47,5668412
1652439600,11.47,11.5,11.45,11.5,5092434
1652443200,11.5,11.51,11.45,11.5,5876318
1652446800,11.5,11.54,11.41,11.49,12683138
1652450400,11.48,11.54,11.47,11.51,13257660
1652454000,11.48,11.48,11.48,11.48,4437008
1652680800,11.51,11.51,11.51,11.51,725512
1652684400,11.51,11.69,11.49,11.64,33630176
1652688000,11.64,11.66,11.62,11.65,5299588
1652691600,11.64,11.65,11.57,11.59,6377366
1652695200,11.58,11.6,11.52,11.54,8350246
1652698800,11.54,11.56,11.44,11.5,11447306
1652702400,11.5,11.56,11.48,11.53,8167038
1652706000,11.52,11.55,11.48,11.5,8718916
1652709600,11.5,11.53,11.33,11.34,19295378
1652713200,11.3,11.3,11.3,11.3,4063080
1652767200,11.45,11.45,11.45,11.45,1449288
1652770800,11.45,11.46,11.3,11.34,21492522
1652774400,11.33,11.41,11.31,11.38,11598204
1652778000,11.38,11.41,11.35,11.38,6525886
1652781600,11.38,11.42,11.37,11.39,6146362
1652785200,11.39,11.41,11.36,11.39,5412386
1652788800,11.39,11.43,11.36,11.38,12284858
1652792400,11.37,11.41,11.34,11.36,11247128
1652796000,11.35,11.39,11.25,11.25,15480618
1652799600,11.26,11.26,11.24,11.24,4270992
1652853600,11.2,11.2,11.2,11.2,776478
1652857200,11.21,11.29,11.18,11.23,18363098
1652860800,11.23,11.26,11.22,11.25,8867494
1652864400,11.24,11.26,11.22,11.23,6626936
1652868000,11.22,11.28,11.22,11.27,13035824
1652871600,11.26,11.27,11.21,11.24,8658530
1652875200,11.24,11.28,11.19,11.22,11790716
1652878800,11.21,11.21,11.09,11.11,15512058
1652882400,11.12,11.16,11.04,11.11,17108608
1652886000,11.12,11.12,11.12,11.12,2715240
1653026400,11.12,11.12,11.12,11.12,662762
1653030000,11.13,11.24,11.08,11.14,18997996
1653033600,11.13,11.16,11.09,11.15,6944254
1653037200,11.14,11.21,11.13,11.19,11447694
1653040800,11.19,11.41,11.17,11.32,30112056
1653044400,11.33,11.56,11.3,11.56,89471916
1653048000,11.55,11.61,11.51,11.56,61837544
1653051600,11.55,11.63,11.46,11.59,47231054
1653055200,11.59,11.62,11.35,11.39,40009780
1653058800,11.39,11.39,11.39,11.39,3649594
1653285600,11.51,11.51,11.51,11.51,1358088
1653289200,11.51,11.76,11.51,11.74,41022176
1653292800,11.73,11.84,11.69,11.82,22702302
1653296400,11.82,11.92,11.81,11.87,20366672
1653300000,11.87,11.88,11.71,11.73,19829310
1653303600,11.72,11.73,11.56,11.66,32177494
1653307200,11.65,11.78,11.62,11.74,17819442
1653310800,11.74,11.82,11.67,11.71,16757894
1653314400,11.7,11.81,11.69,11.76,19608076
1653318000,11.8,11.8,11.8,11.8,4035246
1653372000,11.87,11.87,11.87,11.87,1348148
1653375600,11.87,11.9,11.64,11.68,29056320
1653379200,11.68,11.74,11.64,11.73,10533384
1653382800,11.73,11.74,11.69,11.72,4191252
1653386400,11.71,11.74,11.71,11.73,3275830
1653390000,11.73,11.76,11.69,11.71,5674984
1653393600,11.71,11.72,11.66,11.67,7710986
1653397200,11.68,11.71,11.65,11.69,6406592
1653400800,11.7,11.7,11.52,11.53,17051428
1653404400,11.53,11.53,11.53,11.53,3177314
1653458400,11.57,11.57,11.57,11.57,451260
1653462000,11.57,11.84,11.57,11.81,38216266
1653465600,11.81,11.85,11.73,11.84,19406452
1653469200,11.85,11.92,11.81,11.84,26925380
1653472800,11.84,11.87,11.81,11.81,6859792
1653476400,11.81,11.85,11.78,11.83,7098468
1653480000,11.83,11.88,11.82,11.84,7826718
1653483600,11.83,11.86,11.78,11.85,9137872
1653487200,11.85,11.9,11.8,11.82,16557220
1653490800,11.83,11.83,11.83,11.83,3202602
1653544800,11.86,11.86,11.86,11.86,1152470
1653548400,11.86,12.05,11.86,11.99,38721646
1653552000,11.98,11.99,11.91,11.95,8790406
1653555600,11.94,11.96,11.92,11.93,3636936
1653559200,11.92,11.93,11.86,11.87,7865530
1653562800,11.86,11.94,11.85,11.89,13459354
1653566400,11.89,11.97,11.87,11.94,9507064
1653570000,11.94,11.98,11.89,11.96,12059124
1653573600,11.96,12.02,11.93,11.95,17745532
1653577200,11.99,11.99,11.99,11.99,4679388
1653631200,12.02,12.02,12.02,12.02,748912
1653634800,12.03,12.04,11.93,11.96,17701380
1653638400,11.96,11.97,11.88,11.92,9667312
1653642000,11.91,11.93,11.89,11.91,3092654
1653645600,11.91,11.94,11.9,11.92,2487926
1653649200,11.92,11.92,11.76,11.82,10588214
1653652800,11.82,11.85,11.77,11.83,6063536
1653656400,11.83,11.84,11.74,11.77,10655752
1653660000,11.77,11.82,11.73,11.75,9977268
1653663600,11.75,11.75,11.75,11.75,2852494
1653890400,11.92,11.92,11.92,11.92,897192
1653894000,11.92,12.1,11.9,12.04,39454400
1653897600,12.05,12.08,12.02,12.06,13145528
1653901200,12.06,12.09,12.03,12.06,9033354
1653904800,12.06,12.17,12.03,12.13,31133746
1653908400,12.13,12.18,12.11,12.14,18049974
1653912000,12.14,12.16,12.08,12.13,11353316
1653915600,12.13,12.2,12.1,12.13,25782996
1653919200,12.13,12.16,12.08,12.1,19767796
1653922800,12.09,12.09,12.09,12.09,4949706
1653976800,12.12,12.12,12.12,12.12,923450
1653980400,12.12,12.33,12.11,12.33,47074486
1653984000,12.33,12.35,12.21,12.23,19150776
1653987600,12.22,12.24,12.16,12.18,8928190
1653991200,12.17,12.18,12.08,12.14,11085524
1653994800,12.14,12.22,12.13,12.16,9652724
1653998400,12.15,12.19,12.13,12.17,5590468
1654002000,12.17,12.2,12.1,12.12,8966024
1654005600,12.13,12.3,12.11,12.29,20188984
1654009200,12.29,12.29,12.23,12.23,17419620
1654063200,12.29,12.29,12.29,12.29,1422624
1654066800,12.29,12.49,12.28,12.43,41988628
1654070400,12.43,12.43,12.37,12.41,10243286
1654074000,12.41,12.42,12.39,12.41,4186220
1654077600,12.4,12.41,12.31,12.32,10386682
1654081200,12.32,12.41,12.28,12.36,9989488
1654084800,12.36,12.41,12.35,12.38,5240148
1654088400,12.39,12.4,12.35,12.38,6809712
1654092000,12.38,12.48,12.21,12.45,33979800
1654095600,12.45,12.45,12.45,12.45,4737846
1654149600,12.53,12.53,12.53,12.53,1470376
1654153200,12.54,12.57,12.43,12.44,23848866
1654156800,12.44,12.47,12.39,12.42,7677744
1654160400,12.41,12.47,12.41,12.44,4325056
1654164000,12.44,12.48,12.44,12.48,3389610
1654167600,12.48,12.51,12.46,12.47,6823212
1654171200,12.47,12.49,12.44,12.45,7555894
1654174800,12.44,12.45,12.37,12.38,11646494
1654178400,12.38,12.49,12.38,12.44,14363646
1654182000,12.42,12.42,12.42,12.42,2911654
1654236000,12.47,12.47,12.47,12.47,907376
1654239600,12.48,12.49,12.42,12.43,11696718
1654243200,12.43,12.44,12.33,12.34,10646170
1654246800,12.34,12.34,12.25,12.27,6650636
1654250400,12.26,12.32,12.25,12.3,3990614
1654254000,12.3,12.31,12.17,12.19,9573484
1654257600,12.19,12.25,12.16,12.23,8491870
1654261200,12.23,12.28,12.22,12.24,7524458
1654264800,12.24,12.29,12.18,12.2,12334868
1654268400,12.17,12.17,12.17,12.17,2918658
1654495200,12.26,12.26,12.26,12.26,495328
1654498800,12.26,12.43,12.26,12.4,19177396
1654502400,12.41,12.42,12.33,12.34,8363576
1654506000,12.34,12.36,12.3,12.33,5475700
1654509600,12.32,12.48,12.32,12.46,20793790
1654513200,12.45,12.48,12.42,12.45,6132570
1654516800,12.45,12.47,12.41,12.44,5058786
1654520400,12.44,12.54,12.4,12.47,23693722
1654524000,12.47,12.48,12.38,12.4,14867422
1654527600,12.4,12.41,12.4,12.41,2897500
1654581600,12.43,12.43,12.43,12.43,962496
1654585200,12.42,12.49,12.37,12.42,15512794
1654588800,12.41,12.42,12.33,12.35,10112870
1654592400,12.35,12.38,12.34,12.37,3688546
1654596000,12.37,12.38,12.33,12.36,4650494
1654599600,12.36,12.37,12.33,12.35,3594430
1654603200,12.34,12.35,12.29,12.32,7424016
1654606800,12.32,12.34,12.25,12.32,7414488
1654610400,12.33,12.36,12.24,12.33,14442738
1654614000,12.31,12.31,12.31,12.31,3323246
1654668000,12.38,12.38,12.38,12.38,781650
1654671600,12.38,12.43,12.18,12.24,19782120
1654675200,12.24,12.3,12.2,12.26,8217566
1654678800,12.26,12.28,12.23,12.26,4121306
1654682400,12.25,12.26,12.18,12.22,6260534
1654686000,12.23,12.23,12.14,12.16,8360608
1654689600,12.16,12.16,11.99,12.09,17427022
1654693200,12.08,12.17,12.01,12.14,9316722
1654696800,12.14,12.16,11.63,11.75,22929508
1654700400,11.69,11.69,11.69,11.69,2136820
1654754400,11.69,11.69,11.69,11.69,513294
1654758000,11.7,11.8,11.55,11.77,16838210
1654761600,11.76,11.81,11.72,11.81,6224744
1654765200,11.8,11.87,11.73,11.75,7724066
1654768800,11.75,11.79,11.61,11.71,11975016
1654772400,11.7,11.78,11.68,11.75,7186868
1654776000,11.75,11.79,11.63,11.72,7818806
1654779600,11.72,11.75,11.66,11.7,5801304
1654783200,11.7,11.86,11.67,11.85,13067198
1654786800,11.85,11.85,11.85,11.85,2116124
1654840800,11.73,11.73,11.73,11.73,585338
1654844400,11.73,11.83,11.69,11.79,15612382
1654848000,11.79,11.81,11.67,11.73,9004122
1654851600,11.74,11.76,11.71,11.73,4995646
1654855200,11.72,11.75,11.67,11.7,4291764
1654858800,11.71,11.71,11.62,11.67,7334104
1654862400,11.66,11.71,11.63,11.65,5711246
1654866000,11.65,11.68,11.61,11.66,8104776
1654869600,11.65,11.68,11.58,11.62,10908614
1654873200,11.62,11.62,11.62,11.62,2245962
1655100000,11.53,11.53,11.53,11.53,424912
1655103600,11.54,11.67,11.45,11.5,13339344
1655107200,11.5,11.55,11.47,11.49,5128126
1655110800,11.48,11.51,11.39,11.41,5799242
1655114400,11.41,11.47,11.4,11.45,3705886
1655118000,11.46,11.5,11.44,11.45,4443132
1655121600,11.45,11.47,11.41,11.44,4413304
1655125200,11.44,11.54,11.42,11.52,7433382
1655128800,11.53,11.53,11.39,11.42,7794646
1655132400,11.4,11.4,11.4,11.4,1534394
1655186400,11.45,11.45,11.45,11.45,390084
1655190000,11.46,11.63,11.41,11.54,16217568
1655193600,11.54,11.56,11.47,11.54,7159814
1655197200,11.55,11.55,11.42,11.46,5286990
1655200800,11.46,11.5,11.42,11.47,4407422
1655204400,11.47,11.49,11.44,11.46,3118374
1655208000,11.46,11.56,11.45,11.55,8108516
1655211600,11.54,11.6,11.52,11.59,8820446
1655215200,11.59,11.73,11.58,11.63,26772792
1655218800,11.64,11.64,11.64,11.64,1508076
1655272800,11.7,11.7,11.7,11.7,1186406
1655276400,11.7,11.8,11.66,11.68,24667266
1655280000,11.68,11.73,11.65,11.72,6527246
1655283600,11.72,11.73,11.66,11.68,3003920
1655287200,11.68,11.71,11.65,11.69,3168654
1655290800,11.7,11.7,11.65,11.66,2140032
1655294400,11.66,11.68,11.61,11.64,6465182
1655298000,11.64,11.69,11.63,11.66,4538986
1655301600,11.67,11.71,11.62,11.64,9012918
1655305200,11.63,11.63,11.63,11.63,2443244
1655359200,11.64,11.64,11.64,11.64,870906
1655362800,11.64,11.69,11.58,11.58,11533124
1655366400,11.58,11.62,11.55,11.57,4441800
1655370000,11.56,11.57,11.51,11.53,4451814
1655373600,11.52,11.53,11.4,11.4,5510530
1655377200,11.41,11.41,11.27,11.32,11022402
1655380800,11.32,11.42,11.3,11.41,5527480
1655384400,11.41,11.47,11.37,11.41,6730722
1655388000,11.41,11.45,11.27,11.37,10374734
1655391600,11.37,11.38,11.37,11.38,2278002
1655445600,11.41,11.41,11.41,11.41,368988
1655449200,11.41,11.48,11.39,11.42,10002790
1655452800,11.41,11.55,11.4,11.51,11978568
1655456400,11.5,11.53,11.45,11.48,3778798
1655460000,11.47,11.5,11.45,11.46,1713210
1655463600,11.46,11.5,11.41,11.49,3905682
1655467200,11.49,11.64,11.49,11.63,10948448
1655470800,11.62,11.65,11.55,11.64,10136540
1655474400,11.64,11.64,11.56,11.62,7239370
1655478000,11.62,11.62,11.62,11.62,2957480
1655704800,11.68,11.68,11.68,11.68,589564
1655708400,11.68,11.73,11.61,11.63,9420706
1655712000,11.63,11.67,11.61,11.64,3762762
1655715600,11.64,11.72,11.62,11.68,5053412
1655719200,11.67,11.84,11.67,11.79,12826466
1655722800,11.78,11.86,11.76,11.79,9222404
1655726400,11.8,11.82,11.74,11.77,5566156
1655730000,11.77,11.85,11.76,11.81,4556806
1655733600,11.81,11.95,11.8,11.92,14872654
1655737200,11.92,11.92,11.92,11.92,2047610
1655791200,11.98,11.98,11.98,11.98,907014
1655794800,11.98,12.09,11.96,12.05,22851588
1655798400,12.05,12.13,12.05,12.12,11447848
1655802000,12.11,12.18,12.1,12.13,10486406
1655805600,12.13,12.15,12.09,12.11,3983274
1655809200,12.11,12.13,12.06,12.06,4400996
1655812800,12.06,12.08,12,12.05,5063238
1655816400,12.05,12.12,12.05,12.09,5426012
1655820000,12.1,12.13,12.04,12.08,6640930
1655823600,12.08,12.09,12.08,12.09,2238538
1655877600,12.01,12.01,12.01,12.01,754196
1655881200,12.01,12.06,11.92,11.96,14012396
1655884800,11.96,12,11.93,11.99,3853264
1655888400,11.99,12.03,11.96,12.01,3884304
1655892000,12,12.04,11.99,12.02,6610774
1655895600,12.02,12.04,11.97,11.99,4608650
1655899200,11.99,12,11.93,11.94,7213854
1655902800,11.94,11.98,11.92,11.95,7895588
1655906400,11.96,11.98,11.88,11.89,11129874
1655910000,11.88,11.88,11.87,11.87,2113422
1655964000,11.88,11.88,11.88,11.88,386416
1655967600,11.89,11.94,11.85,11.85,7791184
1655971200,11.86,11.9,11.83,11.88,4575006
1655974800,11.87,11.9,11.86,11.87,1804656
1655978400,11.87,11.92,11.87,11.91,2883150
1655982000,11.9,12.03,11.9,11.92,15262458
1655985600,11.92,11.92,11.8,11.86,10454510
1655989200,11.86,11.88,11.73,11.75,7870674
1655992800,11.75,11.75,11.62,11.67,12477936
1655996400,11.65,11.65,11.65,11.65,2270280
1656050400,11.72,11.72,11.72,11.72,444286
1656054000,11.73,12.33,11.72,12.32,79726342
1656057600,12.32,12.39,12.18,12.25,43022288
1656061200,12.24,12.3,12.2,12.23,9634002
1656064800,12.22,12.3,12.2,12.27,10159986
1656068400,12.28,12.31,12.24,12.28,10581634
1656072000,12.29,12.36,12.27,12.32,14265128
1656075600,12.32,12.36,12.26,12.33,7685440
1656079200,12.33,12.44,12.29,12.31,21753456
1656082800,12.28,12.28,12.28,12.28,3099936
1656309600,11.99,11.99,11.99,11.99,1129318
1656313200,12,12.1,11.81,12,27910980
1656316800,12.01,12.05,11.96,11.99,9746944
1656320400,11.99,12.02,11.89,11.92,7249812
1656324000,11.91,11.93,11.78,11.9,12950860
1656327600,11.89,11.97,11.89,11.9,7387752
1656331200,11.9,12.01,11.9,11.96,6327784
1656334800,11.97,12.01,11.92,11.94,8729536
1656338400,11.94,12.04,11.88,11.89,16256314
1656342000,11.93,11.93,11.93,11.93,1954294
1656396000,12.04,12.04,12.04,12.04,833080
1656399600,12.03,12.06,11.96,11.98,17578482
1656403200,11.97,11.99,11.91,11.94,8856056
1656406800,11.94,11.96,11.89,11.92,9138538
1656410400,11.92,11.92,11.87,11.89,5483922
1656414000,11.89,11.89,11.79,11.83,11109220
1656417600,11.83,11.85,11.79,11.82,6454144
1656421200,11.81,11.84,11.75,11.77,8827730
1656424800,11.77,11.77,11.45,11.54,23286952
1656428400,11.55,11.6,11.55,11.6,1817416
1656482400,12,12,12,12,2546518
1656486000,12,12.01,11.63,11.67,34539976
1656489600,11.67,11.77,11.62,11.71,12908858
1656493200,11.7,11.76,11.67,11.73,5956570
1656496800,11.73,11.83,11.71,11.77,10608400
1656500400,11.77,11.79,11.65,11.72,7132352
1656504000,11.72,11.77,11.69,11.73,5644164
1656507600,11.74,11.79,11.54,11.6,18527222
1656511200,11.6,11.64,11.27,11.34,20855416
1656514800,11.34,11.34,11.34,11.34,1815670
1656568800,11.31,11.31,11.31,11.31,735862
1656572400,11.31,11.42,11.18,11.37,21344120
1656576000,11.36,11.41,11.2,11.25,8670156
1656579600,11.24,11.27,11.16,11.26,6089386
1656583200,11.27,11.27,11.17,11.21,3896798
1656586800,11.2,11.32,11.1,11.28,11220298
1656590400,11.28,11.44,11.27,11.36,13504798
1656594000,11.36,11.64,11.33,11.5,33891322
1656597600,11.5,11.59,11.43,11.43,19040614
1656601200,11.44,11.44,11.43,11.43,3633958
1656655200,11.39,11.39,11.39,11.39,533826
1656658800,11.39,11.63,11.39,11.6,20956440
1656662400,11.58,11.69,11.56,11.62,12899238
1656666000,11.62,11.63,11.55,11.56,3360550
1656669600,11.56,11.61,11.56,11.58,2198960
1656673200,11.58,11.58,11.48,11.51,6759498
1656676800,11.51,11.59,11.5,11.56,6016112
1656680400,11.56,11.58,11.53,11.54,5409530
1656684000,11.53,11.55,11.44,11.47,10021706
1656687600,11.44,11.44,11.44,11.44,2389600
1656914400,11.49,11.49,11.49,11.49,671982
1656918000,11.48,11.57,11.46,11.52,14208236
1656921600,11.51,11.53,11.44,11.46,4388712
1656925200,11.45,11.47,11.34,11.35,8215080
1656928800,11.35,11.38,11.29,11.35,6167738
1656932400,11.36,11.37,11.3,11.33,4643828
1656936000,11.32,11.35,11.29,11.33,4683350
1656939600,11.32,11.34,11.24,11.24,6119406
1656943200,11.24,11.27,11.16,11.18,17171962
1656946800,11.18,11.18,11.18,11.18,2073746
1657000800,11.3,11.3,11.3,11.3,623660
1657004400,11.31,11.4,11.17,11.2,17022870
1657008000,11.19,11.2,11.04,11.09,12125866
1657011600,11.08,11.1,11.02,11.06,6500224
1657015200,11.06,11.08,11.05,11.06,3779784
1657018800,11.07,11.07,11.01,11.04,5693894
1657022400,11.03,11.07,10.97,11,6501270
1657026000,11,11.03,10.79,10.83,12022008
1657029600,10.83,10.92,10.81,10.83,11991564
1657033200,10.83,10.83,10.82,10.82,2443374
1657087200,10.89,10.89,10.89,10.89,464910
1657090800,10.89,10.93,10.82,10.88,13286810
1657094400,10.87,10.88,10.77,10.82,7857842
1657098000,10.81,10.91,10.8,10.9,6570270
1657101600,10.89,10.96,10.86,10.88,6526674
1657105200,10.88,10.92,10.85,10.91,5611126
1657108800,10.91,11.01,10.9,10.93,9652460
1657112400,10.93,10.97,10.87,10.91,6376722
1657116000,10.9,11.04,10.9,11.02,12010674
1657119600,11.02,11.02,11.02,11.02,1283028
1657173600,11.02,11.02,11.02,11.02,489096
1657177200,11.02,11.05,10.97,11.03,9393518
1657180800,11.03,11.04,10.93,10.96,3891030
1657184400,10.95,10.99,10.92,10.98,2778478
1657188000,10.97,10.98,10.94,10.97,1716524
1657191600,10.96,11.02,10.96,11.02,2577632
1657195200,11.01,11.11,10.98,11,7687752
1657198800,10.99,11.05,10.93,11.03,6100646
1657202400,11.02,11.04,10.99,11.03,4700948
1657206000,11.04,11.04,11.04,11.04,1271826
1657260000,11.02,11.02,11.02,11.02,337704
1657263600,11.02,11.08,10.99,11.03,7015930
1657267200,11.04,11.14,11.02,11.13,7832542
1657270800,11.13,11.13,11.06,11.1,3696904
1657692000,11.1,11.1,11.1,11.1,389390
1657695600,11.09,11.12,10.95,11.01,9159972
1657699200,11,11.06,10.99,11.06,4000766
1657702800,11.05,11.06,11.02,11.05,2500534
1657706400,11.04,11.06,11.03,11.04,2138690
1657710000,11.04,11.04,11,11.02,1697346
1657713600,11.02,11.05,10.93,10.97,6791868
1657717200,10.97,11.01,10.96,11,3483822
1657720800,11,11,10.88,10.95,8092692
1657724400,10.98,10.98,10.98,10.98,1383522
1657778400,10.99,10.99,10.99,10.99,276912
1657782000,10.98,11.03,10.94,10.98,8069620
1657785600,10.97,10.99,10.91,10.94,6422804
1657789200,10.94,10.97,10.92,10.95,4719928
1657792800,10.94,10.96,10.93,10.95,3960068
1657796400,10.95,10.95,10.91,10.95,4461182
1657800000,10.94,10.96,10.9,10.92,4548354
1657803600,10.92,10.93,10.89,10.9,5043032
1657807200,10.9,10.9,10.8,10.82,8697864
1657810800,10.81,10.81,10.81,10.81,1560134
1658124000,10.97,10.97,10.97,10.97,418444
1658127600,10.98,11.02,10.92,11,10786402
1658131200,10.99,11.01,10.92,10.97,6485150
1658134800,10.97,11,10.95,10.99,4437324
1658138400,10.99,11.05,10.99,11,4541264
1658142000,11,11.04,10.96,10.99,4037066
1658145600,10.99,10.99,10.96,10.98,1779718
1658149200,10.97,11.02,10.97,11,4766076
1658152800,10.99,11.02,10.97,10.99,5779876
1658156400,10.99,10.99,10.99,10.99,1620342
1658210400,10.96,10.96,10.96,10.96,535006
1658214000,10.95,11.06,10.94,11.01,10737282
1658217600,11,11.02,10.99,11.01,2695466
1658221200,11,11.07,11,11.07,5972126
1658224800,11.07,11.15,11.05,11.1,10235184
1658228400,11.1,11.12,11.07,11.09,5987312
1658232000,11.09,11.11,11.07,11.09,3030530
1658235600,11.09,11.13,11.08,11.1,3937650
1658239200,11.1,11.17,11.07,11.16,9060116
1658242800,11.15,11.15,11.15,11.15,2012754
1658296800,11.19,11.19,11.19,11.19,793766
1658300400,11.19,11.24,11.13,11.17,15984596
1658304000,11.17,11.17,11.13,11.13,2991536
1658307600,11.13,11.17,11.13,11.16,4576728
1658311200,11.15,11.17,11.11,11.13,3760330
1658314800,11.13,11.14,11.05,11.08,5129152
1658318400,11.07,11.11,11.06,11.08,3726996
1658322000,11.09,11.13,11.07,11.12,4284288
1658325600,11.12,11.14,11.09,11.11,8149208
1658329200,11.09,11.09,11.09,11.09,2765048
1658383200,11.11,11.11,11.11,11.11,3523012
1658386800,11.11,11.24,11.11,11.18,20031270
1658390400,11.17,11.2,11.13,11.15,4796570
1658394000,11.15,11.23,11.14,11.19,5267058
1658397600,11.19,11.2,11.16,11.18,2227324
1658401200,11.18,11.22,11.13,11.18,5646282
1658404800,11.18,11.26,11.16,11.23,10567090
1658408400,11.22,11.23,11.16,11.2,6571430
1658412000,11.2,11.21,11.11,11.15,8926362
1658415600,11.16,11.16,11.16,11.16,2834218
1658469600,11.2,11.2,11.2,11.2,519198
1658473200,11.2,11.32,11.2,11.29,13768308
1658476800,11.28,11.3,11.22,11.24,5709000
1658480400,11.24,11.27,11.24,11.26,2071640
1658484000,11.25,11.29,11.24,11.28,3050256
1658487600,11.28,11.33,11.25,11.32,4926292
1658491200,11.32,11.32,11.24,11.26,5119614
1658494800,11.25,11.27,11.21,11.22,7602856
1658498400,11.22,11.24,11.13,11.19,10092418
1658502000,11.18,11.18,11.18,11.18,2691174
1658728800,11.18,11.18,11.18,11.18,425636
1658732400,11.18,11.27,11.15,11.24,13987182
1658736000,11.23,11.29,11.23,11.26,6698992
1658739600,11.26,11.31,11.25,11.27,4093798
1658743200,11.27,11.3,11.26,11.26,4122332
1658746800,11.27,11.3,11.24,11.27,4573234
1658750400,11.27,11.27,11.23,11.27,5764888
1658754000,11.27,11.27,11.24,11.26,3871348
1658757600,11.26,11.29,11.24,11.26,7336784
1658761200,11.26,11.26,11.24,11.24,2439628
1658815200,11.26,11.26,11.26,11.26,416014
1658818800,11.27,11.33,11.26,11.29,11064898
1658822400,11.28,11.31,11.26,11.26,3811766
1658826000,11.26,11.27,11.22,11.25,4931592
1658829600,11.24,11.25,11.17,11.19,4014752
1658833200,11.19,11.22,11.18,11.2,2871684
1658836800,11.19,11.21,11.19,11.21,1765204
1658840400,11.21,11.22,11.14,11.16,4363842
1658844000,11.16,11.18,11.12,11.13,7640720
1658847600,11.13,11.13,11.13,11.13,1718212
1658901600,11.16,11.16,11.16,11.16,383116
1658905200,11.17,11.2,11.13,11.16,10491554
1658908800,11.16,11.18,11.13,11.16,5606918
1658912400,11.16,11.18,11.14,11.16,3170366
1658916000,11.15,11.17,11.14,11.17,2645638
1658919600,11.16,11.18,11.14,11.17,2956042
1658923200,11.17,11.17,11.14,11.14,2745520
1658926800,11.14,11.34,11.14,11.23,17073362
1658930400,11.23,11.24,11.17,11.18,8681600
1658934000,11.18,11.18,11.17,11.17,2478810
1658988000,11.28,11.28,11.28,11.28,793204
1658991600,11.28,11.3,11.18,11.24,13475454
1658995200,11.23,11.24,11.2,11.22,4185000
1658998800,11.21,11.23,11.19,11.21,2926594
1659002400,11.21,11.23,11.2,11.22,2765560
1659006000,11.22,11.23,11.2,11.22,1436430
1659009600,11.21,11.21,11.15,11.16,4538166
1659013200,11.16,11.16,11.1,11.12,7698086
1659016800,11.11,11.12,11.02,11.05,11275636
1659020400,11.05,11.05,11.05,11.05,1782114
1659074400,11.08,11.08,11.08,11.08,296958
1659078000,11.08,11.1,11.04,11.06,7213914
1659081600,11.05,11.06,10.99,11.01,5607608
1659085200,11,11.02,10.98,11.02,3495402
1659088800,11.01,11.06,11,11.03,4455484
1659092400,11.03,11.07,11.01,11.06,5118398
1659096000,11.06,11.09,11.03,11.07,5918768
1659099600,11.07,11.08,11.04,11.06,3923708
1659103200,11.06,11.17,11.05,11.08,11633884
1659106800,11.08,11.1,11.08,11.1,2385172
1659333600,11.14,11.14,11.14,11.14,535486
1659337200,11.15,11.42,11.13,11.37,29487984
1659340800,11.36,11.42,11.35,11.37,9669860
1659344400,11.36,11.41,11.34,11.38,6917574
1659348000,11.38,11.39,11.33,11.37,5501172
1659351600,11.38,11.47,11.36,11.43,16490916
1659355200,11.42,11.44,11.39,11.41,6699844
1659358800,11.4,11.47,11.39,11.46,4883754
1659362400,11.47,11.53,11.44,11.53,16893492
1659366000,11.54,11.54,11.54,11.54,2407408
1659420000,11.56,11.56,11.56,11.56,661638
1659423600,11.56,11.59,11.44,11.45,19650652
1659427200,11.46,11.47,11.37,11.41,11540948
1659430800,11.42,11.43,11.39,11.4,2634000
1659434400,11.39,11.45,11.39,11.45,3180808
1659438000,11.44,11.45,11.41,11.42,2624120
1659441600,11.42,11.45,11.4,11.44,5166234
1659445200,11.44,11.47,11.36,11.38,10885112
1659448800,11.38,11.41,11.33,11.36,9952432
1659452400,11.36,11.36,11.36,11.36,2093924
1659506400,11.39,11.39,11.39,11.39,317980
1659510000,11.39,11.69,11.38,11.64,40628320
1659513600,11.64,11.65,11.55,11.57,11209866
1659517200,11.57,11.59,11.55,11.56,3842264
1659520800,11.55,11.56,11.53,11.54,3998230
1659524400,11.54,11.61,11.53,11.58,4973234
1659528000,11.59,11.59,11.55,11.56,3127682
1659531600,11.57,11.58,11.52,11.57,3575118
1659535200,11.57,11.62,11.53,11.59,8471552
1659538800,11.6,11.6,11.6,11.6,2109142
1659592800,11.74,11.74,11.74,11.74,1125414
1659596400,11.75,11.79,11.69,11.73,16935588
1659600000,11.72,11.74,11.69,11.73,4233852
1659603600,11.72,11.73,11.68,11.7,3942036
1659607200,11.69,11.73,11.68,11.72,4317342
1659610800,11.72,11.74,11.69,11.7,4872058
1659614400,11.7,11.77,11.7,11.73,5719568
1659618000,11.72,11.73,11.69,11.71,4334640
1659621600,11.72,11.73,11.68,11.7,6920534
1659625200,11.69,11.69,11.69,11.69,2349154
1659679200,11.75,11.75,11.75,11.75,722978
1659682800,11.76,11.83,11.71,11.75,23620132
1659686400,11.76,11.89,11.75,11.84,22610638
1659690000,11.84,11.88,11.78,11.79,15616054
1659693600,11.79,11.84,11.78,11.81,3194496
1659697200,11.81,11.83,11.79,11.82,4310728
1659700800,11.82,11.82,11.66,11.71,10144252
1659704400,11.7,11.79,11.69,11.79,8162744
1659708000,11.79,11.84,11.75,11.77,16291346
1659711600,11.78,11.78,11.78,11.78,2404616
1659938400,11.82,11.82,11.82,11.82,765168
1659942000,11.83,11.92,11.83,11.88,15585118
1659945600,11.88,11.97,11.88,11.95,14014458
1659949200,11.95,12.02,11.95,11.96,11679890
1659952800,11.96,12.06,11.95,12,9555292
1659956400,12.01,12.01,11.91,11.94,7364422
1659960000,11.94,12,11.91,11.98,5083864
1659963600,11.97,12.04,11.97,12,7034680
1659967200,11.99,12.03,11.95,11.99,8911254
1659970800,12,12,12,12,2144360
1660024800,12.08,12.08,12.08,12.08,1368032
1660028400,12.09,12.2,12.01,12.13,24800636
1660032000,12.12,12.17,12.12,12.15,5350588
1660035600,12.15,12.15,12.06,12.06,6122392
1660039200,12.06,12.12,12.01,12.04,6450954
1660042800,12.04,12.08,11.96,12,6489192
1660046400,12.01,12.01,11.87,11.96,9439662
1660050000,11.96,11.99,11.93,11.95,3865108
1660053600,11.95,12.04,11.93,11.99,8417166
1660057200,11.98,11.98,11.98,11.98,2349538
1660111200,11.92,11.92,11.92,11.92,478986
1660114800,11.93,12.06,11.9,12.03,11098848
1660118400,12.03,12.04,11.93,11.94,6958576
1660122000,11.94,12,11.93,11.96,4715922
1660125600,11.95,11.97,11.92,11.95,4117710
1660129200,11.95,11.96,11.9,11.91,3958140
1660132800,11.91,12,11.9,11.98,8257350
1660136400,11.97,12.03,11.94,11.95,8048484
1660140000,11.95,12.03,11.94,11.99,9341512
1660143600,12,12,12,12,1979000
1660197600,12.12,12.12,12.12,12.12,684190
1660201200,12.13,12.28,12.11,12.22,27443776
1660204800,12.23,12.24,12.03,12.09,16638886
1660208400,12.09,12.15,12.07,12.09,6166690
1660212000,12.09,12.14,12.07,12.11,5146130
1660215600,12.12,12.14,12.08,12.1,3766258
1660219200,12.1,12.12,12.08,12.1,4736862
1660222800,12.1,12.14,12.05,12.08,5773750
1660226400,12.08,12.11,12.03,12.06,10657196
1660230000,12.05,12.05,12.05,12.05,1981800
1660284000,12.09,12.09,12.09,12.09,662730
1660287600,12.08,12.13,11.99,12.04,18770712
1660291200,12.04,12.05,11.94,11.96,9889408
1660294800,11.96,11.98,11.92,11.97,4329686
1660298400,11.96,11.98,11.95,11.97,3143004
1660302000,11.97,12.03,11.96,11.99,4875452
1660305600,12,12.35,11.99,12.26,47075894
1660309200,12.26,12.38,12.24,12.31,35096674
1660312800,12.31,12.32,12.12,12.25,27147828
1660316400,12.28,12.28,12.28,12.28,3219932
1660543200,12.4,12.4,12.4,12.4,2099898
1660546800,12.39,12.46,12.31,12.4,25643164
1660550400,12.39,12.45,12.36,12.37,8314830
1660554000,12.37,12.5,12.36,12.41,18947310
1660557600,12.4,12.42,12.35,12.4,4022902
1660561200,12.41,12.42,12.32,12.37,6573196
1660564800,12.36,12.37,12.29,12.29,7230800
1660568400,12.29,12.32,12.21,12.32,9943150
1660572000,12.32,12.33,12.22,12.23,9832970
1660575600,12.23,12.23,12.23,12.23,2517862
1660629600,12.27,12.27,12.27,12.27,466162
1660633200,12.28,12.3,12.03,12.1,24521832
1660636800,12.09,12.11,12.07,12.09,6187536
1660640400,12.08,12.12,12.08,12.09,4587856
1660644000,12.09,12.12,12.06,12.09,4210394
1660647600,12.08,12.13,12.05,12.06,6544582
1660651200,12.06,12.06,11.64,11.8,27426184
1660654800,11.79,11.99,11.72,11.95,25322276
1660658400,11.96,12.06,11.91,12.02,16156448
1660662000,12.02,12.02,12.02,12.02,3363740
1660716000,12.1,12.1,12.1,12.1,722970
1660719600,12.1,12.31,12.05,12.24,33603682
1660723200,12.25,12.26,12.14,12.2,10535080
1660726800,12.19,12.25,12.18,12.21,7154100
1660730400,12.2,12.23,12.14,12.15,6163020
1660734000,12.14,12.2,12.12,12.17,6269058
1660737600,12.17,12.22,12.15,12.19,6317678
1660741200,12.19,12.34,12.18,12.3,28918126
1660744800,12.3,12.44,12.28,12.42,40497034
1660748400,12.42,12.42,12.42,12.42,3246894
1660802400,12.52,12.52,12.52,12.52,2028362
1660806000,12.53,12.73,12.47,12.5,53038850
1660809600,12.49,12.66,12.45,12.65,17694190
1660813200,12.65,12.88,12.62,12.76,43953152
1660816800,12.75,12.76,12.6,12.68,11642284
1660820400,12.68,12.69,12.25,12.61,53786830
1660824000,12.61,12.7,12.54,12.59,23234926
1660827600,12.59,12.65,12.56,12.64,9945196
1660831200,12.63,12.98,12.62,12.94,65934128
1660834800,12.94,12.96,12.94,12.96,3978896
1660888800,13.04,13.04,13.04,13.04,2198738
1660892400,13.04,13.14,12.9,12.97,39911776
1660896000,12.96,13.07,12.84,12.91,23101664
1660899600,12.91,12.92,12.82,12.87,10401422
1660903200,12.86,12.88,12.69,12.76,15365150
1660906800,12.76,12.82,12.71,12.77,8097568
1660910400,12.78,12.89,12.71,12.84,8187422
1660914000,12.84,12.93,12.82,12.85,13068798
1660917600,12.84,12.86,12.78,12.8,13045704
1660921200,12.79,12.79,12.77,12.77,3564232
1661148000,12.77,12.77,12.77,12.77,923930
1661151600,12.76,12.85,12.67,12.72,19418774
1661155200,12.72,12.72,12.63,12.7,9364306
1661158800,12.7,12.74,12.67,12.72,5786200
1661162400,12.71,13.03,12.71,12.98,47024866
1661166000,12.98,13.05,12.94,12.96,23075804
1661169600,12.96,12.99,12.92,12.98,11242770
1661173200,12.97,12.99,12.87,12.9,15853596
1661176800,12.89,12.98,12.78,12.89,23915984
1661180400,12.9,12.9,12.9,12.9,3132014
1661234400,12.93,12.93,12.93,12.93,562630
1661238000,12.93,13.11,12.92,12.98,43926152
1661241600,12.98,13.04,12.96,12.99,12719914
1661245200,12.99,13.11,12.96,13.05,29692958
1661248800,13.07,13.25,13.05,13.23,56943662
1661252400,13.24,13.27,13.01,13.08,34686914
1661256000,13.08,13.13,13.04,13.06,13552070
1661259600,13.07,13.15,13.04,13.14,10896698
1661263200,13.13,13.14,12.98,13,21211352
1661266800,12.99,12.99,12.99,12.99,4244178
1661320800,13.09,13.09,13.09,13.09,1705592
1661324400,13.09,13.19,12.81,12.89,47177772
1661328000,12.88,13.06,12.85,13.01,17219178
1661331600,13,13.06,12.99,13.01,10507376
1661335200,13.01,13.04,12.95,12.98,7875462
1661338800,12.98,13,12.92,12.93,6302222
1661342400,12.93,12.93,12.83,12.89,16516746
1661346000,12.9,12.96,12.82,12.84,11534700
1661349600,12.83,12.85,12.65,12.68,21832502
1661353200,12.67,12.68,12.67,12.68,2779168
1661407200,12.72,12.72,12.72,12.72,723854
1661410800,12.72,12.81,12.68,12.8,22699952
1661414400,12.8,13.02,12.79,12.94,29035488
1661418000,12.93,13.08,12.91,12.99,23380502
1661421600,12.99,13.17,12.98,13.13,40433172
1661425200,13.13,13.14,13.06,13.09,15985392
1661428800,13.09,13.17,13.02,13.03,15866206
1661432400,13.02,13.06,12.95,13.05,18062868
1661436000,13.04,13.14,12.97,13.1,18336334
1661439600,13.1,13.1,13.1,13.1,3073730
1661493600,13.19,13.19,13.19,13.19,1880176
1661497200,13.2,13.33,13.07,13.11,54554962
1661500800,13.11,13.93,13.07,13.74,143810442
1661504400,13.74,13.83,13.6,13.65,28308122
1661508000,13.65,13.66,13.52,13.58,11808432
1661511600,13.59,13.73,13.58,13.65,16257436
1661515200,13.66,13.71,13.61,13.66,9976988
1661518800,13.66,13.75,13.46,13.62,25632554
1661522400,13.61,13.66,13.23,13.36,39203728
1661526000,13.35,13.35,13.35,13.35,4671290
1661752800,13.38,13.38,13.38,13.38,1380818
1661756400,13.38,13.54,13.29,13.31,30652298
1661760000,13.3,13.31,13.11,13.2,15665786
1661763600,13.2,13.23,13.12,13.22,10371536
1661767200,13.22,13.28,13.21,13.25,5701006
1661770800,13.25,13.35,13.23,13.3,8488246
1661774400,13.29,13.36,13.26,13.3,7864850
1661778000,13.29,13.33,13.2,13.3,7097134
1661781600,13.3,13.32,13.19,13.25,11127156
1661785200,13.23,13.23,13.23,13.23,3617208
1661925600,13.38,13.38,13.38,13.38,1974666
1661929200,13.38,13.51,13.3,13.42,30571020
1661932800,13.41,13.44,13.32,13.37,12009694
1661936400,13.36,13.37,13.28,13.29,9676534
1661940000,13.3,13.33,13.26,13.32,3999238
1661943600,13.32,13.36,13.31,13.32,6860690
1661947200,13.31,13.33,13.26,13.3,5665570
1661950800,13.29,13.33,13.27,13.29,7895564
1661954400,13.3,13.3,13.06,13.08,24189690
1661958000,13.08,13.09,13.03,13.03,8066286
1662012000,12.98,12.98,12.98,12.98,1370290
1662015600,12.97,12.99,12.73,12.75,27470278
1662019200,12.74,12.87,12.72,12.85,10530232
1662022800,12.84,12.99,12.83,12.93,12549534
1662026400,12.94,13.14,12.91,12.97,22633282
1662030000,12.97,12.99,12.88,12.89,7963480
1662033600,12.89,12.92,12.81,12.9,7693606
1662037200,12.9,12.97,12.86,12.92,8274854
1662040800,12.92,12.92,12.76,12.77,13966646
1662044400,12.78,12.78,12.72,12.72,3801510
1662098400,12.77,12.77,12.77,12.77,816004
1662102000,12.77,12.95,12.75,12.9,19697278
1662105600,12.9,13.15,12.88,13.05,37277606
1662109200,13.05,13.24,13.01,13.21,26498568
1662112800,13.2,13.34,13.19,13.26,24882904
1662116400,13.26,13.39,13.2,13.34,24002676
1662120000,13.34,13.37,13.28,13.36,15889676
1662123600,13.35,13.53,13.35,13.48,32915178
1662127200,13.49,13.7,13.46,13.63,48503710
1662130800,13.63,13.63,13.62,13.62,3432822
1662357600,13.73,13.73,13.73,13.73,2371476
1662361200,13.74,14.17,13.73,14.04,67050690
1662364800,14.04,14.09,13.97,13.99,16952750
1662368400,13.99,14.28,13.97,14.16,43915664
1662372000,14.15,14.52,14.14,14.46,60377780
1662375600,14.46,14.46,14.31,14.41,19970734
1662379200,14.41,14.42,14.18,14.35,27087854
1662382800,14.36,14.46,14.33,14.38,19222788
1662386400,14.38,14.41,14.18,14.36,27906966
1662390000,14.39,14.39,14.39,14.39,3909742
1662444000,14.55,14.55,14.55,14.55,2108898
1662447600,14.56,14.83,14.41,14.71,78198224
1662451200,14.71,14.72,13.83,14.19,64986566
1662454800,14.2,14.31,13.92,14.28,26079102
1662458400,14.29,14.38,14.19,14.21,20075842
1662462000,14.21,14.34,14.16,14.31,12389976
1662465600,14.31,14.45,14.19,14.26,19957100
1662469200,14.26,14.37,14.22,14.32,16347834
1662472800,14.33,14.34,14.16,14.18,18532650
1662476400,14.19,14.19,14.1,14.1,3826012
1662530400,14.13,14.13,14.13,14.13,1040084
1662534000,14.13,14.43,14.03,14.22,43325552
1662537600,14.24,14.68,14.17,14.53,60993940
1662541200,14.53,14.63,14.5,14.59,15669930
1662544800,14.59,14.64,14.5,14.56,15988808
1662548400,14.57,14.63,14.42,14.6,26237232
1662552000,14.59,14.67,14.56,14.61,27620786
1662555600,14.62,14.64,14.42,14.55,20842618
1662559200,14.55,14.55,14.28,14.31,30339374
1662562800,14.33,14.33,14.33,14.33,2818868
1662616800,14.5,14.5,14.5,14.5,1210548
1662620400,14.51,14.77,14.49,14.74,52367152
1662624000,14.74,14.87,14.62,14.71,41507190
1662627600,14.71,14.71,14.63,14.66,12180726
1662631200,14.66,14.71,14.61,14.64,14177788
1662634800,14.65,14.67,14.53,14.59,18588810
1662638400,14.59,14.63,14.37,14.4,28294592
1662642000,14.4,14.45,14.28,14.34,26410494
1662645600,14.34,14.35,13.9,14.02,43561692
1662649200,14.02,14.02,14.02,14.02,4141962
1662703200,14.11,14.11,14.11,14.11,897178
1662706800,14.12,14.32,14.11,14.21,29133850
1662710400,14.21,14.27,14.11,14.21,18121914
1662714000,14.22,14.42,14.2,14.22,31182908
1662717600,14.23,14.3,14.18,14.25,10882288
1662721200,14.24,14.57,14.22,14.46,49866046
1662724800,14.45,14.51,14.39,14.45,16660970
1662728400,14.45,14.71,14.36,14.68,44679020
1662732000,14.68,14.89,14.57,14.69,78639202
1662735600,14.69,14.69,14.66,14.66,6086414
1662962400,14.99,14.99,14.99,14.99,3921222
1662966000,14.99,15.78,14.75,15.74,137441036
1662969600,15.74,16.05,15.57,16.03,78218182
1662973200,16.03,16.12,16.01,16.11,76837794
1662976800,16.11,16.12,16.09,16.12,19026872
1662980400,16.12,16.12,16.07,16.12,13787012
1662984000,16.12,16.12,15.8,16,50268200
1662987600,16,16.12,15.97,16.12,13090044
1662991200,16.12,16.12,16.12,16.12,890560
1662994800,16.12,16.12,16.12,16.12,332086
1663048800,16.9,16.9,16.9,16.9,4536854
1663052400,16.9,17.1,16.42,16.76,125260084
1663056000,16.76,16.87,16.58,16.72,43861584
1663059600,16.72,16.81,16.19,16.36,60802690
1663063200,16.36,16.61,15.69,16.45,70353114
1663066800,16.45,16.7,16.3,16.4,41496884
1663070400,16.4,16.47,15.9,15.97,37935770
1663074000,15.98,16.49,15.73,16.21,68117932
1663077600,16.2,16.31,15.33,15.4,48588926
1663081200,15,15,15,15,7500278
1663135200,14.83,14.83,14.83,14.83,1296326
1663138800,14.82,15.56,14.71,14.92,57260112
1663142400,14.91,15.05,14.31,14.68,51441592
1663146000,14.67,15.3,14.66,15.19,42444290
1663149600,15.19,15.43,15.16,15.35,27059880
1663153200,15.34,15.74,15.29,15.34,40006102
1663156800,15.35,16.1,15.2,16.07,59692202
1663160400,16.07,16.5,16.04,16.48,84965620
1663164000,16.48,16.5,16.45,16.5,7821220
1663167600,16.5,16.5,16.5,16.5,357548
1663221600,16.98,16.98,16.98,16.98,4262300
1663225200,16.98,17.46,16.81,17.25,117902996
1663228800,17.25,17.3,17.08,17.18,30249856
1663232400,17.18,17.64,17.07,17.57,46813250
1663236000,17.57,18.02,17.48,17.92,80452126
1663239600,17.92,18.03,16.9,17.05,81700014
1663243200,17.05,17.39,16.58,16.82,94984244
1663246800,16.82,17.15,16.68,16.99,72457988
1663250400,16.98,17.6,16.84,16.95,94350508
1663254000,16.95,16.95,16.93,16.93,7278374
1663308000,16.93,16.93,16.93,16.93,1998560
1663311600,16.93,17.33,16.65,16.9,75739724
1663315200,16.91,16.97,16.83,16.9,19199624
1663318800,16.9,16.97,16.79,16.83,13581190
1663322400,16.82,16.89,16.72,16.82,11691910
1663326000,16.81,17.57,16.81,17.46,87042066
1663329600,17.45,17.64,17.36,17.47,57492300
1663333200,17.47,17.5,17.05,17.18,37432190
1663336800,17.18,17.36,16.81,16.92,41562364
1663340400,16.9,16.9,16.9,16.9,7496290
1663567200,16.95,16.95,16.95,16.95,1441080
1663570800,16.96,17.15,16.83,16.85,41083874
1663574400,16.85,16.89,16.6,16.69,28722352
1663578000,16.69,16.72,16.56,16.62,9377068
1663581600,16.61,16.63,16.37,16.42,21887834
1663585200,16.43,16.43,16.14,16.23,33873330
1663588800,16.24,16.29,16.16,16.23,12624204
1663592400,16.22,16.23,15.25,15.25,43316716
1663596000,15.31,15.4,15.21,15.21,14222718
1663599600,15.21,15.21,15.21,15.21,4577736
1663653600,15.26,15.26,15.26,15.26,859196
1663657200,15.26,15.69,15.26,15.51,54402160
1663660800,15.51,15.58,14.55,14.68,39699122
1663664400,14.69,15.15,14.5,14.94,42814538
1663668000,14.94,15.34,14.89,15.29,23017886
1663671600,15.29,15.59,15.22,15.45,33943816
1663675200,15.45,15.47,15.12,15.19,20299020
1663678800,15.19,15.24,14.91,15.12,25587600
1663682400,15.13,15.41,15.07,15.24,27161422
1663686000,15.38,15.38,15.38,15.38,3437604
1663740000,15.4,15.4,15.4,15.4,826452
1663743600,15.4,15.67,15.31,15.34,36518738
1663747200,15.34,15.63,15.25,15.55,21392524
1663750800,15.55,16,15.46,15.85,51937636
1663754400,15.85,15.96,15.62,15.79,26159312
1663758000,15.79,16.11,15.76,16.09,28433212
1663761600,16.09,16.22,15.99,16.12,45882902
1663765200,16.11,16.23,15.99,16.2,20729050
1663768800,16.2,16.23,15.34,15.54,54934252
1663772400,15.54,15.54,15.54,15.54,3501334
1663826400,15.56,15.56,15.56,15.56,877768
1663830000,15.57,15.62,15.4,15.58,27398706
1663833600,15.59,15.84,15.58,15.63,19740942
1663837200,15.63,15.64,15.48,15.59,10536104
1663840800,15.59,15.67,15.51,15.62,9740634
1663844400,15.61,15.69,15.5,15.57,14468750
1663848000,15.57,15.71,15.55,15.64,13163228
1663851600,15.65,15.79,15.5,15.52,25928302
1663855200,15.53,15.59,15.36,15.47,18862420
1663858800,15.46,15.46,15.46,15.46,3238166
1663912800,15.5,15.5,15.5,15.5,516830
1663916400,15.5,15.56,15.34,15.47,21774874
1663920000,15.48,15.54,15.39,15.43,11482210
1663923600,15.42,15.43,15.34,15.36,5689092
1663927200,15.35,15.4,15.24,15.24,6603290
1663930800,15.24,15.34,15.17,15.28,8792034
1663934400,15.28,15.29,15.07,15.11,7765524
1663938000,15.11,15.34,15.09,15.14,10210540
1663941600,15.14,15.21,15.01,15.06,16848638
1663945200,15.06,15.06,15.05,15.05,2364348
1664172000,15,15,15,15,580690
1664175600,14.99,15.45,14.9,15.32,30972810
1664179200,15.31,15.36,15.1,15.23,15924556
1664182800,15.22,15.24,15.02,15.16,10892782
1664186400,15.17,15.2,15.07,15.13,8423246
1664190000,15.14,15.17,15.04,15.09,5954532
1664193600,15.08,15.14,15.01,15.1,8332150
1664197200,15.09,15.3,15.05,15.15,19264720
1664200800,15.15,15.29,15.08,15.1,17479778
1664204400,15.08,15.08,15.08,15.08,3579500
1664258400,15.12,15.12,15.12,15.12,1451034
1664262000,15.12,15.21,15.05,15.08,18521622
1664265600,15.08,15.19,15.06,15.15,8877414
1664269200,15.16,15.23,15.13,15.17,11288320
1664272800,15.17,15.42,15.15,15.22,20908932
1664276400,15.23,15.37,15.22,15.28,12280602
1664280000,15.27,15.38,15.24,15.31,7488316
1664283600,15.31,15.33,15.11,15.15,8994524
1664287200,15.15,15.15,14.8,14.86,18611158
1664290800,14.84,14.84,14.84,14.84,2564736
1664344800,14.8,14.8,14.8,14.8,804446
1664348400,14.79,15.05,14.75,14.96,22290270
1664352000,14.96,15.05,14.87,14.88,11531832
1664355600,14.89,14.91,14.81,14.85,6875424
1664359200,14.85,14.92,14.83,14.88,5307328
1664362800,14.88,14.9,14.54,14.57,11636682
1664366400,14.56,14.64,14.48,14.58,13694468
1664370000,14.58,14.62,14.31,14.56,20466060
1664373600,14.56,14.59,14.35,14.44,15541524
1664377200,14.37,14.37,14.37,14.37,3034532
1664431200,14.5,14.5,14.5,14.5,973272
1664434800,14.49,14.91,14.49,14.78,42519492
1664438400,14.77,14.8,14.54,14.56,12631270
1664442000,14.56,14.85,14.53,14.81,15678932
1664445600,14.82,14.93,14.78,14.85,17040174
1664449200,14.85,14.98,14.8,14.85,11947466
1664452800,14.85,15.35,14.85,15.23,52814768
1664456400,15.23,15.36,15,15.04,32428596
1664460000,15.04,15.08,14.26,14.84,78753616
1664463600,14.84,14.95,14.84,14.95,3481922
1664517600,15,15,15,15,960506
1664521200,15,15.04,14.64,14.72,31750166
1664524800,14.72,14.78,14.59,14.64,13259310
1664528400,14.64,14.66,14.56,14.61,8119234
1664532000,14.61,14.69,14.54,14.55,6833826
1664535600,14.56,14.86,14.52,14.77,20029694
1664539200,14.77,14.89,14.67,14.71,20329656
1664542800,14.71,14.74,14.57,14.64,9688754
1664546400,14.64,14.67,14.55,14.62,13280724
1664550000,14.62,14.65,14.62,14.65,3950592
1664776800,14.76,14.76,14.76,14.76,1016188
1664780400,14.77,14.88,14.77,14.86,20359816
1664784000,14.86,15.09,14.84,15.07,26804466
1664787600,15.06,15.17,15,15.07,19232086
1664791200,15.06,15.1,15,15.07,7639752
1664794800,15.08,15.13,15.03,15.07,10465938
1664798400,15.07,15.1,15.04,15.05,6321266
1664802000,15.05,15.14,15.03,15.06,17403662
1664805600,15.07,15.99,15.05,15.92,75249848
1664809200,15.91,15.94,15.91,15.94,3237128
1664863200,16.03,16.03,16.03,16.03,1828098
1664866800,16.03,16.31,15.83,16.22,51380446
1664870400,16.23,16.26,15.77,15.83,29416202
1664874000,15.83,15.91,15.73,15.82,14803506
1664877600,15.82,15.86,15.7,15.79,9010696
1664881200,15.79,15.84,15.76,15.8,7921208
1664884800,15.8,16.03,15.78,15.87,18777094
1664888400,15.87,15.98,15.8,15.91,15737066
1664892000,15.92,15.95,15.58,15.68,24587868
1664895600,15.68,15.68,15.66,15.66,3123714
1664949600,15.8,15.8,15.8,15.8,1175010
1664953200,15.79,15.89,15.69,15.72,27171864
1664956800,15.72,15.74,15.44,15.54,22660086
1664960400,15.54,15.58,15.49,15.55,5723604
1664964000,15.55,15.59,15.5,15.57,6666798
1664967600,15.57,15.73,15.56,15.65,16089000
1664971200,15.65,15.68,15.55,15.59,10345634
1664974800,15.59,15.6,15.32,15.42,20606574
1664978400,15.41,15.52,15.33,15.51,18633190
1664982000,15.48,15.48,15.48,15.48,3462596
1665036000,15.61,15.61,15.61,15.61,1136110
1665039600,15.62,15.97,15.61,15.87,44585776
1665043200,15.88,15.92,15.76,15.83,10552144
1665046800,15.82,15.83,15.75,15.77,6730406
1665050400,15.77,15.78,15.72,15.76,5713124
1665054000,15.77,15.87,15.72,15.74,11107558
1665057600,15.73,15.81,15.71,15.78,8953236
1665061200,15.78,15.79,15.63,15.65,12274324
1665064800,15.65,15.72,15.56,15.71,26004366
1665068400,15.72,15.72,15.72,15.72,2616964
1665122400,15.77,15.77,15.77,15.77,1025548
1665126000,15.76,15.98,15.73,15.81,35758328
1665129600,15.8,16.14,15.8,16.1,50407064
1665133200,16.1,16.12,15.99,16.04,13699624
1665136800,16.03,16.12,15.97,16,11253734
1665140400,16,16,15.85,15.85,15745968
1665144000,15.86,15.97,15.81,15.87,17681028
1665147600,15.86,15.93,15.68,15.78,23324406
1665151200,15.78,15.82,15.7,15.73,21142772
1665154800,15.74,15.74,15.74,15.74,3693826
1665381600,15.9,15.9,15.9,15.9,2123388
1665385200,15.9,16.22,15.9,16.13,45861430
1665388800,16.12,16.16,15.99,16.09,21543700
1665392400,16.08,16.11,16.01,16.01,7804484
1665396000,16.01,16.08,16.01,16.06,6999570
1665399600,16.05,16.07,15.94,16.02,10291722
1665403200,16.02,16.39,16.01,16.3,56361640
1665406800,16.29,16.31,16.18,16.21,17328952
1665410400,16.21,16.4,16.05,16.39,35829924
1665414000,16.38,16.39,16.38,16.39,5654844
1665468000,16.43,16.43,16.43,16.43,2137226
1665471600,16.42,16.43,16.21,16.28,32242806
1665475200,16.27,16.4,16.21,16.24,19069526
1665478800,16.23,16.25,16.17,16.19,9397556
1665482400,16.19,16.2,16.1,16.15,11353992
1665486000,16.15,16.29,16.15,16.25,14387632
1665489600,16.25,16.38,16.24,16.31,22367152
1665493200,16.31,16.35,16.15,16.24,12866310
1665496800,16.23,16.23,16.08,16.13,26457852
1665500400,16.13,16.13,16.13,16.13,3995750
1665554400,16.5,16.5,16.5,16.5,4261326
1665558000,16.51,16.62,16.32,16.32,58544216
1665561600,16.32,16.35,16.25,16.34,17494436
1665565200,16.33,16.39,16.31,16.34,11276640
1665568800,16.34,16.34,16.07,16.07,17750834
1665572400,16.07,16.28,16.05,16.23,13898690
1665576000,16.23,16.26,16.09,16.1,10567782
1665579600,16.1,16.1,15.82,15.9,26348180
1665583200,15.9,15.98,15.74,15.79,23341836
1665586800,15.79,15.81,15.78,15.81,6628320
1665640800,15.83,15.83,15.83,15.83,898142
1665644400,15.83,15.92,15.75,15.76,23750884
1665648000,15.76,15.78,15.62,15.73,17931980
1665651600,15.72,15.78,15.69,15.72,10983460
1665655200,15.73,15.81,15.71,15.79,8814322
1665658800,15.79,15.82,15.67,15.68,11413862
1665662400,15.67,15.69,15.56,15.62,21256212
1665666000,15.62,15.67,15.45,15.53,19466206
1665669600,15.53,15.68,15.49,15.55,15488418
1665673200,15.54,15.54,15.54,15.54,3431686
1665727200,15.75,15.75,15.75,15.75,1467026
1665730800,15.75,15.8,15.63,15.7,22452118
1665734400,15.7,15.84,15.62,15.63,17933066
1665738000,15.63,15.68,15.59,15.6,8194060
1665741600,15.6,15.71,15.54,15.69,9984162
1665745200,15.7,15.71,15.6,15.63,6880164
1665748800,15.63,15.66,15.55,15.66,10105266
1665752400,15.66,15.69,15.6,15.61,9330294
1665756000,15.61,15.64,15.53,15.56,14118946
1665759600,15.57,15.57,15.57,15.57,3132208
1665986400,15.67,15.67,15.67,15.67,1090222
1665990000,15.68,15.79,15.58,15.76,29892782
1665993600,15.76,16.04,15.75,16.01,34442018
1665997200,16.01,16.26,15.96,16.12,53118680
1666000800,16.13,16.2,16.05,16.06,18473964
1666004400,16.06,16.21,15.99,16.19,20462596
1666008000,16.19,16.31,16.1,16.1,25882678
1666011600,16.1,16.42,16.1,16.38,39213408
1666015200,16.38,16.57,16.31,16.37,42843474
1666018800,16.38,16.38,16.35,16.35,4217904
1666072800,16.51,16.51,16.51,16.51,2170154
1666076400,16.5,16.58,16.31,16.56,53999142
1666080000,16.55,16.99,16.55,16.8,62546182
1666083600,16.8,16.95,16.72,16.86,30819160
1666087200,16.86,16.93,16.73,16.76,16584746
1666090800,16.76,16.84,16.69,16.71,11611646
1666094400,16.72,16.77,16.51,16.63,21411028
1666098000,16.62,16.68,16.45,16.64,20973094
1666101600,16.64,16.69,16.44,16.66,24044522
1666105200,16.66,16.74,16.66,16.74,4840706
1666159200,16.85,16.85,16.85,16.85,3141344
1666162800,16.85,17.13,16.77,16.84,54558616
1666166400,16.84,16.89,16.73,16.78,16462274
1666170000,16.77,16.79,16.67,16.72,11458548
1666173600,16.72,16.8,16.67,16.76,7929104
1666177200,16.76,16.87,16.76,16.78,17869098
1666180800,16.77,16.79,16.56,16.62,17791444
1666184400,16.62,16.63,16.46,16.48,16423488
1666188000,16.48,16.59,16.47,16.49,19134736
1666191600,16.38,16.38,16.38,16.38,4691728
1666245600,16.51,16.51,16.51,16.51,1947512
1666249200,16.52,16.61,16.2,16.25,59210454
1666252800,16.24,16.27,16.11,16.19,21160236
1666256400,16.19,16.25,16.15,16.19,9644730
1666260000,16.19,16.23,16.15,16.2,8403560
1666263600,16.2,16.24,16.14,16.19,15015824
1666267200,16.19,16.26,16.15,16.17,14759338
1666270800,16.17,16.22,16.13,16.17,14070390
1666274400,16.17,16.46,16.15,16.32,40611058
1666278000,16.32,16.32,16.26,16.26,5880252
1666332000,16.25,16.25,16.25,16.25,917140
1666335600,16.25,16.29,16.09,16.09,27741642
1666339200,16.09,16.1,16.01,16.07,12904858
1666342800,16.07,16.13,16.02,16.06,10935708
1666346400,16.06,16.09,16.04,16.05,5405690
1666350000,16.04,16.15,16.01,16.13,11419178
1666353600,16.13,16.17,16,16.04,14765324
1666357200,16.03,16.1,15.99,16.09,11677850
1666360800,16.1,16.14,15.92,15.93,19278792
1666364400,15.92,15.93,15.92,15.92,4857476
1666591200,15.98,15.98,15.98,15.98,887062
1666594800,15.99,16.17,15.89,16.11,38593166
1666598400,16.11,16.17,15.93,16.03,13795506
1666602000,16.03,16.09,16,16.08,6154130
1666605600,16.07,16.08,16.01,16.04,5675128
1666609200,16.04,16.12,16.03,16.09,7087162
1666612800,16.09,16.22,16.04,16.19,14307866
1666616400,16.19,16.2,16.07,16.09,11526676
1666620000,16.09,16.09,15.93,15.95,19476682
1666623600,15.94,15.94,15.94,15.94,3772588
1666677600,16.01,16.01,16.01,16.01,918026
1666681200,16.01,16.08,15.94,15.96,24378704
1666684800,15.95,16.15,15.94,16.08,22915502
1666688400,16.08,16.15,16.03,16.14,15707256
1666692000,16.15,16.26,16.09,16.24,34047882
1666695600,16.24,16.28,16.12,16.18,18589500
1666699200,16.17,16.18,15.84,15.94,28494250
1666702800,15.95,16.09,15.9,16.06,14861798
1666706400,16.05,16.07,15.92,16,13705546
1666710000,16,16,15.95,15.95,4001146
1666764000,16.07,16.07,16.07,16.07,1586810
1666767600,16.08,16.18,16.07,16.12,25496162
1666771200,16.12,16.24,16.05,16.08,16661400
1666774800,16.07,16.18,16.04,16.13,11815068
1666778400,16.13,16.21,16.09,16.17,13443260
1666782000,16.18,16.24,16.15,16.22,13656046
1666785600,16.22,16.45,16.19,16.34,50095482
1666789200,16.34,16.48,16.32,16.37,28479932
1666792800,16.37,16.6,16.35,16.58,38426570
1666796400,16.61,16.61,16.61,16.61,5064320
1666850400,16.68,16.68,16.68,16.68,2356026
1666854000,16.68,16.7,16.31,16.33,39535458
1666857600,16.32,16.33,16.16,16.28,21866710
1666861200,16.28,16.32,16.21,16.24,8571740
1666864800,16.23,16.35,16.22,16.31,12503662
1666868400,16.31,16.31,16.23,16.24,5659656
1666872000,16.25,16.26,16.18,16.22,9057472
1666875600,16.22,16.27,16.13,16.14,9041280
1666879200,16.14,16.25,16.12,16.16,17253602
1666882800,16.18,16.18,16.18,16.18,2769834
1666936800,16,16,16,16,1410604
1666940400,16.01,16.13,15.94,15.98,15802572
1666944000,15.98,16.02,15.94,15.96,8265154
1666947600,15.96,15.99,15.9,15.9,10567742
1667196000,15.94,15.94,15.94,15.94,759870
1667199600,15.95,16.02,15.85,15.89,16061332
1667203200,15.89,16.03,15.86,16,10486230
1667206800,15.99,16.12,15.99,16.03,12486998
1667210400,16.02,16.11,16.01,16.08,6939206
1667214000,16.08,16.23,16.07,16.22,21764602
1667217600,16.22,16.23,16.06,16.09,13179570
1667221200,16.09,16.16,16.06,16.15,7705822
1667224800,16.15,16.18,16.05,16.1,11568080
1667228400,16.11,16.11,16.11,16.11,2551204
1667282400,16.16,16.16,16.16,16.16,1027928
1667286000,16.16,16.41,16.13,16.4,33928316
1667289600,16.39,16.55,16.39,16.45,26609856
1667293200,16.44,16.66,16.39,16.63,25358580
1667296800,16.64,16.75,16.58,16.67,25921680
1667300400,16.67,16.86,16.67,16.77,30149812
1667304000,16.78,16.86,16.68,16.74,22051144
1667307600,16.74,16.83,16.66,16.71,22218686
1667311200,16.71,16.72,16.53,16.68,33409796
1667314800,16.67,16.67,16.67,16.67,4135400
1667368800,16.71,16.71,16.71,16.71,1902806
1667372400,16.71,17.01,16.62,16.82,47815422
1667376000,16.82,16.88,16.66,16.8,34120402
1667379600,16.79,17.36,16.77,17.27,89040244
1667383200,17.28,17.49,17.26,17.35,53057126
1667386800,17.35,17.37,17.26,17.28,18293148
1667390400,17.28,17.58,17.22,17.57,36879792
1667394000,17.57,18.21,17.56,18.1,118018780
1667397600,18.1,18.17,17.8,17.92,60421844
1667401200,17.94,17.94,17.94,17.94,5025130
1667455200,17.96,17.96,17.96,17.96,1675404
1667458800,17.96,18.02,17.67,17.84,57087366
1667462400,17.85,17.95,17.6,17.81,32005430
1667466000,17.81,18.08,17.75,17.77,47571132
1667469600,17.77,17.81,17.63,17.64,14952200
1667473200,17.64,17.65,17.54,17.55,12554970
1667476800,17.55,17.59,17.19,17.33,42543776
1667480400,17.32,17.42,17.25,17.37,22488620
1667484000,17.37,17.44,17.22,17.25,31319068
1667487600,17.26,17.26,17.25,17.25,4948300
1667541600,17.33,17.33,17.33,17.33,895994
1667545200,17.34,17.52,17.28,17.35,39654854
1667548800,17.35,17.47,17.31,17.39,17476678
1667552400,17.38,17.39,17.2,17.29,15053560
1667556000,17.29,17.36,17.27,17.32,6975336
1667559600,17.3,17.36,17.26,17.34,13838504
1667563200,17.34,17.46,17.31,17.42,24987894
1667566800,17.42,17.74,17.4,17.63,68925690
1667570400,17.63,17.66,17.44,17.57,30301892
1667574000,17.59,17.59,17.56,17.56,3441994
1667800800,17.71,17.71,17.71,17.71,1705654
1667804400,17.7,17.9,17.63,17.78,44548412
1667808000,17.77,17.91,17.76,17.87,27852610
1667811600,17.87,18.01,17.83,17.91,25800474
1667815200,17.9,17.96,17.85,17.94,12500660
1667818800,17.95,18.18,17.93,18.02,48726882
1667822400,18.03,18.29,18,18.22,40644104
1667826000,18.22,18.26,18.05,18.1,20459868
1667829600,18.09,18.11,17.77,17.83,37936810
1667833200,17.83,17.83,17.83,17.83,4664718
1667887200,17.91,17.91,17.91,17.91,1853458
1667890800,17.9,18.15,17.65,17.99,61988540
1667894400,18,18.17,17.97,18.08,31731484
1667898000,18.07,18.28,18.05,18.22,43586756
1667901600,18.22,18.57,18.13,18.56,47094182
1667905200,18.56,18.6,18.37,18.53,42956386
1667908800,18.53,18.54,18.12,18.29,38190038
1667912400,18.3,18.42,18.29,18.36,14627220
1667916000,18.37,18.38,17.89,18.13,46068584
1667919600,18.09,18.09,18.09,18.09,6119892
1667973600,18.1,18.1,18.1,18.1,1417850
1667977200,18.1,18.35,18.03,18.26,40625032
1667980800,18.27,18.48,18.13,18.43,37157748
1667984400,18.43,18.56,18.37,18.45,35840070
1667988000,18.45,18.58,18.39,18.57,19650558
1667991600,18.57,18.75,18.55,18.71,45299860
1667995200,18.72,19.39,18.71,19.19,103037482
1667998800,19.2,19.26,18.76,18.96,77313858
1668002400,18.96,19.26,18.83,18.89,52890942
1668006000,18.89,18.9,18.87,18.87,6560248
1668060000,18.87,18.87,18.87,18.87,1408818
1668063600,18.86,19.25,18.84,19.11,57518802
1668067200,19.11,19.13,18.99,19.04,18305428
1668070800,19.03,19.04,18.87,19.01,15035714
1668074400,19.01,19.05,18.9,18.93,8907822
1668078000,18.93,19.12,18.91,18.94,13958326
1668081600,18.93,18.95,18.56,18.76,26165952
1668085200,18.76,19.04,18.68,19.03,30810488
1668088800,19.01,19.34,18.94,19.01,65172578
1668092400,19,19.02,19,19.02,5074282
1668146400,19.26,19.26,19.26,19.26,1923818
1668150000,19.27,20.23,19.21,20.15,98803200
1668153600,20.15,20.16,19.73,20.03,44407222
1668157200,20.02,20.1,19.91,20.01,19053790
1668160800,20.02,20.25,19.99,20.01,28329014
1668164400,20.02,20.1,19.79,19.79,22334210
1668168000,19.79,19.84,19.57,19.78,30011554
1668171600,19.77,19.94,19.69,19.78,18506806
1668175200,19.8,19.83,19.2,19.43,44361128
1668178800,19.42,19.43,19.42,19.43,4580122
1668405600,19.46,19.46,19.46,19.46,1550446
1668409200,19.46,20.13,19.41,19.98,54706904
1668412800,19.99,20.17,19.93,20,25011642
1668416400,20.01,20.11,19.91,20.03,17189478
1668420000,20.03,20.69,20.03,20.69,53869578
1668423600,20.69,20.85,20.58,20.68,43422430
1668427200,20.67,20.83,20.55,20.61,26552498
1668430800,20.62,20.88,20.54,20.85,40424182
1668434400,20.85,21.27,20.64,20.77,73206184
1668438000,20.77,20.85,20.77,20.85,5321910
1668492000,21.1,21.1,21.1,21.1,2669484
1668495600,21.09,21.75,20.87,21.55,73955266
1668499200,21.55,21.6,20.53,20.93,62531152
1668502800,20.92,21.02,20.36,20.91,41502766
1668506400,20.91,20.97,20.79,20.84,14264218
1668510000,20.84,21.08,20.83,20.98,19135000
1668513600,20.98,21.06,20.85,20.94,13396582
1668517200,20.94,21,20.51,20.64,18831204
1668520800,20.65,20.67,20.42,20.57,26253826
1668524400,20.57,20.57,20.57,20.57,3450376
1668578400,20.7,20.7,20.7,20.7,1536700
1668582000,20.7,20.85,20.36,20.4,37997860
1668585600,20.41,20.64,20.13,20.64,30645508
1668589200,20.64,20.65,20.35,20.37,15340276
1668592800,20.36,20.37,20.25,20.29,10113610
1668596400,20.29,20.3,20.03,20.14,17930372
1668600000,20.14,20.14,19.75,19.86,20161870
1668603600,19.87,20.07,19.72,19.91,15862136
1668607200,19.92,20.37,19.87,19.95,26617502
1668610800,19.95,19.95,19.92,19.92,3884190
1668664800,20.03,20.03,20.03,20.03,975446
1668668400,20.03,20.35,19.03,19.81,53602422
1668672000,19.81,20.5,19.79,20.09,61882492
1668675600,20.09,20.15,19.98,20.02,19052428
1668679200,20.01,20.35,19.95,20.31,22195928
1668682800,20.31,20.66,20.29,20.63,47905928
1668686400,20.63,20.89,20.51,20.57,48776436
1668690000,20.55,20.66,20.38,20.42,27233024
1668693600,20.42,20.64,20.1,20.14,35139484
1668697200,20.06,20.06,20.06,20.06,5692804
1668751200,20.26,20.26,20.26,20.26,1859144
1668754800,20.26,20.54,20.09,20.46,42319166
1668758400,20.47,20.57,20.27,20.33,16655384
1668762000,20.32,20.44,20.27,20.3,7358548
1668765600,20.3,20.31,19.8,20.06,21154216
1668769200,20.06,20.09,19.95,20.04,11055186
1668772800,20.04,20.07,19.74,19.85,18808334
1668776400,19.86,19.97,19.78,19.89,8093878
1668780000,19.89,19.9,19.68,19.82,25313050
1668783600,19.81,19.86,19.81,19.86,6086604
1669010400,20.02,20.02,20.02,20.02,1275206
1669014000,20.03,20.19,19.97,20.07,27349610
1669017600,20.07,20.33,19.96,20.25,34924754
1669021200,20.26,20.43,20.14,20.37,23055736
1669024800,20.37,20.65,20.31,20.33,45733868
1669028400,20.34,20.56,20.22,20.49,30249076
1669032000,20.51,20.51,20.17,20.27,20596254
1669035600,20.27,20.62,20.25,20.59,26734260
1669039200,20.59,20.72,20.46,20.69,26475900
1669042800,20.69,20.79,20.69,20.79,4069150
1669096800,20.9,20.9,20.9,20.9,1780344
1669100400,20.9,21.18,20.71,20.98,51570396
1669104000,20.99,21.03,20.84,20.92,22248744
1669107600,20.91,21.03,20.84,20.88,13804874
1669111200,20.88,21.01,20.85,20.93,10748500
1669114800,20.94,21.11,20.93,21.06,20316048
1669118400,21.07,21.42,21.03,21.25,51165484
1669122000,21.27,21.41,21.19,21.36,25402044
1669125600,21.36,21.42,21.17,21.26,29211016
1669129200,21.25,21.3,21.25,21.3,4202072
1669183200,21.37,21.37,21.37,21.37,1666302
1669186800,21.37,21.55,20.79,21.18,46324754
1669190400,21.19,21.21,21.07,21.12,14848048
1669194000,21.12,21.19,21.01,21.1,12302076
1669197600,21.11,21.33,21.07,21.17,22310542
1669201200,21.17,21.42,21.14,21.36,26975800
1669204800,21.36,21.47,21.24,21.35,14833334
1669208400,21.35,21.82,21.32,21.7,38692438
1669212000,21.71,22.22,21.7,21.99,49554756
1669215600,21.99,21.99,21.99,21.99,4855054
1669269600,22.03,22.03,22.03,22.03,1318866
1669273200,22.02,22.32,21.91,22.18,35674416
1669276800,22.18,22.25,22.06,22.1,16896970
1669280400,22.11,22.49,22.04,22.28,20852694
1669284000,22.27,22.52,22.27,22.51,18223818
1669287600,22.51,23.77,22.27,23.66,76852450
1669291200,23.67,23.67,23.34,23.44,53448058
1669294800,23.44,23.49,22.7,22.94,65019040
1669298400,22.94,23.29,22.84,22.94,34026170
1669302000,22.95,22.95,22.95,22.95,4544130
1669356000,22.95,22.95,22.95,22.95,1539326
1669359600,22.95,23.73,22.81,23.62,76706606
1669363200,23.63,23.93,23.54,23.57,43122906
1669366800,23.56,23.74,23.45,23.57,14919628
1669370400,23.56,23.67,23.44,23.6,11570974
1669374000,23.6,23.67,23.28,23.46,18861166
1669377600,23.46,23.68,23.35,23.42,23788486
1669381200,23.43,23.72,23.4,23.6,24933682
1669384800,23.61,24.15,23.57,24.04,51893602
1669388400,24.05,24.1,24.05,24.1,3039242
1669615200,24.26,24.26,24.26,24.26,2550630
1669618800,24.25,24.57,24.02,24.4,56036100
1669622400,24.42,24.42,24.07,24.33,25341154
1669626000,24.33,24.44,24.27,24.43,14938634
1669629600,24.43,24.48,24.29,24.41,18332900
1669633200,24.41,24.52,24.35,24.38,17274998
1669636800,24.38,24.44,24.3,24.36,9566690
1669640400,24.37,24.54,24.35,24.39,20602368
1669644000,24.38,24.48,23.44,23.5,43495872
1669647600,23.51,23.51,23.5,23.51,3319964
1669701600,23.61,23.61,23.61,23.61,1017984
1669705200,23.62,23.74,23.1,23.25,49305978
1669708800,23.26,23.63,23.21,23.58,22191748
1669712400,23.57,23.64,23.42,23.54,16311202
1669716000,23.53,23.56,23.38,23.45,7708070
1669719600,23.45,23.56,23.37,23.43,9625984
1669723200,23.44,23.53,23.36,23.5,10135292
1669726800,23.51,23.62,23.44,23.5,17226650
1669730400,23.51,23.58,23.35,23.37,22002572
1669734000,23.37,23.38,23.37,23.38,2530726
1669788000,23.38,23.38,23.38,23.38,817428
1669791600,23.37,23.6,23.26,23.5,27014754
1669795200,23.51,23.56,23.32,23.4,12852658
1669798800,23.4,23.47,23.38,23.42,8482176
1669802400,23.41,23.73,23.38,23.67,25030020
1669806000,23.66,24.08,23.65,23.94,49513988
1669809600,23.95,24.24,23.88,24.15,26252058
1669813200,24.15,24.26,24,24.13,18384484
1669816800,24.12,24.54,23.85,24.37,53614702
1669820400,24.37,24.37,24.26,24.26,14838000
1669874400,24.54,24.54,24.54,24.54,2207318
1669878000,24.52,24.63,24.31,24.43,37047388
1669881600,24.43,24.46,24.15,24.32,22825404
1669885200,24.32,24.38,24.23,24.34,6878612
1669888800,24.34,24.36,23.96,24.01,19635880
1669892400,24,24.06,23.82,24.01,18521238
1669896000,24.01,24.06,23.77,23.85,13992266
1669899600,23.85,23.97,23.73,23.79,24030776
1669903200,23.79,24.01,23.73,23.89,24823674
1669906800,23.89,23.89,23.87,23.87,5621378
1669960800,23.93,23.93,23.93,23.93,1101896
1669964400,23.94,24.39,23.85,24.35,41193314
1669968000,24.35,24.84,24.26,24.64,61117020
1669971600,24.65,24.68,24.38,24.4,22427616
1669975200,24.39,24.52,24.25,24.49,17040696
1669978800,24.5,24.72,24.47,24.65,24850624
1669982400,24.66,24.67,24.48,24.56,12764004
1669986000,24.55,24.7,24.09,24.23,28477152
1669989600,24.22,24.25,22.97,23.51,67978466
1669993200,23.51,23.52,23.51,23.52,4631114
1670220000,23.7,23.7,23.7,23.7,1841004
1670223600,23.7,23.95,23.6,23.65,31079832
1670227200,23.65,23.72,23.3,23.7,17237132
1670230800,23.69,23.82,23.52,23.8,10453410
1670234400,23.8,24.37,23.78,24.3,37875228
1670238000,24.3,24.54,24.21,24.29,28384250
1670241600,24.31,24.77,24.23,24.6,44052494
1670245200,24.6,24.6,24.25,24.42,20917110
1670248800,24.42,25.2,24.37,24.93,56835068
1670252400,24.89,24.89,24.89,24.89,4014810
1670306400,24.9,24.9,24.9,24.9,1163348
1670310000,24.89,25.375,24.65,25.325,49980918
1670313600,25.35,25.5,24.49,24.68,36479064
1670317200,24.68,24.96,24.66,24.74,14897866
1670320800,24.73,24.84,24.64,24.74,9206050
1670324400,24.74,24.74,24.33,24.43,18684870
1670328000,24.43,24.66,24.41,24.49,9416432
1670331600,24.5,24.61,24.38,24.58,7737666
1670335200,24.59,24.79,24.46,24.53,23169314
1670338800,24.52,24.52,24.52,24.52,2528802
1670392800,25.3,25.3,25.3,25.3,3591400
1670396400,25.325,25.5,24.91,25.275,45345872
1670400000,25.3,26.075,25.25,25.8,63838926
1670403600,25.8,25.925,25.45,25.625,17518538
1670407200,25.625,25.775,25.525,25.575,8169754
1670410800,25.6,26.05,25.575,25.775,22144062
1670414400,25.775,25.8,25.35,25.525,21976708
1670418000,25.525,25.525,24.86,25.025,32859422
1670421600,25.025,25.125,24.11,24.7,61432924
1670425200,24.69,24.69,24.69,24.69,4722742
1670479200,24.73,24.73,24.73,24.73,1504678
1670482800,24.73,25.575,24.33,25.175,68829240
1670486400,25.2,25.3,24.68,24.75,25230056
1670490000,24.74,25.05,24.73,24.79,14402906
1670493600,24.79,24.96,24.54,24.81,17068910
1670497200,24.81,24.89,24.45,24.87,22624444
1670500800,24.87,25.125,24.75,25.05,19649742
1670504400,25.025,25.1,24.77,25,16300288
1670508000,24.99,25.75,24.9,25.75,45404946
1670511600,25.75,25.8,25.75,25.8,4034892
1670565600,25.85,25.85,25.85,25.85,1665970
1670569200,25.875,26.475,25.65,26.425,51746890
1670572800,26.4,26.475,25.775,26.05,28901398
1670576400,26.075,26.175,25.775,26.025,14048512
1670580000,26.025,26.1,25.875,25.925,8742238
1670583600,25.9,26.125,25.875,26.075,12976184
1670587200,26.05,27.3,26.025,27.05,63952148
1670590800,27.05,27.1,26.7,26.95,29871860
1670594400,26.95,27.4,26.7,26.725,38452666
1670598000,26.725,26.75,26.7,26.75,3352712
1670824800,27.05,27.05,27.05,27.05,1779186
1670828400,27.05,27.75,26.925,27.575,48806202
1670832000,27.575,27.825,27.375,27.7,22899896
1670835600,27.7,28.025,27.525,27.85,27222180
1670839200,27.825,28.35,27.7,28.325,33631286
1670842800,28.325,28.525,28.1,28.5,30506396
1670846400,28.5,28.975,28.425,28.725,39489346
1670850000,28.7,28.825,28.525,28.6,15319020
1670853600,28.625,29.425,28.575,29.425,48971766
1670857200,29.425,29.425,29.425,29.425,762026
1670911200,30,30,30,30,2194110
1670914800,29.975,31.025,29.675,30.275,94669198
1670918400,30.275,30.3,29.475,29.75,53438558
1670922000,29.725,29.925,29.55,29.825,18803342
1670925600,29.825,30.125,29.75,29.925,18733888
1670929200,29.925,30.15,29.85,29.9,15006784
1670932800,29.9,29.925,29.625,29.725,11829844
1670936400,29.7,30.125,29.65,29.875,22869574
1670940000,29.875,30.125,29.25,29.675,33347880
1670943600,29.675,29.675,29.675,29.675,3192910
1670997600,29.675,29.675,29.675,29.675,865570
1671001200,29.7,30.7,29.55,30.2,60759184
1671004800,30.2,30.225,29.575,29.975,32898512
1671008400,29.95,30.425,29.85,30.075,37602226
1671012000,30.075,30.15,29.725,29.825,19260956
1671015600,29.825,29.825,28.925,29.125,44326974
1671019200,29.15,29.225,28.4,28.7,38324094
1671022800,28.675,29.2,28.675,29.05,24443604
1671026400,29.025,29.05,28.2,28.2,29990996
1671030000,28.2,28.2,28.2,28.2,5720166
1671084000,29.25,29.25,29.25,29.25,2241904
1671087600,29.2,29.45,28.9,29.15,41748836
1671091200,29.15,29.875,29.125,29.775,37053822
1671094800,29.775,30,29.225,29.45,27369254
1671098400,29.45,29.45,28.425,28.7,38872988
1671102000,28.7,28.9,28.475,28.8,21235292
1671105600,28.825,28.9,28.025,28.425,35517272
1671109200,28.4,28.9,28.35,28.55,28400410
1671112800,28.525,29.325,28.425,29.15,28257308
1671116400,29.15,29.15,29.15,29.15,12082076
1671170400,29.3,29.3,29.3,29.3,1420730
1671174000,29.3,29.625,29.025,29.15,38658380
1671177600,29.15,29.275,28.7,28.875,16849004
1671181200,28.875,29.15,28.725,28.975,9028588
1671184800,28.95,29.375,28.8,29.2,10777296
1671188400,29.2,29.4,28.95,29.1,14020062
1671192000,29.1,29.5,29.05,29.2,16865352
1671195600,29.2,29.425,28.75,28.9,17933794
1671199200,28.9,29.15,28.75,28.825,16894262
1671202800,28.825,28.95,28.825,28.95,5050370
1671429600,29.25,29.25,29.25,29.25,1111464
1671433200,29.25,29.725,29.175,29.7,27410476
1671436800,29.725,29.9,29.6,29.675,21988108
1671440400,29.675,30.3,29.6,30.15,29347142
1671444000,30.175,30.225,29.875,30.075,20489756
1671447600,30.1,30.125,29.825,29.925,13744052
1671451200,29.95,30.15,29.9,29.975,10478464
1671454800,29.975,29.975,29.425,29.575,27235238
1671458400,29.55,29.825,29.475,29.675,23669248
1671462000,29.675,29.725,29.675,29.725,4241570
1671516000,29.725,29.725,29.725,29.725,1431826
1671519600,29.725,30,29.45,29.7,33009828
1671523200,29.675,29.95,29.65,29.825,15550828
1671526800,29.85,29.875,29.6,29.775,10754756
1671530400,29.75,30.275,29.725,30,39129536
1671534000,29.975,30.725,29.95,30.525,58711780
1671537600,30.55,30.75,30.375,30.7,44098794
1671541200,30.675,31.125,30.25,30.35,63452820
1671544800,30.35,30.625,30.2,30.55,27650004
1671548400,30.5,30.5,30.5,30.5,4086090
1671602400,30.6,30.6,30.6,30.6,1229078
1671606000,30.625,30.825,30.375,30.475,35089276
1671609600,30.5,30.55,29.9,30.125,25625564
1671613200,30.1,30.3,30,30.3,11845324
1671616800,30.275,30.3,30.075,30.175,11198956
1671620400,30.15,30.2,29.975,30.075,15055790
1671624000,30.075,30.1,29.9,29.975,12005138
1671627600,29.975,30,29.425,29.725,48092756
1671631200,29.725,30.025,29.45,29.525,35462010
1671634800,29.525,29.625,29.525,29.625,5794434
1671688800,29.775,29.775,29.775,29.775,1027728
1671692400,29.775,29.925,29.525,29.625,21986046
1671696000,29.625,29.675,29.45,29.6,10821994
1671699600,29.6,29.725,29.475,29.55,10026512
1671703200,29.525,30.025,29.525,29.75,22893116
1671706800,29.75,29.85,29.625,29.7,7790492
1671710400,29.725,29.8,29.575,29.625,7342028
1671714000,29.625,29.675,29.3,29.45,15857366
1671717600,29.45,29.475,28.8,29.1,30794730
1671721200,29.1,29.1,29.05,29.05,4059016
1671775200,29.125,29.125,29.125,29.125,843214
1671778800,29.1,29.625,29,29.25,40211606
1671782400,29.25,29.375,29.125,29.2,8435678
1671786000,29.2,29.375,29.15,29.325,7158992
1671789600,29.3,29.325,29.2,29.225,2960840
1671793200,29.2,29.375,29.125,29.225,6691508
1671796800,29.225,29.375,29.1,29.225,5377764
1671800400,29.2,29.275,28.825,28.85,11295280
1671804000,28.875,29.125,28.85,29.025,16500110
1671807600,29.025,29.025,29,29,4426776
1672034400,29.4,29.4,29.4,29.4,1144254
1672038000,29.4,30.025,29.3,30,46183814
1672041600,29.975,30.075,29.75,30,27178804
1672045200,30.025,30.025,29.875,29.95,8116052
1672048800,29.95,30.075,29.7,29.75,16155740
1672052400,29.725,29.9,29.725,29.8,8287348
1672056000,29.825,29.95,29.775,29.825,8895810
1672059600,29.8,29.925,29.725,29.775,7528576
1672063200,29.75,29.775,29.35,29.55,29232954
1672066800,29.575,29.6,29.575,29.6,3585638
1672120800,29.625,29.625,29.625,29.625,1226384
1672124400,29.6,29.825,29.4,29.625,30924774
1672128000,29.625,29.7,29.325,29.375,21754634
1672131600,29.4,29.475,29.225,29.35,8658270
1672135200,29.35,29.5,29.325,29.375,4564550
1672138800,29.4,29.45,29.125,29.175,8258044
1672142400,29.15,29.45,29.075,29.4,11912706
1672146000,29.4,29.7,29.3,29.325,14571438
1672149600,29.3,29.35,28.875,28.975,20391624
1672153200,28.975,29,28.975,28.975,3269250
1672207200,29,29,29,29,899236
1672210800,29,29.1,28.075,28.35,30147556
1672214400,28.375,28.65,28.275,28.6,15729926
1672218000,28.625,29,28.575,28.95,15677590
1672221600,28.95,29.375,28.8,29.025,29151966
1672225200,29.025,29.225,28.875,29.05,13445432
1672228800,29.025,29.25,28.875,29.075,14108798
1672232400,29.075,29.075,28.525,29,24280136
1672236000,29,29.325,28.325,29.175,37638342
1672239600,29.2,29.2,29.2,29.2,3569620
1672293600,29.2,29.2,29.2,29.2,1038470
1672297200,29.2,29.525,28.95,29.4,28303234
1672300800,29.4,29.75,29.3,29.525,22410280
1672304400,29.525,29.8,29.425,29.475,10924434
1672308000,29.475,29.55,29.325,29.525,8287330
1672311600,29.525,29.65,29.35,29.6,7637504
1672315200,29.6,29.775,29.425,29.5,13654814
1672318800,29.5,29.7,29.375,29.4,14234690
1672322400,29.4,29.5,29.2,29.275,16791658
1672326000,29.275,29.4,29.275,29.4,3786696
1672380000,29.7,29.7,29.7,29.7,1201200
1672383600,29.7,30.2,29.675,30.125,48148640
1672387200,30.15,31.075,30.05,30.95,93032614
1672390800,30.95,31.225,30.675,30.775,47403484
1672394400,30.775,31.15,30.675,31.05,18446332
1672398000,31.025,31.375,30.9,30.925,28445608
1672401600,30.925,31.1,30.825,30.9,13347412
1672405200,30.9,31.375,30.775,31.275,29799836
1672408800,31.275,31.65,30.9,31.175,62327688
1672412400,31.175,31.175,31.075,31.075,7383982
1672639200,31.5,31.5,31.5,31.5,3106174
1672642800,31.525,32.35,31.375,31.975,62128484
1672646400,31.975,32.2,31.8,31.975,19628852
1672650000,31.95,31.975,31.725,31.925,10360164
1672653600,31.9,31.975,31.75,31.875,5526304
1672657200,31.875,32.05,31.725,31.85,10199802
1672660800,31.825,32.1,31.725,31.925,16508050
1672664400,31.95,32.5,31.825,32.075,38164506
1672668000,32.075,32.35,32.025,32.3,18051982
1672671600,32.3,32.3,32.3,32.3,5053180
1672725600,32.525,32.525,32.525,32.525,1866456
1672729200,32.525,33.225,32.275,33.125,60763622
1672732800,33.125,34.775,33.075,34.35,73879832
1672736400,34.375,34.5,34.025,34.45,17996736
1672740000,34.425,34.6,34.225,34.325,13375920
1672743600,34.35,34.525,34.075,34.2,11509476
1672747200,34.225,34.325,33.75,34.2,21584652
1672750800,34.2,34.85,34.05,34.6,25976774
1672754400,34.575,34.85,34.15,34.425,31281182
1672758000,34.45,34.55,34.45,34.55,5279764
1672812000,34.55,34.55,34.55,34.55,1445926
1672815600,34.55,34.575,33.35,33.4,50787850
1672819200,33.4,33.45,32.825,33.2,35315094
1672822800,33.175,33.5,33.125,33.475,12608272
1672826400,33.5,33.525,33.25,33.3,12084650
1672830000,33.325,33.35,32.825,32.825,22472100
1672833600,32.85,33.025,32.675,32.8,24513746
1672837200,32.825,32.85,32.375,32.7,28068340
1672840800,32.675,32.85,32.4,32.65,29036834
1672844400,32.625,32.65,32.575,32.575,5102138
1672898400,32.825,32.825,32.825,32.825,1555236
1672902000,32.85,33.15,31.75,32.05,64495690
1672905600,32.05,32.15,31.2,31.975,33721122
1672909200,31.975,32.225,31.55,31.9,16017890
1672912800,31.875,32.175,31.85,32,12154482
1672916400,32,32.1,31.625,31.9,12752890
1672920000,31.9,31.925,30.875,31.05,25640746
1672923600,31.05,31.2,30.1,30.35,24167292
1672927200,30.375,30.4,29.5,29.65,9493066
1672930800,29.45,29.45,29.45,29.45,9390776
1672984800,29.475,29.475,29.475,29.475,1274436
1672988400,29.45,30.35,28.25,29.3,60235780
1672992000,29.3,30.775,29.2,30.5,64691420
1672995600,30.525,30.825,30.35,30.775,31875422
1672999200,30.775,31,30.55,30.85,21059278
1673002800,30.85,31.1,30.225,30.5,26450560
1673006400,30.5,30.9,30.375,30.775,20413156
1673010000,30.775,31.275,30.675,31.175,25621372
1673013600,31.175,32.075,31.15,31.55,41631714
1673017200,31.55,31.575,31.45,31.45,4277052
1673244000,32.25,32.25,32.25,32.25,2011332
1673247600,32.25,32.5,31.75,31.8,35507444
1673251200,31.8,31.825,30.65,30.925,34897970
1673254800,30.9,31.1,30.575,30.7,14900906
1673258400,30.7,30.825,30.35,30.8,11821964
1673262000,30.775,30.975,30.25,30.325,15018010
1673265600,30.325,30.45,29.725,29.95,32847236
1673269200,29.95,30.375,29.875,30.05,20014414
1673272800,30.025,30.2,29,29.5,45421294
1673276400,29.5,29.55,29.5,29.55,5163118
1673330400,29.55,29.55,29.55,29.55,1171640
1673334000,29.55,29.9,28.85,29.5,55503686
1673337600,29.5,30.05,29.375,29.825,36784388
1673341200,29.775,30.4,29.625,30.275,27169342
1673344800,30.275,30.325,29.975,30,18072214
1673348400,30.025,30.075,29.85,29.9,13583494
1673352000,29.9,30.15,29.575,29.975,26427736
1673355600,30,30.1,29.125,29.3,20215862
1673359200,29.3,29.65,28.65,29.175,34208026
1673362800,29.15,29.15,29.075,29.075,3425156
1673416800,29.1,29.1,29.1,29.1,922278
1673420400,29.1,29.8,28.25,28.8,53963366
1673424000,28.825,29.05,28.275,28.525,25052056
1673427600,28.5,28.7,28.375,28.475,14233598
1673431200,28.5,28.65,28.3,28.475,10675420
1673434800,28.475,28.55,27.25,27.475,24742622
1673438400,27.5,28.25,27.275,28.025,28121158
1673442000,28.05,28.175,27,27.35,23604498
1673445600,27.35,27.475,26.3,26.4,17814906
1673449200,26.4,26.4,26.4,26.4,4821260
1673503200,27.35,27.35,27.35,27.35,1631084
1673506800,27.375,27.6,26.85,27.55,41148348
1673510400,27.55,28.025,27.5,27.775,31451846
1673514000,27.775,27.8,26.5,27.075,28387196
1673517600,27.075,27.125,26,26.575,32997300
1673521200,26.55,27.05,26.375,26.775,14422580
1673524800,26.775,27.425,26.775,27.25,18654362
1673528400,27.25,27.575,27.1,27.475,18669338
1673532000,27.45,28.25,27.45,27.975,29376638
1673535600,27.95,27.95,27.95,27.95,4417168
1673589600,27.7,27.7,27.7,27.7,1060296
1673593200,27.675,28.9,27.35,28.725,71006638
1673596800,28.7,28.775,28.075,28.35,33000188
1673600400,28.35,28.475,28.075,28.175,14185836
1673604000,28.15,28.35,27.925,28.05,10271514
1673607600,28.025,28.1,27.625,27.775,16208954
1673611200,27.775,27.9,27.175,27.425,18172930
1673614800,27.425,27.775,27.15,27.65,17893896
1673618400,27.675,27.725,27.3,27.625,14452964
1673622000,27.625,27.625,27.625,27.625,3172582
1673848800,27.75,27.75,27.75,27.75,1524790
1673852400,27.775,28.475,27.75,28.325,38935718
1673856000,28.35,28.75,28.25,28.6,29019710
1673859600,28.6,28.825,28.5,28.725,14541912
1673863200,28.725,28.9,28.7,28.775,11562302
1673866800,28.775,29.05,28.75,28.95,10826622
1673870400,28.95,29.05,28.675,28.8,12461074
1673874000,28.8,28.875,28.625,28.85,8635630
1673877600,28.875,29.125,28.75,28.9,16101462
1673881200,28.9,28.975,28.9,28.975,3384060
1673935200,29.05,29.05,29.05,29.05,1052886
1673938800,29.05,29.675,28.9,29.5,45417770
1673942400,29.5,29.625,28.95,29.3,24897810
1673946000,29.275,29.475,29.1,29.325,8145116
1673949600,29.3,29.375,29.025,29.075,5221600
1673953200,29.075,29.1,28.575,28.95,16907834
1673956800,28.95,29.15,28.825,29.05,8556442
1673960400,29.05,29.45,29.025,29.375,16330938
1673964000,29.35,29.575,28.85,29.4,38234062
1673967600,29.425,29.45,29.425,29.45,3497714
1674021600,31.1,31.1,31.1,31.1,5033014
1674025200,31.125,31.4,30.65,30.9,62132270
1674028800,30.9,32.225,30.775,32.05,75141764
1674032400,32.075,32.175,31.7,31.725,23377078
1674036000,31.7,31.9,31.4,31.725,38004850
1674039600,31.7,31.775,31.45,31.65,14826678
1674043200,31.65,31.875,31.475,31.65,13595862
1674046800,31.65,31.925,31.425,31.625,17483004
1674050400,31.625,32.15,31.375,31.575,44102544
1674054000,31.575,31.575,31.525,31.525,4400714
1674108000,31.15,31.15,31.15,31.15,1423996
1674111600,31.125,31.35,30.875,31,42018224
1674115200,31.025,31.675,31,31.3,33391862
1674118800,31.3,31.45,31.05,31.2,15089392
1674122400,31.175,31.275,31,31.175,11389846
1674126000,31.15,31.525,31.075,31.15,25955824
1674129600,31.15,31.225,30.675,30.825,25424858
1674133200,30.825,30.975,30.625,30.9,15752480
1674136800,30.9,31,30.65,30.85,17591556
1674140400,30.85,30.85,30.85,30.85,4051742
1674194400,31.15,31.15,31.15,31.15,1608806
1674198000,31.175,31.5,31.125,31.375,33892338
1674201600,31.375,31.375,31.025,31.125,17167470
1674205200,31.1,31.275,31.1,31.225,7029204
1674208800,31.25,31.35,31.15,31.25,5119926
1674212400,31.275,31.3,30.95,31,7654386
1674216000,31,31.15,30.875,30.95,9151182
1674219600,30.975,30.975,30.65,30.75,11155994
1674223200,30.725,31.225,30.725,31.175,13727868
1674226800,31.175,31.225,31.175,31.225,3596892
1674453600,31.525,31.525,31.525,31.525,2258704
1674457200,31.55,31.925,31.425,31.675,41397302
1674460800,31.675,31.675,31.375,31.45,15409936
1674464400,31.45,31.65,31.45,31.525,9531824
1674468000,31.55,31.55,31.4,31.475,6701564
1674471600,31.475,31.5,31.25,31.4,7627062
1674475200,31.375,31.625,31.35,31.5,8850714
1674478800,31.525,31.55,31.2,31.325,8593550
1674482400,31.325,31.35,30,30.55,35586836
1674486000,30.55,30.575,30.45,30.45,4841748
1674540000,30.4,30.4,30.4,30.4,1183294
1674543600,30.4,30.475,29.575,29.7,37213814
1674547200,29.7,30.75,29.225,30.525,35561662
1674550800,30.55,31,30.275,30.8,25387560
1674554400,30.775,30.85,30.35,30.5,12590862
1674558000,30.5,30.675,30.3,30.575,10898348
1674561600,30.6,30.825,30.25,30.675,17264174
1674565200,30.7,30.925,30.275,30.3,20821040
1674568800,30.3,31.475,30.25,31.475,37894450
1674572400,31.475,31.5,31.475,31.5,5289240
1674626400,31.45,31.45,31.45,31.45,1577590
1674630000,31.425,31.45,30.975,31.1,34445084
1674633600,31.125,31.2,30.65,30.725,20777014
1674637200,30.725,30.775,30.45,30.55,11677540
1674640800,30.525,30.625,30.1,30.25,15423080
1674644400,30.225,30.3,29.475,29.95,20129786
1674648000,29.95,30.25,29.75,30.075,14179774
1674651600,30.075,30.5,29.5,30.275,20883190
1674655200,30.275,30.975,30.075,30.875,26420622
1674658800,30.825,30.825,30.825,30.825,4350446
1674712800,30.825,30.825,30.825,30.825,1229950
1674716400,30.825,31.3,30.45,30.85,41577046
1674720000,30.875,31.25,30.7,31.125,26388976
1674723600,31.15,31.325,31.025,31.1,22378366
1674727200,31.075,31.325,30.85,31.025,20728072
1674730800,31.05,31.3,30.85,31.025,15058514
1674734400,31.025,31.575,31,31.225,25149014
1674738000,31.225,31.5,31.1,31.35,16072950
1674741600,31.35,31.525,30.5,30.55,32918878
1674745200,30.55,30.55,30.475,30.475,5000024
1674799200,30.2,30.2,30.2,30.2,964146
1674802800,30.2,30.5,29.85,30.025,31146536
1674806400,30.025,30.25,29.725,30.15,18657384
1674810000,30.15,30.6,30.1,30.475,28878462
1674813600,30.45,30.75,30.275,30.625,19393296
1674817200,30.625,30.775,30.35,30.75,18600108
1674820800,30.75,30.75,29.775,30.125,22944906
1674824400,30.1,30.275,29.65,30.05,20894468
1674828000,30.025,31.05,29.95,30.775,42879938
1674831600,30.775,30.775,30.775,30.775,3356340
1675058400,30.775,30.775,30.775,30.775,845952
1675062000,30.775,30.9,30.375,30.625,27893318
1675065600,30.65,30.75,30.525,30.65,11218090
1675069200,30.65,30.675,30.45,30.475,8371950
1675072800,30.475,30.5,30.25,30.4,6971478
1675076400,30.4,30.45,30,30.075,11978316
1675080000,30.075,30.25,29.975,30.125,10330800
1675083600,30.125,30.325,30.05,30.25,8977278
1675087200,30.225,30.25,29.525,29.6,17667008
1675090800,29.525,29.525,29.525,29.525,4545794
1675144800,29.325,29.325,29.325,29.325,815312
1675148400,29.325,29.425,28.725,28.875,33288324
1675152000,28.875,29.175,28.75,28.85,19677816
1675155600,28.85,29.125,28.775,29.05,10666550
1675159200,29.025,29.325,28.9,29.25,12015662
1675162800,29.25,29.425,29.175,29.25,12127122
1675166400,29.25,29.775,29.15,29.625,21298712
1675170000,29.6,29.675,29.325,29.325,13718178
1675173600,29.325,29.4,28.45,28.475,27400782
1675177200,28.4,28.4,28.4,28.4,5778226
1675231200,28.475,28.475,28.475,28.475,675610
1675234800,28.45,28.8,28.125,28.45,29648166
1675238400,28.45,28.6,27.95,28,16277484
1675242000,28.025,28.125,27.675,27.75,17598170
1675245600,27.75,28.075,27.575,27.95,10927760
1675249200,27.95,28.25,27.825,28.225,9353390
1675252800,28.225,28.3,27.9,28.05,10617564
1675256400,28.05,28.1,27.075,27.075,24803736
1675260000,27.05,27.05,26.675,26.7,2779750
1675263600,26.525,26.525,26.525,26.525,6768638
1675317600,26.7,26.7,26.7,26.7,696890
1675321200,26.725,27.15,25.75,25.925,44599300
1675324800,25.95,27.45,25.95,27.15,46558826
1675328400,27.175,27.35,26.65,26.875,17655032
1675332000,26.9,27,26.6,26.85,9946348
1675335600,26.85,27.05,26.35,26.6,16584022
1675339200,26.575,26.675,25.375,25.375,27900546
1675342800,25.3,26.225,24.57,25.975,38043524
1675346400,26,26.925,25.4,26.7,27835886
1675350000,26.725,26.725,26.725,26.725,3543088
1675404000,26.725,26.725,26.725,26.725,1001946
1675407600,26.7,27.2,26.4,27.025,28419002
1675411200,27.05,27.725,27,27.375,24517756
1675414800,27.375,27.8,27.3,27.525,18059396
1675418400,27.525,27.625,27.275,27.55,9299016
1675422000,27.575,27.95,27.5,27.95,14577294
1675425600,27.95,28.225,27.875,28.2,14509420
1675429200,28.2,28.725,28,28.35,35942230
1675432800,28.35,28.9,28.275,28.65,18864336
1675436400,28.725,28.725,28.725,28.725,2410586
1675663200,28.025,28.025,28.025,28.025,911566
1675666800,28.025,28.7,27.55,27.75,13862608
1675670400,27.75,28,26.625,27.725,4217418
1675674000,27.725,28,27.6,27.95,659326
1675677600,27.95,27.975,26.75,26.775,1883192
1675681200,26.85,27.4,26.625,26.975,1700632
1675684800,26.975,27.475,26.775,27.275,1201120
1675688400,27.275,27.275,26.925,27.075,654698
1675692000,27.075,30.225,27.05,29.375,4899312
1675695600,29.375,29.4,29.375,29.4,418390
1675749600,28.95,28.95,28.95,28.95,136160
1675753200,28.95,29.4,27.525,28,18485100
1675756800,28,28,26.8,26.875,23996278
1675760400,26.875,27.1,26.525,26.675,16754282
1675764000,26.65,27.1,26.475,26.975,19900578
1675767600,26.95,26.975,26.475,26.475,23690798
1675771200,26.475,26.625,26.475,26.475,20424180
1675774800,26.475,27,26.475,26.5,45571162
1675778400,26.5,26.5,26.475,26.475,1738864
1675782000,26.475,26.475,26.475,26.475,219120
1676440800,27.5,27.5,27.5,27.5,2398564
1676444400,27.525,28.825,26.8,28.7,50422620
1676448000,28.7,29.1,28.675,29.05,21339406
1676451600,29.075,29.1,29,29.1,10842908
1676455200,29.1,29.1,29.1,29.1,1735142
1676458800,29.1,29.1,29.05,29.1,2894350
1676462400,29.1,29.1,29.05,29.1,3997596
1676466000,29.1,29.1,29.1,29.1,422112
1676469600,29.1,29.1,29.1,29.1,238770
1676473200,29.1,29.1,29.1,29.1,115366
1676527200,31.75,31.75,31.75,31.75,2915434
1676530800,31.675,31.675,30.175,30.375,30772912
1676534400,30.425,30.425,28.25,29.425,33450546
1676538000,29.425,29.475,28.475,28.6,10289474
1676541600,28.6,29.025,28.2,28.65,11610446
1676545200,28.65,29.25,28.5,29.025,9311466
1676548800,29.025,29.55,28.925,29.4,10465794
1676552400,29.45,29.825,29.175,29.275,12459736
1676556000,29.275,29.475,28.1,28.5,19326902
1676559600,28.5,28.5,28.475,28.475,1794040
1676613600,27.775,27.775,27.775,27.775,536386
1676617200,27.775,28.825,27.525,28.475,22287702
1676620800,28.475,28.7,28.175,28.325,10230662
1676624400,28.325,28.475,28.175,28.425,5019090
1676628000,28.4,28.65,28.325,28.4,6590948
1676631600,28.425,28.7,28.225,28.25,11001834
1676635200,28.3,28.3,27.8,27.85,9160422
1676638800,27.825,28,27.675,27.85,5151748
1676642400,27.85,28.05,27.7,27.95,9903184
1676646000,27.95,27.95,27.95,27.95,2484422
1676872800,28.05,28.05,28.05,28.05,359386
1676876400,28.05,28.1,26.925,27.2,18149412
1676880000,27.2,27.75,27.175,27.525,11660704
1676883600,27.525,27.625,27.325,27.425,5614952
1676887200,27.425,27.825,27.4,27.7,8231502
1676890800,27.7,27.7,27.375,27.575,6213592
1676894400,27.575,27.575,27.175,27.375,6414886
1676898000,27.375,27.425,27.225,27.375,4355132
1676901600,27.375,27.475,27.225,27.375,8526004
1676905200,27.375,27.375,27.375,27.375,2282716
1676959200,27.225,27.225,27.225,27.225,574214
1676962800,27.225,28.1,27.025,28.05,35808152
1676966400,28.025,28.1,27.575,27.675,14615412
1676970000,27.65,27.675,27.35,27.575,6458216
1676973600,27.6,27.6,27.45,27.475,4074652
1676977200,27.475,27.775,27.475,27.75,7040580
1676980800,27.75,28.3,27.65,28.15,24216498
1676984400,28.125,28.175,27.75,27.975,9945752
1676988000,27.95,28.05,27.05,27.3,17912008
1676991600,27.2,27.2,27.2,27.2,3546960
1677045600,27.2,27.2,27.2,27.2,513044
1677049200,27.175,27.975,26.95,27.95,28269008
1677052800,27.95,28.075,27.75,28,15461594
1677056400,28.025,28.175,27.675,27.775,12461896
1677060000,27.775,27.85,27.6,27.825,4194602
1677063600,27.8,27.9,27.5,27.65,4485144
1677067200,27.625,27.75,27.35,27.55,6096096
1677070800,27.525,27.6,27.35,27.45,4498740
1677074400,27.425,27.7,27.35,27.55,8566670
1677078000,27.5,27.5,27.5,27.5,1879270
1677132000,27.525,27.525,27.525,27.525,328122
1677135600,27.55,27.725,27.425,27.55,8599336
1677139200,27.575,27.65,27.3,27.35,6276552
1677142800,27.35,27.425,27.35,27.4,2288788
1677146400,27.375,27.5,27.375,27.425,2881026
1677150000,27.425,27.45,27.125,27.25,6071708
1677153600,27.25,27.275,27.025,27.075,5395186
1677157200,27.075,27.25,27.025,27.125,3302724
1677160800,27.125,27.225,26.975,27.2,6982374
1677164400,27.2,27.2,27.175,27.175,1619872
1677218400,27.225,27.225,27.225,27.225,346622
1677222000,27.2,27.5,27.15,27.225,12997464
1677225600,27.225,27.225,26.95,27,6915424
1677229200,27,27.025,26.8,26.95,5409120
1677232800,26.95,27.025,26.9,26.975,2057452
1677236400,26.95,27.075,26.9,27,2435990
1677240000,27.025,27.025,26.725,26.825,7288814
1677243600,26.8,26.85,26.5,26.725,5781564
1677247200,26.7,26.875,26.6,26.675,7270382
1677250800,26.65,26.65,26.65,26.65,2209854
1677477600,26.65,26.65,26.65,26.65,697464
1677481200,26.625,26.725,25.9,26.175,12205214
1677484800,26.2,26.475,26.05,26.425,4562782
1677488400,26.425,26.9,26.3,26.575,9456136
1677492000,26.575,27,26.5,26.95,8453508
1677495600,26.975,27.3,26.9,27.175,15029214
1677499200,27.175,27.375,27.05,27.225,9000428
1677502800,27.2,27.625,27.2,27.55,11148170
1677506400,27.55,27.725,27.325,27.65,13604788
1677510000,27.625,27.725,27.625,27.725,1539348
1677564000,27.75,27.75,27.75,27.75,457962
1677567600,27.775,28.05,27.725,27.875,14835140
1677571200,27.875,27.9,27.525,27.725,8002490
1677574800,27.75,27.9,27.625,27.825,5835982
1677578400,27.8,27.95,27.725,27.9,4819594
1677582000,27.875,28.025,27.825,27.85,8247102
1677585600,27.825,28.15,27.8,27.85,10030302
1677589200,27.85,27.85,27.4,27.45,9606094
1677592800,27.45,27.55,27.25,27.5,10053436
1677596400,27.5,27.6,27.475,27.6,3388920
1677650400,28.3,28.3,28.3,28.3,2076194
1677654000,28.3,28.45,27.925,28.225,28494970
1677657600,28.225,28.275,27.8,27.85,9358804
1677661200,27.85,27.975,27.775,27.9,4866730
1677664800,27.925,27.95,27.7,27.775,5300254
1677668400,27.775,27.8,27.65,27.75,5814328
1677672000,27.75,27.9,27.75,27.875,7654670
1677675600,27.875,27.975,27.8,27.975,6516852
1677679200,27.975,28.05,27.75,27.775,11023444
1677682800,27.75,27.75,27.75,27.75,3395196
1677736800,27.6,27.6,27.6,27.6,725254
1677740400,27.6,28.25,27.6,28.075,26215742
1677744000,28.075,28.5,28.05,28.325,28446228
1677747600,28.3,28.425,28.125,28.25,11817630
1677751200,28.25,28.65,28.175,28.4,19120160
1677754800,28.4,28.475,28.225,28.25,6484420
1677758400,28.25,28.275,27.85,28,12024318
1677762000,28,28,27.675,27.925,12410454
1677765600,27.9,28.2,27.65,27.75,16763532
1677769200,27.675,27.675,27.675,27.675,3548388
1677823200,27.4,27.4,27.4,27.4,628780
1677826800,27.4,27.85,27.375,27.8,14701558
1677830400,27.8,27.825,27.1,27.15,11212230
1677834000,27.15,27.275,26.925,27.2,9925768
1677837600,27.225,27.325,27.15,27.25,3113552
1677841200,27.225,27.25,27.025,27.075,2725294
1677844800,27.075,27.1,26.3,26.85,18883828
1677848400,26.825,27.15,26.75,27.15,11827128
1677852000,27.15,27.6,27.05,27.325,12296168
1677855600,27.35,27.35,27.3,27.3,2467812
1678082400,27.425,27.425,27.425,27.425,484384
1678086000,27.425,27.625,27.35,27.5,8858774
1678089600,27.475,27.675,27.475,27.65,7715006
1678093200,27.675,27.825,27.575,27.65,5550390
1678096800,27.625,27.975,27.6,27.85,8857144
1678100400,27.85,27.975,27.675,27.9,8115712
1678104000,27.9,28.15,27.875,27.95,13063738
1678107600,27.95,28.05,27.825,28,6813566
1678111200,27.975,28.1,27.75,27.875,10810984
1678114800,27.85,27.85,27.85,27.85,2150404
1678168800,28.2,28.2,28.2,28.2,1078816
1678172400,28.225,28.9,28.05,28.45,40657392
1678176000,28.475,28.675,28.225,28.35,15449816
1678179600,28.35,28.35,28.075,28.075,5704746
1678183200,28.075,28.15,27.925,28.025,7967370
1678186800,28.05,28.175,27.875,28.1,4561270
1678190400,28.1,28.125,27.925,28,3587300
1678194000,28,28.275,27.85,28.25,6548996
1678197600,28.25,28.275,27.875,27.95,9364448
1678201200,27.95,27.95,27.95,27.95,1918782
1678255200,27.825,27.825,27.825,27.825,478070
1678258800,27.825,28.025,27.65,27.875,12489340
1678262400,27.9,28.1,27.75,27.775,9322022
1678266000,27.775,27.875,27.675,27.7,3760546
1678269600,27.7,27.775,27.625,27.725,3439846
1678273200,27.725,27.775,27.625,27.7,3277564
1678276800,27.7,27.85,27.65,27.75,3498466
1678280400,27.775,28.15,27.75,28.05,14727184
1678284000,28.075,28.55,28.075,28.375,30964230
1678287600,28.475,28.475,28.475,28.475,2393560
1678341600,28.75,28.75,28.75,28.75,1342064
1678345200,28.725,28.825,28.475,28.625,20888364
1678348800,28.65,28.775,28.575,28.6,10120152
1678352400,28.6,28.65,28.5,28.55,4706314
1678356000,28.525,28.9,28.425,28.825,19353502
1678359600,28.8,29.1,28.725,28.975,19209616
1678363200,28.95,29.125,28.75,28.925,17343338
1678366800,28.925,29.15,28.825,29.1,10945804
1678370400,29.1,29.225,28.525,29,27315392
1678374000,29,29.125,29,29.125,4483644
1678428000,28.975,28.975,28.975,28.975,915782
1678431600,28.95,29.325,28.825,28.85,26767900
1678435200,28.85,29.3,28.7,29.15,18886890
1678438800,29.125,29.15,28.875,28.95,6668538
1678442400,28.95,28.95,28.75,28.825,3858844
1678446000,28.8,28.975,28.775,28.9,4469472
1678449600,28.9,29.1,28.85,28.875,9437058
1678453200,28.875,28.875,28.475,28.7,14203314
1678456800,28.675,28.8,28.3,28.425,10113660
1678460400,28.425,28.425,28.35,28.35,3306452
1678687200,28.5,28.5,28.5,28.5,760226
1678690800,28.5,28.925,28.35,28.875,23707584
1678694400,28.9,28.975,28.625,28.7,12199410
1678698000,28.725,28.75,28.55,28.575,5622126
1678701600,28.575,28.575,28.225,28.55,9509332
1678705200,28.55,28.6,28.375,28.375,3749714
1678708800,28.375,28.6,28.25,28.45,8590682
1678712400,28.475,28.85,28.45,28.75,13850196
1678716000,28.75,28.8,28.325,28.35,9740402
1678719600,28.425,28.425,28.425,28.425,2819636
1678773600,28.525,28.525,28.525,28.525,747758
1678777200,28.525,28.925,28.5,28.9,28186506
1678780800,28.9,28.975,28.575,28.725,26395686
1678784400,28.725,28.975,28.7,28.85,18850150
1678788000,28.825,28.925,28.65,28.8,10862666
1678791600,28.8,28.95,28.775,28.85,10894554
1678795200,28.85,29.05,28.8,28.975,19799242
1678798800,29,29.525,28.9,29.425,49583656
1678802400,29.45,29.55,28.725,29.025,29243964
1678806000,29.025,29.025,28.975,28.975,4159540
1678860000,28.925,28.925,28.925,28.925,1082934
1678863600,28.9,28.925,28.35,28.5,28963348
1678867200,28.525,28.65,28.425,28.5,11067508
1678870800,28.5,28.5,28.175,28.225,8949348
1678874400,28.2,28.35,27.95,27.975,11148138
1678878000,27.975,28.125,27.625,27.65,12712262
1678881600,27.625,27.875,27.5,27.825,8660898
1678885200,27.825,28.05,27.525,27.6,9744440
1678888800,27.6,27.95,27.325,27.75,17773932
1678892400,27.75,27.75,27.65,27.65,2728570
1678946400,27.9,27.9,27.9,27.9,849822
1678950000,27.9,28.05,27.7,28.025,12217768
1678953600,28,28.1,27.85,27.925,7893774
1678957200,27.925,28.025,27.8,27.975,3943038
1678960800,27.975,28.175,27.95,28.05,6349116
1678964400,28.025,28.15,27.875,27.9,5528410
1678968000,27.9,27.95,27.475,27.525,7942892
1678971600,27.55,27.725,27.3,27.7,10602982
1678975200,27.7,28.05,27.525,28.025,13631736
1678978800,28.025,28.1,28.025,28.1,2782108
1679032800,28.35,28.35,28.35,28.35,1227458
1679036400,28.35,28.525,28.2,28.35,21837226
1679040000,28.375,28.575,28.325,28.475,10668932
1679043600,28.475,28.675,28.375,28.45,21804022
1679047200,28.475,28.675,28.4,28.575,11163112
1679050800,28.6,28.875,28.525,28.625,22341186
1679054400,28.65,28.65,28.3,28.5,15938566
1679058000,28.5,28.75,28.45,28.7,13688886
1679061600,28.725,28.825,28.6,28.675,21865118
1679065200,28.675,28.675,28.675,28.675,4346034
1679292000,28.4,28.4,28.4,28.4,1039496
1679295600,28.4,28.875,28.375,28.85,28048248
1679299200,28.85,29,28.6,28.85,17228014
1679302800,28.825,28.975,28.75,28.9,11540654
1679306400,28.9,29.125,28.825,28.925,21160684
1679310000,28.95,29.075,28.75,28.825,11969726
1679313600,28.825,29.1,28.725,29,13471742
1679317200,29,29.05,28.525,28.675,14109346
1679320800,28.7,28.8,27.625,27.75,21717076
1679324400,27.725,27.725,27.725,27.725,2732594
1679378400,27.775,27.775,27.775,27.775,673804
1679382000,27.8,28.15,27.225,27.25,25543130
1679385600,27.25,27.625,27.175,27.4,7491580
1679389200,27.425,27.425,26.875,26.9,8384280
1679392800,26.9,27.125,26.75,26.925,8084172
1679396400,26.9,27,26.775,27,5740816
1679400000,27,27.325,26.925,27.2,11992792
1679403600,27.2,27.325,27.05,27.3,10496488
1679407200,27.3,27.525,26.7,26.75,20521330
1679410800,26.65,26.65,26.65,26.65,3286640
1679464800,26.825,26.825,26.825,26.825,900418
1679468400,26.825,26.9,26.45,26.85,17163998
1679472000,26.825,26.975,26.7,26.95,8525192
1679475600,26.975,27.075,26.8,26.95,6948068
1679479200,26.975,27.1,26.9,27.075,4826730
1679482800,27.05,27.125,26.8,26.95,7501844
1679486400,26.925,27.05,26.875,27,4686010
1679490000,27,27.425,26.775,27.375,12817108
1679493600,27.375,27.475,27.15,27.45,7978258
1679497200,27.45,27.5,27.425,27.5,1658132
1679551200,27.3,27.3,27.3,27.3,488378
1679554800,27.3,27.75,27.2,27.75,14724712
1679558400,27.75,27.85,27.65,27.75,8181442
1679562000,27.75,27.775,27.375,27.475,6716412
1679565600,27.5,27.575,27.375,27.575,3883108
1679569200,27.6,27.675,27.55,27.55,3127356
1679572800,27.55,27.6,27.375,27.475,3464072
1679576400,27.475,27.6,27.35,27.5,4089798
1679580000,27.5,28.275,27.475,28.225,18385150
1679583600,28.3,28.3,28.3,28.3,2032080
1679637600,28.325,28.325,28.325,28.325,604196
1679641200,28.35,28.825,28.275,28.7,22877686
1679644800,28.725,28.75,28.4,28.45,7660752
1679648400,28.425,28.575,28.4,28.4,3376484
1679652000,28.4,28.5,28.3,28.35,3566916
1679655600,28.375,28.375,28.05,28.125,5631820
1679659200,28.125,28.3,27.925,28.2,5683138
1679662800,28.225,28.425,28.15,28.25,4293568
1679666400,28.25,28.6,28.15,28.2,13612076
1679670000,28.15,28.15,28.15,28.15,2249430
1679896800,28.4,28.4,28.4,28.4,941772
1679900400,28.4,28.475,28.1,28.1,16877438
1679904000,28.125,28.175,27.925,28.125,8088486
1679907600,28.1,28.125,27.95,27.95,4311364
1679911200,27.95,27.975,27.8,27.825,3960306
1679914800,27.8,27.95,27.75,27.925,2983952
1679918400,27.925,28.05,27.875,28.025,4502464
1679922000,28,28.25,27.9,28.225,5880322
1679925600,28.25,28.625,28.15,28.175,19249900
1679929200,28.15,28.325,28.15,28.325,2939452
1679983200,28.35,28.35,28.35,28.35,576768
1679986800,28.35,28.5,27.95,28.05,16023518
1679990400,28.05,28.05,27.525,27.55,6869006
1679994000,27.55,27.8,27.425,27.775,4104952
1679997600,27.775,27.8,27.475,27.675,3969222
1680001200,27.675,27.875,27.625,27.75,3320928
1680004800,27.725,27.85,27.425,27.5,4071414
1680008400,27.5,27.575,27.225,27.35,7768372
1680012000,27.35,27.375,26.65,26.725,11287740
1680015600,26.625,26.625,26.625,26.625,2083262
1680069600,26.625,26.625,26.625,26.625,718270
1680073200,26.625,26.825,26.25,26.45,16569464
1680076800,26.45,26.75,26.375,26.425,9093766
1680080400,26.425,26.5,26.125,26.2,4088268
1680084000,26.2,26.375,26.125,26.275,2901340
1680087600,26.275,26.575,26.225,26.475,4241310
1680091200,26.5,26.65,26.4,26.5,3483530
1680094800,26.5,26.9,26.475,26.875,11734154
1680098400,26.875,27.125,26.85,27.05,12798628
1680102000,27.125,27.125,27.125,27.125,2536614
1680156000,27.125,27.125,27.125,27.125,705972
1680159600,27.1,27.325,27.05,27.2,14300930
1680163200,27.225,27.375,27.15,27.25,9277902
1680166800,27.25,27.35,27.075,27.225,8642684
1680170400,27.2,27.4,27.15,27.35,6776162
1680174000,27.35,27.475,27.275,27.45,8471236
1680177600,27.45,27.475,27.275,27.275,4612924
1680181200,27.275,27.325,27.15,27.25,4980696
1680184800,27.25,27.275,26.45,26.475,16025228
1680188400,26.475,26.475,26.475,26.475,1337612
1680242400,26.625,26.625,26.625,26.625,1387222
1680246000,26.625,26.725,26.25,26.275,21094344
1680249600,26.275,26.5,26.175,26.475,6692154
1680253200,26.5,26.85,26.475,26.625,7940674
1680256800,26.6,26.8,26.475,26.675,3522502
1680260400,26.675,26.775,26.375,26.525,5825540
1680264000,26.525,26.6,26.475,26.6,4365608
1680267600,26.6,26.65,26.1,26.1,8640042
1680271200,26.1,26.525,25.9,26,13719080
1680274800,26,26,25.975,25.975,3748188
1680501600,25.8,25.8,25.8,25.8,502416
1680505200,25.775,25.85,24.97,25.075,18063714
1680508800,25.025,25.25,24.96,25.1,6280058
1680512400,25.1,25.25,25.075,25.225,3490144
1680516000,25.2,25.375,25.125,25.175,4916304
1680519600,25.2,25.25,24.73,24.93,8694862
1680523200,24.93,25.025,24.82,24.93,3446266
1680526800,24.93,25.825,24.72,25.525,24106936
1680530400,25.525,25.65,25.25,25.55,10032988
1680534000,25.525,25.525,25.525,25.525,1428778
1680588000,25.6,25.6,25.6,25.6,434044
1680591600,25.6,25.9,25.475,25.7,14455876
1680595200,25.7,25.95,25.7,25.875,6007176
1680598800,25.875,25.95,25.775,25.9,3798842
1680602400,25.9,25.975,25.7,25.75,3967650
1680606000,25.75,25.85,25.675,25.7,3727218
1680609600,25.675,25.775,25.575,25.65,4522628
1680613200,25.65,26.125,25.425,26.125,10501748
1680616800,26.125,26.575,26.125,26.55,17422440
1680620400,26.6,26.6,26.6,26.6,1448694
1680674400,26.65,26.65,26.65,26.65,482802
1680678000,26.675,26.8,26.35,26.575,13781682
1680681600,26.6,26.675,26.375,26.625,7756622
1680685200,26.6,26.675,26.525,26.625,3250262
1680688800,26.6,26.65,26.475,26.525,2860046
1680692400,26.525,26.6,26.3,26.55,4800134
1680696000,26.55,26.625,26.425,26.475,4167656
1680699600,26.475,26.55,26.225,26.375,6789574
1680703200,26.35,26.475,25.975,26,10052540
1680706800,26.075,26.075,26.075,26.075,891276
1680760800,25.925,25.925,25.925,25.925,339932
1680764400,25.95,26.475,25.95,26.275,10886928
1680768000,26.3,26.45,26.25,26.3,4341540
1680771600,26.3,26.35,26.225,26.35,2842050
1680775200,26.325,26.425,26.3,26.425,2375632
1680778800,26.425,26.425,26.2,26.2,2708228
1680782400,26.2,26.275,25.925,26.075,6362024
1680786000,26.075,26.275,25.95,26.225,3850318
1680789600,26.2,26.425,26,26.375,6787322
1680793200,26.45,26.45,26.45,26.45,1105032
1680847200,26.425,26.425,26.425,26.425,364236
1680850800,26.425,26.65,26.35,26.4,10958780
1680854400,26.375,26.5,26.325,26.4,3841092
1680858000,26.375,26.5,26.375,26.425,1198912
1680861600,26.425,26.425,26.225,26.275,1733736
1680865200,26.25,26.3,26.05,26.175,3217936
1680868800,26.175,26.375,26.125,26.35,3962480
1680872400,26.35,26.4,26.275,26.325,2862534
1680876000,26.35,26.375,26.1,26.15,5592698
1680879600,26.075,26.075,26.075,26.075,2163980
1681106400,26.2,26.2,26.2,26.2,382876
1681110000,26.2,26.65,26.2,26.475,8983136
1681113600,26.475,26.725,26.475,26.625,6052454
1681117200,26.65,26.675,26.55,26.65,5377254
1681120800,26.65,26.775,26.6,26.675,4413022
1681124400,26.65,26.725,26.575,26.65,3878784
1681128000,26.65,26.75,26.6,26.75,3087910
1681131600,26.725,26.9,26.725,26.875,6478558
1681135200,26.875,27.175,26.85,27.025,9551020
1681138800,27,27.025,27,27.025,1559986
1681192800,27.125,27.125,27.125,27.125,725762
1681196400,27.125,27.25,26.875,27.05,15713150
1681200000,27.075,27.075,26.775,26.875,6778344
1681203600,26.85,26.9,26.775,26.85,3162250
1681207200,26.825,26.85,26.775,26.8,1823624
1681210800,26.825,26.85,26.7,26.8,3198594
1681214400,26.8,26.85,26.7,26.725,3467744
1681218000,26.725,26.8,26.6,26.725,3522882
1681221600,26.75,26.825,26.625,26.8,5174962
1681225200,26.75,26.75,26.75,26.75,1965326
1681279200,26.775,26.775,26.775,26.775,357388
1681282800,26.775,27.025,26.725,27,13297110
1681286400,26.975,27.1,26.95,27.025,5236904
1681290000,27.025,27.3,27,27.25,18914716
1681293600,27.225,27.6,27.175,27.425,21663906
1681297200,27.425,27.65,27.325,27.475,8399560
1681300800,27.475,27.65,27.425,27.425,9960444
1681304400,27.425,27.5,27.25,27.35,7190044
1681308000,27.35,27.575,27.3,27.575,11630464
1681311600,27.525,27.525,27.525,27.525,1878604
1681365600,27.575,27.575,27.575,27.575,1108194
1681369200,27.575,27.7,27.325,27.4,16694238
1681372800,27.4,27.6,27.4,27.45,6855958
1681376400,27.425,27.5,27.425,27.425,2161302
1681380000,27.425,27.575,27.425,27.45,2579522
1681383600,27.425,27.575,27.425,27.55,3607080
1681387200,27.525,27.575,27.425,27.475,3509888
1681390800,27.475,27.5,27.175,27.25,5439010
1681394400,27.25,27.425,27.025,27.175,9722424
1681398000,26.975,26.975,26.975,26.975,5563094
1681452000,27.025,27.025,27.025,27.025,489510
1681455600,27.025,27.4,27,27.25,11471934
1681459200,27.275,27.325,27.175,27.2,2770700
1681462800,27.175,27.2,27.05,27.125,2828080
1681466400,27.125,27.15,27,27.05,2451186
1681470000,27.025,27.05,26.75,26.775,6215846
1681473600,26.75,26.9,26.7,26.725,3316278
1681477200,26.725,26.875,26.675,26.725,2906628
1681480800,26.775,26.775,26.4,26.475,8254960
1681484400,26.45,26.45,26.45,26.45,1472374
1681711200,26.575,26.575,26.575,26.575,422960
1681714800,26.575,26.7,26.25,26.5,9694604
1681718400,26.5,26.775,26.475,26.575,6080844
1681722000,26.6,26.6,26.475,26.5,2077720
1681725600,26.475,26.675,26.45,26.6,3372978
1681729200,26.6,26.75,26.45,26.45,12826098
1681732800,26.45,26.45,26.15,26.2,4825920
1681736400,26.2,26.3,26.075,26.1,3440334
1681740000,26.1,26.325,25.95,26.075,7725950
1681743600,26.075,26.075,26.025,26.025,2038494
1681797600,26.475,26.475,26.475,26.475,1133088
1681801200,26.5,27.175,26.5,26.6,22879626
1681804800,26.6,26.65,26.35,26.375,4728428
1681808400,26.35,26.425,26.225,26.3,4939982
1681812000,26.3,26.325,26.175,26.25,2779642
1681815600,26.25,26.4,26.175,26.375,3184718
1681819200,26.4,26.4,26.125,26.15,1913332
1681822800,26.15,26.175,26.05,26.1,3662696
1681826400,26.1,26.175,25.85,25.95,8392290
1681830000,25.9,25.9,25.9,25.9,1561730
1681884000,25.9,25.9,25.9,25.9,424056
1681887600,25.925,26.075,25.725,25.775,6904462
1681891200,25.8,25.85,25.625,25.65,3338836
1681894800,25.65,25.675,25.55,25.6,3629980
1681898400,25.575,25.775,25.55,25.725,3043452
1681902000,25.725,25.825,25.675,25.725,2454700
1681905600,25.7,25.875,25.7,25.8,2235640
1681909200,25.8,25.975,25.8,25.8,5131618
1681912800,25.8,26.95,25.675,26.425,28049492
1681916400,26.5,26.5,26.5,26.5,1480426
1681970400,26.075,26.075,26.075,26.075,525962
1681974000,26.075,26.225,25.9,25.95,7184526
1681977600,25.95,26.05,25.875,25.95,3291918
1681981200,25.95,26,25.85,25.975,3087052
1682316000,26.1,26.1,26.1,26.1,391938
1682319600,26.075,26.475,26.075,26.475,11799174
1682323200,26.45,26.5,26.25,26.275,3827770
1682326800,26.3,26.3,26.2,26.275,1890014
1682330400,26.275,26.3,26.025,26.025,3119978
1682334000,26.025,26.15,26.025,26.075,2566892
1682337600,26.05,26.1,25.825,25.85,5550562
1682341200,25.85,25.875,25.675,25.775,3744788
1682344800,25.775,25.9,25.675,25.725,5440902
1682348400,25.7,25.7,25.7,25.7,1862390
1682402400,25.75,25.75,25.75,25.75,449174
1682406000,25.75,25.975,25.55,25.6,8390490
1682409600,25.575,25.6,25.45,25.5,3023360
1682413200,25.5,25.675,25.45,25.6,2796226
1682416800,25.6,25.675,25.55,25.575,1575116
1682420400,25.575,25.6,25.475,25.525,1241852
1682424000,25.525,25.575,25.45,25.475,1626210
1682427600,25.475,25.5,25.15,25.25,6129356
1682431200,25.275,25.3,24.9,24.98,7240042
1682434800,24.95,24.95,24.95,24.95,1482106
1682488800,24.9,24.9,24.9,24.9,348962
1682492400,24.93,25.075,24.83,24.84,10397520
1682496000,24.84,24.86,24.64,24.76,7987006
1682499600,24.76,24.91,24.75,24.86,5164474
1682503200,24.86,24.99,24.85,24.94,6962772
1682506800,24.94,24.94,24.6,24.67,4341466
1682510400,24.67,24.68,24.45,24.62,6999800
1682514000,24.63,24.69,24.45,24.52,4073452
1682517600,24.51,24.57,24.2,24.25,12873844
1682521200,24.22,24.22,24.22,24.22,2743156
1682575200,24.2,24.2,24.2,24.2,483764
1682578800,24.2,24.58,23.98,24.16,12176298
1682582400,24.15,24.25,23.92,23.98,6712366
1682586000,23.99,24.21,23.97,24.1,5607558
1682589600,24.1,24.19,23.98,23.98,4751938
1682593200,23.98,24.07,23.92,23.94,4589722
1682596800,23.95,24.13,23.88,23.9,5289166
1682600400,23.89,23.91,23.7,23.75,8430582
1682604000,23.75,24.02,23.69,23.74,11209540
1682607600,23.68,23.68,23.68,23.68,2380014
1682661600,23.69,23.69,23.69,23.69,500630
1682665200,23.69,23.84,23.39,23.41,11384374
1682668800,23.41,23.43,23.2,23.23,5141842
1682672400,23.24,23.32,23.1,23.22,4902294
1682676000,23.22,23.25,23.1,23.16,2632258
1682679600,23.16,23.19,23.1,23.11,3228472
1682683200,23.11,23.23,23.02,23.15,4853254
1682686800,23.15,23.18,22.86,22.88,5734512
1682690400,22.89,22.91,22.02,22.46,15578742
1682694000,22.36,22.36,22.36,22.36,1633452
1683007200,22.36,22.36,22.36,22.36,579562
1683010800,22.37,22.6,22.03,22.28,12166672
1683014400,22.27,22.27,21.68,21.71,7763404
1683018000,21.71,22.11,21.68,21.75,6338870
1683021600,21.76,22.03,21.61,21.93,5103544
1683025200,21.94,22.27,21.89,22.26,4237150
1683028800,22.26,22.41,22.12,22.4,5922788
1683032400,22.4,22.43,22,22.09,5342138
1683036000,22.08,22.09,21.52,21.6,9182990
1683039600,21.61,21.61,21.56,21.56,1642194
1683093600,21.56,21.56,21.56,21.56,520484
1683097200,21.56,21.71,20.83,21.13,13157176
1683100800,21.13,21.15,20.61,20.61,6557722
1683104400,20.62,20.81,20.46,20.79,6742010
1683108000,20.79,20.86,20.57,20.76,3947632
1683111600,20.75,21.21,20.72,21.11,9895116
1683115200,21.11,21.25,20.91,20.99,6947594
1683118800,20.98,21.27,20.66,21.2,8372838
1683122400,21.2,21.37,20.78,21.12,13432350
1683126000,21.19,21.19,21.19,21.19,1800644
1683180000,21,21,21,21,385434
1683183600,21,21.8,21,21.76,15076416
1683187200,21.76,21.79,21.54,21.64,6171932
1683190800,21.64,21.67,21.5,21.57,2900002
1683194400,21.57,21.66,21.45,21.46,3632326
1683198000,21.45,21.52,21.36,21.44,3123722
1683201600,21.43,21.48,21.29,21.44,2657162
1683205200,21.45,21.5,21.26,21.29,3241994
1683208800,21.29,21.31,20.8,20.99,10112116
1683212400,21,21,21,21,1192302
1683266400,21,21,21,21,408652
1683270000,21.01,21.15,20.78,20.81,6165682
1683273600,20.8,20.8,20.53,20.71,5144918
1683277200,20.71,20.72,20.54,20.65,2728630
1683280800,20.64,20.88,20.6,20.71,3580580
1683284400,20.72,20.81,20.62,20.66,2881384
1683288000,20.66,20.67,20.44,20.48,4318860
1683291600,20.47,20.58,20.31,20.33,4088354
1683295200,20.33,20.36,20.08,20.2,7717384
1683298800,20.2,20.2,20.2,20.2,1114346
1683525600,20.45,20.45,20.45,20.45,346912
1683529200,20.45,20.55,20.12,20.38,7108800
1683532800,20.37,20.45,20.31,20.34,3616728
1683536400,20.35,20.41,20.29,20.31,1678310
1683540000,20.31,20.5,20.3,20.46,3435612
1683543600,20.46,20.54,20.25,20.28,3845486
1683547200,20.28,20.6,20.24,20.57,4202422
1683550800,20.58,20.76,20.57,20.76,8220240
1683554400,20.76,21.02,20.72,20.8,10169670
1683558000,20.82,20.82,20.82,20.82,1642822
1683612000,20.82,20.82,20.82,20.82,613924
1683615600,20.83,21.16,20.6,20.63,16957800
1683619200,20.62,20.67,20.52,20.66,6879850
1683622800,20.67,20.93,20.65,20.91,6035808
1683626400,20.9,20.93,20.72,20.78,3454952
1683630000,20.78,20.82,20.6,20.6,4220488
1683633600,20.6,20.6,20.28,20.37,7433998
1683637200,20.37,20.42,20.06,20.24,7835982
1683640800,20.25,20.27,19.93,20,10275406
1683644400,20.02,20.02,20.02,20.02,1308952
1683698400,20.05,20.05,20.05,20.05,461392
1683702000,20.06,20.21,19.73,19.91,8822172
1683705600,19.9,19.93,19.79,19.84,2299960
1683709200,19.83,19.84,19.72,19.77,1922930
1683712800,19.76,19.78,19.67,19.75,1563354
1683716400,19.75,19.94,19.71,19.9,3224182
1683720000,19.9,19.97,19.84,19.88,2357328
1683723600,19.87,19.89,19.57,19.61,4161154
1683727200,19.61,19.65,19.39,19.46,6550764
1683730800,19.51,19.51,19.51,19.51,1702988
1683784800,19.51,19.51,19.51,19.51,454796
1683788400,19.52,20.04,19.5,20,11429690
1683792000,20.01,20.19,19.92,20.15,9228644
1683795600,20.15,20.41,20.05,20.13,14411198
1683799200,20.12,20.13,19.97,20,5677504
1683802800,20,20.78,19.9,20.56,25714168
1683806400,20.55,21.12,20.54,21.07,18010140
1683810000,21.08,21.2,20.7,20.86,12100988
1683813600,20.85,21.17,20.77,21.1,12191978
1683817200,20.98,20.98,20.98,20.98,2037398
1683871200,21.02,21.02,21.02,21.02,672164
1683874800,21.01,21.25,20.5,20.55,18734026
1683878400,20.55,20.66,20.28,20.34,6760900
1683882000,20.34,20.46,20.16,20.35,6028774
1683885600,20.35,20.48,20.29,20.43,2610904
1683889200,20.43,20.58,20.33,20.43,6154038
1683892800,20.43,20.72,20.43,20.69,5517994
1683896400,20.68,20.97,20.48,20.52,10707056
1683900000,20.51,20.71,20.4,20.63,8539964
1683903600,20.63,20.63,20.63,20.63,1044456
1684130400,20.63,20.63,20.63,20.63,1170562
1684134000,20.57,21.5,20.2,21.41,21254906
1684137600,21.41,21.87,21.26,21.76,28665338
1684141200,21.76,22.07,21.59,21.63,19631768
1684144800,21.64,21.87,21.63,21.73,5488280
1684148400,21.73,21.85,21.63,21.74,5616728
1684152000,21.74,21.78,21.1,21.14,12070872
1684155600,21.14,21.23,20.76,20.77,6777056
1684159200,20.76,20.77,20.13,20.26,14180976
1684162800,20.26,20.26,20.25,20.26,961040
1684216800,20.39,20.39,20.39,20.39,289216
1684220400,20.4,21.04,20.35,20.8,22961498
1684224000,20.8,21.13,20.76,21.12,10070218
1684227600,21.13,21.15,20.74,20.93,7178462
1684231200,20.93,21.14,20.9,21.01,5972600
1684234800,21.01,21.21,21.01,21.11,7885924
1684238400,21.12,21.17,20.83,20.93,6851214
1684242000,20.94,21.15,20.66,21,8073636
1684245600,20.98,21.49,20.98,21.33,22576358
1684249200,21.38,21.38,21.38,21.38,1696656
1684303200,21.44,21.44,21.44,21.44,730496
1684306800,21.45,21.73,21.35,21.54,19846826
1684310400,21.56,21.88,21.53,21.73,14574896
1684314000,21.73,22.06,21.73,21.85,14123348
1684317600,21.86,21.99,21.8,21.81,4393386
1684321200,21.81,21.85,21.61,21.62,7917060
1684324800,21.62,21.86,21.59,21.8,4616388
1684328400,21.8,21.95,21.44,21.51,9649326
1684332000,21.51,21.6,21.32,21.56,12780206
1684335600,21.64,21.64,21.64,21.64,1731050
1684389600,21.73,21.73,21.73,21.73,524628
1684393200,21.73,21.78,21.43,21.59,13008328
1684396800,21.59,21.6,21.35,21.5,5065794
1684400400,21.5,21.61,21.49,21.59,3719858
1684404000,21.6,21.64,21.4,21.43,4087638
1684407600,21.43,21.43,21.09,21.09,5749654
1684411200,21.09,21.1,20.81,20.93,6857552
1684414800,20.93,21.18,20.81,21.01,6032006
1684418400,21.02,21.11,20.76,21.05,8238494
1684422000,21.09,21.09,21.09,21.09,1474476
1684735200,21.2,21.2,21.2,21.2,439076
1684738800,21.2,21.35,20.57,20.63,13533000
1684742400,20.64,20.84,20.56,20.73,4808406
1684746000,20.73,20.83,20.67,20.8,2497712
1684749600,20.8,20.92,20.69,20.71,4418546
1684753200,20.72,20.78,20.57,20.72,3537118
1684756800,20.71,20.92,20.68,20.81,5173202
1684760400,20.82,21.01,20.78,20.86,5885242
1684764000,20.86,21.49,20.41,20.78,24703404
1684767600,20.78,20.8,20.75,20.8,1824630
1684821600,20.76,20.76,20.76,20.76,564456
1684825200,20.75,20.84,20.55,20.77,9881468
1684828800,20.77,20.79,20.63,20.74,3568362
1684832400,20.74,21.08,20.57,20.67,10054208
1684836000,20.66,20.72,20.57,20.67,3624186
1684839600,20.68,20.83,20.61,20.72,4218680
1684843200,20.71,20.88,20.68,20.78,4303030
1684846800,20.78,20.8,20.64,20.69,3635274
1684850400,20.69,20.84,20.57,20.67,6778952
1684854000,20.64,20.64,20.64,20.64,1229606
1684908000,20.61,20.61,20.61,20.61,403570
1684911600,20.6,20.71,20.56,20.67,6655222
1684915200,20.68,20.77,20.61,20.69,8654178
1684918800,20.69,20.75,20.61,20.62,3759724
1684922400,20.62,20.63,20.32,20.34,6549784
1684926000,20.35,20.46,20.33,20.4,4203846
1684929600,20.39,20.39,20.09,20.13,6960662
1684933200,20.13,20.3,20.1,20.14,4714060
1684936800,20.13,20.24,20.05,20.19,6637634
1684940400,20.23,20.23,20.23,20.23,1575968
1684994400,20.29,20.29,20.29,20.29,334204
1684998000,20.3,20.41,20.01,20.13,8227658
1685001600,20.13,20.17,20.04,20.12,4377648
1685005200,20.11,20.3,20.11,20.25,5982096
1685008800,20.24,20.27,20.2,20.24,2459134
1685012400,20.24,20.26,20.13,20.18,3423094
1685016000,20.17,20.18,20.06,20.1,3802668
1685019600,20.1,20.22,19.95,19.99,8924020
1685023200,19.99,20.04,19.9,20.03,7094514
1685026800,20.12,20.12,20.12,20.12,1561726
1685080800,20.12,20.12,20.12,20.12,407538
1685084400,20.13,21.03,20.13,20.96,26551932
1685088000,20.98,21.05,20.83,20.99,11720640
1685091600,20.99,21.06,20.87,20.92,6908118
1685095200,20.92,20.98,20.85,20.91,2872748
1685098800,20.9,21.1,20.81,21.07,7539318
1685102400,21.07,21.25,21,21.21,8945198
1685106000,21.21,21.87,21.18,21.86,21745166
1685109600,21.87,22.13,21.76,21.95,34828898
1685113200,21.98,21.98,21.87,21.87,1310140
1685340000,23.05,23.05,23.05,23.05,2017378
1685343600,23.04,23.56,22.61,23.37,41926776
1685347200,23.39,23.5,23.23,23.43,10316024
1685350800,23.42,23.59,23.38,23.46,7568118
1685354400,23.45,23.45,23.07,23.13,8764090
1685358000,23.12,23.32,23.04,23.24,4967366
1685361600,23.24,23.61,23.2,23.58,11202254
1685365200,23.59,23.76,23.41,23.65,13601188
1685368800,23.65,24,23.55,23.99,13718442
1685372400,23.99,24.05,23.99,24.05,3334424
1685426400,24.55,24.55,24.55,24.55,1331390
1685430000,24.54,24.88,24.11,24.44,49331216
1685433600,24.43,24.53,24.26,24.37,13679168
1685437200,24.36,24.51,24.25,24.42,7140366
1685440800,24.42,24.44,24.27,24.29,3869188
1685444400,24.28,25.3,24.26,24.89,48495520
1685448000,24.89,25.125,24.81,25.025,17000932
1685451600,25.05,25.075,24.86,24.97,9108256
1685455200,24.98,25.025,24.54,24.58,16403116
1685458800,24.57,24.57,24.5,24.5,4642188
1685512800,24.46,24.46,24.46,24.46,891776
1685516400,24.45,24.46,23.99,24.27,24284558
1685520000,24.27,24.69,24.26,24.33,20631950
1685523600,24.32,24.33,24.18,24.26,6480672
1685527200,24.27,24.32,24.18,24.22,6729770
1685530800,24.22,24.31,24.1,24.22,8404772
1685534400,24.22,24.28,24.16,24.21,5010972
1685538000,24.21,24.28,23.79,23.81,15976614
1685541600,23.8,23.96,23.55,23.85,17321266
1685545200,23.75,23.75,23.75,23.75,5018344
1685599200,23.84,23.84,23.84,23.84,584774
1685602800,23.85,24.35,23.84,24.29,18449610
1685606400,24.3,24.44,24.2,24.23,11007152
1685610000,24.22,24.24,24.04,24.19,5915936
1685613600,24.19,24.23,24.11,24.14,2564200
1685617200,24.12,24.17,23.93,23.98,5264716
1685620800,23.98,24,23.78,23.89,8304168
1685624400,23.91,24,23.8,23.82,5543766
1685628000,23.81,24.01,23.79,23.83,8916706
1685631600,23.85,23.85,23.85,23.85,2282470
1685685600,24.41,24.41,24.41,24.41,1842552
1685689200,24.41,24.74,24.3,24.69,35554196
1685692800,24.69,24.72,24.53,24.58,10520590
1685696400,24.57,24.66,24.53,24.57,7655176
1685700000,24.57,24.69,24.33,24.43,12647920
1685703600,24.44,24.64,24.41,24.59,9476634
1685707200,24.59,24.89,24.58,24.77,26098882
1685710800,24.77,24.86,24.38,24.54,14395012
1685714400,24.54,24.71,24.48,24.54,13855654
1685718000,24.54,24.54,24.53,24.53,2388544
1685944800,25,25,25,25,1660068
1685948400,25.025,25.725,24.93,25.375,30119690
1685952000,25.35,25.475,25.25,25.4,7041652
1685955600,25.4,25.525,25.2,25.325,7433006
1685959200,25.3,25.5,25.2,25.425,10939334
1685962800,25.425,25.625,25.375,25.45,15740540
1685966400,25.45,25.7,25.4,25.425,10560272
1685970000,25.45,25.575,25.425,25.525,5729334
1685973600,25.525,25.675,25.45,25.525,11560658
1685977200,25.55,25.55,25.55,25.55,2417736
1686031200,26.2,26.2,26.2,26.2,2419094
1686034800,26.2,27.175,26.125,26.85,65509756
1686038400,26.875,27.35,26.7,27.025,29229790
1686042000,27.025,27.175,26.5,26.525,15360830
1686045600,26.55,26.6,26.2,26.275,22391448
1686049200,26.275,26.5,26.075,26.475,13313988
1686052800,26.475,26.675,26.4,26.525,9214856
1686056400,26.525,26.625,26.35,26.525,7389952
1686060000,26.525,26.575,26.05,26.1,13353482
1686063600,26.1,26.1,26.025,26.025,3859820
1686117600,26.675,26.675,26.675,26.675,2161294
1686121200,26.7,27.1,26.5,26.875,42077238
1686124800,26.875,27.05,26.75,26.875,12294592
1686128400,26.85,26.925,26.675,26.8,7688722
1686132000,26.8,26.9,26.775,26.825,5627824
1686135600,26.825,26.825,26.575,26.725,7235794
1686139200,26.725,27.225,26.675,27.025,27376546
1686142800,27.025,27.35,26.925,27.2,26333802
1686146400,27.225,27.3,26.85,26.975,25901354
1686150000,27.15,27.15,27.15,27.15,4316286
1686204000,27.025,27.025,27.025,27.025,1511132
1686207600,27,27.425,26.775,27.2,40622970
1686211200,27.2,27.25,27.075,27.1,7375234
1686214800,27.075,27.225,27,27.15,8298486
1686218400,27.15,27.2,27,27.1,3940330
1686222000,27.1,27.1,26.775,26.8,7076750
1686225600,26.775,26.95,26.525,26.725,11454558
1686229200,26.7,26.95,26.475,26.925,10036730
1686232800,26.925,27.2,26.775,27.2,19772394
1686236400,27.2,27.3,27.175,27.3,2759922
1686290400,27.5,27.5,27.5,27.5,1852166
1686294000,27.525,27.6,27.075,27.125,19728674
1686297600,27.125,27.225,27,27.1,7154066
1686301200,27.125,27.225,27.05,27.075,2387620
1686304800,27.075,27.2,27.05,27.05,2298042
1686308400,27.05,27.15,26.95,27.075,4738034
1686312000,27.075,27.325,27,27.225,6480874
1686315600,27.25,27.75,27.175,27.7,18999398
1686319200,27.7,27.95,27.425,27.8,39474572
1686322800,27.8,27.8,27.8,27.8,3433404
1686549600,28,28,28,28,1618084
1686553200,28,28.3,27.625,28.1,33780736
1686556800,28.075,28.15,27.975,28.125,6388208
1686560400,28.1,28.175,28.05,28.075,3768374
1686564000,28.075,28.1,27.75,27.8,6733328
1686567600,27.8,27.925,27.675,27.675,6502880
1686571200,27.675,27.875,27.6,27.675,7788398
1686574800,27.675,27.725,27.425,27.55,8919060
1686578400,27.525,27.55,27.025,27.1,12474572
1686582000,27.075,27.075,27.075,27.075,2240246
1686636000,27.075,27.075,27.075,27.075,610608
1686639600,27.05,27.175,26.5,26.6,20255486
1686643200,26.6,26.6,26.2,26.45,11011386
1686646800,26.425,26.85,26.425,26.65,11832390
1686650400,26.65,26.65,26.425,26.475,4144352
1686654000,26.5,26.825,26.4,26.775,6499588
1686657600,26.775,26.8,26.425,26.625,5208922
1686661200,26.6,26.65,26.25,26.3,4983292
1686664800,26.3,26.4,25.925,26.1,15360922
1686668400,26,26,26,26,2080772
1686722400,26,26,26,26,687434
1686726000,26.025,26.675,25.725,26.525,20246952
1686729600,26.525,26.75,26.35,26.5,10035322
1686733200,26.5,26.525,26.225,26.45,5601188
1686736800,26.475,26.575,26.35,26.45,4406804
1686740400,26.425,26.525,26.15,26.325,12482414
1686744000,26.325,26.4,25.85,25.875,7991516
1686747600,25.85,25.95,25.5,25.8,12456658
1686751200,25.8,26.25,25.775,26.175,8924750
1686754800,26.2,26.2,26.125,26.125,2415932
1686808800,26.15,26.15,26.15,26.15,679172
1686812400,26.175,26.525,26.15,26.3,16821558
1686816000,26.325,26.475,26.3,26.325,4579344
1686819600,26.325,26.425,26.225,26.225,4021702
1686823200,26.225,26.3,26.125,26.275,2566880
1686826800,26.25,26.45,26.25,26.325,5423408
1686830400,26.35,26.375,26,26.075,5796002
1686834000,26.1,26.25,26.05,26.225,3311556
1686837600,26.225,26.475,26.15,26.45,9549392
1686841200,26.45,26.45,26.45,26.45,2252770
1686895200,26.7,26.7,26.7,26.7,816762
1686898800,26.675,27.2,26.575,27.05,22881502
1686902400,27.05,27.2,26.85,26.925,9935182
1686906000,26.925,27,26.65,26.8,5526284
1686909600,26.775,26.825,26.675,26.8,4055580
1686913200,26.775,26.9,26.475,26.5,6346518
1686916800,26.5,26.675,26.375,26.6,6366680
1686920400,26.6,26.725,26.5,26.55,4690428
1686924000,26.575,26.675,26.25,26.35,11982468
1686927600,26.275,26.275,26.275,26.275,4141848
1687154400,26.2,26.2,26.2,26.2,497148
1687158000,26.175,26.25,25.7,25.725,15834752
1687161600,25.725,25.85,25.475,25.825,11429966
1687165200,25.825,26.025,25.75,25.825,5646852
1687168800,25.8,25.8,25.6,25.7,2361968
1687172400,25.725,25.725,25.5,25.625,3281110
1687176000,25.6,25.675,25.425,25.525,4839324
1687179600,25.525,25.6,25.3,25.475,4556482
1687183200,25.475,25.525,24.65,24.85,10702800
1687186800,24.75,24.75,24.75,24.75,2211744
1687240800,24.65,24.65,24.65,24.65,549772
1687244400,24.65,24.98,24.4,24.72,20391644
1687248000,24.72,24.84,24.33,24.59,7045520
1687251600,24.59,24.82,24.52,24.78,11093272
1687255200,24.78,25.025,24.65,24.76,11042882
1687258800,24.77,24.84,24.46,24.47,5000762
1687262400,24.46,24.63,24.39,24.42,4038204
1687266000,24.41,24.56,24.28,24.47,7755058
1687269600,24.47,24.48,24.17,24.23,10088488
1687273200,24.24,24.24,24.24,24.24,2859642
1687327200,24.3,24.3,24.3,24.3,693630
1687330800,24.31,24.7,24.28,24.61,22639046
1687334400,24.6,24.87,24.56,24.63,7835450
1687338000,24.63,25.125,24.53,24.94,14060096
1687341600,24.93,24.98,24.64,24.71,7252778
1687345200,24.71,24.79,24.6,24.76,7019080
1687348800,24.76,24.8,24.66,24.69,4928670
1687352400,24.68,24.75,24.53,24.57,8153842
1687356000,24.56,24.63,24.21,24.57,13332536
1687359600,24.57,24.57,24.5,24.5,1944764
1687413600,24.55,24.55,24.55,24.55,501954
1687417200,24.55,24.65,24.16,24.29,11253244
1687420800,24.29,24.68,24.27,24.54,8425166
1687424400,24.54,24.56,24.46,24.49,3087840
1687428000,24.5,24.63,24.45,24.54,7492796
1687431600,24.54,25.325,24.31,25.25,25895028
1687435200,25.275,25.575,25.225,25.5,14329140
1687438800,25.5,25.575,25.275,25.4,8786972
1687442400,25.425,25.675,25.325,25.6,15693212
1687446000,25.725,25.725,25.725,25.725,2382190
1687500000,26.3,26.3,26.3,26.3,1092834
1687503600,26.275,26.5,26.125,26.35,21942042
1687507200,26.35,26.475,26.275,26.325,6953198
1687510800,26.325,26.35,25.975,26.05,7244082
1687514400,26.075,26.25,26.025,26.1,3525578
1687518000,26.1,26.275,26.05,26.1,4688360
1687521600,26.1,26.1,25.7,25.725,7725672
1687525200,25.725,26.1,25.675,26.075,5031718
1687528800,26.075,26.475,26.025,26.4,11348956
1687532400,26.45,26.45,26.45,26.45,2168784
1687759200,26.6,26.6,26.6,26.6,782994
1687762800,26.6,26.875,26.55,26.75,14605400
1687766400,26.725,26.975,26.7,26.95,6990468
1687770000,26.95,27.1,26.9,27.025,10229506
1687773600,27,27.075,26.9,27.05,5092826
1687777200,27.05,27.3,27.025,27.175,12312560
1687780800,27.175,27.25,27.025,27.225,3925572
1687784400,27.225,27.4,27.1,27.225,7361942
1687788000,27.225,27.5,27.1,27.475,13101760
1687791600,27.475,27.475,27.425,27.425,2143858
1687847400,27.25,27.275,27,27.125,11494516
1687851000,27.1,27.25,27.1,27.175,6622866
1687854600,27.175,27.3,27.125,27.275,8135302
1687858200,27.225,27.225,27.225,27.225,1399320
1688364000,27.95,27.95,27.95,27.95,1284482
1688367600,27.95,28.25,27.825,28.175,24953000
1688371200,28.2,28.225,27.85,28,15060736
1688374800,27.975,28.1,27.9,28.025,6425524
1688378400,28.025,28.075,27.95,28,5240560
1688382000,28,28.025,27.625,27.775,12549896
1688385600,27.8,27.875,27.75,27.8,5031644
1688389200,27.8,28.075,27.775,27.95,9860092
1688392800,27.975,28.75,27.95,28.6,40924760
1688396400,28.625,28.625,28.625,28.625,2006584
1688450400,29.025,29.025,29.025,29.025,1702592
1688454000,29.025,29.4,28.625,28.975,46396440
1688457600,28.975,29.175,28.875,29.075,15475208
1688461200,29.075,29.325,29,29.075,15179144
1688464800,29.1,29.275,29.05,29.2,5807908
1688468400,29.225,29.45,29.2,29.25,17475136
1688472000,29.25,29.55,29.175,29.425,16967142
1688475600,29.4,29.45,29.05,29.1,12000550
1688479200,29.1,29.925,28.9,29.8,30586686
1688482800,29.775,29.775,29.775,29.775,3569108
1688536800,29.775,29.775,29.775,29.775,1032874
1688540400,29.775,29.825,29.15,29.25,24199566
1688544000,29.275,29.4,29.15,29.275,6023148
1688547600,29.275,29.3,28.75,28.95,15181480
1688551200,28.95,29.025,28.6,28.875,11347946
1688554800,28.875,29.175,28.85,29.15,10513132
1688558400,29.175,29.375,29.075,29.225,9464246
1688562000,29.25,29.8,29.225,29.7,24575768
1688565600,29.7,30.225,29.625,29.775,33338490
1688569200,29.75,29.75,29.75,29.75,3737698
1688623200,29.875,29.875,29.875,29.875,870412
1688626800,29.875,30.175,29.6,29.95,27521252
1688630400,29.95,29.95,29.65,29.725,11625450
1688634000,29.7,29.8,29.675,29.725,6058616
1688637600,29.725,29.825,29.675,29.675,5492592
1688641200,29.675,29.775,29.55,29.575,7466104
1688644800,29.55,29.85,29.45,29.55,14770020
1688648400,29.55,29.675,29.4,29.625,9837676
1688652000,29.65,29.65,29.3,29.35,13609056
1688655600,29.325,29.325,29.3,29.3,3047822
1688709600,29.15,29.15,29.15,29.15,690264
1688713200,29.15,29.675,29.05,29.55,18959370
1688716800,29.575,29.65,29.425,29.45,8843006
1688720400,29.475,29.55,29.375,29.4,3993186
1688724000,29.4,29.4,29.25,29.375,4930168
1688727600,29.375,29.425,29.225,29.3,3843800
1688731200,29.3,30.05,29.225,29.95,22997650
1688734800,29.95,30.05,29.7,29.825,21493844
1688738400,29.85,29.875,29.525,29.625,14084232
1688742000,29.625,29.625,29.525,29.525,3749516
1688968800,30.75,30.75,30.75,30.75,3147038
1688972400,30.75,30.9,30.4,30.675,46372834
1688976000,30.675,31.025,30.625,30.675,20677798
1688979600,30.65,30.8,30.525,30.775,10532888
1688983200,30.775,30.775,30.575,30.7,6039604
1688986800,30.675,30.75,30.575,30.625,4018280
1688990400,30.625,30.75,30.6,30.7,4210792
1688994000,30.7,30.875,30.65,30.775,10514654
1688997600,30.775,31.05,30.6,30.8,18841790
1689001200,30.8,30.8,30.8,30.8,3311952
1689055200,31.95,31.95,31.95,31.95,4786492
1689058800,31.95,32.1,31.125,31.725,60905400
1689062400,31.725,31.8,31.425,31.6,11319952
1689066000,31.575,31.625,31.275,31.425,10249382
1689069600,31.4,31.525,31.375,31.4,4812628
1689073200,31.4,31.675,31.35,31.575,8665906
1689076800,31.6,31.775,31.55,31.7,9220578
1689080400,31.7,32.025,31.675,31.975,15430318
1689084000,31.975,32.25,31.65,31.675,23109042
1689087600,31.65,31.7,31.6,31.7,4344078
1689141600,31.45,31.45,31.45,31.45,1137968
1689145200,31.425,31.725,31.125,31.275,32147442
1689148800,31.275,31.6,31.25,31.35,7815256
1689152400,31.325,31.35,31.05,31.175,9397972
1689156000,31.15,31.275,31.075,31.275,4661726
1689159600,31.275,32,31.225,31.875,22534032
1689163200,31.9,32.025,31.575,31.725,20491044
1689166800,31.7,32.125,31.65,31.85,18744654
1689170400,31.875,32.075,31.65,31.675,16403010
1689174000,31.65,31.65,31.65,31.65,2965086
1689228000,31.45,31.45,31.45,31.45,508076
1689231600,31.45,31.9,31.45,31.775,16929738
1689235200,31.775,31.85,31.675,31.775,6424718
1689238800,31.75,32.075,31.75,31.9,11645070
1689242400,31.9,32.425,31.8,32.15,34598752
1689246000,32.125,34.675,32.1,34.025,129474456
1689249600,34,34.225,33.65,33.875,45994028
1689253200,33.9,34.05,33.35,33.925,35609254
1689256800,33.925,34.5,33.325,34.1,45257974
1689260400,34.1,34.1,34,34,3709064
1689314400,34.375,34.375,34.375,34.375,2013356
1689318000,34.375,34.5,33.45,33.6,35070388
1689321600,33.6,35.825,33.55,35.225,80641666
1689325200,35.2,35.6,35.125,35.275,21330826
1689328800,35.25,35.325,35.15,35.2,4889836
1689332400,35.2,35.25,34.9,35.1,12724880
1689336000,35.1,35.475,34.775,34.925,14321006
1689339600,34.95,35.225,34.875,34.95,8051798
1689343200,34.95,35.55,34.5,34.675,32661238
1689346800,34.75,34.75,34.75,34.75,4626802
1689573600,34.975,34.975,34.975,34.975,1441132
1689577200,35,36.425,34.65,36.05,66323836
1689580800,36.05,36.9,35.9,36.625,32946184
1689584400,36.65,37.75,36.4,37.525,34910672
1689588000,37.55,37.625,37.15,37.225,18866092
1689591600,37.25,37.25,36.725,36.875,15031214
1689595200,36.875,36.925,36.525,36.65,11972200
1689598800,36.65,37.3,36.625,37.225,18420134
1689602400,37.2,37.475,36.975,37,22802738
1689606000,36.975,37,36.975,37,2905926
1689660000,37.5,37.5,37.5,37.5,2389372
1689663600,37.525,38.6,37.175,37.575,73452878
1689667200,37.575,38.2,37.45,37.7,22184550
1689670800,37.7,37.775,37.3,37.45,14320768
1689674400,37.45,37.725,37.4,37.625,7948554
1689678000,37.625,37.775,37.525,37.6,7835848
1689681600,37.575,37.8,37.05,37.1,22194404
1689685200,37.075,37.1,35.625,35.85,59368730
1689688800,35.85,36.025,34.775,34.875,44264616
1689692400,34.85,34.85,34.75,34.75,5375326
1689746400,34.725,34.725,34.725,34.725,1308420
1689750000,34.7,35.3,34.075,35.15,47687638
1689753600,35.175,35.475,34.825,35.125,21137934
1689757200,35.125,35.225,34.95,35.075,6641756
1689760800,35.075,35.475,35,35.325,11825228
1689764400,35.3,35.625,35.275,35.45,17939772
1689768000,35.45,35.625,35,35.025,15420118
1689771600,35.025,35.35,34.625,35.35,20260274
1689775200,35.35,35.875,35.325,35.725,29152352
1689778800,35.7,35.8,35.7,35.8,3120488
1689832800,37,37,37,37,2009482
1689836400,36.95,37.3,36.3,36.5,36227162
1689840000,36.5,36.8,36.375,36.675,11851640
1689843600,36.7,36.95,36.575,36.625,8042308
1689847200,36.625,36.825,36.55,36.65,6393902
1689850800,36.65,37.1,36.275,36.5,27288668
1689854400,36.5,36.55,35.825,36.475,20585442
1689858000,36.5,36.875,36.375,36.875,10843396
1689861600,36.875,37.225,36.725,36.875,26387926
1689865200,36.875,36.875,36.825,36.825,2980154
1689919200,36.6,36.6,36.6,36.6,822000
1689922800,36.575,36.7,36.15,36.25,26134854
1689926400,36.25,36.55,36.2,36.325,9414372
1689930000,36.35,36.55,36.225,36.45,8764252
1689933600,36.425,36.45,36.125,36.15,5741144
1689937200,36.15,36.325,35.825,36.075,10496374
1689940800,36.05,36.25,35.875,35.925,6389770
1689944400,35.925,36.1,35.4,35.825,14404224
1689948000,35.8,36.225,35.675,36.1,16699506
1689951600,36.1,36.1,36.1,36.1,3077148
1690178400,36.2,36.2,36.2,36.2,709088
1690182000,36.225,36.3,35.75,36.125,22150428
1690185600,36.125,36.7,36,36.325,23502580
1690189200,36.325,36.525,36.225,36.3,12807696
1690192800,36.3,36.325,35.925,36,7879230
1690196400,36,36.025,35.775,35.95,6805402
1690200000,35.95,36.2,35.85,35.95,7903204
1690203600,35.975,35.975,35.825,35.875,5473354
1690207200,35.85,35.925,34.525,35.2,28167420
1690210800,35.2,35.2,35.15,35.15,2782148
1690264800,35.15,35.15,35.15,35.15,574306
1690268400,35.15,35.225,34.375,35,23120674
1690272000,34.975,36.6,34.75,36.375,51177206
1690275600,36.375,36.6,35.925,35.95,17935990
1690279200,35.95,36.15,35.85,35.925,10549346
1690282800,35.95,36.3,35.8,36.3,10916684
1690286400,36.275,36.55,35.35,35.55,31653752
1690290000,35.55,36.075,35.225,36,18445324
1690293600,36.025,36.2,35.375,35.475,17259806
1690297200,35.475,35.475,35.45,35.45,3111120
1690351200,35.475,35.475,35.475,35.475,790074
1690354800,35.45,35.825,35.125,35.575,17261520
1690358400,35.575,36.35,35.525,36.025,27418988
1690362000,36.025,36.125,35.925,35.975,4818398
1690365600,36,36.05,35.5,35.725,8780268
1690369200,35.725,35.825,35.5,35.7,6473658
1690372800,35.7,36.35,35.675,36.275,20777570
1690376400,36.275,36.775,36.25,36.5,31273638
1690380000,36.525,37.3,36.3,37.05,32998594
1690383600,37.05,37.15,37.05,37.15,3038956
1690437600,37.475,37.475,37.475,37.475,1839468
1690441200,37.45,37.65,37.125,37.2,24380760
1690444800,37.225,37.8,37.175,37.425,24615386
1690448400,37.425,37.5,36.55,36.925,20633092
1690452000,36.9,37.075,36.725,36.875,10312364
1690455600,36.9,36.95,36.75,36.9,6027836
1690459200,36.925,36.975,36.75,36.775,6222364
1690462800,36.75,36.875,36.5,36.875,8141562
1690466400,36.875,37.125,36.7,36.725,20508320
1690470000,36.725,36.725,36.625,36.625,4499214
1690524000,36.95,36.95,36.95,36.95,1365182
1690527600,36.95,37.375,36.75,37,28365684
1690531200,37.025,37.125,36.775,36.875,10422342
1690534800,36.875,37.075,36.8,36.925,4661852
1690538400,36.925,37.175,36.875,36.975,6613362
1690542000,37,37.45,36.975,37.25,20501018
1690545600,37.225,37.8,37.175,37.55,39115164
1690549200,37.525,37.6,37.175,37.3,16864246
1690552800,37.3,37.525,37.225,37.325,14783206
1690556400,37.325,37.325,37.325,37.325,3754580
1690783200,37.5,37.5,37.5,37.5,1299138
1690786800,37.525,38.225,37.475,37.875,39324354
1690790400,37.85,38.075,37.725,37.9,12088118
1690794000,37.9,38.125,37.85,37.95,12842200
1690797600,37.975,38.1,37.85,37.975,8588510
1690801200,37.975,38.025,37.225,37.4,18382314
1690804800,37.425,37.625,37.2,37.25,11716446
1690808400,37.225,37.525,37.225,37.5,9234842
1690812000,37.475,37.6,37.175,37.275,17081390
1690815600,37.3,37.3,37.3,37.3,4108338
1690869600,37.25,37.25,37.25,37.25,922718
1690873200,37.25,38.175,36.725,37.95,49957214
1690876800,37.95,38.675,37.85,38.075,47718300
1690880400,38.075,38.2,37.875,38.1,13776784
1690884000,38.075,38.3,37.875,37.925,11922234
1690887600,37.925,38.025,37.6,37.925,13268830
1690891200,37.925,38.1,37.8,38.05,8770042
1690894800,38.05,38.15,37.825,37.875,10660382
1690898400,37.875,38,37.125,37.275,17729652
1690902000,37.275,37.275,37.275,37.275,2901752
1690956000,37.45,37.45,37.45,37.45,1097176
1690959600,37.45,37.975,37.275,37.425,24756760
1690963200,37.425,37.625,37.275,37.525,6678538
1690966800,37.525,37.625,37.45,37.625,3888168
1690970400,37.625,37.7,37.475,37.6,5503502
1690974000,37.625,37.65,37.45,37.55,3623814
1690977600,37.575,38,37.525,37.925,15238698
1690981200,37.925,38.975,37.825,38.575,47486486
1690984800,38.6,39.275,38.275,39.275,47037062
1690988400,39.275,39.35,39.25,39.35,3101522
1691042400,39.4,39.4,39.4,39.4,1052384
1691046000,39.4,39.7,38.925,39.15,29437404
1691049600,39.15,39.65,38.85,39.025,21012970
1691053200,39.025,39.05,38.7,38.9,11360274
1691056800,38.875,38.975,38.65,38.8,9044622
1691060400,38.8,38.875,38.575,38.6,6198674
1691064000,38.6,38.625,38,38.325,19226692
1691067600,38.35,38.825,38.3,38.575,10499796
1691071200,38.575,38.65,37.95,38.25,13783008
1691074800,38.25,38.25,38.25,38.25,2606482
1691128800,38.3,38.3,38.3,38.3,738780
1691132400,38.3,38.375,37.725,37.9,21078492
1691136000,37.9,37.95,37.75,37.85,5303920
1691139600,37.85,38.05,37.775,37.875,5066432
1691143200,37.85,37.875,37.6,37.775,6146964
1691146800,37.75,38.075,37.725,37.95,8704444
1691150400,37.975,38.45,37.925,38.2,17334214
1691154000,38.225,38.675,38.2,38.45,24079914
1691157600,38.475,38.525,38.175,38.3,12797542
1691161200,38.3,38.35,38.275,38.35,2107452
1691388000,39.4,39.4,39.4,39.4,2366994
1691391600,39.425,39.775,39.075,39.125,28678570
1691395200,39.125,39.175,38.9,38.95,6624210
1691398800,38.95,39.3,38.9,39.25,5479424
1691402400,39.25,39.3,39.075,39.175,4199796
1691406000,39.15,39.275,38.675,38.75,6948058
1691409600,38.75,39.15,38.6,39.05,8207376
1691413200,39.05,39.375,39.025,39.2,12288406
1691416800,39.225,39.45,38.9,39.3,15328382
1691420400,39.3,39.3,39.2,39.2,3261040
1691474400,39.275,39.275,39.275,39.275,858000
1691478000,39.25,39.275,38.575,38.875,14629422
1691481600,38.875,39.425,38.85,39.075,17292518
1691485200,39.075,39.125,38.875,38.95,4892970
1691488800,38.95,38.95,38.6,38.6,5924248
1691492400,38.6,38.85,38.45,38.825,7645160
1691496000,38.825,38.975,38.7,38.75,4373382
1691499600,38.775,38.875,37.875,37.925,13342768
1691503200,37.925,38.325,37.825,38.125,13767582
1691506800,38.1,38.125,38,38,3623124
1691560800,37.675,37.675,37.675,37.675,909502
1691564400,37.675,38.175,37.55,37.575,17141458
1691568000,37.6,37.975,37.575,37.95,7913350
1691571600,37.975,38.3,37.9,38.075,10139912
1691575200,38.05,38.125,37.775,37.825,4405700
1691578800,37.8,38,37.8,37.925,4710832
1691582400,37.925,38.2,37.725,37.85,9135054
1691586000,37.85,38.425,37.8,38.375,14624598
1691589600,38.35,39.1,38.35,38.75,25488362
1691593200,38.75,38.75,38.75,38.75,2545158
1691647200,38.825,38.825,38.825,38.825,648952
1691650800,38.85,38.95,38.5,38.6,13354182
1691654400,38.575,38.725,38.4,38.5,8519042
1691658000,38.475,38.575,38.4,38.45,4311298
1691661600,38.45,38.65,38.4,38.55,7038976
1691665200,38.55,40.275,38.55,39.675,62506028
1691668800,39.675,39.775,38.975,39.05,17505182
1691672400,39.05,39.075,37.975,38.325,31752796
1691676000,38.35,38.475,36.925,37.45,27160936
1691679600,37.475,37.475,37.45,37.45,2173276
1691733600,37.45,37.45,37.45,37.45,500028
1691737200,37.45,38.225,37.35,37.675,26606598
1691740800,37.675,38.825,37.5,38.7,28791966
1691744400,38.7,38.925,38.4,38.475,15256222
1691748000,38.5,38.8,38.375,38.725,9681170
1691751600,38.725,38.9,38.45,38.45,13602968
1691755200,38.475,38.85,38.425,38.725,9377528
1691758800,38.75,39.175,38.625,39.1,19132764
1691762400,39.1,39.45,39.05,39.125,18362808
1691766000,39.15,39.225,39.125,39.225,2677326
1691992800,39.75,39.75,39.75,39.75,1288752
1691996400,39.75,40.575,39.7,40.25,33252514
1692000000,40.225,40.275,39.8,39.9,11591870
1692003600,39.875,40.025,39.775,39.875,6392912
1692007200,39.875,39.9,39.475,39.675,11283686
1692010800,39.675,39.725,39.025,39.275,10434342
1692014400,39.275,39.525,39.15,39.35,6594676
1692018000,39.35,39.45,38.85,39.025,11806030
1692021600,39,39.45,38.65,39,16025086
1692025200,38.95,38.95,38.95,38.95,2741596
1692079200,39.05,39.05,39.05,39.05,623758
1692082800,39.075,39.95,39.05,39.575,20423256
1692086400,39.575,39.6,38.75,38.85,11520822
1692090000,38.85,39.4,38.85,39.2,8051494
1692093600,39.225,39.275,38.875,39.125,5670742
1692097200,39.15,39.275,39.025,39.125,4853978
1692100800,39.125,39.675,39.125,39.5,13925740
1692104400,39.525,39.55,38.775,38.875,8825756
1692108000,38.875,39.6,38.3,39.5,22112188
1692111600,39.525,39.525,39.5,39.5,3229318
1692165600,38.15,38.15,38.15,38.15,1475448
1692169200,38.175,38.55,37.425,37.475,40384668
1692172800,37.475,37.9,37.425,37.9,14666816
1692176400,37.9,37.95,37.5,37.5,11749502
1692180000,37.5,37.775,37.45,37.75,9402646
1692183600,37.75,37.775,37.375,37.525,11352644
1692187200,37.5,37.575,37.3,37.4,10923070
1692190800,37.375,37.7,37.35,37.525,12224842
1692194400,37.525,37.575,37.275,37.3,19669692
1692198000,37.3,37.3,37.25,37.25,4246820
1692252000,37.85,37.85,37.85,37.85,2809034
1692255600,37.825,37.9,37.2,37.55,29048078
1692259200,37.55,37.725,37.3,37.625,14401244
1692262800,37.65,37.825,37.45,37.525,10116164
1692266400,37.525,37.6,37.475,37.525,4413818
1692270000,37.55,37.55,37.4,37.475,5035590
1692273600,37.475,37.625,37.35,37.475,6685710
1692277200,37.475,37.5,37.25,37.275,5510454
1692280800,37.275,37.425,37.15,37.175,10032304
1692284400,37.175,37.175,37.05,37.05,3211442
1692338400,37.125,37.125,37.125,37.125,573276
1692342000,37.15,37.425,36.225,36.3,22977524
1692345600,36.3,36.55,36.2,36.425,8552838
1692349200,36.425,36.45,36.2,36.3,5424492
1692352800,36.325,36.375,36.225,36.275,3471674
1692356400,36.275,36.325,35.65,35.775,14459788
1692360000,35.775,36.05,35.65,35.75,10451808
1692363600,35.75,36.125,35.65,36.1,8353988
1692367200,36.1,36.1,34.975,35.375,19056042
1692370800,35.375,35.375,35.325,35.325,1631030
1692597600,35.075,35.075,35.075,35.075,840464
1692601200,35.075,36,34.9,35.95,24001140
1692604800,35.95,36.45,35.7,36.05,15054972
1692608400,36.05,36.325,36,36.275,6911532
1692612000,36.275,36.375,36.15,36.25,6325736
1692615600,36.25,36.425,36.175,36.3,6489596
1692619200,36.325,36.6,36.05,36.45,9676368
1692622800,36.45,37,36.425,36.75,14995226
1692626400,36.75,37.275,36.65,36.875,17143638
1692630000,36.9,36.925,36.9,36.925,1624230
1692684000,36.925,36.925,36.925,36.925,626074
1692687600,36.925,37.1,36.375,36.475,16429752
1692691200,36.475,36.625,36.3,36.325,6191318
1692694800,36.325,36.625,36.25,36.475,4921902
1692698400,36.475,36.55,36.275,36.35,3540730
1692702000,36.325,36.525,36.075,36.175,5634750
1692705600,36.175,36.475,36.075,36.4,4562428
1692709200,36.4,36.975,36.175,36.475,13434612
1692712800,36.45,36.9,36.325,36.55,12483066
1692716400,36.6,36.6,36.6,36.6,1759530
1692770400,36.65,36.65,36.65,36.65,592810
1692774000,36.65,37,36.475,36.7,14195310
1692777600,36.725,36.825,36.5,36.675,5685202
1692781200,36.675,36.775,36.5,36.5,4775632
1692784800,36.525,36.875,36.375,36.675,8411208
1692788400,36.65,37.25,36.65,37.125,13351848
1692792000,37.125,37.35,36.75,36.825,14990974
1692795600,36.85,37.225,36.575,36.675,13713700
1692799200,36.65,37.075,36.25,36.6,26629582
1692802800,36.375,36.375,36.375,36.375,2078866
1692856800,36.5,36.5,36.5,36.5,769886
1692860400,36.525,37.625,36.5,37.575,28142558
1692864000,37.575,37.9,37.4,37.675,17849928
1692867600,37.7,37.825,37.4,37.725,9904964
1692871200,37.725,38.675,37.7,38.375,26368392
1692874800,38.375,38.65,36.875,37.575,37452848
1692878400,37.6,37.975,36.725,36.775,19406722
1692882000,36.775,37.875,36.625,37.7,23961102
1692885600,37.725,37.9,36.75,36.9,20520376
1692889200,36.9,37,36.9,37,2021862
1692943200,37,37,37,37,950759
1692946800,37,38.38,36.9,37.76,28137243
1692950400,37.76,38.04,37.6,37.66,8861574
1692954000,37.66,37.76,37.24,37.26,6415820
1692957600,37.28,37.32,36.7,36.94,7836017
1692961200,36.9,37.14,36.8,36.86,6166881
1692964800,36.86,36.96,36.7,36.82,4985540
1692968400,36.84,37.18,36.7,37.16,6061171
1692972000,37.16,37.88,37.06,37.6,12750559
1692975600,37.6,37.78,37.6,37.78,1187342
1693202400,38.1,38.1,38.1,38.1,811422
1693206000,38.12,39.06,38.1,38.44,24379577
1693209600,38.46,38.74,38.34,38.56,9633811
1693213200,38.54,39.6,38.5,39.38,27869044
1693216800,39.38,39.48,39.1,39.28,9379875
1693220400,39.28,39.44,39,39.16,6827083
1693224000,39.16,39.42,39.04,39.16,10967496
1693227600,39.18,39.42,39.14,39.26,8855133
1693231200,39.24,39.38,38.88,39.3,13673876
1693234800,39.36,39.36,39.36,39.36,2190896
1693288800,39.42,39.42,39.42,39.42,877632
1693292400,39.44,39.8,39.06,39.44,17544932
1693296000,39.44,39.46,39.24,39.34,7936453
1693299600,39.34,39.38,39.08,39.2,5316747
1693303200,39.22,39.28,39.08,39.1,3880950
1693306800,39.08,39.1,38.52,38.52,7756940
1693310400,38.54,38.6,38.34,38.5,5409285
1693314000,38.5,38.82,38.38,38.56,5374282
1693317600,38.56,38.72,38.26,38.48,8108343
1693321200,38.64,38.64,38.64,38.64,1090246
1693461600,38.7,38.7,38.7,38.7,559593
1693465200,38.7,39,38.4,38.74,12629300
1693468800,38.74,38.84,38.54,38.6,6663243
1693472400,38.6,38.62,38.4,38.48,5716257
1693476000,38.48,38.66,38.46,38.5,5289656
1693479600,38.5,39.16,38.48,38.84,20426422
1693483200,38.82,39.06,38.72,38.92,11551759
1693486800,38.94,39.12,38.8,38.94,10509070
1693490400,38.92,39.5,38.64,38.9,23205259
1693494000,39,39,38.52,38.52,5821729
1693548000,38.72,38.72,38.72,38.72,940027
1693551600,38.74,39.26,38.72,39.2,23943036
1693555200,39.2,39.34,38.84,38.98,9161805
1693558800,38.98,39.06,38.88,38.92,4301581
1693562400,38.92,38.92,38.68,38.78,4551277
1693566000,38.78,38.84,38.54,38.6,3866243
1693569600,38.62,38.8,38.44,38.8,6118429
1693573200,38.78,38.82,38.66,38.78,4445074
1693576800,38.8,38.94,38.54,38.66,11491574
1693580400,38.72,38.72,38.72,38.72,1370640
1693807200,39,39,39,39,852912
1693810800,39.02,39.26,38.84,39.04,18778361
1693814400,39.04,39.3,39.04,39.14,17596534
1693818000,39.16,39.18,39.02,39.06,5939323
1693821600,39.04,39.12,38.96,39.02,4652851
1693825200,39.04,39.08,38.88,38.96,5849667
1693828800,38.96,39.06,38.88,39.06,4652586
1693832400,39.06,39.06,38.84,38.88,8773633
1693836000,38.86,38.88,38.4,38.58,11353761
1693839600,38.58,38.58,38.56,38.56,1881026
1693893600,38.56,38.56,38.56,38.56,763478
1693897200,38.54,38.58,38.24,38.44,12834528
1693900800,38.42,38.44,37.88,37.94,7911736
1693904400,37.94,38.14,37.84,38.1,4576673
1693908000,38.1,38.26,38.06,38.16,3138349
1693911600,38.16,38.34,38.02,38.14,3425788
1693915200,38.16,38.16,38.04,38.14,2739077
1693918800,38.14,38.22,37.86,38.04,5122814
1693922400,38.04,38.52,37.86,38.36,12295557
1693926000,38.5,38.5,38.5,38.5,2491481
1693980000,39,39,39,39,1750035
1693983600,38.98,39.84,38.94,39.58,39738800
1693987200,39.58,39.84,39.4,39.68,17876414
1693990800,39.68,39.68,39.18,39.46,10889862
1693994400,39.46,39.66,39.2,39.62,9668219
1693998000,39.6,41.18,39.54,40.84,71318610
1694001600,40.82,40.98,40.18,40.32,22894460
1694005200,40.32,41.18,40.3,41.02,26119389
1694008800,41.02,42.1,40.82,41.14,58637815
1694012400,41.14,41.18,41.1,41.18,3141230
1694066400,41.26,41.26,41.26,41.26,1394258
1694070000,41.26,42.54,40.82,42.18,48312598
1694073600,42.18,42.22,41.66,41.82,11644320
1694077200,41.82,42.78,41.8,42.7,18155142
1694080800,42.7,42.96,42.44,42.78,21026548
1694084400,42.78,42.82,42.28,42.34,8447008
1694088000,42.34,42.42,41.92,42.22,12440449
1694091600,42.22,42.4,41.94,42.06,8776074
1694095200,42.04,42.34,41.96,42.08,12968356
1694098800,42,42,42,42,2557073
1694152800,42,42,42,42,766209
1694156400,41.98,42.18,41.68,42.08,18369595
1694160000,42.08,42.42,41.9,42.18,13593262
1694163600,42.18,42.9,41.92,42.66,19160535
1694167200,42.68,43.54,42.64,43.3,21952820
1694170800,43.3,43.38,42.8,42.9,10098974
1694174400,42.9,43.24,42.7,43.12,11607939
1694178000,43.12,43.44,42.98,43.28,13143338
1694181600,43.26,43.54,43.14,43.34,16489117
1694185200,43.5,43.5,43.5,43.5,2325596
1694412000,43.66,43.66,43.66,43.66,975480
1694415600,43.66,43.96,42.86,42.96,25572712
1694419200,42.96,43.2,42.66,43.08,7969769
1694422800,43.08,43.1,42.76,42.82,3636477
1694426400,42.8,43.04,42.78,42.92,3731584
1694430000,42.92,42.94,42.58,42.66,4980084
1694433600,42.64,42.68,42.18,42.34,7941988
1694437200,42.34,42.38,41.6,41.72,10422561
1694440800,41.72,42.02,41.32,41.5,12913631
1694444400,41.5,41.52,41.5,41.52,2249573
1694498400,41.66,41.66,41.66,41.66,557630
1694502000,41.66,42.2,41.04,41.24,21086648
1694505600,41.26,41.56,40.86,41.54,8614792
1694509200,41.54,42.12,41.5,41.54,10786336
1694512800,41.56,41.98,41.44,41.66,4559588
1694516400,41.66,42.26,41.46,41.86,10039503
1694520000,41.88,42.2,41.76,41.98,6396839
1694523600,41.96,43.06,41.96,42.82,18993691
1694527200,42.82,42.94,42,42.58,19955762
1694530800,42.76,42.76,42.76,42.76,2179193
1694584800,42.42,42.42,42.42,42.42,693018
1694588400,42.48,42.8,42.1,42.38,13299237
1694592000,42.38,42.38,42.04,42.16,4544002
1694595600,42.16,42.32,42.08,42.14,3379708
1694599200,42.14,42.18,41.74,41.84,5442606
1694602800,41.84,42.36,41.7,42.32,6825390
1694606400,42.32,42.46,41.78,41.82,12929207
1694610000,41.8,41.92,41.22,41.3,9150516
1694613600,41.32,41.5,40.9,41.06,12253552
1694617200,41.3,41.3,41.3,41.3,1268491
1694671200,41.24,41.24,41.24,41.24,646577
1694674800,41.26,41.44,40.4,40.48,12260867
1694678400,40.48,40.68,40.1,40.5,8686535
1694682000,40.5,40.62,40.18,40.28,2913919
1694685600,40.3,40.32,39.9,40.2,5125117
1694689200,40.2,40.24,39.72,39.82,4422674
1694692800,39.82,40.22,39.54,40.16,6220400
1694696400,40.14,40.86,40.02,40.52,9622417
1694700000,40.52,41.6,40.22,41.52,17398467
1694703600,41.54,41.7,41.54,41.7,1525505
1694757600,41.76,41.76,41.76,41.76,635668
1694761200,41.78,41.96,40.8,41.14,11774570
1694764800,41.1,41.54,41.1,41.4,6261678
1694768400,41.38,41.64,41.28,41.3,5302719
1694772000,41.28,41.3,40.94,41.12,5240798
1694775600,41.1,42.38,41.1,41.96,19592654
1694779200,41.94,42.2,41.7,41.74,13009035
1694782800,41.74,41.92,41.24,41.36,7278139
1694786400,41.36,41.52,40.6,40.8,9517825
1694790000,40.82,40.82,40.82,40.82,2755009
1695016800,40.5,40.5,40.5,40.5,937386
1695020400,40.48,40.54,39.94,40,11901755
1695024000,40.02,40.14,39.9,40.08,4635235
1695027600,40.08,40.24,39.98,40.1,2446123
1695031200,40.1,40.26,39.5,39.62,6157953
1695034800,39.62,39.78,39.5,39.68,4960917
1695038400,39.66,39.8,39.56,39.74,4505001
1695042000,39.72,39.86,39.08,39.18,9303196
1695045600,39.16,39.26,38.48,38.5,10003735
1695049200,38.44,38.44,38.44,38.44,2179658
1695103200,38.44,38.44,38.44,38.44,449888
1695106800,38.44,39.12,38.18,38.66,13312635
1695110400,38.64,39,38.48,38.64,5230249
1695114000,38.62,38.66,38.24,38.5,5199917
1695117600,38.5,38.74,38.42,38.58,4371947
1695121200,38.56,39.46,38.44,39.36,17870976
1695124800,39.38,39.56,38.8,38.9,9574972
1695128400,38.92,39.88,38.84,39.74,12120671
1695132000,39.76,40.06,39.18,39.5,15043333
1695135600,39.6,39.6,39.6,39.6,1158627
1695189600,39.6,39.6,39.6,39.6,589771
1695193200,39.58,39.98,39.3,39.84,12106826
1695196800,39.84,39.96,39.26,39.34,7403399
1695200400,39.32,39.64,39.24,39.48,4219031
1695204000,39.46,39.48,39.22,39.32,3147757
1695207600,39.32,39.42,39.06,39.16,3306348
1695211200,39.14,39.3,38.8,38.96,4725407
1695214800,38.96,38.96,38.38,38.54,6271384
1695218400,38.54,38.62,38.02,38.08,9163812
1695222000,38.08,38.08,38,38,2140054
1695276000,37.86,37.86,37.86,37.86,591171
1695279600,37.86,38,37.58,37.64,7946516
1695283200,37.62,37.74,37.44,37.7,4922267
1695286800,37.7,37.94,37.56,37.9,3269240
1695290400,37.92,38.14,37.8,37.98,5142473
1695294000,37.98,39.1,37.96,39.02,15666047
1695297600,39.04,39.14,38.72,38.98,6737279
1695301200,39,39.42,39,39.24,7253103
1695304800,39.24,39.94,39.2,39.68,9822994
1695308400,39.68,39.86,39.68,39.86,932845
1695362400,39.86,39.86,39.86,39.86,658279
1695366000,39.88,41.52,39.68,40.94,37463995
1695369600,40.94,40.96,40.66,40.78,7136071
1695373200,40.78,40.82,40.58,40.66,2278789
1695376800,40.64,40.7,40.42,40.52,3143639
1695380400,40.52,40.68,40.3,40.3,4218066
1695384000,40.34,40.34,40.02,40.16,4600272
1695387600,40.16,40.5,40.1,40.24,5346079
1695391200,40.26,40.72,40.06,40.64,8532594
1695394800,40.64,40.64,40.52,40.52,1927779
1695621600,40.62,40.62,40.62,40.62,997350
1695625200,40.64,41.7,40.64,41.54,17984246
1695628800,41.54,42,41.5,41.82,10329824
1695632400,41.84,41.94,41.52,41.56,4885951
1695636000,41.54,41.9,41.42,41.88,5069677
1695639600,41.86,42.1,41.56,41.62,6114846
1695643200,41.62,41.8,41.4,41.56,2956843
1695646800,41.54,41.84,41.44,41.66,3763464
1695650400,41.66,42.4,41.62,42.32,14754107
1695654000,42.3,42.3,42.3,42.3,1576165
1695708000,42.58,42.58,42.58,42.58,726513
1695711600,42.58,42.6,41.2,41.48,15413885
1695715200,41.46,41.62,41.34,41.48,5575677
1695718800,41.5,41.54,41.4,41.44,4855570
1695722400,41.44,41.78,41.32,41.5,7118831
1695726000,41.5,41.52,40.94,41.06,7012987
1695729600,41.04,41.18,40.86,41.04,6331434
1695733200,41.06,41.48,41.04,41.32,5003351
1695736800,41.32,41.36,40.8,40.96,7526504
1695740400,41,41,41,41,1267825
1695794400,41,41,41,41,369173
1695798000,41.02,41.18,40.84,41,8205663
1695801600,40.98,41.36,40.86,40.92,7983604
1695805200,40.92,40.92,40.46,40.46,5475447
1695808800,40.46,40.6,40.36,40.58,2059966
1695812400,40.58,40.7,40.4,40.52,3409295
1695816000,40.5,40.52,40.12,40.3,3490509
1695819600,40.28,40.7,40.22,40.6,4180392
1695823200,40.62,41.02,40.58,40.72,8536983
1695826800,40.6,40.6,40.6,40.6,948224
1695880800,40.5,40.5,40.5,40.5,397159
1695884400,40.5,41.06,40.42,40.68,9506373
1695888000,40.68,40.78,40.52,40.62,4270410
1695891600,40.64,40.7,40.52,40.6,2566574
1695895200,40.62,40.78,40.58,40.72,4364402
1695898800,40.72,40.84,40.42,40.76,6299296
1695902400,40.76,40.82,40.36,40.4,2839978
1695906000,40.38,40.88,40.3,40.54,6440591
1695909600,40.56,40.8,40.24,40.36,6468758
1695913200,40.36,40.36,40.32,40.32,1534783
1695967200,40.42,40.42,40.42,40.42,590813
1695970800,40.42,40.86,40.42,40.76,9114381
1695974400,40.76,40.82,40.48,40.56,4802486
1695978000,40.56,40.58,40.4,40.46,2407996
1695981600,40.46,40.5,40.3,40.32,3075880
1695985200,40.32,40.62,40.28,40.56,3670213
1695988800,40.58,40.64,40.48,40.6,3061180
1695992400,40.6,41.24,40.58,41.02,20764440
1695996000,41,41.08,40.62,40.8,8812295
1695999600,40.8,40.8,40.8,40.8,2602150
1696226400,40.84,40.84,40.84,40.84,757126
1696230000,40.86,41.28,40.84,41.24,15285449
1696233600,41.24,41.46,41.1,41.26,12121022
1696237200,41.24,41.36,41.16,41.28,4326569
1696240800,41.28,41.54,41.22,41.38,7060094
1696244400,41.4,41.6,41.34,41.58,6476719
1696248000,41.56,41.76,41.48,41.6,11292345
1696251600,41.6,42.04,41.54,41.9,12945346
1696255200,41.92,41.94,41.54,41.58,6537862
1696258800,41.54,41.54,41.54,41.54,1540758
1696312800,41.54,41.54,41.54,41.54,630381
1696316400,41.56,42.36,41.5,41.92,18632039
1696320000,41.9,42.02,41.82,41.84,7405811
1696323600,41.82,41.9,41.52,41.54,6187816
1696327200,41.56,41.64,41.52,41.58,3065458
1696330800,41.58,41.64,41.32,41.38,5170217
1696334400,41.38,41.5,41.34,41.46,3411147
1696338000,41.46,41.68,41.36,41.4,5025895
1696341600,41.42,41.44,41.1,41.32,8621079
1696345200,41.3,41.3,41.3,41.3,2052631
1696399200,41.2,41.2,41.2,41.2,565888
1696402800,41.2,41.46,41.1,41.14,8500563
1696406400,41.16,41.18,40.92,41.02,5209778
1696410000,41,41.06,40.94,41,3338844
1696413600,41,41.16,40.92,41.16,3639847
1696417200,41.16,41.16,40.88,40.92,6080850
1696420800,40.92,40.98,40.8,40.9,3711727
1696424400,40.9,40.94,40.76,40.8,3749483
1696428000,40.78,41,40.64,40.74,9779964
1696431600,40.58,40.58,40.58,40.58,1829852
1696485600,40.64,40.64,40.64,40.64,684093
1696489200,40.66,41.1,40.64,40.96,9477268
1696492800,40.96,41.44,40.94,41.4,12519448
1696496400,41.38,41.44,41.12,41.26,3866655
1696500000,41.26,41.26,40.18,40.28,8745716
1696503600,40.28,40.54,39.94,40.38,9876095
1696507200,40.42,40.66,40.14,40.62,6790092
1696510800,40.62,41,40.54,40.96,8384617
1696514400,40.96,41.78,40.96,41.56,14584211
1696518000,41.56,41.66,41.56,41.66,1155151
1696572000,41.02,41.02,41.02,41.02,656837
1696575600,41.04,41.6,41.04,41.38,8804531
1696579200,41.4,41.66,41.06,41.08,5917564
1696582800,41.1,41.24,41.04,41.06,2338566
1696586400,41.06,41.34,41.04,41.16,2729380
1696590000,41.16,41.3,40.86,41,4613071
1696593600,40.98,41.12,40.82,40.98,2600869
1696597200,41,41.18,40.92,40.98,2786116
1696600800,40.98,41.04,40.76,40.82,7476490
1696604400,40.92,40.92,40.92,40.92,1311434
1696831200,41.62,41.62,41.62,41.62,2080868
1696834800,41.62,44.1,41.62,42.82,69485121
1696838400,42.82,43.04,42.32,42.62,20045781
1696842000,42.64,43.5,42.6,43.04,22052001
1696845600,43.04,43.12,42.64,42.7,9937424
1696849200,42.7,42.82,42.62,42.7,5766084
1696852800,42.68,43.04,42.62,42.74,9813309
1696856400,42.74,43.64,42.7,43.42,27911820
1696860000,43.42,44.34,42.82,44.22,65352000
1696863600,44.2,44.22,43.88,43.88,3874511
1696917600,43,43,43,43,2189091
1696921200,43.02,43.38,42.56,42.8,39132028
1696924800,42.82,43.06,42.68,42.84,11026607
1696928400,42.84,42.98,42.66,42.8,7732764
1696932000,42.82,44.04,42.66,43.42,27529432
1696935600,43.42,43.52,42.94,43.12,14870212
1696939200,43.12,43.34,42.82,42.92,9204220
1696942800,42.92,43.04,42.7,42.86,7420993
1696946400,42.86,43.14,42.78,42.88,10985912
1696950000,42.88,42.88,42.88,42.88,2613348
1697004000,43.2,43.2,43.2,43.2,1601042
1697007600,43.22,43.46,42.84,43.04,18544938
1697011200,43.06,43.08,42.5,42.58,8631305
1697014800,42.56,42.58,42,42.1,9315235
1697018400,42.1,42.6,41.92,42.2,10050959
1697022000,42.2,42.24,42,42.08,4044455
1697025600,42.06,42.42,42.02,42.24,5115126
1697029200,42.24,42.36,41.84,41.98,5749070
1697032800,41.96,42.08,41.68,41.78,8814920
1697036400,41.98,41.98,41.98,41.98,2517867
1697090400,41.98,41.98,41.98,41.98,746246
1697094000,42,42.26,41.98,42.12,8142390
1697097600,42.14,42.24,41.98,42.18,4531993
1697101200,42.2,42.32,42.06,42.12,6153639
1697104800,42.14,43.56,42.06,43.5,21279207
1697108400,43.52,44.08,43.26,43.74,47025456
1697112000,43.76,43.9,42.9,43.38,35575585
1697115600,43.38,43.54,42.22,42.32,21611665
1697119200,42.32,43.42,41.96,43.2,27289263
1697122800,43.2,43.2,43.1,43.1,2984151
1697176800,42.92,42.92,42.92,42.92,642899
1697180400,42.96,44,42.8,43.26,27311289
1697184000,43.26,43.62,43.14,43.3,9769075
1697187600,43.3,43.32,42.66,42.78,6821306
1697191200,42.78,43.44,42.62,43.32,7286859
1697194800,43.32,43.56,43.16,43.28,6503110
1697198400,43.3,43.36,42.86,43.08,6079675
1697202000,43.08,43.66,43.04,43.48,13432311
1697205600,43.48,43.54,42.7,42.82,12770876
1697209200,42.6,42.6,42.6,42.6,2881981
1697436000,42.62,42.62,42.62,42.62,925656
1697439600,42.6,42.82,41.78,41.84,16378110
1697443200,41.84,41.88,41.42,41.7,7592812
1697446800,41.7,41.9,41.56,41.82,3833135
1697450400,41.84,41.94,41.54,41.6,3383684
1697454000,41.6,41.74,41.44,41.64,3279509
1697457600,41.62,41.64,41.32,41.44,3397795
1697461200,41.44,41.44,40.7,41.1,10809978
1697464800,41.1,41.24,40.5,40.5,8765698
1697468400,40.5,40.5,40.5,40.5,2106790
1697522400,40.5,40.5,40.5,40.5,634384
1697526000,40.52,41.02,40.34,40.68,11124966
1697529600,40.68,40.76,40.46,40.62,3866416
1697533200,40.62,40.64,40.24,40.34,3769780
1697536800,40.32,40.42,40.18,40.36,2552770
1697540400,40.36,40.68,40.34,40.64,3450617
1697544000,40.64,40.96,40.54,40.8,4728936
1697547600,40.8,40.98,40.54,40.94,5952256
1697551200,40.94,41.06,40.68,40.96,7870359
1697554800,40.92,40.92,40.92,40.92,1626225
1697608800,41.66,41.66,41.66,41.66,1132963
1697612400,41.64,41.84,41,41.1,20155374
1697616000,41.1,41.12,40.88,40.94,4913697
1697619600,40.94,41.08,40.78,40.9,2791823
1697623200,40.88,41.04,40.82,40.88,2476572
1697626800,40.88,40.92,40.46,40.66,5152119
1697630400,40.66,40.7,40.24,40.32,3658086
1697634000,40.32,40.46,40.14,40.2,3938434
1697637600,40.2,40.3,39.64,39.7,10467811
1697641200,39.7,39.7,39.7,39.7,1954880
1697695200,39.72,39.72,39.72,39.72,438743
1697698800,39.74,40.92,39.7,40.66,14990648
1697702400,40.68,41.34,40.48,41.32,10390644
1697706000,41.34,41.52,41.06,41.26,6218851
1697709600,41.28,41.44,41.16,41.3,8643166
1697713200,41.3,41.34,41.04,41.22,5636091
1697716800,41.22,41.44,40.98,41.02,9104390
1697720400,41.02,41.22,40.68,41.14,9928656
1697724000,41.14,41.4,41.02,41.1,17581586
1697727600,41.1,41.1,41.1,41.1,2753846
1697781600,41.12,41.12,41.12,41.12,463862
1697785200,41.14,41.48,40.34,41.16,16680006
1697788800,41.18,42.72,41.08,42.46,26944736
1697792400,42.44,42.52,40.96,41.3,16673707
1697796000,41.3,41.44,40.76,40.88,7502317
1697799600,40.88,40.9,40.4,40.68,5882300
1697803200,40.68,40.86,40.14,40.2,5955082
1697806800,40.2,40.5,40,40.06,7426332
1697810400,40.04,40.46,39.58,40,12627080
1697814000,40.12,40.12,40.12,40.12,1974504
1698040800,40.16,40.16,40.16,40.16,498624
1698044400,40.16,40.58,40.08,40.26,10286891
1698048000,40.24,40.36,39.62,39.92,6063526
1698051600,39.92,40.14,39.66,40.12,3516521
1698055200,40.12,40.22,39.98,40.04,2697158
1698058800,40.04,40.42,40,40.36,3682274
1698062400,40.38,40.78,40.16,40.68,6158233
1698066000,40.68,41,40.56,40.94,6462070
1698069600,40.96,41.4,40.84,40.92,12195340
1698073200,40.8,40.8,40.8,40.8,2354758
1698127200,40.94,40.94,40.94,40.94,451352
1698130800,40.96,41.52,40.74,41.34,10328705
1698134400,41.36,41.42,41.04,41.3,4172239
1698138000,41.28,41.46,41.26,41.36,3997150
1698141600,41.34,41.8,41.34,41.64,7471339
1698145200,41.66,41.72,41.54,41.62,3541556
1698148800,41.62,42.08,41.42,41.98,8983712
1698152400,41.98,42.2,41.86,42.08,5964172
1698156000,42.1,42.16,41.84,41.98,7624061
1698159600,41.94,41.94,41.94,41.94,1152723
1698213600,41.86,41.86,41.86,41.86,384545
1698217200,41.88,42.5,41.86,42.2,12478602
1698220800,42.2,42.42,41.8,42.38,8046473
1698224400,42.38,42.4,41.82,42.02,4178905
1698228000,42.02,42.22,41.34,41.56,10864110
1698231600,41.58,41.72,41.22,41.22,5154846
1698235200,41.22,42.52,41.1,41.7,17206633
1698238800,41.7,42.32,40.82,40.82,20282480
1698242400,40.8,40.86,38.76,38.76,2548568
1698246000,39.64,39.64,39.64,39.64,2651487
1698300000,40.06,40.06,40.06,40.06,472498
1698303600,40.06,40.34,39.44,39.7,14017738
1698307200,39.68,40.16,39.58,40.12,5162543
1698310800,40.12,40.28,39.78,40.14,5653942
1698314400,40.14,40.36,40,40.32,3685903
1698318000,40.32,40.58,39.84,40.38,8718462
1698321600,40.4,41.24,40.28,41.1,10579741
1698325200,41.1,41.8,41.08,41.6,9541313
1698328800,41.64,42.1,41.3,41.4,14413346
1698332400,41.42,41.46,41.42,41.46,995902
1698386400,41.2,41.2,41.2,41.2,367429
1698390000,41.2,41.92,41.06,41.34,11026161
1698393600,41.34,41.78,41.28,41.72,3969290
1698397200,41.74,41.88,41.36,41.4,3133823
1698400800,41.4,41.66,41.24,41.44,2150385
1698404400,41.42,41.44,40.98,41.02,3492077
1698408000,41.02,41.1,40.24,40.3,4458322
1698411600,40.3,40.9,40.22,40.62,3690841
1698415200,40.62,41.74,40.5,41.44,9674167
1698418800,41.88,41.88,41.88,41.88,1583409
1698645600,41.76,41.76,41.76,41.76,354943
1698649200,41.72,41.94,41.3,41.5,8808186
1698652800,41.5,41.88,41.46,41.7,3944424
1698656400,41.7,42.28,41.6,41.86,6425908
1698660000,41.86,42.04,41.72,41.96,4153714
1698663600,41.96,41.98,41.62,41.74,2552808
1698667200,41.74,41.92,41.54,41.72,2808857
1698670800,41.72,41.82,41.34,41.8,6784732
1698674400,41.8,42.54,41.58,41.92,13191679
1698678000,41.88,41.88,41.88,41.88,1186512
1698732000,41.94,41.94,41.94,41.94,427276
1698735600,41.96,41.98,41.5,41.68,7746827
1698739200,41.66,41.9,41.54,41.7,4194556
1698742800,41.7,42.26,41.64,42.22,6556480
1698746400,42.24,42.46,41.98,42.12,7198495
1698750000,42.12,42.12,41.66,41.84,3868544
1698753600,41.84,41.86,41.46,41.62,4523054
1698757200,41.6,41.78,41.4,41.58,4653381
1698760800,41.58,41.6,41.02,41.28,10073657
1698764400,41.34,41.34,41.34,41.34,1727606
1698818400,41.64,41.64,41.64,41.64,346122
1698822000,41.64,41.96,40.96,41.26,10457569
1698825600,41.24,41.32,41.02,41.16,2818004
1698829200,41.16,41.26,41.02,41.16,2072727
1698832800,41.16,41.16,40.52,40.56,3487268
1698836400,40.56,40.76,40.32,40.7,3867737
1698840000,40.7,40.94,40.44,40.52,2709093
1698843600,40.54,40.7,40,40.5,5377703
1698847200,40.5,41.58,40.42,41.3,10390400
1698850800,41.54,41.54,41.54,41.54,1730648
1698904800,41.6,41.6,41.6,41.6,306296
1698908400,41.62,42,41.44,41.92,8998502
1698912000,41.94,42.88,41.82,42.54,15856222
1698915600,42.54,42.7,42.32,42.66,7683120
1698919200,42.66,42.96,42.6,42.88,8110773
1698922800,42.88,43.64,42.72,43.52,12768581
1698926400,43.52,43.54,42.8,43,8155815
1698930000,42.98,43.76,42.96,43.5,10813466
1698933600,43.5,43.7,43.16,43.5,12025945
1698937200,43.4,43.4,43.4,43.4,1471781
1698991200,43.2,43.2,43.2,43.2,468953
1698994800,43.26,43.66,42.88,43.36,12393834
1698998400,43.34,43.52,43.12,43.24,4302453
1699002000,43.24,43.3,42.78,42.94,4363886
1699005600,42.96,43.32,42.86,43.26,2515550
1699009200,43.24,43.56,43.1,43.4,5385503
1699012800,43.4,43.84,43.24,43.64,12713420
1699016400,43.64,43.94,43.06,43.34,11473907
1699020000,43.34,43.58,43.1,43.48,7353893
1699023600,43.5,43.5,43.42,43.42,1060553
1699250400,43.88,43.88,43.88,43.88,661261
1699254000,43.88,45.02,43.82,44.74,18149823
1699257600,44.74,44.84,44.36,44.56,6776388
1699261200,44.54,44.84,44.48,44.72,2712110
1699264800,44.72,44.8,44.46,44.48,2512457
1699268400,44.48,44.52,44.1,44.24,4399989
1699272000,44.24,44.32,44,44.12,3493545
1699275600,44.12,44.48,44.08,44.36,3344411
1699279200,44.34,44.52,44.16,44.32,5867147
1699282800,44.34,44.34,44.34,44.34,1138351
1699336800,44.34,44.34,44.34,44.34,454615
1699340400,44.32,44.5,44.02,44.38,7019243
1699344000,44.38,44.64,44.12,44.24,4371325
1699347600,44.24,44.28,43.72,43.74,4078974
1699351200,43.74,43.76,43.32,43.36,4786059
1699354800,43.36,43.52,43.14,43.48,3801718
1699358400,43.46,43.64,43.14,43.28,3657157
1699362000,43.28,43.46,43.14,43.42,3921439
1699365600,43.44,43.48,42.88,43,7954679
1699369200,43.18,43.18,43.18,43.18,1791095
1699423200,43.3,43.3,43.3,43.3,552201
1699426800,43.32,43.42,42.94,43,7755703
1699430400,43,43.24,42.96,43.02,3960910
1699434000,43.02,43.08,42.9,43.06,3572603
1699437600,43.04,43.2,42.94,42.98,4357945
1699441200,42.98,43.38,42.82,43.3,5953364
1699444800,43.32,43.62,43.14,43.18,8162344
1699448400,43.18,43.32,42.94,42.96,4050820
1699452000,42.96,43.2,42.84,42.98,6395223
1699455600,42.9,42.9,42.9,42.9,1413787
1699509600,42.56,42.56,42.56,42.56,403207
1699513200,42.54,42.76,42,42.06,7906531
1699516800,42.06,42.18,41.78,41.82,5790733
1699520400,41.82,42.02,41.82,41.98,1918540
1699524000,41.98,42.02,41.88,41.92,1907838
1699527600,41.9,41.94,41.74,41.88,3770183
1699531200,41.88,42.02,41.74,42,2336642
1699534800,42,42.62,41.98,42.62,6165686
1699538400,42.64,42.82,42.4,42.54,6003132
1699542000,42.68,42.68,42.68,42.68,899363
1699596000,42.58,42.58,42.58,42.58,245701
1699599600,42.58,42.8,42.02,42.14,5031479
1699603200,42.14,42.18,41.94,42.14,2428133
1699606800,42.12,42.24,42.08,42.16,1259684
1699610400,42.14,42.22,42.06,42.18,913933
1699614000,42.18,42.18,42.02,42.16,1087812
1699617600,42.16,42.52,42.1,42.38,3081398
1699621200,42.38,43.08,42.36,43.06,7628478
1699624800,43.08,43.2,42.02,42.04,8425983
1699628400,42.16,42.16,42.16,42.16,1443582
1699855200,42.16,42.16,42.16,42.16,321641
1699858800,42.14,42.3,41.64,41.86,5196167
1699862400,41.84,42.08,41.6,41.96,3381613
1699866000,41.98,42.08,41.8,41.9,1796087
1699869600,41.9,42.02,41.82,41.86,1343687
1699873200,41.86,41.9,41.68,41.74,1891812
1699876800,41.74,41.88,41.6,41.76,1785355
1699880400,41.76,42.04,41.64,41.74,3051348
1699884000,41.74,41.8,41,41.14,7620856
1699887600,41.12,41.12,41.12,41.12,1528041
1699941600,41.18,41.18,41.18,41.18,313426
1699945200,41.2,41.54,40.92,41.42,6706721
1699948800,41.4,41.66,41.22,41.4,4713799
1699952400,41.38,41.5,41.26,41.32,1393325
1699956000,41.3,41.4,41.08,41.16,1628631
1699959600,41.16,41.18,40.74,41.08,3487928
1699963200,41.06,41.2,41.02,41.06,1697333
1699966800,41.08,41.74,40.98,41.7,8717292
1699970400,41.7,41.72,41.16,41.3,6556662
1699974000,41.32,41.32,41.32,41.32,1179794
1700028000,41.48,41.48,41.48,41.48,395761
1700031600,41.5,41.74,41.38,41.44,5507386
1700035200,41.44,41.62,41.3,41.58,3129203
1700038800,41.56,41.58,41.3,41.38,2141547
1700042400,41.4,41.42,41.18,41.36,1655814
1700046000,41.36,41.54,41.32,41.4,2263719
1700049600,41.4,41.54,41.16,41.24,2784271
1700053200,41.26,41.3,40.98,41.14,4226660
1700056800,41.14,41.18,40.72,40.9,7270546
1700060400,40.88,41,40.86,41,1419068
1700114400,41,41,41,41,387960
1700118000,41.02,41.4,41.02,41.26,6779760
1700121600,41.26,41.5,41.2,41.34,4845720
1700125200,41.34,41.5,41.18,41.38,2120695
1700128800,41.36,41.56,41.3,41.52,2386985
1700132400,41.52,41.86,41.44,41.68,5951247
1700136000,41.66,42,41.58,41.94,4547557
1700139600,41.94,41.96,41.58,41.72,4183793
1700143200,41.74,41.84,41.5,41.66,4774065
1700146800,41.74,41.74,41.74,41.74,1305360
1700200800,41.76,41.76,41.76,41.76,349756
1700204400,41.76,41.98,41.64,41.9,5466003
1700208000,41.92,42.16,41.86,42.06,4397371
1700211600,42.04,42.12,41.82,41.88,1821724
1700215200,41.88,41.96,41.7,41.88,1542981
1700218800,41.88,42,41.78,41.94,1892963
1700222400,41.94,42.48,41.92,42.22,7076034
1700226000,42.22,42.52,42.18,42.48,4575658
1700229600,42.5,42.56,42.14,42.2,5485948
1700233200,42.2,42.22,42.2,42.22,1193951
1700460000,42.5,42.5,42.5,42.5,418638
1700463600,42.5,42.94,42.48,42.8,8629909
1700467200,42.8,43.74,42.68,43.72,13940934
1700470800,43.72,43.8,43.56,43.64,5350424
1700474400,43.64,44.44,43.58,44.14,14553235
1700478000,44.16,44.7,44.12,44.66,10563772
1700481600,44.66,45,44.46,44.86,10510730
1700485200,44.84,45.1,44.34,44.54,8465273
1700488800,44.54,45.08,44.32,44.62,13500760
1700492400,44.62,44.62,44.6,44.6,1750387
1700546400,44.4,44.4,44.4,44.4,543428
1700550000,44.44,44.86,44.12,44.36,15726549
1700553600,44.36,45,44.36,44.6,8277693
1700557200,44.6,44.7,44.44,44.54,2122770
1700560800,44.52,44.56,44.18,44.32,2699436
1700564400,44.32,44.4,44.08,44.1,3024847
1700568000,44.1,44.6,44.08,44.48,5079052
1700571600,44.5,45.84,44.38,45.72,24873755
1700575200,45.72,46.3,45.46,46.18,15522676
1700578800,46.46,46.46,46.46,46.46,1410817
1700632800,46.06,46.06,46.06,46.06,434997
1700636400,46.06,46.72,45.84,46.24,20084125
1700640000,46.24,46.66,46.24,46.5,5572226
1700643600,46.5,46.8,45.92,46.02,11855612
1700647200,46.02,46.14,45.8,46.02,5870342
1700650800,46,46.36,45.88,46.36,4376935
1700654400,46.36,46.64,45.96,46.48,6974381
1700658000,46.48,47.52,46.32,47.04,19495911
1700661600,47.04,47.22,46.18,46.28,8445869
1700665200,46.2,46.2,46.2,46.2,1481977
1700719200,46.02,46.02,46.02,46.02,381152
1700722800,46.04,46.56,46.02,46.3,7567219
1700726400,46.28,46.88,46,46.66,7451412
1700730000,46.64,47.84,46.64,47.46,15476427
1700733600,47.46,47.6,47.22,47.38,4088798
1700737200,47.38,47.62,46.82,47.44,10853915
1700740800,47.44,47.68,47.2,47.56,6687109
1700744400,47.56,47.58,46.5,46.7,6852761
1700748000,46.72,47.14,46.34,46.48,8633359
1700751600,46.52,46.52,46.52,46.52,1035216
1700805600,46.6,46.6,46.6,46.6,373348
1700809200,46.58,46.64,45.86,45.96,8271937
1700812800,45.96,46.14,45.78,45.8,3604091
1700816400,45.82,45.96,45.6,45.76,3937277
1700820000,45.78,46.3,45.5,46.12,6198833
1700823600,46.1,47.68,46,47.46,24263364
1700827200,47.48,47.66,47.22,47.62,8603836
1700830800,47.64,48.14,47.56,48.06,10555741
1700834400,48.06,48.32,47.58,47.64,11887051
1700838000,47.8,47.8,47.8,47.8,1463584
1701064800,48,48,48,48,473335
1701068400,48,49.42,48,49.2,20313899
1701072000,49.18,49.42,48.8,48.86,7698215
1701075600,48.86,49.64,48.82,49.18,8923082
1701079200,49.18,49.3,48.7,48.76,4651785
1701082800,48.76,48.96,48.56,48.82,3745831
1701086400,48.82,49.16,48.7,48.96,4270925
1701090000,48.96,49.46,48.94,49.38,6919190
1701093600,49.36,49.54,49.16,49.34,8606365
1701097200,49.4,49.4,49.4,49.4,1006371
1701151200,49.38,49.38,49.38,49.38,373964
1701154800,49.36,49.86,49,49.44,11673653
1701158400,49.44,49.58,48.8,48.9,6392987
1701162000,48.9,49.02,48.46,48.98,6054429
1701165600,49,49.02,48.68,48.8,2161871
1701169200,48.8,49.08,48.5,49.08,3968968
1701172800,49.08,49.18,48.44,48.62,4674135
1701176400,48.62,48.68,48.22,48.42,3579299
1701180000,48.4,48.56,48.12,48.44,5880593
1701183600,48.54,48.54,48.54,48.54,1042349
1701237600,48.6,48.6,48.6,48.6,350492
1701241200,48.62,48.84,48.16,48.36,7361130
1701244800,48.38,49.14,48.18,48.92,10397286
1701248400,48.94,49.16,48.78,48.82,3996657
1701252000,48.82,48.86,48.46,48.58,3209066
1701255600,48.58,48.82,48.46,48.56,2420514
1701259200,48.56,48.74,48.38,48.68,2432712
1701262800,48.7,48.92,48.4,48.52,5626445
1701266400,48.5,48.7,47.9,48.06,7120080
1701270000,48,48,48,48,1216269
1701324000,47.66,47.66,47.66,47.66,546144
1701327600,47.66,48.6,47.64,48.36,10266016
1701331200,48.38,49.22,48.34,49.02,11034253
1701334800,49,49.24,48.92,49.08,5388132
1701338400,49.08,49.44,49.06,49.26,4967266
1701342000,49.26,49.56,49.16,49.24,4267419
1701345600,49.26,49.4,48.88,49.2,4737162
1701349200,49.22,49.44,48.84,48.88,5681914
1701352800,48.86,48.92,48.28,48.48,7766381
1701356400,48.5,48.84,48.5,48.84,10896938
1701410400,49.48,49.48,49.48,49.48,476184
1701414000,49.48,49.62,48.9,48.98,7931592
1701417600,48.96,49.04,48.6,48.82,3651797
1701421200,48.8,48.9,48.66,48.7,1786211
1701424800,48.68,48.76,48.44,48.62,1864726
1701428400,48.62,48.98,48.46,48.88,2628669
1701432000,48.88,49.12,48.8,48.86,2565816
1701435600,48.86,48.86,48.36,48.4,2698088
1701439200,48.4,48.68,47.98,48.54,6759616
1701442800,48.5,48.5,48.5,48.5,1151160
1701669600,48.62,48.62,48.62,48.62,525468
1701673200,48.62,49.36,48.52,48.54,11511061
1701676800,48.56,48.56,48.12,48.4,5581761
1701680400,48.4,48.68,48.38,48.56,2797445
1701684000,48.56,48.7,48.52,48.66,2181902
1701687600,48.68,49.36,48.62,49.34,9132990
1701691200,49.32,49.66,49.18,49.22,12575813
1701694800,49.22,49.56,49.08,49.42,7660466
1701698400,49.42,49.42,49.08,49.12,6806335
1701702000,49.1,49.1,49.1,49.1,1196351
1701756000,49.2,49.2,49.2,49.2,411942
1701759600,49.18,50.4,49.18,49.84,18515545
1701763200,49.84,49.92,49.38,49.42,5369113
1701766800,49.4,49.48,49.3,49.44,3526816
1701770400,49.46,49.54,49.3,49.38,2370906
1701774000,49.4,49.48,49.22,49.42,2565566
1701777600,49.42,49.48,49.12,49.24,2807384
1701781200,49.26,49.28,48.98,49.18,3505130
1701784800,49.16,49.62,49.04,49.54,7846632
1701788400,49.58,49.58,49.58,49.58,1864919
1701842400,49.7,49.7,49.7,49.7,629508
1701846000,49.7,49.86,49.14,49.44,7780647
1701849600,49.46,49.98,49.42,49.6,10404781
1701853200,49.6,49.72,49.14,49.16,5376445
1701856800,49.16,49.28,47.86,48.04,10001527
1701860400,48.04,48.44,47.78,48.16,7664608
1701864000,48.16,48.3,47.86,48.22,3269329
1701867600,48.24,48.44,47.84,47.96,4176505
1701871200,47.98,48.2,47.46,47.58,9090102
1701874800,47.56,47.56,47.3,47.3,1879887
1701928800,47.3,47.3,47.3,47.3,566808
1701932400,47.3,47.52,46.8,47.06,9265281
1701936000,47.06,47.22,46.5,47.18,5530072
1701939600,47.16,47.22,46.88,47.08,2456705
1701943200,47.08,47.46,47.06,47.3,3255599
1701946800,47.28,47.32,46.34,46.48,5104893
1701950400,46.46,46.58,46,46.14,5224460
1701954000,46.14,46.36,45.94,46.18,3808413
1701957600,46.18,47,46.18,46.68,8914432
1701961200,46.7,46.82,46.7,46.82,1631792
1702015200,46.92,46.92,46.92,46.92,298563
1702018800,46.92,47.68,46.6,47.48,14092559
1702022400,47.48,47.74,47.26,47.28,3405624
1702026000,47.28,47.3,46.48,46.66,5956865
1702029600,46.68,46.94,46.56,46.7,2118896
1702033200,46.68,46.8,46.58,46.76,2778797
1702036800,46.76,46.78,46.4,46.48,2410875
1702040400,46.48,46.76,46.44,46.62,3376791
1702044000,46.62,46.62,45.88,46.02,7052658
1702047600,46.18,46.18,46.18,46.18,1614730
1702274400,46.2,46.2,46.2,46.2,416620
1702278000,46.18,46.22,45.84,46.16,5334469
1702281600,46.16,46.5,45.98,46.38,6684969
1702285200,46.36,46.4,45.78,45.8,3925514
1702288800,45.78,46.1,45.68,45.94,3400195
1702292400,45.96,46.4,45.9,46.3,4030393
1702296000,46.3,46.6,46.12,46.18,4217585
1702299600,46.14,46.62,46,46.62,4904043
1702303200,46.62,46.9,46.18,46.3,10468711
1702306800,46.18,46.18,46.18,46.18,1160931
1702360800,46.18,46.18,46.18,46.18,361133
1702364400,46.18,46.38,45.28,45.42,11877334
1702368000,45.44,45.54,45.18,45.38,3418261
1702371600,45.36,45.48,45.24,45.46,1750827
1702375200,45.44,45.8,45.28,45.46,3762046
1702378800,45.44,46.04,45.42,46,3415328
1702382400,46.02,46.08,45.62,45.68,3417095
1702386000,45.68,45.96,45.44,45.48,2983416
1702389600,45.48,46,45.34,45.76,5526858
1702393200,45.82,45.82,45.82,45.82,1132343
1702447200,45.78,45.78,45.78,45.78,365106
1702450800,45.76,46.4,45.54,45.82,11152869
1702454400,45.8,46.06,45.4,45.52,4157325
1702458000,45.54,46.26,45.44,45.9,5232477
1702461600,45.9,46.04,45.6,45.68,1883984
1702465200,45.68,45.98,45.6,45.66,2181304
1702468800,45.66,45.8,45.48,45.78,2116751
1702472400,45.78,45.82,45.42,45.48,2798184
1702476000,45.48,46.04,45.36,45.5,8199447
1702479600,45.52,45.52,45.36,45.36,1310133
1702533600,45.74,45.74,45.74,45.74,561155
1702537200,45.74,46.16,45.64,46,10048956
1702540800,46,46.06,45.9,45.94,2146768
1702544400,45.94,46,45.9,45.94,1235405
1702548000,45.94,46.02,45.76,45.92,1757165
1702551600,45.92,46.6,45.9,46.58,7886625
1702555200,46.58,46.86,46.56,46.64,4376312
1702558800,46.64,47.32,46.54,47.2,5361816
1702562400,47.22,47.3,46.58,46.76,4896943
1702566000,46.6,46.6,46.6,46.6,1111467
1702620000,46.64,46.64,46.64,46.64,410080
1702623600,46.66,47.76,46.64,47.6,12657309
1702627200,47.58,47.6,47.28,47.4,2559544
1702630800,47.38,47.64,47.36,47.46,4486220
1702634400,47.44,47.62,47.38,47.52,1247960
1702638000,47.52,47.68,47.12,47.26,4602173
1702641600,47.26,47.28,46.7,46.9,3706468
1702645200,46.9,48.7,46.8,48.22,23903325
1702648800,48.2,49.96,47.96,49.66,25263966
1702652400,49.64,49.66,49.6,49.6,3868094
1702879200,49.6,49.6,49.6,49.6,781143
1702882800,49.62,50.4,49.06,49.3,16411111
1702886400,49.3,49.36,48.82,49,5753559
1702890000,49,49.04,48.66,48.82,4028570
1702893600,48.84,48.88,48.62,48.76,2166320
1702897200,48.74,48.78,48.42,48.6,2909774
1702900800,48.6,48.8,48.48,48.64,2771360
1702904400,48.64,49.08,48.54,48.56,4220550
1702908000,48.56,48.7,47.5,47.54,7585055
1702911600,47.54,47.54,47.52,47.52,1797884
1702965600,47.52,47.52,47.52,47.52,366536
1702969200,47.52,47.62,46.74,46.96,6825760
1702972800,46.98,47.32,46.94,47.1,6206047
1702976400,47.12,47.32,46.96,47.3,1896301
1702980000,47.3,48.16,47.26,47.46,8472437
1702983600,47.46,47.98,47.44,47.8,3496115
1702987200,47.82,48.98,47.52,48.86,8293135
1702990800,48.86,49.06,48.36,48.68,5955625
1702994400,48.7,48.86,47.74,48.42,7326264
1702998000,48.42,48.42,48.4,48.4,777394
1703052000,48.4,48.4,48.4,48.4,385135
1703055600,48.4,48.4,47.8,47.9,5775078
1703059200,47.92,48.02,47.14,47.2,5143202
1703062800,47.2,47.36,47.1,47.32,2152466
1703066400,47.32,47.54,46.96,47.16,4036248
1703070000,47.16,47.32,47.08,47.22,1659913
1703073600,47.24,47.46,47.02,47.02,2259184
1703077200,47.02,47.08,46.68,46.76,4247581
1703080800,46.76,46.92,46.06,46.16,9010229
1703084400,46.02,46.02,46.02,46.02,2247577
1703138400,46.02,46.02,46.02,46.02,437179
1703142000,46.02,46.46,45.82,46.06,9235258
1703145600,46.08,46.64,46,46.44,6756296
1703149200,46.44,46.62,46.26,46.3,2392123
1703152800,46.3,46.46,46.14,46.44,1819616
1703156400,46.42,46.76,46.16,46.36,4307878
1703160000,46.36,46.38,46.04,46.34,2418393
1703163600,46.34,47,46.28,46.92,5632203
1703167200,46.92,47.8,46.84,47.68,11535535
1703170800,47.62,47.62,47.62,47.62,732785
1703224800,47.62,47.62,47.62,47.62,267200
1703228400,47.62,47.78,46.88,47.16,5720489
1703232000,47.16,47.28,46.96,47.1,2411472
1703235600,47.1,47.14,46.64,46.7,3062197
1703239200,46.7,46.86,46.54,46.72,1835991
1703242800,46.72,46.9,46.3,46.36,2179824
1703246400,46.38,46.6,46.08,46.18,3765920
1703250000,46.18,46.3,45.9,46.08,2793289
1703253600,46.06,46.34,45.7,45.78,6027591
1703257200,45.6,45.6,45.6,45.6,1211007
1703484000,45.6,45.6,45.6,45.6,381091
1703487600,45.58,46.1,45.28,45.6,8750614
1703491200,45.6,46.06,45.56,46,4351990
1703494800,46,46.02,45.68,45.9,1147183
1703498400,45.92,46,45.54,45.58,1790912
1703502000,45.56,45.58,43.86,44.6,7372315
1703505600,44.62,45.12,44.58,45,2904228
1703509200,45,45.52,44.9,45.28,4353538
1703512800,45.28,45.38,44.08,44.56,7362722
1703516400,44.18,44.18,44.18,44.18,1043852
1703570400,44.6,44.6,44.6,44.6,316862
1703574000,44.6,44.94,43.3,43.84,12194036
1703577600,43.86,44.14,43.46,43.7,5914179
1703581200,43.7,43.72,43.44,43.48,2211349
1703584800,43.48,43.6,43.12,43.32,3148336
1703588400,43.32,43.54,43.2,43.38,1993400
1703592000,43.38,44.18,43.32,44.16,5849987
1703595600,44.16,44.52,43.92,44.5,6706072
1703599200,44.52,44.76,43.46,43.5,8609756
1703602800,43.52,43.52,43.52,43.52,1014071
1703656800,43.64,43.64,43.64,43.64,310605
1703660400,43.64,44.2,43.28,43.76,10628704
1703664000,43.78,43.78,43.18,43.24,3622558
1703667600,43.24,43.44,42.9,43.32,5658254
1703671200,43.3,43.68,43.2,43.64,3218124
1703674800,43.66,43.74,43.22,43.62,3409986
1703678400,43.62,43.92,43.34,43.82,4534654
1703682000,43.84,44.06,43.48,43.52,4385212
1703685600,43.5,43.76,43.04,43.1,4987051
1703689200,43.02,43.02,43.02,43.02,1609774
1703743200,43.16,43.16,43.16,43.16,377428
1703746800,43.16,44.44,43.16,44.4,10384474
1703750400,44.4,44.56,44.14,44.4,3906134
1703754000,44.4,45.26,44.4,45.24,6542084
1703757600,45.24,45.52,45.16,45.28,3746021
1703761200,45.3,45.42,44.96,45.22,2942948
1703764800,45.22,45.4,44.8,44.84,2429840
1703768400,44.82,45.64,44.68,45.64,3793861
1703772000,45.62,45.66,44.7,44.78,4881333
1703775600,44.78,44.78,44.76,44.78,1087411
1703829600,44.96,44.96,44.96,44.96,228211
1703833200,44.96,45.24,44.76,45.06,4947039
1703836800,45.06,45.08,44.54,44.66,2297244
1703840400,44.66,44.72,44.28,44.48,1653062
1703844000,44.46,44.56,44.26,44.54,1063662
1703847600,44.56,45.14,44.38,45.14,8486315
1703851200,45.14,45.2,44.8,44.94,3848412
1703854800,44.94,45.32,44.76,44.9,3992297
1703858400,44.9,45,44.26,44.36,7813113
1703862000,44.98,44.98,44.98,44.98,2520572
1704175200,45.44,45.44,45.44,45.44,321076
1704178800,45.44,46.34,45.14,46.06,9929031
1704182400,46.06,46.18,45.7,45.76,3464883
1704186000,45.74,45.92,45.5,45.88,2420120
1704189600,45.9,46.02,45.74,45.94,2609153
1704193200,45.94,45.98,45.72,45.78,1612727
1704196800,45.78,47.1,45.76,46.68,16275394
1704200400,46.66,47.06,46.6,46.92,4791447
1704204000,46.94,47.12,46.66,46.74,4265718
1704207600,46.9,46.9,46.9,46.9,849994
1704261600,46.74,46.74,46.74,46.74,389434
1704265200,46.74,47.26,46.36,46.48,9003982
1704268800,46.48,46.98,46.3,46.64,5357168
1704272400,46.64,46.74,46.36,46.44,2023084
1704276000,46.44,46.46,46.18,46.38,1909256
1704279600,46.36,46.42,46.12,46.34,2006507
1704283200,46.34,46.74,46.14,46.48,4140974
1704286800,46.5,46.64,46.04,46.08,3190600
1704290400,46.06,46.86,45.92,46.5,10584822
1704294000,46.52,46.6,46.52,46.6,738867
1704348000,46.66,46.66,46.66,46.66,210094
1704351600,46.66,47.2,46.56,47.04,9113078
1704355200,47.02,47.4,46.78,47.24,8097311
1704358800,47.24,47.3,46.98,47.06,2965319
1704362400,47.04,47.2,46.86,47.06,3655181
1704366000,47.06,47.28,46.88,47.24,4999597
1704369600,47.22,47.36,47.02,47.16,4987852
1704373200,47.18,47.36,47.12,47.26,2753328
1704376800,47.26,47.58,47.26,47.36,6186600
1704380400,47.34,47.46,47.34,47.46,883628
1704434400,47.62,47.62,47.62,47.62,384668
1704438000,47.64,47.92,47.36,47.48,6869898
1704441600,47.48,47.48,47.06,47.06,3509441
1704445200,47.06,47.18,46.96,47.08,1807763
1704448800,47.04,47.06,46.82,46.94,1883185
1704452400,46.92,47.26,46.86,47.26,2212779
1704456000,47.26,47.3,46.9,46.96,1848822
1704459600,46.96,47.58,46.94,47.34,6454212
1704463200,47.34,47.58,47.28,47.42,6965865
1704466800,47.44,47.44,47.44,47.44,1738157
1704693600,47.64,47.64,47.64,47.64,654503
1704697200,47.64,48.24,47.62,48.06,11495440
1704700800,48.04,48.12,47.72,47.9,4818368
1704704400,47.9,47.94,47.56,47.66,4189360
1704708000,47.66,47.74,47.48,47.6,2248608
1704711600,47.6,47.62,47.38,47.46,2857989
1704715200,47.48,47.82,47.42,47.78,5381241
1704718800,47.78,47.82,47.52,47.66,3803309
1704722400,47.66,47.78,47.4,47.64,6585191
1704726000,47.64,47.64,47.64,47.64,1630496
1704780000,48.2,48.2,48.2,48.2,967462
1704783600,48.22,48.58,47.94,48.12,18177388
1704787200,48.14,48.24,47.62,47.84,7214084
1704790800,47.84,48.14,47.78,47.9,3985064
1704794400,47.9,47.92,47.78,47.86,1806140
1704798000,47.86,47.96,47.76,47.9,2429100
1704801600,47.9,47.96,47.5,47.56,3372076
1704805200,47.54,47.64,46.98,47,6179521
1704808800,46.98,47.1,46.8,46.98,7015000
1704812400,46.98,46.98,46.94,46.94,1437471
1704866400,46.94,46.94,46.94,46.94,375825
1704870000,46.92,47.1,46.48,47.08,8685367
1704873600,47.06,47.48,47.02,47.34,11352370
1704877200,47.32,47.54,47.24,47.5,5183977
1704880800,47.5,47.76,47.06,47.34,8216447
1704884400,47.32,47.64,47.28,47.56,4829431
1704888000,47.56,47.64,47.38,47.38,2712304
1704891600,47.38,47.88,47.36,47.86,7675719
1704895200,47.86,47.9,47.5,47.62,6564142
1704898800,47.62,47.62,47.48,47.48,1636817
1704952800,47.76,47.76,47.76,47.76,485181
1704956400,47.76,47.84,47.28,47.3,6856412
1704960000,47.32,47.42,47.14,47.22,3374939
1704963600,47.2,47.36,47.16,47.28,1556736
1704967200,47.26,47.32,47.06,47.2,3233537
1704970800,47.18,47.26,47.02,47.1,2102766
1704974400,47.1,47.2,46.72,46.8,2910818
1704978000,46.78,47.18,46.74,46.8,4398444
1704981600,46.8,47,46.64,46.72,4530230
1704985200,46.88,46.88,46.88,46.88,1624268
1705039200,47.14,47.14,47.14,47.14,502597
1705042800,47.16,47.62,46.26,46.36,18616120
1705046400,46.36,46.56,46.22,46.42,2982245
1705050000,46.44,46.5,46.24,46.3,2874670
1705053600,46.3,46.82,46.22,46.78,3199459
1705057200,46.82,47.44,46.8,47.3,12370456
1705060800,47.3,48.16,47.3,48.06,14041585
1705064400,48.08,48.4,47.9,48.28,10979191
1705068000,48.28,48.46,47.54,47.58,9639874
1705071600,47.54,47.54,47.54,47.54,1486642
1705298400,47.68,47.68,47.68,47.68,360598
1705302000,47.7,48.36,47.64,48.22,10805141
1705305600,48.2,48.42,48.04,48.3,5895836
1705309200,48.28,48.4,48.04,48.08,3240285
1705312800,48.1,48.1,47.6,47.82,4982105
1705316400,47.8,47.82,47.18,47.26,4559724
1705320000,47.24,47.6,47.16,47.56,5592280
1705323600,47.54,47.74,47.46,47.7,3224026
1705327200,47.7,47.86,47.52,47.62,5832366
1705330800,47.62,47.62,47.62,47.62,2027305
1705384800,47.66,47.66,47.66,47.66,303749
1705388400,47.66,47.74,47.3,47.44,6574086
1705392000,47.44,48.06,47.2,47.8,6472062
1705395600,47.8,48.04,47.64,47.96,6560685
1705399200,47.98,48.2,47.8,48,7025683
1705402800,48,48.36,47.9,48.26,8184452
1705406400,48.26,48.36,48.06,48.18,5432831
1705410000,48.16,48.4,48,48.04,5636348
1705413600,48.06,48.12,47.78,48.02,6450085
1705417200,48.08,48.08,48.08,48.08,1179646
1705471200,47.86,47.86,47.86,47.86,287260
1705474800,47.86,48.02,47.66,47.8,6450945
1705478400,47.82,47.82,47.6,47.74,2959976
1705482000,47.72,47.8,47.62,47.74,1773840
1705485600,47.74,48.1,47.7,48.02,3859427
1705489200,48.02,48.5,48,48.36,9161902
1705492800,48.36,48.78,47.96,48.56,15193014
1705496400,48.58,48.7,48.38,48.52,5806471
1705500000,48.52,48.58,48.1,48.36,8202054
1705503600,48.3,48.3,48.3,48.3,1010399
1705557600,48.68,48.68,48.68,48.68,457249
1705561200,48.7,49.38,48.6,49.26,16509488
1705564800,49.26,49.44,49.12,49.22,5432281
1705568400,49.22,49.26,48.84,48.86,3832680
1705572000,48.88,48.92,48.54,48.68,4483544
1705575600,48.7,48.76,48.6,48.72,1966114
1705579200,48.7,48.8,48.46,48.52,4358209
1705582800,48.5,49.1,48.42,48.8,9335286
1705586400,48.8,49.02,48.3,48.36,10086680
1705590000,48.46,48.46,48.4,48.4,1683677
1705644000,48.48,48.48,48.48,48.48,399782
1705647600,48.48,48.64,48.04,48.54,9202083
1705651200,48.54,48.56,47.82,47.96,3953741
1705654800,47.96,48.16,47.92,47.98,2208647
1705658400,47.98,48.06,47.84,47.9,1453439
1705662000,47.9,48.02,47.76,48.02,2263815
1705665600,48.02,48.1,47.82,47.86,2441937
1705669200,47.86,47.94,47.6,47.68,5185253
1705672800,47.68,47.72,47.1,47.2,9947042
1705676400,47.46,47.46,47.46,47.46,1963600
1705903200,47.5,47.5,47.5,47.5,446271
1705906800,47.5,47.74,47.22,47.58,6700924
1705910400,47.58,47.76,47.42,47.54,3728751
1705914000,47.54,47.84,47.52,47.84,3467210
1705917600,47.84,47.9,47.7,47.72,2799978
1705921200,47.72,48.04,47.68,47.92,5351251
1705924800,47.94,47.98,47.78,47.8,3257577
1705928400,47.78,47.8,47.5,47.58,3537716
1705932000,47.58,47.6,46.92,46.98,7556169
1705935600,47.12,47.12,47.12,47.12,1004572
1705989600,47.7,47.7,47.7,47.7,630928
1705993200,47.72,48.14,47.7,48.06,16130264
1705996800,48.06,48.52,47.94,48.4,16139948
1706000400,48.4,48.48,48.24,48.3,4814980
1706004000,48.28,48.58,48.18,48.36,6765314
1706007600,48.34,48.42,48.1,48.26,5089071
1706011200,48.26,48.78,48.24,48.46,7076539
1706014800,48.46,48.52,47.78,47.98,7519775
1706018400,47.98,48.08,47.1,47.14,12471642
1706022000,47.18,47.26,47.18,47.26,1622252
1706076000,48.04,48.04,48.04,48.04,1308925
1706079600,48.06,48.42,47.5,47.52,14415533
1706083200,47.54,48.16,47.44,48.04,8097294
1706086800,48.04,48.16,47.84,48,4062851
1706090400,47.98,48.18,47.98,48.12,2805072
1706094000,48.12,48.46,48.12,48.44,8181031
1706097600,48.42,48.62,48.28,48.44,5548144
1706101200,48.44,48.7,48.04,48.3,5634609
1706104800,48.3,48.4,48.08,48.3,4323241
1706108400,48.4,48.4,48.4,48.4,1448631
1706162400,49.5,49.5,49.5,49.5,1494791
1706166000,49.5,49.66,49.06,49.16,19886712
1706169600,49.16,49.2,49.04,49.1,3205701
1706173200,49.12,49.14,48.82,48.94,3158843
1706176800,48.94,48.98,48.82,48.9,2244016
1706180400,48.9,49.04,48.54,48.64,6106783
1706184000,48.62,48.64,48.38,48.5,4851917
1706187600,48.5,48.52,48.2,48.24,5178176
1706191200,48.22,48.62,48.12,48.44,7652054
1706194800,48.44,48.48,48.44,48.48,1566544
1706248800,48.58,48.58,48.58,48.58,384822
1706252400,48.56,48.74,48.3,48.32,7706363
1706256000,48.34,49.04,48.26,48.9,11761396
1706259600,48.92,49.02,48.84,48.94,2996867
1706263200,48.94,49.32,48.9,49.1,7868186
1706266800,49.08,49.4,49.04,49.26,6232865
1706270400,49.28,49.34,49.12,49.12,4605065
1706274000,49.12,49.32,49.08,49.2,4754453
1706277600,49.2,49.24,48.7,49.06,9449113
1706281200,49.18,49.18,49.18,49.18,2470463
1706508000,50,50,50,50,1641763
1706511600,50,50.4,49.64,50.35,17731722
1706515200,50.35,51.7,50.2,51.4,22866110
1706518800,51.4,51.45,51.05,51.4,5429882
1706522400,51.35,51.5,50.9,51,5409680
1706526000,51,51.2,50.9,51.1,2675741
1706529600,51.1,51.35,50.7,50.75,5364629
1706533200,50.8,50.95,50.55,50.8,4165370
1706536800,50.8,51.5,50.75,51.25,10204537
1706540400,51.4,51.4,51.4,51.4,1679504
1706594400,51.5,51.5,51.5,51.5,600866
1706598000,51.5,51.6,50.65,50.7,8364532
1706601600,50.75,51.9,50.6,51.35,14316620
1706605200,51.3,51.6,51.1,51.55,4825165
1706608800,51.55,51.55,50.9,51.05,6006923
1706612400,51.05,51.3,50.85,51.2,3466794
1706616000,51.2,51.55,51.05,51.2,5625071
1706619600,51.15,51.2,50.7,50.8,4411586
1706623200,50.75,51.1,50.7,50.9,4687631
1706626800,50.9,50.9,50.85,50.85,1495119
1706680800,50.9,50.9,50.9,50.9,327993
1706684400,50.9,51.1,50.4,50.55,6618670
1706688000,50.6,50.7,50.45,50.7,2202392
1706691600,50.65,50.95,50.6,50.7,2603783
1706695200,50.7,50.75,50.35,50.5,2503572
1706698800,50.5,50.65,50.3,50.4,1419097
1706702400,50.4,50.4,50.15,50.25,2737283
1706706000,50.25,50.7,49.92,50.7,7019693
1706709600,50.7,51.05,50.45,50.6,11342324
1706713200,50.6,50.6,50.6,50.6,1816925
1706767200,50.6,50.6,50.6,50.6,563383
1706770800,50.6,51.25,50.55,51.25,10230699
1706774400,51.25,51.35,51,51.15,4208869
1706778000,51.15,51.55,51.1,51.2,7656752
1706781600,51.2,51.25,51.05,51.15,2932176
1706785200,51.2,51.8,51,51.65,9807850
1706788800,51.65,51.75,51.2,51.2,5465326
1706792400,51.2,51.4,51.1,51.25,3441412
1706796000,51.3,51.5,51.1,51.25,6630795
1706799600,51.3,51.3,51.3,51.3,1409186
1706853600,51.5,51.5,51.5,51.5,504565
1706857200,51.55,52.05,51.5,51.7,9872485
1706860800,51.75,51.8,51.1,51.2,6724527
1706864400,51.15,51.9,51.1,51.8,5933215
1706868000,51.8,51.8,51.45,51.45,2524662
1706871600,51.45,51.65,51.25,51.4,2097928
1706875200,51.35,51.75,51.15,51.15,3957052
1706878800,51.15,51.45,50.9,51.1,3651236
1706882400,51.1,51.45,51.05,51.25,5201712
1706886000,51.25,51.25,51.15,51.15,1832253
1707112800,51.2,51.2,51.2,51.2,660740
1707116400,51.2,52.1,51.15,51.9,15873361
1707120000,51.9,51.95,51.5,51.65,4037362
1707123600,51.65,51.8,51.55,51.7,1933727
1707127200,51.7,52.65,51.65,52.35,19350287
1707130800,52.4,52.55,52.05,52.3,5420691
1707134400,52.3,52.4,52.05,52.4,3815024
1707138000,52.4,52.5,52.2,52.25,4749596
1707141600,52.3,52.6,52.25,52.25,6624834
1707145200,52.35,52.35,52.35,52.35,1486662
1707199200,52.5,52.5,52.5,52.5,521826
1707202800,52.45,52.55,51.55,51.7,12404939
1707206400,51.7,51.75,51.45,51.5,4431037
1707210000,51.5,51.65,51.4,51.65,1850139
1707213600,51.65,51.75,51.5,51.7,2060829
1707217200,51.65,51.9,51.55,51.75,4915551
1707220800,51.8,51.9,51.5,51.65,4548405
1707224400,51.65,52.3,51.6,52.1,9260108
1707228000,52.15,52.3,51.75,52.2,7643773
1707231600,52.3,52.3,52.3,52.3,1123106
1707285600,52.5,52.5,52.5,52.5,395297
1707289200,52.45,52.7,51.9,51.95,15248207
1707292800,51.9,52.05,51.7,51.9,5831422
1707296400,51.9,52.15,51.8,51.8,4333102
1707300000,51.85,51.9,51.7,51.75,3123199
1707303600,51.75,51.85,51.45,51.75,5339567
1707307200,51.75,51.85,51.65,51.75,3242950
1707310800,51.8,51.8,51.55,51.7,2016355
1707314400,51.65,51.75,51.3,51.35,5204809
1707318000,51.25,51.25,51.25,51.25,1861634
1707372000,51.3,51.3,51.3,51.3,431632
1707375600,51.35,51.65,50.9,51.35,12449361
1707379200,51.35,51.85,51.25,51.5,7505147
1707382800,51.5,51.6,51.25,51.3,4027966
1707386400,51.3,51.3,51.15,51.2,2640536
1707390000,51.15,51.3,51.1,51.15,3121297
1707393600,51.2,51.65,51.15,51.45,5249782
1707397200,51.5,51.55,51.1,51.15,3155414
1707400800,51.15,51.25,51,51.05,5059972
1707404400,51.05,51.35,51.05,51.35,1738631
1707458400,51.65,51.65,51.65,51.65,670297
1707462000,51.6,51.9,51.3,51.3,11583006
1707465600,51.35,51.45,51.2,51.35,4761201
1707469200,51.3,51.7,51.2,51.65,5114740
1707472800,51.65,52.1,51.6,52.05,10887633
1707476400,52.05,52.5,52.05,52.3,18275806
1707480000,52.3,52.45,52.1,52.25,11101412
1707483600,52.3,52.6,52,52.4,12068595
1707487200,52.4,52.5,51.95,51.95,8000932
1707490800,52.1,52.1,52.1,52.1,2241655
1707717600,53.35,53.35,53.35,53.35,2315636
1707721200,53.35,53.9,53.15,53.35,22664003
1707724800,53.35,53.35,52.65,52.7,9590186
1707728400,52.7,52.95,52.6,52.85,4860987
1707732000,52.85,52.85,52.65,52.65,3341835
1707735600,52.7,52.8,52.5,52.6,3703659
1707739200,52.55,53.05,52.45,53.05,6848764
1707742800,53,53.45,52.55,52.95,11852057
1707746400,52.95,53.5,52.85,53.4,9565679
1707750000,53.45,53.45,53.45,53.45,2179042
1707804000,53.5,53.5,53.5,53.5,680155
1707807600,53.55,54.1,53,53.7,17749669
1707811200,53.7,54.8,53.55,54.75,15967060
1707814800,54.8,55.25,54.65,55.1,14039085
1707818400,55.1,55.2,54.8,54.8,4653800
1707822000,54.85,55.25,54.55,55.25,8942543
1707825600,55.25,55.6,55.15,55.25,16427142
1707829200,55.25,55.5,55,55.15,7133431
1707832800,55.15,55.25,54.7,54.9,11010381
1707836400,54.95,54.95,54.95,54.95,1427342
1707890400,55.05,55.05,55.05,55.05,276206
1707894000,55.05,55.05,53.9,54.15,13663883
1707897600,54.1,54.25,53.75,53.95,6263823
1707901200,53.95,54.2,53.9,54.15,4303532
1707904800,54.15,54.2,53.9,54,2674863
1707908400,53.95,54,53.35,53.35,4364795
1707912000,53.4,53.7,53.25,53.55,6203082
1707915600,53.55,53.8,53.35,53.75,5736740
1707919200,53.8,54.85,53.75,54.65,12384945
1707922800,54.9,54.9,54.9,54.9,1589403
1707976800,54.9,54.9,54.9,54.9,368657
1707980400,54.9,56.5,54.8,55.8,19599990
1707984000,55.8,56,55.65,55.7,5445995
1707987600,55.7,55.85,55.45,55.7,2850210
1707991200,55.65,55.95,55.5,55.8,2767687
1707994800,55.8,56.15,55.65,56.05,3181957
1707998400,56.05,56.15,55.4,55.75,4696166
1708002000,55.75,56.05,55.55,55.7,4643122
1708005600,55.7,56.05,55.55,55.7,6228950
1708009200,55.7,55.85,55.7,55.85,1149725
1708063200,55.9,55.9,55.9,55.9,286968
1708066800,55.9,56.65,55.8,56.35,10009659
1708070400,56.3,56.4,55.7,56.15,4995766
1708074000,56.15,59.95,56.1,59.45,39331170
1708077600,59.4,59.6,58.75,58.85,6416859
1708081200,58.85,59.05,58.4,58.7,6290174
1708084800,58.75,59.3,58.55,58.8,6593903
1708088400,58.75,59,58.4,58.5,4473609
1708092000,58.45,58.8,57.8,58.2,6630844
1708095600,58.3,58.3,58.3,58.3,1067358
1708322400,58.5,58.5,58.5,58.5,350654
1708326000,58.55,58.95,58.2,58.65,9371679
1708329600,58.6,59.1,58.05,58.9,14600541
1708333200,58.9,59.35,58.5,59.05,7169501
1708336800,59.1,59.1,58.45,58.55,3804960
1708340400,58.5,59.35,58.45,59.05,6574576
1708344000,59.05,59.35,58.7,59.25,4354157
1708347600,59.25,59.85,58.85,59.15,12501743
1708351200,59.1,59.35,58.35,58.5,10473860
1708354800,58.5,58.5,58.5,58.5,1830851
1708408800,58.65,58.65,58.65,58.65,375247
1708412400,58.65,59.15,58.25,58.45,8068975
1708416000,58.5,58.9,58.35,58.6,4332727
1708419600,58.65,58.75,58.4,58.75,3550711
1708423200,58.75,58.85,58.45,58.6,2830011
1708426800,58.65,58.85,58.6,58.7,2192594
1708430400,58.75,59.2,58.65,58.8,5671154
1708434000,58.85,59.55,58.65,59.2,7972471
1708437600,59.2,59.55,58.9,59.4,7839290
1708441200,59.35,59.55,59.35,59.55,1383023
1708495200,60,60,60,60,1018133
1708498800,60,60.65,59.4,59.45,16446201
1708502400,59.4,59.55,59.2,59.4,5214451
1708506000,59.4,60.15,58.95,59.8,5211927
1708509600,59.8,60.45,59.65,60.4,8904844
1708513200,60.4,60.55,59.85,60.15,6212807
1708516800,60.15,60.25,59.75,60.05,5589913
1708520400,60.05,60.6,59.95,60.25,8922145
1708524000,60.2,60.6,59.7,60.45,9662429
1708527600,60.4,60.4,60.4,60.4,1595586
1708581600,60.4,60.4,60.4,60.4,524141
1708585200,60.45,61,59.8,60.5,11587608
1708588800,60.5,60.7,60.1,60.45,6680076
1708592400,60.5,61.2,60.45,60.75,7121740
1708596000,60.8,60.8,60.45,60.6,2865438
1708599600,60.65,60.8,60.45,60.7,5651600
1708603200,60.7,61.4,60.5,60.7,11066606
1708606800,60.7,61.7,60.7,61.65,9179628
1708610400,61.65,62.7,61.6,62.25,18984999
1708614000,62.2,62.4,62.2,62.4,1387822
1708668000,62.4,62.4,62.4,62.4,356912
1708671600,62.4,63.25,62,63.2,11624476
1708675200,63.2,63.35,62.7,62.95,4804184
1708678800,62.95,63,62.1,62.4,3563984
1708682400,62.4,62.9,62.2,62.65,3454901
1708686000,62.65,62.8,62.4,62.6,2236160
1708689600,62.65,62.75,61.3,61.4,6645948
1708693200,61.4,64.35,61.25,63.25,20825401
1708696800,63.3,63.4,62.85,63.15,5740301
1708700400,63.3,63.3,63.3,63.3,1580949
1708927200,63.5,63.5,63.5,63.5,375978
1708930800,63.45,65.1,63.45,64.35,14497075
1708934400,64.35,64.6,64,64.35,5405948
1708938000,64.35,66.4,64.3,66.2,16611840
1708941600,66.25,66.4,65.7,66.05,6170165
1708945200,66,66.25,65.75,65.9,3954644
1708948800,65.9,67.15,65.7,67.05,10919968
1708952400,67.05,67.25,66.5,66.95,7043442
1708956000,66.95,67.25,66.5,66.95,9877841
1708959600,66.95,66.95,66.5,66.5,1894017
1709013600,66.5,66.5,66.5,66.5,358427
1709017200,66.5,67.3,64.95,65.05,13315735
1709020800,65.05,65.5,64.8,65.25,6331336
1709024400,65.3,65.45,64.75,65.05,2376836
1709028000,65.05,65.1,63.95,64.25,4623580
1709031600,64.2,65.1,64.05,65,4770391
1709035200,65,65.9,64.45,64.7,5735430
1709038800,64.7,65,64.15,64.4,3688691
1709042400,64.35,64.4,63.2,63.3,8072239
1709046000,63.3,63.3,63.25,63.25,1522559
1709100000,63.25,63.25,63.25,63.25,382390
1709103600,63.25,64.8,62.55,64.35,16693425
1709107200,64.35,64.45,63.65,63.75,5419063
1709110800,63.75,64,63.6,63.9,2409623
1709114400,63.95,64.1,63.65,63.85,3606099
1709118000,63.85,63.95,62.95,63.1,4139460
1709121600,63.1,63.3,61.9,61.95,6798702
1709125200,61.95,62.6,61,61.5,15370186
1709128800,61.55,62,61.15,61.25,6676116
1709132400,60.9,60.9,60.9,60.9,1635619
1709186400,61,61,61,61,504727
1709190000,61.05,61.95,59.7,61.15,21145965
1709193600,61.2,61.3,60.2,60.35,5138167
1709197200,60.4,60.85,59.9,60.05,5509273
1709200800,60,60.1,59.3,59.5,7723245
1709204400,59.45,60.2,59.35,59.95,6418475
1709208000,59.95,60,59.4,59.5,4593966
1709211600,59.55,59.8,59.25,59.35,4794657
1709215200,59.35,59.9,59,59.7,11225520
1709218800,59.65,60,59.65,60,4104879
1709272800,60,60,60,60,444789
1709276400,60.05,60.9,59.65,60.5,11854500
1709280000,60.5,60.5,59.7,59.75,4753243
1709283600,59.75,59.9,59.55,59.7,3247121
1709287200,59.7,59.7,59.4,59.65,2016315
1709290800,59.65,59.7,59.35,59.6,2107590
1709294400,59.6,59.85,59.15,59.55,3300171
1709298000,59.5,59.65,59.2,59.25,2169365
1709301600,59.25,59.65,59,59.15,4762267
1709305200,59.2,59.2,59.2,59.2,1402834
1709532000,59.4,59.4,59.4,59.4,423027
1709535600,59.35,60.3,59.35,59.95,11368782
1709539200,59.9,59.95,58.95,59.5,6211199
1709542800,59.55,59.55,59.25,59.35,1807506
1709546400,59.3,59.45,59.2,59.2,1922347
1709550000,59.2,59.7,59.2,59.45,2973947
1709553600,59.5,59.55,58.7,59,3333260
1709557200,58.95,59,58.45,58.6,3237100
1709560800,58.6,59,58.2,58.55,5155707
1709564400,58.55,58.55,58.55,58.55,899033
1709618400,58.55,58.55,58.55,58.55,298954
1709622000,58.6,59.1,58.2,58.8,7802757
1709625600,58.85,59.2,58.7,58.75,3703513
1709629200,58.8,59.05,58.6,58.65,2463382
1709632800,58.65,58.75,58.05,58.2,4303068
1709636400,58.2,58.25,57.7,58.05,5834875
1709640000,58.05,58.4,57.9,58.15,3282968
1709643600,58.15,58.2,56.7,57.15,9009316
1709647200,57.15,57.65,56.65,56.75,8465994
1709650800,56.75,56.75,56.6,56.6,1575369
1709704800,56.55,56.55,56.55,56.55,358927
1709708400,56.5,57.4,56.45,56.95,11096598
1709712000,56.95,57.1,56.15,56.7,11590329
1709715600,56.65,56.95,56.65,56.85,4344275
1709719200,56.85,57.1,56.75,56.95,3628824
1709722800,56.95,57.1,56.25,56.6,5372429
1709726400,56.6,56.65,55.95,56.2,7857736
1709730000,56.15,56.4,55.6,55.85,7509846
1709733600,55.85,56.1,54.9,54.95,14713859
1709737200,54.9,54.9,54.9,54.9,2019974
1709791200,55.2,55.2,55.2,55.2,333975
1709794800,55.2,56.65,55.15,56.35,12125883
1709798400,56.35,56.6,56.1,56.35,3437800
1709802000,56.35,56.65,56.2,56.6,4027841
1709805600,56.6,57,56.5,56.7,4170942
1709809200,56.7,56.9,56.55,56.8,2544455
1709812800,56.8,57.05,56.65,56.9,4362882
1709816400,56.9,57,56.35,56.55,4512987
1709820000,56.5,57.05,56.3,57,6394095
1709823600,57.25,57.25,57.25,57.25,786466
1709877600,57.65,57.65,57.65,57.65,358536
1709881200,57.65,59.1,57.5,58.35,16840931
1709884800,58.35,58.4,57.65,57.65,5760897
1709888400,57.7,58.05,57.4,58,3286451
1709892000,58,58.05,57.55,57.6,2450849
1709895600,57.6,57.9,57.45,57.75,3013790
1709899200,57.75,58.05,57.65,57.85,2480771
1709902800,57.9,58.75,57.7,58.7,6940739
1709906400,58.75,58.75,58.2,58.45,5779817
1709910000,58.55,58.55,58.55,58.55,1570783
1710136800,60,60,60,60,848466
1710140400,60,60.05,59,59.15,6971542
1710144000,59.15,59.15,58.45,58.7,4812403
1710147600,58.65,58.85,58.3,58.55,6740299
1710151200,58.55,58.55,58.25,58.4,2485746
1710154800,58.4,58.4,57.6,57.8,5131351
1710158400,57.8,58.2,57.75,58.05,3694445
1710162000,58.05,58.05,57.05,57.15,4397912
1710165600,57.1,57.35,56.45,56.55,6609121
1710169200,56.6,56.6,56.6,56.6,1723536
1710223200,56.7,56.7,56.7,56.7,315628
1710226800,56.7,57.4,56.5,57.1,14409924
1710230400,57.15,57.25,55.85,56.25,7018354
1710234000,56.25,56.55,56.1,56.45,3083190
1710237600,56.45,56.65,56.1,56.5,2446828
1710241200,56.45,56.5,56.25,56.3,1606419
1710244800,56.3,56.6,55.8,55.9,3730820
1710248400,55.9,55.9,55.25,55.25,7443242
1710252000,55.25,55.65,54.95,55.5,5970515
1710255600,55.8,55.8,55.8,55.8,1111294
1710309600,56.1,56.1,56.1,56.1,341939
1710313200,56.05,56.2,55.2,55.5,6270825
1710316800,55.45,56.3,55.3,56,5380771
1710320400,56,56.15,55.8,55.9,2274485
1710324000,55.9,56.5,55.85,56.2,3196225
1710327600,56.2,56.6,56,56.55,2755730
1710331200,56.55,56.9,56.1,56.3,4817596
1710334800,56.3,56.5,55.7,55.7,3557700
1710338400,55.7,56.15,55.4,55.6,4993979
1710342000,55.6,55.6,55.6,55.6,1074551
1710396000,55.75,55.75,55.75,55.75,330023
1710399600,55.75,55.9,55.45,55.55,6405210
1710403200,55.55,55.75,55.2,55.45,3469909
1710406800,55.45,56.25,55.15,56,5363723
1710410400,56,56.25,55.8,55.95,2963956
1710414000,55.9,56.5,55.5,56.4,2477678
1710417600,56.4,56.55,56,56.3,2018409
1710421200,56.3,56.8,56.1,56.25,5298355
1710424800,56.25,56.4,55.7,56.05,4089193
1710428400,56.4,56.4,56.4,56.4,1007481
1710482400,56.6,56.6,56.6,56.6,331113
1710486000,56.6,56.7,56.05,56.65,4080404
1710489600,56.6,57,56.4,56.9,3371127
1710493200,56.95,57.15,56.8,57,2661549
1710496800,57,57.35,56.9,57.15,3325895
1710500400,57.1,57.25,56.9,57.05,1845491
1710504000,57.05,57.05,56.65,56.8,2123733
1710507600,56.85,57.2,56.7,57.15,1961879
1710511200,57.15,57.7,56.5,57.5,7738099
1710514800,57.65,57.65,57.65,57.65,2963176
1710741600,57.65,57.65,57.65,57.65,361769
1710745200,57.65,57.7,56.65,57,7349290
1710748800,56.95,57.25,56.65,57.15,2715827
1710752400,57.15,57.15,56.5,56.6,2129697
1710756000,56.65,56.8,56.45,56.6,1898789
1710759600,56.6,56.6,55.85,55.95,3337774
1710763200,56,56.2,55.75,55.8,2385399
1710766800,55.8,55.8,55,55.25,4670249
1710770400,55.25,55.4,54.85,55.35,6597398
1710774000,55.15,55.15,55.15,55.15,1528233
1710828000,55.15,55.15,55.15,55.15,351659
1710831600,55.15,55.8,55,55.8,9164150
1710835200,55.8,55.85,55.35,55.7,2578103
1710838800,55.7,56.05,55.6,56,4009213
1710842400,56.05,56.25,55.95,56.2,4433927
1710846000,56.2,56.6,56,56.15,3076466
1710849600,56.15,56.35,55.95,56.1,2293472
1710853200,56.05,56.45,56.05,56.2,3514748
1710856800,56.2,56.55,56.1,56.35,4585874
1710860400,56.2,56.2,56.2,56.2,2259257
1710914400,56,56,56,56,335250
1710918000,56,56.3,55.6,56.1,7224801
1710921600,56.15,56.45,55.85,55.95,6354660
1710925200,56,56.05,55.75,55.85,2015545
1710928800,55.9,56.1,55.75,55.8,1390409
1710932400,55.8,56,55.7,56,1007678
1710936000,56,56.45,55.95,56.4,3915568
1710939600,56.4,56.6,55.8,56.4,6960662
1710943200,56.45,56.55,56,56.05,4690054
1710946800,55.95,55.95,55.95,55.95,1525828
1711000800,56.4,56.4,56.4,56.4,336179
1711004400,56.4,58.55,56.4,58.15,29492657
1711008000,58.15,58.35,57.85,58.2,7210276
1711011600,58.2,58.3,57.9,58.25,5495668
1711015200,58.25,58.4,58.05,58.1,7593920
1711018800,58.05,58.15,57.35,57.95,16387227
1711022400,57.95,58.05,57.65,58.05,6194058
1711026000,58,58.4,57.95,58.2,12546874
1711029600,58.25,58.35,57.9,57.9,10834394
1711033200,57.9,57.9,57.9,57.9,1931185
1711087200,57.95,57.95,57.95,57.95,1156840
1711090800,57.9,58.15,57.45,57.7,13949881
1711094400,57.7,58.45,57.65,58.4,10672856
1711098000,58.45,58.45,57.8,57.9,9548486
1711101600,57.85,57.95,57.7,57.8,1879774
1711105200,57.8,57.9,57.6,57.7,2899633
1711108800,57.75,57.9,57.6,57.8,2363696
1711112400,57.8,57.8,56.9,56.9,7687745
1711116000,56.9,56.9,56.2,56.4,12288705
1711119600,56.35,56.35,56.35,56.35,2173301
1711346400,56.35,56.35,56.35,56.35,757972
1711350000,56.4,57.4,56.35,57.25,16316727
1711353600,57.25,57.65,57.15,57.6,7296360
1711357200,57.6,57.6,57.2,57.4,2897609
1711360800,57.4,58,57.3,57.8,6620239
1711364400,57.8,57.85,57.45,57.6,3071985
1711368000,57.55,57.65,57.1,57.15,3461489
1711371600,57.1,57.2,55.9,55.95,6352732
1711375200,56,56.05,55,55.25,9449025
1711378800,55.2,55.2,55.2,55.2,1404117
1711432800,55.6,55.6,55.6,55.6,454241
1711436400,55.6,55.95,54.85,55.2,12675080
1711440000,55.2,55.2,54.4,54.45,4629281
1711443600,54.5,54.5,54.1,54.15,2701783
1711447200,54.15,54.5,53.7,54.25,6223401
1711450800,54.25,54.6,54.15,54.2,2241017
1711454400,54.15,54.4,53.75,54.35,2372762
1711458000,54.35,54.4,53.2,53.25,4625675
1711461600,53.3,53.6,52.85,53.3,7200306
1711465200,53,53,53,53,1940028
1711519200,54,54,54,54,1339969
1711522800,54,54.4,52.1,53.65,20206836
1711526400,53.6,53.8,52.75,53.2,5233508
1711530000,53.25,53.8,53.2,53.8,2297890
1711533600,53.8,53.95,53.5,53.9,3307425
1711537200,53.9,54.75,53.85,54.35,7380443
1711540800,54.35,56.35,54.3,55.95,14313717
1711544400,56,56.45,55.6,55.8,7653930
1711548000,55.8,56.3,55.7,55.9,6712062
1711551600,55.7,55.7,55.7,55.7,1658784
1711605600,55.7,55.7,55.7,55.7,513987
1711609200,55.75,56.65,55.35,56.6,11093632
1711612800,56.65,56.95,56.05,56.7,11278478
1711616400,56.7,56.75,56.3,56.55,2483351
1711620000,56.5,56.65,56.4,56.55,2125515
1711623600,56.5,56.6,56.15,56.5,2382795
1711627200,56.5,56.75,56.3,56.45,4657592
1711630800,56.45,56.65,55.7,55.95,3347954
1711634400,55.9,56.2,55.25,55.55,5103346
1711638000,55.45,55.45,55.45,55.45,1842142
1711692000,55.8,55.8,55.8,55.8,450476
1711695600,55.75,56.8,55.7,56.1,12704583
1711699200,56.1,56.15,55.5,55.75,3352565
1711702800,55.7,55.9,55.6,55.85,1654260
1711706400,55.9,56.05,55.8,55.9,1633896
1711710000,55.85,56.4,55.85,56.35,5636638
1711713600,56.35,56.55,55.8,56.05,3610496
1711717200,56.05,56.1,55.65,55.95,2137744
1711720800,55.95,56.25,55.65,55.95,4680879
1711724400,55.95,56.1,55.95,56.1,1068898
1711951200,55.6,55.6,55.6,55.6,341735
1711954800,55.6,55.85,54.7,54.85,14065280
1711958400,54.9,55.15,54.55,54.75,5508150
1711962000,54.75,54.9,54.25,54.45,2926808
1711965600,54.45,54.7,54.2,54.5,1751392
1711969200,54.5,55,54.45,54.6,1919893
1711972800,54.6,55.25,54.3,54.9,3511081
1711976400,54.95,55.45,54.75,55.3,3097080
1711980000,55.35,55.4,54.8,55.1,2439676
1711983600,54.9,54.9,54.9,54.9,957164
1712037600,55,55,55,55,329453
1712041200,55.05,56,55.05,55.8,8918112
1712044800,55.8,55.8,55.1,55.2,3233832
1712048400,55.15,55.2,54.9,55.05,1948491
1712052000,55,55.25,54.2,54.25,2858727
1712055600,54.25,54.55,54.15,54.5,3017031
1712059200,54.5,54.5,53.2,53.25,5206592
1712062800,53.25,53.55,52.65,52.8,5724837
1712066400,52.75,52.8,51.8,52.45,7791317
1712070000,52.45,52.45,52.45,52.45,1082041
1712124000,52.2,52.2,52.2,52.2,244025
1712127600,52.15,52.6,51.55,52.25,7343014
1712131200,52.25,52.65,52.2,52.55,3741962
1712134800,52.55,53.3,52.4,53.15,4503749
1712138400,53.2,53.25,53,53.15,2568668
1712142000,53.15,53.2,52.35,52.45,2428313
1712145600,52.45,52.5,52.1,52.4,1644366
1712149200,52.4,52.5,52,52.25,1637378
1712152800,52.3,52.75,52.25,52.55,2611546
1712156400,52.45,52.45,52.45,52.45,886847
1712210400,52.8,52.8,52.8,52.8,348040
1712214000,52.8,53.4,52.5,52.55,6439950
1712217600,52.6,53.05,52.4,53,3339718
1712221200,53,54.3,52.95,54.25,6719752
1712224800,54.25,54.75,54.05,54.45,4558488
1712228400,54.5,54.6,53.75,53.8,2208414
1712232000,53.8,53.8,53.05,53.3,3729967
1712235600,53.25,53.65,53,53.4,2355197
1712239200,53.4,53.85,53.05,53.8,4916281
1712242800,53.8,53.85,53.8,53.85,705131
1712296800,54.1,54.1,54.1,54.1,273228
1712300400,54.15,55.2,54.1,55,6421582
1712304000,55,55.7,54.8,55.5,6420230
1712307600,55.5,55.7,55.3,55.4,2763676
1712311200,55.35,55.55,55.1,55.3,2121526
1712314800,55.3,56.95,55.2,56.9,8889422
1712318400,56.9,57.4,56.65,57.25,7520870
1712322000,57.25,58.15,57.25,57.9,8382024
1712325600,57.9,58.55,57.6,58,7191873
1712329200,58.45,58.45,58.45,58.45,1100004
1712556000,58.65,58.65,58.65,58.65,564747
1712559600,58.65,59.25,58.15,58.9,13660281
1712563200,58.9,58.95,58.3,58.5,4178507
1712566800,58.5,59,58.35,58.7,3990398
1712570400,58.75,58.85,58.55,58.7,2147537
1712574000,58.75,58.75,58.3,58.4,3462760
1712577600,58.45,59.15,58.3,59.05,3624884
1712581200,59.05,59.15,58.25,58.65,5509365
1712584800,58.65,58.9,58.45,58.8,4407133
1712588400,58.8,58.8,58.8,58.8,884449
1712642400,59.1,59.1,59.1,59.1,336420
1712646000,59.05,59.1,58.45,58.9,4025897
1712649600,58.9,59.05,58.6,58.8,2637023
1712653200,58.8,58.85,58.5,58.5,3142734
1713160800,59.45,59.45,59.45,59.45,1881262
1713164400,59.45,59.95,58.65,59.35,24947752
1713168000,59.4,60.05,59.35,59.7,10569671
1713171600,59.7,59.75,59.3,59.4,4464308
1713175200,59.4,59.65,59.2,59.45,3710098
1713178800,59.4,59.55,59.25,59.45,2595348
1713182400,59.45,59.45,58.95,59.2,3748457
1713186000,59.2,59.5,59.05,59.2,4277634
1713189600,59.2,59.35,58.35,58.7,6459927
1713193200,58.1,58.1,58.1,58.1,1845343
1713247200,57.85,57.85,57.85,57.85,334398
1713250800,57.8,58.85,57.55,58.75,12225690
1713254400,58.7,59.15,58.6,59.1,6896400
1713258000,59.1,59.1,58.15,58.5,3521231
1713261600,58.5,58.95,58.35,58.9,2061464
1713265200,58.9,59.2,58.7,59,3525485
1713268800,58.95,59,58.45,58.55,2189374
1713272400,58.55,58.8,58.4,58.7,1883472
1713276000,58.7,59.15,58.55,58.6,4783069
1713279600,58.6,58.6,58.55,58.55,952063
1713333600,58.7,58.7,58.7,58.7,375933
1713337200,58.7,59.3,58.5,59.3,8334176
1713340800,59.25,59.35,58.85,59,3952989
1713344400,58.95,59.1,58.9,58.95,1413791
1713348000,58.95,59,58.35,58.4,2959160
1713351600,58.35,58.9,58,58.3,3881350
1713355200,58.25,58.35,57.8,57.95,2959734
1713358800,57.95,58.05,57.6,57.65,2185983
1713362400,57.6,58.05,57.25,57.7,3852078
1713366000,57.7,57.7,57.7,57.7,1187281
1713420000,57.75,57.75,57.75,57.75,453244
1713423600,57.8,58.55,57.7,58.15,7733282
1713427200,58.1,58.45,57.75,58.05,3363067
1713430800,58.1,58.15,57.8,58.1,1926257
1713434400,58.1,58.1,57.75,57.85,1214045
1713438000,57.8,58.05,57.8,58,1717087
1713441600,58,58.15,57.55,57.75,2440517
1713445200,57.75,57.75,56.95,57.15,3136337
1713448800,57.15,57.8,56.9,57.75,5957806
1713452400,57.75,57.75,57.65,57.65,1150604
1713506400,57.95,57.95,57.95,57.95,462649
1713510000,58,58.45,57.75,58.05,10358544
1713513600,58,58.1,57.85,57.95,1987780
1713517200,57.9,58.05,57.8,58,1285063
1713520800,57.95,58,57.25,57.3,2192357
1713524400,57.3,57.9,57.1,57.7,2563696
1713528000,57.65,58.6,57.65,58.4,7309383
1713531600,58.35,58.9,58.35,58.6,6421437
1713535200,58.6,58.8,58.4,58.5,4957686
1713538800,58.7,58.7,58.7,58.7,1355598
1713765600,59.25,59.25,59.25,59.25,764683
1713769200,59.2,59.6,58.8,59.2,13178646
1713772800,59.2,59.55,58.95,59.1,6548086
1713776400,59.1,59.15,58.9,58.95,1760016
1713780000,58.9,59,58.65,58.9,4654317
1713783600,58.9,58.95,58.55,58.75,4331719
1713787200,58.75,58.8,58.4,58.45,2933342
1713790800,58.45,58.55,58.1,58.35,2721041
1713794400,58.4,58.4,57.85,57.95,4310618
1713798000,57.8,57.8,57.8,57.8,1382634
1713938400,58.15,58.15,58.15,58.15,576648
1713942000,58.2,58.3,57.7,57.95,6762978
1713945600,57.95,58.4,57.9,57.95,5355493
1713949200,57.95,58.1,57.9,58.05,2308221
1713952800,58.05,58.05,57.7,57.8,2374516
1713956400,57.85,57.9,57.35,57.5,2309503
1713960000,57.45,57.8,57.35,57.75,2280551
1713963600,57.75,58.6,57.75,58.25,7965052
1713967200,58.25,58.4,57.9,58.25,7544075
1713970800,58.3,58.3,58.3,58.3,1445429
1714024800,58.5,58.5,58.5,58.5,353934
1714028400,58.5,58.75,58.2,58.25,4468677
1714032000,58.25,58.45,58.2,58.4,1643313
1714035600,58.45,58.6,58.35,58.5,2030806
1714039200,58.5,58.7,58.45,58.65,3467452
1714042800,58.65,58.9,58.35,58.7,8856994
1714046400,58.7,58.8,58.15,58.2,3704530
1714050000,58.15,58.3,57.6,57.65,3648027
1714053600,57.6,57.9,57.15,57.45,7737358
1714057200,57.45,57.45,57.45,57.45,1686087
1714111200,57.55,57.55,57.55,57.55,313672
1714114800,57.6,58.25,57.4,58.15,7880848
1714118400,58.2,59.25,58,59.15,11098646
1714122000,59.2,59.65,58.95,59.3,10084065
1714125600,59.25,59.6,59.1,59.2,4453065
1714129200,59.15,59.25,58.95,59,2052436
1714132800,59,59.25,58.9,59.1,2164987
1714136400,59.15,59.45,59.05,59.25,6162993
1714140000,59.2,59.85,58.95,59.1,12777583
1714143600,59.1,59.1,59.1,59.1,1772467
1714370400,59.5,59.5,59.5,59.5,535105
1714374000,59.5,59.6,58.65,58.9,7347340
1714377600,58.9,61.4,58.8,60.85,25381821
1714381200,60.85,61.35,60.7,61.25,5824330
1714384800,61.2,61.35,60.85,61.05,3555491
1714388400,61.05,61.35,60.75,60.9,5618196
1714392000,60.85,61,60.65,60.95,3194922
1714395600,60.95,61.3,60.9,61.2,3546395
1714399200,61.2,62.25,61.1,62.05,11327928
1714402800,62,62.05,62,62.05,1622969
1714456800,61.55,61.55,61.55,61.55,476153
1714460400,61.55,61.7,61.1,61.3,6861479
1714464000,61.3,61.7,61.05,61.25,5267933
1714467600,61.3,61.55,61.25,61.35,2388147
1714471200,61.4,61.55,60.85,61.05,4496458
1714474800,61.1,62,60.85,61.15,11138674
1714478400,61.15,61.65,60.7,60.75,6882032
1714482000,60.75,61.15,60.75,60.9,3918039
1714485600,60.95,61.2,60.45,60.7,6088934
1714489200,60.7,60.75,60.7,60.75,2156669
1714629600,61,61,61,61,443346
1714633200,61.05,62.1,60.9,61.9,14010617
1714636800,61.9,62.15,61.55,61.8,6066072
1714640400,61.8,61.95,61.55,61.8,6623550
1714644000,61.85,61.95,61.5,61.6,2864985
1714647600,61.6,61.8,61.4,61.45,3545221
1714651200,61.45,61.85,61.4,61.75,3045942
1714654800,61.7,62.05,61.7,62,4971946
1714658400,62,62.35,61.8,62.05,7323682
1714662000,62.05,62.1,62.05,62.1,2039055
1714716000,62.2,62.2,62.2,62.2,490715
1714719600,62.2,63.2,62.15,62.8,14171989
1714723200,62.75,62.95,62.3,62.35,4459021
1714726800,62.35,62.55,62.2,62.5,2683705
1714730400,62.55,62.6,62.1,62.45,2925762
1714734000,62.4,62.65,62.15,62.2,3776557
1714737600,62.25,62.25,61.5,61.85,5856489
1714741200,61.85,62.1,61.5,62.05,5602824
1714744800,62.1,62.35,61.9,62.2,7033917
1714748400,62.2,62.2,62.2,62.2,1310308
1714975200,62.3,62.3,62.3,62.3,533123
1714978800,62.25,62.5,61.85,62.1,7203892
1714982400,62.1,62.65,62.05,62.5,4758932
1714986000,62.5,63,62.35,62.95,5944856
1714989600,62.95,63.05,62.65,62.8,3202879
1714993200,62.8,62.9,62.55,62.65,4794214
1714996800,62.6,62.75,62.3,62.45,2537486
1715000400,62.4,62.9,62.3,62.8,4303724
1715004000,62.8,62.85,62.4,62.45,3964359
1715007600,62.5,62.5,62.4,62.4,1045318
1715061600,62.45,62.45,62.45,62.45,296613
1715065200,62.5,63.05,62.2,62.6,9362315
1715068800,62.6,62.7,61.8,61.95,5167813
1715072400,61.9,61.95,61.4,61.45,4028694
1715076000,61.45,61.55,61.05,61.1,4291344
1715079600,61.1,61.5,61.05,61.45,3174428
1715083200,61.45,61.55,61.25,61.3,2297033
1715086800,61.3,62.15,61.1,62,6929471
1715090400,62.05,62.45,61.95,62.2,10126031
1715094000,62.3,62.3,62.3,62.3,1372018
1715148000,62.5,62.5,62.5,62.5,362029
1715151600,62.45,62.85,62.15,62.55,10293471
1715155200,62.5,62.7,62.25,62.35,5509297
1715158800,62.35,62.6,62.25,62.35,2688473
1715162400,62.35,62.45,62.1,62.25,1649872
1715166000,62.25,62.8,62.15,62.7,3384995
1715169600,62.7,62.75,61.7,61.75,4235319
1715173200,61.75,62.65,61.65,62.6,6346431
1715176800,62.6,62.65,62.2,62.45,4458417
1715180400,62.4,62.4,62.4,62.4,1670923
1715234400,62.4,62.4,62.4,62.4,380055
1715238000,62.45,63.35,62.45,62.95,15329226
1715241600,62.95,63.05,62.4,62.65,4180831
1715245200,62.65,63.25,62.55,63.1,5954816
1715248800,63.1,63.2,62.85,63.1,3660363
1715252400,63.1,63.7,62.7,63.6,8790289
1715256000,63.65,63.85,63.35,63.55,5338386
1715259600,63.6,63.75,63.5,63.6,2298158
1715263200,63.6,64,63.45,63.55,7186826
1715266800,63.4,63.4,63.4,63.4,1637182
1715320800,63.4,63.4,63.4,63.4,379923
1715324400,63.45,64.2,63.3,64,10655869
1715328000,64,64.15,63.6,63.9,4048483
1715331600,63.9,64.3,63.75,64.2,4156433
1715335200,64.2,64.4,64.05,64.15,4534297
1715338800,64.2,64.25,64,64.25,2210042
1715342400,64.2,64.3,64,64.25,4499031
1715346000,64.3,64.55,63.8,63.85,5261360
1715349600,63.9,63.9,63.2,63.45,6537192
1715353200,63.4,63.4,63.4,63.4,1562897
1715580000,63.4,63.4,63.4,63.4,298014
1715583600,63.4,63.9,62.4,62.8,7090526
1715587200,62.75,63.7,62.6,63.25,11139893
1715590800,63.2,63.35,63,63.3,1388980
1715594400,63.25,63.3,62.75,62.75,1588265
1715598000,62.75,62.95,62.6,62.65,1360935
1715601600,62.7,63,62.55,62.8,2051640
1715605200,62.75,63.45,62.35,63.35,4600168
1715608800,63.35,63.75,62.3,62.4,6619493
1715612400,62.4,62.4,62.4,62.4,1074540
1715666400,62.15,62.15,62.15,62.15,365286
1715670000,62.15,62.5,61,61.1,8208440
1715673600,61.05,61.2,60.8,61.05,4571254
1715677200,61.05,61.35,60.9,61.2,3347465
1715680800,61.2,61.2,61,61.1,3225725
1715684400,61.1,61.3,60.95,61.15,2234697
1715688000,61.15,61.95,61.05,61.95,5508877
1715691600,61.95,62.85,61.85,62.35,7905297
1715695200,62.35,62.35,60.8,60.9,9087309
1715698800,60.85,60.85,60.85,60.85,1099771
1715752800,61,61,61,61,369108
1715756400,60.95,61.45,60.65,60.75,7079300
1715760000,60.75,60.85,60.3,60.65,3311333
1715763600,60.65,60.7,60.15,60.3,2632796
1715767200,60.3,60.3,60.05,60.15,1667493
1715770800,60.1,60.35,59.9,60.15,1969889
1715774400,60.15,60.5,60,60.25,2524466
1715778000,60.25,60.25,59.55,59.85,3439887
1715781600,59.85,60.55,59.75,59.9,4394909
1715785200,59.95,59.95,59.95,59.95,1039648
1715839200,60.1,60.1,60.1,60.1,255231
1715842800,60.1,61.2,60.05,60.9,7538202
1715846400,60.95,61,60.15,60.3,4962189
1715850000,60.3,60.9,60.1,60.75,3322536
1715853600,60.75,60.8,60.55,60.6,1545036
1715857200,60.6,60.7,60.4,60.7,2208364
1715860800,60.7,60.75,60.15,60.2,4227079
1715864400,60.15,60.3,59.95,60.1,3467363
1715868000,60.1,60.7,60.1,60.6,6404709
1715871600,60.7,60.7,60.7,60.7,1455015
1715925600,61,61,61,61,406942
1715929200,61,61.75,61,61.35,11057382
1715932800,61.35,61.4,60.95,61.35,4880599
1715936400,61.4,61.95,61.2,61.75,5196229
1715940000,61.75,61.8,61.15,61.5,3599439
1715943600,61.45,61.5,61.15,61.4,3602662
1715947200,61.4,61.55,61.2,61.45,3815104
1715950800,61.5,61.65,61.4,61.6,4647844
1715954400,61.6,61.65,61.25,61.5,6209294
1715958000,61.45,61.45,61.45,61.45,2443524
1716184800,61.95,61.95,61.95,61.95,986919
1716188400,61.95,63.05,61.9,62.95,14943331
1716192000,62.95,63.25,62.85,63.15,6734078
1716195600,63.15,63.25,62.9,63.2,3150825
1716199200,63.2,63.4,63,63.1,2600434
1716202800,63.15,63.15,62.25,62.35,4455846
1716206400,62.35,62.45,62.2,62.3,2709777
1716210000,62.3,62.55,62.15,62.25,3731085
1716213600,62.3,62.7,62.2,62.35,7170286
1716217200,62.2,62.2,62.2,62.2,1629751
1716271200,62.4,62.4,62.4,62.4,377690
1716274800,62.4,63,62.35,62.9,10714454
1716278400,62.9,63.4,62.25,63.3,14703787
1716282000,63.3,63.5,62.75,63.15,9723157
1716285600,63.15,63.2,62.9,63.05,6045009
1716289200,63.05,63.25,62.7,62.75,5173035
1716292800,62.75,62.85,61.75,62.1,11940206
1716296400,62.1,62.3,61.65,61.9,8095666
1716300000,61.9,62.05,61.3,61.4,5624672
1716303600,61.4,61.4,61.4,61.4,1464205
1716357600,61.6,61.6,61.6,61.6,412255
1716361200,61.6,61.95,61.25,61.4,6316681
1716364800,61.4,61.85,61.3,61.45,4068192
1716368400,61.45,61.55,61.2,61.4,2201317
1716372000,61.4,61.7,61.35,61.35,1571530
1716375600,61.35,61.5,61,61,2746937
1716379200,61,61.6,60.95,61.05,3121124
1716382800,61.05,62,61,61.85,6644627
1716386400,61.85,61.9,61.4,61.55,4242570
1716390000,61.5,61.5,61.5,61.5,1528839
1716444000,61.55,61.55,61.55,61.55,313400
1716447600,61.6,62.3,61.55,62.15,12325838
1716451200,62.15,62.3,61.85,61.9,3952796
1716454800,61.95,62.25,61.85,62.05,3237188
1716458400,62.05,62.2,62,62.1,1943862
1716462000,62.1,62.6,62,62.3,8250672
1716465600,62.3,62.35,61.95,62.1,4007807
1716469200,62.1,62.4,61.2,61.4,7030682
1716472800,61.4,61.4,60.55,60.65,6275401
1716476400,60.65,60.65,60.5,60.5,1530024
1716530400,60.5,60.5,60.5,60.5,535343
1716534000,60.55,60.9,60.25,60.65,6094389
1716537600,60.65,60.7,60.3,60.35,2348460
1716541200,60.35,60.5,60.05,60.2,2093345
1716544800,60.15,60.25,59.85,60,2247103
1716548400,60,60.3,59.85,60.2,1760846
1716552000,60.2,60.35,59.7,59.85,2897579
1716555600,59.8,60.2,59.75,59.85,2091181
1716559200,59.85,59.95,59.15,59.25,5740366
1716562800,59.25,59.25,59.25,59.25,1383067
1716789600,59.5,59.5,59.5,59.5,440752
1716793200,59.45,60.1,59.2,59.8,8312244
1716796800,59.75,60.05,59.55,60,2019743
1716800400,60,60.3,59.85,60.1,2963116
1716804000,60.05,60.35,59.8,59.85,1859533
1716807600,59.85,60.25,59.85,60.15,2444656
1716811200,60.15,60.15,59.4,59.65,2682403
1716814800,59.65,60.5,59.65,59.95,5442780
1716818400,59.95,60.5,59.9,59.95,5116434
1716822000,59.95,60.05,59.95,60.05,1028761
1716876000,60.15,60.15,60.15,60.15,454598
1716879600,60.1,60.25,59.65,59.75,4047710
1716883200,59.8,59.9,59.5,59.8,2262397
1716886800,59.8,59.9,59.45,59.75,1376842
1716890400,59.7,59.9,59.55,59.65,806598
1716894000,59.65,59.85,59.55,59.55,1370950
1716897600,59.6,59.9,59.45,59.65,2284269
1716901200,59.7,60.1,59.6,60.05,3258768
1716904800,60.05,60.1,59.6,59.7,4229523
1716908400,59.65,59.65,59.6,59.6,1291608
1716962400,60,60,60,60,770431
1716966000,60.05,60.5,59.3,59.35,9019683
1716969600,59.35,59.5,59,59.05,2718207
1716973200,59.05,59.2,58.95,59,1390878
1716976800,59,59.05,58.4,58.45,2154735
1716980400,58.4,58.55,58.2,58.25,2069529
1716984000,58.25,58.3,57.75,58,3190467
1716987600,58,58.35,57.95,58.2,2515059
1716991200,58.2,58.35,57.4,57.65,4909521
1716994800,57.65,57.65,57.55,57.55,1038742
1717048800,58.7,58.7,58.7,58.7,1543253
1717052400,58.75,60.1,58.7,59.75,16306114
1717056000,59.75,60.15,59.7,60.05,5348376
1717059600,60.05,60.05,59.6,59.8,2019772
1717063200,59.75,60.05,59.7,59.95,2954317
1717066800,59.9,60.05,59.55,59.95,5257744
1717070400,59.95,59.95,59.1,59.15,4477315
1717074000,59.1,60.05,59,59.95,5965778
1717077600,60,60.25,59.85,60,8726829
1717081200,60,60.1,60,60.1,970613
1717135200,60.3,60.3,60.3,60.3,354046
1717138800,60.25,60.85,60,60.7,8632430
1717142400,60.65,60.9,60.5,60.55,6679758
1717146000,60.55,60.8,60.2,60.45,3705404
1717149600,60.45,60.45,59.6,59.65,3480155
1717153200,59.7,60.05,59.5,59.95,3914581
1717156800,59.9,60.05,59.3,59.35,2539118
1717160400,59.35,59.4,58.65,58.7,4630226
1717164000,58.7,59.05,58.35,59.05,6947303
1717167600,58.65,58.65,58.65,58.65,6462765
1717394400,58.95,58.95,58.95,58.95,381205
1717398000,59,59.15,58.35,58.6,5810678
1717401600,58.65,59.35,58.6,59,4175364
1717405200,59.05,59.6,58.6,59.3,3576063
1717408800,59.3,59.45,59.05,59.05,1472113
1717412400,59.1,59.55,59.05,59.5,2227300
1717416000,59.5,60.25,59.45,60.1,6840042
1717419600,60.1,60.5,59.9,60.1,5107024
1717423200,60.05,60.6,59.8,60.5,4437031
1717426800,60.5,60.5,60.4,60.4,894242
1717480800,60.4,60.4,60.4,60.4,309125
1717484400,60.35,60.75,60.15,60.5,6134662
1717488000,60.5,60.75,60.4,60.55,3020101
1717491600,60.55,60.65,60.05,60.1,2046614
1717495200,60.05,60.15,59.3,59.45,3478338
1717498800,59.45,59.85,59.3,59.55,3564152
1717502400,59.5,59.7,59.35,59.55,1675299
1717506000,59.6,59.8,59.45,59.55,3265352
1717509600,59.6,60.3,59.2,59.3,6683371
1717513200,59.3,59.3,59.2,59.2,1500397
1717567200,59.5,59.5,59.5,59.5,318235
1717570800,59.45,59.6,58.5,58.95,8301198
1717574400,58.95,59.2,58.6,58.85,4691399
1717578000,58.8,59.5,58.75,59.3,5803614
1717581600,59.25,59.55,59.15,59.2,3085071
1717585200,59.2,59.4,59,59.1,2569441
1717588800,59.05,59.25,58.85,58.9,2517611
1717592400,58.95,59.8,58.75,59.7,7693636
1717596000,59.7,59.85,58.85,58.95,8820582
1717599600,59,59,59,59,1060577
1717653600,59.35,59.35,59.35,59.35,417037
1717657200,59.3,60.5,59.15,60.45,12964374
1717660800,60.45,60.6,60.2,60.25,5055188
1717664400,60.2,61.4,60.2,61.2,10461290
1717668000,61.15,61.25,60.55,60.65,4877650
1717671600,60.7,61.1,60.6,61,2153512
1717675200,61.05,61.1,60.55,60.65,2500604
1717678800,60.65,60.7,60.15,60.3,2991118
1717682400,60.35,60.65,60.2,60.5,3109335
1717686000,60.5,60.5,60.45,60.45,1386619
1717740000,61,61,61,61,431087
1717743600,61,61.7,60.6,60.9,9271536
1717747200,60.9,61.1,60.25,60.25,4276731
1717750800,60.3,60.75,60.15,60.65,2662703
1717754400,60.6,60.75,60.3,60.5,1517978
1717758000,60.45,61,60.45,60.95,2362013
1717761600,60.95,61.1,60.45,60.6,3291410
1717765200,60.65,61.1,60.55,60.6,3393420
1717768800,60.6,60.8,60.35,60.6,4731004
1717772400,60.6,60.65,60.6,60.65,1561554
1717999200,60.65,60.65,60.65,60.65,541007
1718002800,60.7,60.75,59.35,59.95,6027933
1718006400,59.95,60.05,59.6,59.8,2202110
1718010000,59.8,59.8,59.5,59.6,1251971
1718013600,59.6,59.7,59.25,59.35,1462152
1718017200,59.3,59.35,58.95,59.05,2261443
1718020800,59.1,59.1,58.55,58.8,1589607
1718024400,58.75,59.2,58.7,59,1893298
1718028000,59,59.05,58.1,58.2,3039646
1718031600,58.2,58.3,58.2,58.3,930961
1718085600,58.1,58.1,58.1,58.1,323597
1718089200,58.1,58.5,57.6,58.25,5976020
1718092800,58.3,58.3,57.55,57.7,4809595
1718096400,57.7,57.75,57.3,57.55,4846738
1718100000,57.55,58.15,57.45,57.85,6939545
1718103600,57.85,57.95,57.55,57.6,2358854
1718107200,57.55,57.85,57.35,57.6,5539425
1718110800,57.65,57.8,57.45,57.7,2878768
1718114400,57.75,57.75,56.6,57,6989963
1718118000,57,57,56.95,57,1137324
1718172000,57,57,57,57,339642
1718175600,57,58.25,56.85,58,6738435
1718179200,58,58.45,57.75,57.8,4521406
1718182800,57.85,58.05,57.7,57.7,2037603
1718186400,57.7,58.15,57.65,57.65,2733175
1718190000,57.7,57.85,57.05,57.1,2199627
1718193600,57.05,57.25,56.85,57.05,2901132
1718197200,57.05,57.85,56.95,57.35,5653594
1718200800,57.35,57.9,57.2,57.7,5026436
1718204400,57.7,57.7,57.6,57.6,1476792
1718258400,58.6,58.6,58.6,58.6,596322
1718262000,58.6,59.5,58.3,59.45,9250186
1718265600,59.45,59.65,59.15,59.4,5149770
1718269200,59.45,59.6,59.3,59.5,2963274
1718272800,59.5,59.7,59.35,59.5,3068096
1718276400,59.55,59.85,59.4,59.4,2787959
1718280000,59.4,59.8,59.4,59.65,1917308
1718283600,59.7,60.4,59.65,60.2,5767622
1718287200,60.15,60.5,60,60.2,5665362
1718290800,60.15,60.15,60.15,60.15,1199550
1718344800,60.5,60.5,60.5,60.5,410039
1718348400,60.55,60.75,60.05,60.55,8109426
1718352000,60.6,61.15,60.5,61.05,5909205
1718355600,61.1,61.15,60.45,60.5,2905594
1718359200,60.5,60.55,60.25,60.45,2354643
1718362800,60.45,60.45,59.9,59.9,2433834
1718366400,59.95,59.95,59.35,59.55,3900833
1718370000,59.6,59.6,59.05,59.2,2786541
1718373600,59.2,59.2,58.8,59.05,5044938
1718377200,59,59.35,59,59.35,1220716
1718863200,60.3,60.3,60.3,60.3,628792
1718866800,60.35,61,60.05,60.25,5850392
1718870400,60.25,60.7,60.15,60.25,3056516
1718874000,60.2,60.4,60.15,60.25,1856326
1718877600,60.25,60.4,60.1,60.15,2486687
1718881200,60.15,60.35,60.15,60.3,1122337
1718884800,60.3,60.65,60.1,60.4,2443901
1718888400,60.4,60.65,60.35,60.4,2871784
1718892000,60.35,60.65,60.2,60.55,3258551
1718895600,60.7,60.7,60.7,60.7,1464820
1718949600,60.7,60.7,60.7,60.7,305928
1718953200,60.65,60.95,60.3,60.65,5114853
1718956800,60.7,61.2,60.6,60.75,6641455
1718960400,60.75,61.2,60.6,61,4009041
1718964000,61,61.05,60.75,60.85,2260848
1718967600,60.9,61.4,60.8,61.25,3657526
1718971200,61.25,61.3,60.9,60.95,2832174
1718974800,60.95,61.2,60.55,60.75,3332020
1718978400,60.75,61.5,60.75,61.5,7210168
1718982000,61.5,61.5,61.5,61.5,3144099
1719208800,61.7,61.7,61.7,61.7,413652
1719212400,61.75,62.15,61.5,61.7,8414571
1719216000,61.65,61.7,61.05,61.2,3004890
1719219600,61.15,61.45,61.1,61.4,2423059
1719223200,61.4,61.5,61.25,61.25,1250818
1719226800,61.25,61.6,61.25,61.5,2693308
1719230400,61.55,61.65,61.15,61.25,4728473
1719234000,61.25,61.35,60.75,61,3040357
1719237600,61,62.05,60.95,61.7,8333011
1719241200,61.75,61.75,61.75,61.75,1616740
1719295200,61.85,61.85,61.85,61.85,375792
1719298800,61.85,62.35,61.8,61.9,8648632
1719302400,61.85,61.9,61.25,61.35,3571415
1719306000,61.35,61.4,60.95,61.25,2961101
1719309600,61.2,61.3,61,61.1,3035541
1719313200,61.1,61.35,60.6,60.65,3547212
1719316800,60.65,60.85,60.55,60.65,3567535
1719320400,60.65,60.95,60.4,60.4,3209284
1719324000,60.4,60.65,59.95,60.05,4390974
1719327600,60.05,60.05,59.9,59.9,1968244
1719381600,59.9,59.9,59.9,59.9,314993
1719385200,59.95,60.4,59.75,59.75,6093286
1719388800,59.8,60.05,59.6,59.7,1712337
1719392400,59.65,59.7,59.3,59.5,2796194
1719396000,59.45,60.05,59.4,59.55,2642899
1719399600,59.5,59.6,59.1,59.3,2279260
1719403200,59.25,59.3,58.65,58.75,2221291
1719406800,58.75,59.25,58.6,58.9,2092493
1719410400,58.85,59.15,58.55,58.8,3871901
1719414000,58.9,58.9,58.9,58.9,1220200
1719468000,59.05,59.05,59.05,59.05,281120
1719471600,59.1,59.3,58.75,59.1,5117740
1719475200,59.1,59.2,58.85,59.15,1816036
1719478800,59.1,59.3,59,59.1,1029199
1719482400,59.15,59.55,59.05,59.3,2276073
1719486000,59.25,59.5,58.8,59.45,3358499
1719489600,59.5,59.65,59.05,59.4,3222587
1719493200,59.45,60.2,59.45,60.15,5680154
1719496800,60.15,60.4,59.8,60.1,3987558
1719500400,60.05,60.05,59.9,59.9,1522467
1719554400,60,60,60,60,335670
1719558000,60,60.35,59.65,60,8374164
1719561600,60,60.05,59.65,59.8,2582116
1719565200,59.8,60.05,59.5,60,4443302
1719568800,60,60.1,59.7,59.7,2023676
1719572400,59.7,59.85,59.3,59.55,2775916
1719576000,59.55,59.95,59.45,59.9,2981024
1719579600,59.9,60,59.5,59.55,4070634
1719583200,59.55,59.85,58.3,58.65,9887507
1719586800,58.65,58.65,58.6,58.6,1637114
1719813600,59.1,59.1,59.1,59.1,369356
1719817200,59.05,59.35,57.75,57.85,7802646
1719820800,57.8,58.3,57.55,57.6,3424769
1719824400,57.6,57.75,57.1,57.1,2797360
1719828000,57.15,57.5,57.05,57.3,1963375
1719831600,57.3,57.4,56.9,57.25,2823334
1719835200,57.25,57.35,56.65,56.75,2257192
1719838800,56.8,56.9,56.15,56.15,2600608
1719842400,56.15,56.15,55.55,56.1,6270331
1719846000,56.25,56.25,56.25,56.25,936901
1719900000,56.45,56.45,56.45,56.45,342916
1719903600,56.45,56.5,55.45,56.3,4309643
1719907200,56.3,56.55,56.1,56.4,2104353
1719910800,56.4,56.7,56.15,56.65,2277029
1719914400,56.7,56.85,56.25,56.25,1822682
1719918000,56.25,56.75,56.1,56.55,2712917
1719921600,56.5,56.7,56.35,56.5,1362417
1719925200,56.5,56.95,56.3,56.45,3391529
1719928800,56.4,56.75,55.95,56.65,3787718
1719932400,56.6,56.95,56.6,56.95,1133278
1719986400,57.2,57.2,57.2,57.2,369476
1719990000,57.1,57.8,56.95,57.45,5948820
1719993600,57.45,57.8,57.25,57.55,4629258
1719997200,57.55,57.55,57.25,57.3,1639995
1720000800,57.25,57.4,56.95,57.4,1968392
1720004400,57.35,57.55,56.95,57.05,5146767
1720008000,57.05,57.35,56.95,57.1,2160379
1720011600,57.05,57.65,57.05,57.6,3475421
1720015200,57.65,58.6,57.6,58.5,9294964
1720018800,58.5,58.5,58.5,58.5,960557
1720072800,60.7,60.7,60.7,60.7,921732
1720076400,60.75,61.2,60,60.1,15783870
1720080000,60.1,60.3,59.9,60.15,2940307
1720083600,60.15,60.25,59.95,60.1,1459022
1720087200,60.05,60.15,59.75,59.75,2508184
1720090800,59.75,60.4,59.7,60.3,3687731
1720094400,60.25,60.3,59.9,60.15,2454672
1720098000,60.2,60.45,60,60.25,3517505
1720101600,60.25,60.5,60,60.15,4095337
1720105200,60.2,60.2,60.1,60.1,1089234
1720159200,60.2,60.2,60.2,60.2,356816
1720162800,60.15,60.5,59.85,60.4,6755766
1720166400,60.4,61.2,60.25,60.95,10904011
1720170000,60.95,61.6,60.9,61.05,7525977
1720173600,61.05,61.15,60.55,60.65,2543741
1720177200,60.65,60.7,60.45,60.55,2720784
1720180800,60.55,60.85,60.35,60.6,3561490
1720184400,60.6,60.65,60.15,60.4,2895847
1720188000,60.35,60.75,60.25,60.65,4541225
1720191600,60.7,60.75,60.7,60.75,1597988
1720418400,61.1,61.1,61.1,61.1,609129
1720422000,61.1,61.5,60.5,61.15,9176646
1720425600,61.15,62.9,60.9,62.55,14655516
1720429200,62.5,63.3,62.45,63.1,8785796
1720432800,63.1,63.4,62.95,63.35,5009752
1720436400,63.35,63.45,63,63.2,3759238
1720440000,63.25,63.45,63.05,63.35,3071835
1720443600,63.4,64,62.85,63.15,11685589
1720447200,63.15,63.7,62.95,63.3,6374760
1720450800,63.3,63.3,63.3,63.3,1052583
1720504800,63.2,63.2,63.2,63.2,446361
1720508400,63.2,64.25,63.05,63.55,15177000
1720512000,63.55,64.05,63.5,63.95,3922637
1720515600,63.95,65,63.6,64.55,10518822
1720519200,64.55,64.7,64,64.4,5506712
1720522800,64.4,64.7,64.2,64.5,8298266
1720526400,64.5,64.6,64.1,64.45,4764438
1720530000,64.45,64.6,64.2,64.45,3447769
1720533600,64.4,64.6,63.85,64.5,7244030
1720537200,64.55,64.55,64.55,64.55,1113839
1720591200,64.65,64.65,64.65,64.65,363687
1720594800,64.65,65,64.1,64.3,11132377
1720598400,64.3,64.95,64.25,64.45,7405897
1720602000,64.4,65.4,64.25,64.55,11896595
1720605600,64.55,64.85,64.3,64.7,4171108
1720609200,64.7,65.25,64.7,64.9,7843348
1720612800,64.9,65.45,64.85,65.4,6988836
1720616400,65.4,65.4,64.5,65.15,7108080
1720620000,65.15,65.3,64.7,64.85,6217718
1720623600,65,65,65,65,684489
1720677600,65.3,65.3,65.3,65.3,431886
1720681200,65.3,65.6,64.65,64.8,6878923
1720684800,64.8,65.1,64.7,65,3847139
1720688400,65.05,65.15,64.65,64.7,2394144
1720692000,64.75,64.8,64.5,64.7,1564293
1720695600,64.7,64.75,64.4,64.55,2698594
1720699200,64.55,64.8,64.2,64.45,4085291
1720702800,64.45,64.6,64.3,64.4,2549745
1720706400,64.45,65.2,64.4,64.95,8083880
1720710000,64.9,64.9,64.9,64.9,1325949
1720764000,64.85,64.85,64.85,64.85,329715
1720767600,64.85,66.1,64.75,65.3,12613387
1720771200,65.3,65.4,64.65,64.75,4242336
1720774800,64.8,64.8,64.55,64.65,2410736
1720778400,64.65,64.75,64.55,64.65,936197
1720782000,64.65,64.8,64.55,64.6,1852722
1720785600,64.65,64.85,64.25,64.3,6786254
1720789200,64.35,64.5,63.95,64.3,5024931
1720792800,64.3,64.3,63.6,63.7,7095118
1720796400,63.7,63.8,63.7,63.8,1255941
1721109600,63.9,63.9,63.9,63.9,497215
1721113200,63.85,64.05,63.4,63.5,8441537
1721116800,63.5,63.55,63.1,63.1,3350777
1721120400,63.15,63.25,62.85,63,3235476
1721124000,63,63.2,62.95,63.2,1421176
1721127600,63.15,63.2,62.95,63.05,1739923
1721131200,63.05,63.45,62.95,63.3,2113687
1721134800,63.25,63.45,63.25,63.4,2085456
1721138400,63.45,63.45,63.15,63.2,3459305
1721142000,63.25,63.25,63.25,63.25,1212908
1721196000,63.3,63.3,63.3,63.3,312765
1721199600,63.3,63.55,62.75,62.95,5407109
1721203200,62.9,63.1,62.85,62.95,1379017
1721206800,62.9,63.05,62.85,63,1362327
1721210400,63,63,62.75,62.8,916686
1721214000,62.8,63.2,62.75,63.05,1771699
1721217600,63.05,63.25,63,63.1,1914813
1721221200,63.15,63.7,63.1,63.65,5262438
1721224800,63.65,63.75,63.35,63.4,5056046
1721228400,63.5,63.5,63.5,63.5,1116378
1721282400,63.75,63.75,63.75,63.75,351537
1721286000,63.75,64.4,63.7,63.8,7881489
1721289600,63.8,63.95,63.7,63.9,2442086
1721293200,63.9,64.85,63.85,64.15,6660181
1721296800,64.15,64.25,63.95,63.95,1945735
1721300400,63.95,64.2,63.95,64.2,1416092
1721304000,64.15,64.25,63.95,64.1,1443880
1721307600,64.1,64.1,63.7,63.85,1669318
1721311200,63.85,64.05,62.8,63.05,6236419
1721314800,63.05,63.15,63.05,63.15,932577
1721368800,63,63,63,63,334186
1721372400,63,63.7,62.9,63.2,6039528
1721376000,63.15,63.3,62.9,63,3249954
1721379600,63,63.1,62.85,63.05,1302816
1721383200,63.1,63.15,62.95,63.1,664449
1721386800,63.1,63.25,62.7,62.85,2917175
1721390400,62.85,62.9,62.55,62.85,2535181
1721394000,62.85,63.05,62.65,62.7,1821993
1721397600,62.75,63.1,62.65,62.95,2971631
1721401200,63,63,63,63,857329
1721628000,63.4,63.4,63.4,63.4,507089
1721631600,63.35,64.3,63.25,64.2,11906692
1721635200,64.2,64.8,63.85,63.9,7851383
1721638800,63.95,64.1,63.8,63.9,1747948
1721642400,63.9,64,63.6,63.7,1905666
1721646000,63.7,63.75,63.5,63.6,1351421
1721649600,63.65,63.7,63.35,63.45,1642593
1721653200,63.45,63.6,63.25,63.4,1588907
1721656800,63.45,63.45,63,63.35,3242778
1721660400,63.3,63.35,63.25,63.25,1189049
1721714400,63.25,63.25,63.25,63.25,449927
1721718000,63.2,64.8,63.05,64.3,17978971
1721721600,64.3,64.5,64.1,64.3,5313153
1721725200,64.35,64.8,64.3,64.55,5210895
1721728800,64.55,64.7,64.35,64.35,2410314
1721732400,64.35,64.5,63.8,63.8,3508343
1721736000,63.8,64,63.5,63.75,4422541
1721739600,63.75,64.1,63.65,64.1,3579881
1721743200,64.05,64.4,63.85,64.1,5028119
1721746800,64.1,64.3,64.1,64.3,1001490
1721800800,64.4,64.4,64.4,64.4,565583
1721804400,64.4,64.4,63.3,63.4,5053476
1721808000,63.4,63.45,62.65,63,4136720
1721811600,63.05,63.2,62.95,63.1,1100167
1721815200,63.1,63.2,62.95,63.05,1180718
1721818800,63.05,63.4,63.05,63.1,1864080
1721822400,63.1,63.5,63.05,63.45,1607337
1721826000,63.4,63.5,62.9,63,2039127
1721829600,62.95,63,62.7,62.75,3238759
1721833200,62.8,62.8,62.8,62.8,1278180
1721887200,62.4,62.4,62.4,62.4,237314
1721890800,62.5,62.7,62.3,62.35,5483708
1721894400,62.4,62.6,62.3,62.5,1857561
1721898000,62.5,62.5,62.25,62.3,1460471
1721901600,62.35,62.6,62.25,62.5,1122911
1721905200,62.45,62.65,62.15,62.35,1393802
1721908800,62.35,62.95,62.15,62.95,2110117
1721912400,62.9,63.05,62.45,62.85,3703862
1721916000,62.9,64.6,62.8,64.45,11481182
1721919600,64.45,64.45,64.45,64.45,1164749
1721973600,64.35,64.35,64.35,64.35,294433
1721977200,64.35,65.25,64.05,65.05,14711612
1721980800,65.05,65.4,64.7,64.75,7094859
1721984400,64.75,64.8,64.35,64.4,3185709
1721988000,64.4,65.4,64.25,65.15,4259232
1721991600,65.2,65.2,64.45,64.5,2931705
1721995200,64.5,64.6,64.25,64.55,2389738
1721998800,64.6,64.65,64.25,64.45,2469918
1722002400,64.4,64.65,64.15,64.5,3703489
1722006000,64.6,64.6,64.6,64.6,1422443
1722232800,64.95,64.95,64.95,64.95,1085025
1722236400,65,65.9,64.15,64.4,17051633
1722240000,64.4,64.5,63.7,63.8,5451561
1722243600,63.75,63.85,63.3,63.4,6619675
1722247200,63.35,63.45,63.05,63.05,4096185
1722250800,63.05,63.2,63,63,2931426
1722254400,63,63.15,62.85,62.85,2242809
1722258000,62.9,63.3,62.6,62.8,7247180
1722261600,62.8,63.2,62.7,62.7,4288260
1722265200,62.75,62.75,62.7,62.7,1613130
1722319200,62.8,62.8,62.8,62.8,422349
1722322800,62.85,63.5,62.7,63.25,6923275
1722326400,63.25,63.5,63,63.3,4178969
1722330000,63.3,63.45,63.1,63.3,2247947
1722333600,63.35,63.45,62.85,62.9,2109884
1722337200,62.85,63.1,62.65,62.7,2219235
1722340800,62.75,62.8,62.5,62.65,2358826
1722344400,62.65,62.8,62.45,62.6,2390894
1722348000,62.6,63.25,62.55,62.9,5693693
1722351600,62.75,62.75,62.75,62.75,1171307
1722405600,62.75,62.75,62.75,62.75,384254
1722409200,62.8,63.35,62.6,62.95,10905985
1722412800,63,63,62.45,62.6,2866827
1722416400,62.65,62.9,62.45,62.75,2330574
1722420000,62.75,62.8,62.5,62.55,1557927
1722423600,62.5,62.65,61.75,62,4699193
1722427200,62.05,62.25,61.95,62.2,2371768
1722430800,62.15,62.2,61.85,61.95,1612723
1722434400,61.95,62.1,61.55,61.6,5809346
1722438000,62.5,62.5,62.5,62.5,1780576
1722492000,62.75,62.75,62.75,62.75,302439
1722495600,62.8,63.55,62.75,63.05,6635505
1722499200,63.05,63.15,62.65,62.7,5166316
1722502800,62.7,62.8,62.45,62.6,3788166
1722506400,62.6,62.95,62.55,62.8,1907593
1722510000,62.8,63.15,62.8,62.9,3514631
1722513600,62.9,63.25,62.85,63.15,4566431
1722517200,63.15,64.2,63.1,63.9,14229521
1722520800,63.95,64.1,63.35,63.4,8576119
1722524400,63.3,63.3,63.3,63.3,1383186
1722578400,62.35,62.35,62.35,62.35,332301
1722582000,62.35,62.8,62.2,62.4,7852323
1722585600,62.45,62.45,61.95,62.05,2728458
1722589200,62.05,62.1,61.85,61.95,2319508
1722592800,61.95,61.95,61.6,61.8,2024056
1722596400,61.75,61.75,61.4,61.45,2492061
1722600000,61.4,61.5,60.7,60.85,3946776
1722603600,60.85,61.05,60.45,60.6,4104325
1722607200,60.65,61.2,60.25,60.9,8065226
1722610800,60.8,60.8,60.8,60.8,1330217
1722837600,57.95,57.95,57.95,57.95,442486
1722841200,57.95,58.6,57.45,58.5,4210179
1722844800,58.5,58.6,57.4,58.05,10798723
1722848400,58.1,58.15,57.7,57.95,5224755
1722852000,57.95,57.95,57.15,57.2,4077060
1722855600,57.15,57.35,56.6,56.6,3050671
1722859200,56.65,57,55.6,56.2,7868838
1722862800,56.25,57.45,56.2,57.25,7946176
1722866400,57.25,57.55,56.55,56.7,7058316
1722870000,56.75,56.75,56.75,56.75,690147
1722924000,58,58,58,58,533640
1722927600,58,58.1,57.5,57.55,8563293
1722931200,57.55,58.7,57.45,58.1,11522641
1722934800,58.15,58.15,57.85,58,3105510
1722938400,58,58.1,57.8,57.85,2774915
1722942000,57.8,57.95,57.75,57.85,3157844
1722945600,57.9,57.95,57.15,57.35,4659030
1722949200,57.35,57.4,56.3,56.65,6147611
1722952800,56.65,56.85,56.05,56.15,7176932
1722956400,56.25,56.25,56.25,56.25,952311
1723010400,56.65,56.65,56.65,56.65,260274
1723014000,56.65,57.7,56.55,57.7,12533137
1723017600,57.7,57.75,57.35,57.4,5289809
1723021200,57.4,57.85,57.35,57.8,2852918
1723024800,57.8,57.9,57.45,57.65,1856515
1723028400,57.65,57.75,57.4,57.45,2156976
1723032000,57.5,58.4,57.05,58.15,6897355
1723035600,58.2,58.4,57.8,58.35,5607215
1723039200,58.35,58.75,58.15,58.3,5730218
1723042800,58.25,58.25,58.25,58.25,1062702
1723096800,57.8,57.8,57.8,57.8,279318
1723100400,57.8,58.5,57.8,58.5,7350055
1723104000,58.5,58.8,58.35,58.5,4817159
1723107600,58.5,59.4,58.5,59.4,6499720
1723111200,59.4,59.65,59.15,59.25,5387373
1723114800,59.2,59.25,58.75,58.95,2934866
1723118400,58.9,59.55,58.75,59.55,4223747
1723122000,59.55,59.65,58.9,59,4576105
1723125600,59,59.3,58.7,59.25,5903180
1723129200,59.25,59.25,59.2,59.2,1747819
1723183200,59.3,59.3,59.3,59.3,305643
1723186800,59.35,59.75,58.9,59,8307634
1723190400,58.95,59.1,58.3,58.3,6993913
1723194000,58.3,58.5,57.85,57.9,3289435
1723197600,57.95,57.95,57.65,57.75,2077009
1723201200,57.75,58.2,57.7,58,2870340
1723204800,58,58.05,57.55,57.65,2224589
1723208400,57.65,57.85,57.4,57.85,1701124
1723212000,57.85,58.2,57.75,58,3827390
1723215600,57.95,57.95,57.95,57.95,1055900
1723442400,58.15,58.15,58.15,58.15,293516
1723446000,58.15,58.8,57.7,58.6,9337916
1723449600,58.6,58.65,58,58.05,2558211
1723453200,58.05,58.1,57.55,57.8,3234672
1723456800,57.75,57.85,57.5,57.55,1480789
1723460400,57.5,57.8,57.15,57.55,3643047
1723464000,57.5,57.6,57.25,57.45,2186814
1723467600,57.5,57.75,56.85,56.9,4153095
1723471200,56.9,57.35,56.65,56.9,3390975
1723474800,57.05,57.05,57.05,57.05,627438
1723528800,56.7,56.7,56.7,56.7,230289
1723532400,56.75,57.35,56.55,56.8,4262077
1723536000,56.85,56.95,56.6,56.8,1558962
1723539600,56.8,57.1,56.65,57,2307652
1723543200,57,57.05,56.8,56.9,1225555
1723546800,56.9,57.45,56.85,57.1,3505883
1723550400,57.1,57.3,56.95,57.15,2679733
1723554000,57.15,58.15,57.1,57.75,9439898
1723557600,57.75,58.2,57.25,58.1,7916123
1723561200,58.35,58.35,58.35,58.35,1455813
1723615200,58.25,58.25,58.25,58.25,339403
1723618800,58.3,58.55,58,58.25,3869402
1723622400,58.2,58.25,57.45,57.6,2335185
1723626000,57.6,58.1,57.5,57.9,2399620
1723629600,57.85,58,57.8,57.9,674390
1723633200,57.9,58.3,57.9,58.05,3038804
1723636800,58,58.25,57.4,57.55,3074634
1723640400,57.55,57.7,57.25,57.45,3560943
1723644000,57.45,57.7,57.4,57.5,5003031
1723647600,57.55,57.55,57.55,57.55,1224909
1723701600,57.65,57.65,57.65,57.65,209398
1723705200,57.65,57.9,57.05,57.45,5096907
1723708800,57.45,57.9,57.3,57.7,2137159
1723712400,57.75,58,57.45,57.75,2075930
1723716000,57.75,58.5,57.7,58.3,5803389
1723719600,58.3,58.35,57.8,57.95,2453341
1723723200,57.95,58.55,57.85,58.55,3040417
1723726800,58.55,58.85,58.35,58.55,4487338
1723730400,58.6,58.75,58.3,58.7,4006248
1723734000,58.7,58.7,58.7,58.7,908093
1723788000,58.7,58.7,58.7,58.7,295353
1723791600,58.75,59.25,58.2,58.45,7230614
1723795200,58.5,58.55,58.1,58.4,1908080
1723798800,58.4,58.6,58.3,58.45,929663
1723802400,58.4,58.8,58.25,58.35,1913384
1723806000,58.35,58.45,58.15,58.25,1147144
1723809600,58.25,58.8,58.05,58.15,3231980
1723813200,58.15,58.3,57.6,57.7,2659899
1723816800,57.7,58.1,57.6,57.75,3061467
1723820400,57.75,57.75,57.75,57.75,859583
1724047200,58.05,58.05,58.05,58.05,422169
1724050800,58.05,58.45,57.75,57.95,4544408
1724054400,57.9,58.55,57.75,58.15,3457741
1724058000,58.2,58.35,58.05,58.3,853036
1724061600,58.35,58.45,58.15,58.25,1591087
1724065200,58.25,58.6,58.2,58.35,2783834
1724068800,58.4,58.55,58.3,58.3,1378857
1724072400,58.35,58.65,58.25,58.4,1552942
1724076000,58.4,58.95,58.4,58.9,5203036
1724079600,58.85,58.85,58.85,58.85,958412
1724133600,58.25,58.25,58.25,58.25,230556
1724137200,58.5,59.05,58.4,58.65,6434471
1724140800,58.6,59.15,58.6,58.95,5110243
1724144400,58.9,59.1,58.65,58.75,1858749
1724148000,58.75,58.85,58.65,58.7,790391
1724151600,58.7,58.9,58.4,58.45,3292794
1724155200,58.45,58.55,57.95,58.05,2625412
1724158800,58.1,58.45,57.8,57.95,3587802
1724162400,57.95,58.4,57.9,58.05,3021856
1724166000,58.05,58.05,58.05,58.05,1222281
1724220000,57.75,57.75,57.75,57.75,326852
1724223600,57.75,58.35,57.75,58.1,4632639
1724227200,58.05,58.45,58.05,58.25,3627243
1724230800,58.25,58.35,57.95,58.1,1963679
1724234400,58.1,58.2,57.95,58.05,1033575
1724238000,58.05,58.05,57.8,57.95,1607567
1724241600,57.95,57.95,57.45,57.6,1694098
1724245200,57.6,57.6,56.7,56.95,5055136
1724248800,56.95,57,56.4,56.6,5070988
1724252400,56.6,56.6,56.6,56.6,1105386
1724306400,56.85,56.85,56.85,56.85,321696
1724310000,56.85,57.5,56.7,56.85,4238248
1724313600,56.8,56.9,56.3,56.55,2689139
1724317200,56.55,56.9,56.45,56.7,1984376
1724320800,56.65,56.75,56.5,56.7,1130780
1724324400,56.65,56.8,56.55,56.65,1598084
1724328000,56.65,56.75,55.7,55.75,4583466
1724331600,55.75,55.8,55.4,55.7,5294306
1724335200,55.7,56.1,55.6,55.95,5406066
1724338800,55.95,56.15,55.95,56.15,698562
1724392800,56.05,56.05,56.05,56.05,218650
1724396400,56.05,56.5,55.55,55.6,6083449
1724400000,55.6,55.65,55.35,55.45,2645910
1724403600,55.45,55.5,54.95,55,2612330
1724407200,55,55.05,54.85,55,1704646
1724410800,54.95,55.15,54.8,54.85,1808166
1724414400,54.85,55,54.8,54.9,1402951
1724418000,54.9,55.15,54.8,55.1,1535581
1724421600,55.1,56.15,54.75,54.95,8920361
1724425200,54.95,55.1,54.9,55.1,918773
1724652000,55.5,55.5,55.5,55.5,477320
1724655600,55.45,55.55,54.75,54.75,4366412
1724659200,54.75,54.9,54.25,54.4,2820149
1724662800,54.4,54.75,54.25,54.65,2373083
1724666400,54.6,54.65,54.25,54.55,1673942
1724670000,54.55,54.65,54.4,54.5,1500240
1724673600,54.5,55.55,54.5,55.15,6485837
1724677200,55.2,55.45,54.95,54.95,3232773
1724680800,55,55.1,54.3,54.4,3845370
1724684400,54.4,54.5,54.35,54.5,893179
1724738400,54.5,54.5,54.5,54.5,321229
1724742000,54.5,55.15,54.35,54.6,5406385
1724745600,54.65,55.05,54.6,54.85,2735785
1724749200,54.9,54.9,54.55,54.55,1544002
1724752800,54.55,55,54.4,54.95,2228947
1724756400,55,55.8,54.9,55.55,7032385
1724760000,55.6,55.9,55.3,55.65,3707266
1724763600,55.65,56.2,55.5,55.9,6123348
1724767200,55.85,56.55,55.7,56.35,6547456
1724770800,56.35,56.5,56.35,56.5,927815
1724824800,56.2,56.2,56.2,56.2,261820
1724828400,56.2,57.1,56.05,57.05,4956901
1724832000,57.05,57.35,56.65,56.7,4366025
1724835600,56.75,56.95,56.55,56.75,1746923
1724839200,56.8,57.05,56.75,56.8,1101241
1724842800,56.8,57.3,56.75,57.25,1938515
1724846400,57.25,57.3,56.75,56.9,1524482
1724850000,56.9,57.55,56.8,57.35,3259305
1724853600,57.35,57.5,56.95,57.15,4152882
1724857200,57.15,57.15,57.1,57.1,720625
1724911200,57.1,57.1,57.1,57.1,259844
1724914800,57.15,57.5,56.55,56.6,4388413
1724918400,56.6,56.85,56.2,56.3,2539759
1724922000,56.3,56.65,56.2,56.65,1344165
1724925600,56.65,57.1,56.5,57.1,2890541
1724929200,57.05,57.7,57,57.6,5079276
1724932800,57.65,58.45,57.6,58.4,5354795
1724936400,58.45,58.95,58.3,58.75,4121553
1724940000,58.8,58.8,58.15,58.5,4123432
1724943600,58.4,58.4,58.4,58.4,2632357
1725256800,58.4,58.4,58.4,58.4,390357
1725260400,58.4,59.95,58.4,59.5,13663777
1725264000,59.5,59.65,59.35,59.45,1849351
1725267600,59.5,59.55,59.35,59.45,1470914
1725271200,59.45,59.55,59.3,59.5,1456879
1725274800,59.5,59.6,59.4,59.55,1301603
1725278400,59.55,59.55,59.25,59.4,1458012
1725282000,59.4,59.45,58.75,59,3052635
1725285600,59,59.35,58.9,59.3,3681053
1725289200,59.3,59.3,59.25,59.25,1093128
1725343200,59.25,59.25,59.25,59.25,250736
1725346800,59.2,59.45,58.35,58.5,6504506
1725350400,58.45,58.7,58.15,58.3,3557642
1725354000,58.35,58.5,58.25,58.45,1364396
1725357600,58.45,58.6,58.1,58.3,1665442
1725361200,58.3,58.35,58.15,58.2,885566
1725364800,58.15,58.35,58.1,58.2,1567582
1725368400,58.15,58.25,57.75,57.8,2657572
1725372000,57.8,57.95,57.55,57.75,4495253
1725375600,57.65,57.65,57.65,57.65,996240
1725429600,57.1,57.1,57.1,57.1,338200
1725433200,57.1,57.35,56.85,56.9,3751736
1725436800,56.9,57,56.65,56.75,2511317
1725440400,56.75,56.9,56.65,56.7,1139896
1725444000,56.7,56.85,56.5,56.55,1338611
1725447600,56.55,56.55,56,56.15,3233605
1725451200,56.15,56.15,55.85,56.05,1901436
1725454800,56.1,56.3,56,56.25,1832774
1725458400,56.2,56.85,56.05,56.75,4708069
1725462000,56.75,56.8,56.75,56.8,1203824
1725516000,56.95,56.95,56.95,56.95,452558
1725519600,57,57.25,56.7,56.85,6322208
1725523200,56.85,57.7,56.85,57.55,4809074
1725526800,57.55,57.65,57.2,57.5,2076056
1725530400,57.5,57.55,57.3,57.35,1079938
1725534000,57.3,57.35,57,57.05,1334505
1725537600,57.1,57.7,56.85,57.45,3564214
1725541200,57.5,57.95,57.45,57.8,3921343
1725544800,57.8,58.1,57.5,57.6,6142166
1725548400,57.5,57.5,57.5,57.5,1013720
1725602400,57.25,57.25,57.25,57.25,310644
1725606000,57.25,58.15,57.15,57.9,7081427
1725609600,57.95,58,57.8,57.95,1322971
1725613200,57.9,57.95,57.65,57.75,888064
1725616800,57.75,57.85,57.65,57.75,444693
1725620400,57.7,57.75,57.55,57.55,539888
1725624000,57.55,58,57.45,57.75,2490627
1725627600,57.75,57.8,57.25,57.5,1504761
1725631200,57.5,57.65,57.05,57.2,3674210
1725634800,57.2,57.2,57.15,57.15,963669
1725861600,57.15,57.15,57.15,57.15,259848
1725865200,57.2,57.45,56.55,57.1,4342786
1725868800,57.05,57.1,56.8,57.05,1043745
1725872400,57.05,57.35,56.85,56.85,1802136
1725876000,56.85,57.1,56.8,57.05,796828
1725879600,57,57.2,56.8,57.1,1185280
1725883200,57.05,57.1,56.65,56.75,2314984
1725886800,56.75,56.75,56.4,56.65,2065707
1725890400,56.65,56.75,56.15,56.3,2913845
1725894000,56,56,56,56,1029305
1725948000,56.15,56.15,56.15,56.15,282396
1725951600,56.15,56.8,56.1,56.7,3604537
1725955200,56.65,56.75,56.35,56.45,1442184
1725958800,56.4,56.65,56.2,56.6,1481533
1725962400,56.6,57,56.3,56.55,4269834
1725966000,56.5,56.75,56.3,56.6,2283021
1725969600,56.6,57.2,56.2,57.1,5238522
1725973200,57.1,57.2,56.4,56.95,3817135
1725976800,56.9,57.3,56.85,56.85,4037430
1725980400,56.85,56.85,56.45,56.45,1637927
1726034400,56.95,56.95,56.95,56.95,659691
1726038000,56.95,57.2,56.35,56.5,13164243
1726041600,56.5,56.55,55.85,55.9,3147853
1726045200,55.9,56.05,55.7,55.95,2860426
1726048800,55.95,56,55.6,55.85,2891405
1726052400,55.85,55.9,55.55,55.65,2494854
1726056000,55.65,55.8,55.45,55.55,2693803
1726059600,55.6,55.7,54.85,55,3937908
1726063200,55,55.1,54.75,54.95,4413062
1726066800,54.9,54.9,54.9,54.9,1182480
1726120800,55.4,55.4,55.4,55.4,469052
1726124400,55.4,55.6,55.2,55.35,3753265
1726128000,55.3,55.8,55.3,55.45,3106840
1726131600,55.45,55.6,55.35,55.55,1043217
1726135200,55.55,55.75,55.35,55.65,1187343
1726138800,55.65,55.7,55.35,55.7,1522321
1726142400,55.7,56.1,55.5,55.7,3989383
1726146000,55.65,55.7,54.15,54.4,5223691
1726149600,54.4,56.05,54.1,55.9,8100496
1726153200,55.95,55.95,55.95,55.95,934367
1726207200,56.05,56.05,56.05,56.05,360110
1726210800,56.05,56.25,55.8,55.8,2753745
1726214400,55.8,55.95,55.55,55.9,1742007
1726218000,55.95,56.55,55.85,56.45,2925513
1726221600,56.45,57.3,56.4,56.95,4189010
1726225200,57,57.35,56.95,57.2,1740064
1726228800,57.2,57.7,57.2,57.5,3584866
1726232400,57.5,58.2,57.45,58.2,3227179
1726236000,58.2,58.7,58.1,58.5,5202565
1726239600,58.35,58.35,58.35,58.35,1119431
1726466400,58.3,58.3,58.3,58.3,276777
1726470000,58.3,58.55,58.1,58.1,4541895
1726473600,58.15,58.2,57.85,57.95,2098166
1726477200,57.95,57.95,57.7,57.8,1391870
1726480800,57.75,57.8,57.5,57.55,949889
1726484400,57.55,57.55,57.2,57.5,1214452
1726488000,57.5,57.6,57.25,57.4,801395
1726491600,57.35,57.65,57.15,57.3,1655316
1726495200,57.3,57.7,57.2,57.25,2626380
1726498800,57.3,57.35,57.3,57.35,743113
1726552800,57.6,57.6,57.6,57.6,363937
1726556400,57.6,58.25,57.55,58.1,4728857
1726560000,58.1,58.3,57.9,57.9,2562160
1726563600,57.95,58.3,57.9,58.2,1367625
1726567200,58.25,58.45,58.15,58.3,1380179
1726570800,58.3,58.5,58.15,58.25,1893894
1726574400,58.3,58.45,58,58.2,1066754
1726578000,58.25,58.3,58.05,58.2,734702
1726581600,58.2,58.4,57.9,58.05,2949037
1726585200,58.05,58.1,58.05,58.1,480075
1726639200,57.9,57.9,57.9,57.9,214470
1726642800,57.9,58.3,57.65,57.85,4886190
1726646400,57.85,58.25,57.8,57.9,2164146
1726650000,57.9,58.55,57.85,58.35,3289867
1726653600,58.35,58.4,57.85,57.85,2555810
1726657200,57.85,58,57.8,57.8,1325952
1726660800,57.8,58.1,57.75,58.05,1353560
1726664400,58.05,58.4,57.8,58.15,2734629
1726668000,58.2,58.3,57.75,57.85,3752764
1726671600,57.75,57.75,57.75,57.75,1205823
1726725600,58.3,58.3,58.3,58.3,504444
1726729200,58.35,58.55,57.85,57.95,5913139
1726732800,57.9,58.1,57.8,58,4027301
1726736400,58,58.2,57.95,58.1,2667196
1726740000,58.1,58.25,58,58.05,2564491
1726743600,58.05,58.45,57.9,58.2,4739051
1726747200,58.2,58.45,58.15,58.35,4266648
1726750800,58.3,58.75,58.25,58.6,6051074
1726754400,58.6,58.75,58.4,58.7,4464004
1726758000,58.65,58.65,58.65,58.65,1045587
1726812000,58.8,58.8,58.8,58.8,363949
1726815600,58.8,59.25,58.75,58.95,8447401
1726819200,58.95,59.4,58.9,59.25,4150221
1726822800,59.25,59.25,59.1,59.25,1138446
1726826400,59.25,59.25,59.1,59.15,1017951
1726830000,59.15,59.15,58.35,58.8,4211367
1726833600,58.8,59.3,58.65,58.7,3959097
1726837200,58.75,59.05,58.7,58.9,2002539
1726840800,58.85,59.25,58.85,59.15,4596869
1726844400,59.2,59.2,59.2,59.2,2004040
1727071200,59.6,59.6,59.6,59.6,639291
1727074800,59.6,60.05,59.1,59.15,9071243
1727078400,59.15,59.65,59,59.5,3704536
1727082000,59.5,59.65,59.25,59.4,1732134
1727085600,59.4,59.4,59.15,59.3,1258763
1727089200,59.3,59.8,59.25,59.65,2974697
1727092800,59.65,59.85,59.45,59.7,4610256
1727096400,59.75,59.75,59,59.55,4522808
1727100000,59.55,59.7,59.1,59.3,5537739
1727103600,59.35,59.35,59.3,59.3,1257796
1727157600,59.4,59.4,59.4,59.4,349688
1727161200,59.45,62.45,59.4,62.35,25395350
1727164800,62.4,63.8,62.25,62.7,24279988
1727168400,62.65,62.9,62.5,62.6,7307514
1727172000,62.6,62.85,62.2,62.25,3846006
1727175600,62.3,62.6,62.15,62.5,4310836
1727179200,62.5,62.55,62.25,62.25,2471720
1727182800,62.3,62.4,62.05,62.35,3274887
1727186400,62.3,62.6,62,62.5,5475558
1727190000,62.45,62.45,62.45,62.45,1430814
1727244000,62.2,62.2,62.2,62.2,302667
1727247600,62.25,62.6,61.6,62.2,7872026
1727251200,62.25,62.85,62.15,62.35,5023989
1727254800,62.4,62.75,62.3,62.45,2176244
1727258400,62.45,62.5,62.2,62.3,1119750
1727262000,62.35,62.45,61.7,61.9,3434505
1727265600,61.9,62,61.35,61.45,3954892
1727269200,61.45,61.8,61.35,61.75,1619843
1727272800,61.7,61.75,61.15,61.3,3341769
1727276400,61.3,61.3,61.15,61.15,1555310
1727330400,61.4,61.4,61.4,61.4,298375
1727334000,61.45,61.6,60.9,61.2,4841615
1727337600,61.25,61.4,61,61.2,4193338
1727341200,61.25,61.35,60.7,60.75,3203003
1727344800,60.75,60.85,60.45,60.6,2449664
1727348400,60.6,60.65,60.25,60.3,2535460
1727352000,60.35,60.4,59.25,59.3,5945865
1727355600,59.35,59.85,59.2,59.45,6690716
1727359200,59.45,59.5,58.9,59.1,6291357
1727362800,59.15,59.25,59.15,59.25,1099007
1727416800,59.3,59.3,59.3,59.3,335907
1727420400,59.3,59.65,58.95,59.6,8065337
1727424000,59.55,59.85,59.45,59.7,2919971
1727427600,59.7,59.7,59.25,59.35,1286720
1727431200,59.35,59.5,58.7,58.8,2566749
1727434800,58.8,59.25,58.7,58.85,3810199
1727438400,58.8,59,58.5,58.7,2069739
1727442000,58.75,59.1,58.6,58.95,2618396
1727445600,58.95,59.4,58.75,59.1,3843212
1727449200,59.2,59.25,59.1,59.25,1140240
1727676000,59,59,59,59,442928
1727679600,59,59.65,58.8,59.45,6199688
1727683200,59.45,59.85,59.1,59.15,4295799
1727686800,59.15,59.5,58.95,59.45,1932532
1727690400,59.4,59.65,59.3,59.45,2279455
1727694000,59.45,59.65,59.4,59.55,2139658
1727697600,59.55,59.8,59.45,59.55,2769094
1727701200,59.55,59.65,59.1,59.35,2481941
1727704800,59.4,59.6,59.2,59.2,3746723
1727708400,59.25,59.25,59.25,59.25,1684917
1727762400,59.35,59.35,59.35,59.35,384682
1727766000,59.35,59.55,58.75,58.95,4650800
1727769600,58.95,59.6,58.8,59.45,3405478
1727773200,59.45,59.45,58.65,58.85,3336746
1727776800,58.85,59.45,58.75,59.35,3365440
1727780400,59.35,59.55,59.15,59.25,2326605
1727784000,59.25,59.6,59.15,59.55,2190617
1727787600,59.6,59.8,57.55,58.2,8167943
1727791200,58.2,58.4,57.1,58,9260544
1727794800,58.1,58.4,58.1,58.4,670409
1727848800,58.45,58.45,58.45,58.45,445330
1727852400,58.5,59.85,57.9,59,18001255
1727856000,59,59.05,57.85,58.25,7109169
1727859600,58.3,58.3,57.9,58,1887495
1727863200,58,58.2,57.7,57.8,1971292
1727866800,57.8,57.9,57.5,57.65,3001148
1727870400,57.6,58.25,57.6,58.1,2528788
1727874000,58.05,58.2,57.35,57.45,3485143
1727877600,57.45,57.55,56.4,56.45,6686984
1727881200,56.2,56.2,56.2,56.2,1517377
1727935200,56.35,56.35,56.35,56.35,421368
1727938800,56.35,56.75,55.85,56.65,7726792
1727942400,56.65,57.35,56.6,57.3,4335639
1727946000,57.3,58,57.3,57.85,3979338
1727949600,57.8,58.1,57.6,57.95,2760038
1727953200,58,58.25,57.7,58.05,2513881
1727956800,58.05,58.3,57.85,57.95,4490768
1727960400,58,58.6,57.5,57.7,8030160
1727964000,57.7,58.2,57.1,57.75,7216456
1727967600,57.8,57.8,57.8,57.8,795317
1728021600,57.65,57.65,57.65,57.65,183144
1728025200,57.7,57.85,57.05,57.25,5056934
1728028800,57.25,58.25,57.25,58.15,6536479
1728032400,58.15,58.3,57.75,57.85,1427660
1728036000,57.9,58.1,57.75,57.85,1038591
1728039600,57.85,58.1,57.55,58.1,2058256
1728043200,58.1,59,57.8,58.95,5239135
1728046800,59,59.45,58.7,59.35,5449178
1728050400,59.35,61.55,59.35,61.2,11938327
1728054000,61.15,61.15,61.15,61.15,880415
1728280800,61.6,61.6,61.6,61.6,500273
1728284400,61.55,61.6,60.2,60.35,7477487
1728288000,60.35,60.75,60.25,60.65,2328351
1728291600,60.65,60.65,60.2,60.3,1758506
1728295200,60.35,60.55,60.2,60.25,1256712
1728298800,60.25,60.4,60.15,60.3,1352460
1728302400,60.3,60.4,59.8,59.85,1962010
1728306000,59.85,60.1,59.25,59.3,2616246
1728309600,59.25,59.3,58.55,59,7242575
1728313200,59,59,59,59,1121578
1728367200,58.75,58.75,58.75,58.75,334998
1728370800,58.85,59,57.85,58.05,6086822
1728374400,58.05,58.2,57.85,57.95,3024398
1728378000,57.95,58.1,57.85,58,1913841
1728381600,57.95,58.05,57.65,58.05,1859475
1728385200,58,58.15,57.9,58,1625472
1728388800,58,58.65,57.95,58.35,4505319
1728392400,58.35,58.45,58.2,58.3,3338828
1728396000,58.3,58.3,57.7,58.15,5343117
1728399600,58.15,58.15,58.15,58.15,984436
1728453600,58.05,58.05,58.05,58.05,278132
1728457200,58.05,58.2,57.55,57.8,3308657
1728460800,57.8,57.9,57.6,57.85,1017397
1728464400,57.9,57.9,57.7,57.75,412718
1728468000,57.75,57.9,57.65,57.75,965908
1728471600,57.75,58.45,57.65,58.3,2946956
1728475200,58.35,58.55,57.65,58,4092364
1728478800,58,58.65,57.85,58.45,4426938
1728482400,58.45,58.85,58.05,58.8,6600293
1728486000,58.85,58.85,58.75,58.75,831118
1728540000,58.75,58.75,58.75,58.75,272647
1728543600,58.75,59,58.2,58.55,4120639
1728547200,58.55,58.6,58.2,58.3,1318197
1728550800,58.3,58.4,58.15,58.15,976242
1728554400,58.2,58.55,58.1,58.25,1560394
1728558000,58.25,58.25,57.95,58,1378078
1728561600,58.05,58.15,57.65,57.65,2306445
1728565200,57.7,57.8,56.95,57,3455186
1728568800,57,57.15,56.45,56.75,5820329
1728572400,56.7,56.7,56.7,56.7,1354534
1728626400,56.7,56.7,56.7,56.7,233720
1728630000,56.65,57.1,56.4,56.95,4864364
1728633600,56.95,57.25,56.75,56.9,2738765
1728637200,56.9,57,56.7,56.8,1106221
1728640800,56.8,56.95,56.75,56.95,494071
1728644400,56.95,57.15,56.85,57,1398515
1728648000,57,57.85,56.75,57.7,6613008
1728651600,57.65,57.8,56.2,56.2,6027699
1728655200,56.2,56.55,55.65,56,5241982
1728658800,56.1,56.1,56.1,56.1,594950
1728885600,56.25,56.25,56.25,56.25,298645
1728889200,56.3,57.45,56.1,57.1,11364335
1728892800,57.1,57.15,56.25,56.5,5780106
1728896400,56.5,57,56.15,56.85,3113663
1728900000,56.85,56.85,55.25,55.45,5273570
1728903600,55.4,55.9,55,55.75,4218224
1728907200,55.75,55.95,55.5,55.7,2332466
1728910800,55.75,56.05,55.2,55.95,4148168
1728914400,55.95,56.1,55.25,55.25,5012240
1728918000,55.35,55.35,55.35,55.35,536265
1728972000,55.4,55.4,55.4,55.4,298879
1728975600,55.4,56,55.05,55.2,7699571
1728979200,55.2,55.65,54.7,55.35,4349735
1728982800,55.4,55.6,55.25,55.55,1735651
1728986400,55.55,56.35,55.5,56.15,6550383
1728990000,56.1,56.2,55.6,55.95,2391072
1728993600,55.95,56.05,55.5,55.65,2060524
1728997200,55.65,56.1,55.55,55.75,2108445
1729000800,55.75,56.6,55.7,56.1,7281157
1729004400,56,56,56,56,817531
1729058400,56.75,56.75,56.75,56.75,680258
1729062000,56.7,57.15,56.3,56.4,9099444
1729065600,56.45,56.55,56.1,56.55,2154615
1729069200,56.5,56.6,56.3,56.4,1112282
1729072800,56.35,56.45,56.2,56.3,836199
1729076400,56.35,56.45,56,56.2,1791155
1729080000,56.2,56.55,55.85,55.9,2660222
1729083600,55.85,56.4,55.85,56.25,2275629
1729087200,56.25,57.05,56,56.85,5588067
1729090800,57.05,57.05,57.05,57.05,1367002
1729144800,56.8,56.8,56.8,56.8,246150
1729148400,56.85,57.7,56.8,57.55,5300071
1729152000,57.55,57.9,57.5,57.85,3178260
1729155600,57.85,58.3,57.65,58.25,4145931
1729159200,58.2,58.6,58.15,58.3,2479452
1729162800,58.3,58.35,57.85,57.95,2701594
1729166400,57.95,58.2,57.55,58.2,2496074
1729170000,58.15,58.95,58.05,58.4,4043947
1729173600,58.4,58.65,57.9,58.2,3532260
1729177200,58.15,58.25,58.15,58.25,554439
1729231200,59.1,59.1,59.1,59.1,414299
1729234800,59.1,60.55,59.1,60.15,11098972
1729238400,60.15,60.65,59.85,59.95,4161847
1729242000,59.95,60.1,59.7,59.8,2802698
1729245600,59.8,59.95,59.55,59.65,1596786
1729249200,59.65,60,59.5,59.65,2457846
1729252800,59.65,59.9,59.5,59.8,1658410
1729256400,59.75,59.85,59.3,59.45,3514505
1729260000,59.45,59.8,58.9,59.45,5647662
1729263600,59.35,59.35,59.35,59.35,1501307
1729490400,59.1,59.1,59.1,59.1,289147
1729494000,59.05,59.5,58.1,58.5,5912699
1729497600,58.5,58.65,58.1,58.35,2272967
1729501200,58.3,58.6,58.2,58.4,1100902
1729504800,58.4,58.6,57.95,58.15,1926621
1729508400,58.15,58.3,57.8,58.15,2330024
1729512000,58.15,58.3,57.85,58.3,2195369
1729515600,58.3,58.5,57.85,57.95,2167902
1729519200,58,58.05,57.3,57.7,5251638
1729522800,57.6,57.6,57.6,57.6,796924
1729576800,57.7,57.7,57.7,57.7,247817
1729580400,57.65,57.8,57,57.65,6386838
1729584000,57.65,57.85,57.4,57.6,2425328
1729587600,57.6,57.75,57.3,57.55,1245315
1729591200,57.55,57.6,57.2,57.45,1174157
1729594800,57.45,58.05,57.4,57.5,3054698
1729598400,57.45,58.4,57.45,58.15,4756623
1729602000,58.1,58.9,58.1,58.3,5098067
1729605600,58.25,58.7,58.15,58.5,3670614
1729609200,58.45,58.45,58.35,58.35,964304
1729663200,58.25,58.25,58.25,58.25,312873
1729666800,58.25,58.4,57.5,57.6,4042690
1729670400,57.6,57.75,57.35,57.75,2186578
1729674000,57.75,58.3,57.65,58.25,3107528
1729677600,58.25,58.65,58.05,58.2,2453326
1729681200,58.2,58.4,58.05,58.35,1226152
1729684800,58.35,60.65,58.3,59.75,12768736
1729688400,59.75,61.4,59,61.4,19241602
1729692000,61.35,61.55,60.6,61.05,18648439
1729695600,61,61,61,61,1771592
1729749600,60.25,60.25,60.25,60.25,487508
1729753200,60.3,61.05,60.3,60.75,10231043
1729756800,60.75,61.1,60.65,60.9,4180177
1729760400,60.9,61.2,60.7,60.95,3878662
1729764000,60.95,61.25,60.9,61.05,2621449
1729767600,61.1,61.2,60.85,60.9,2451931
1729771200,60.95,61.1,60.85,61,2782831
1729774800,60.95,61.3,60.7,60.8,4050322
1729778400,60.8,60.95,60.55,60.85,2870374
1729782000,60.85,60.85,60.85,60.85,805117
1729836000,60.4,60.4,60.4,60.4,255980
1729839600,60.4,60.55,59.8,60,5403601
1729843200,60,60.1,59.8,60,1563311
1729846800,60,60.65,59.95,60.35,2168315
1729850400,60.35,61.15,60.35,60.75,3372220
1729854000,60.75,61.05,60.5,60.75,2877770
1729857600,60.75,60.95,60.45,60.75,2916577
1729861200,60.7,60.9,60.6,60.7,2558636
1729864800,60.7,61.25,60.6,60.9,6641767
1729868400,60.95,60.95,60.85,60.85,557963
1730095200,60.4,60.4,60.4,60.4,255959
1730098800,60.4,60.9,60.4,60.6,3488248
1730102400,60.6,60.8,60.5,60.65,1697419
1730106000,60.65,60.7,60.2,60.2,1647543
1730268000,60.25,60.25,60.25,60.25,377215
1730271600,60.25,60.7,60.05,60.2,5813855
1730275200,60.2,61.6,60.2,61.2,8260920
1730278800,61.25,61.7,61.1,61.4,5855820
1730282400,61.4,61.65,60.95,61.1,3445253
1730286000,61.1,61.8,60.95,61.35,4891942
1730289600,61.4,62,61.1,61.7,4507529
1730293200,61.7,61.95,61.4,61.8,3124434
1730296800,61.8,61.9,61.5,61.55,2753623
1730300400,61.5,61.5,61.5,61.5,504747
1730354400,61.25,61.25,61.25,61.25,244164
1730358000,61.25,61.85,60.95,61.5,5254292
1730361600,61.5,62.15,61.5,62,4340654
1730365200,61.95,62.25,61.75,61.8,2545300
1730368800,61.75,61.85,61.45,61.55,1961426
1730372400,61.55,62.65,61.5,62.25,5099900
1730376000,62.25,62.45,61.65,61.9,3006872
1730379600,61.95,62.1,61.8,61.85,1810255
1730383200,61.9,62.2,60.65,60.9,7236532
1730386800,60.85,60.85,60.85,60.85,1142114
1730440800,61,61,61,61,323424
1730444400,61.05,61.9,61.05,61.7,4838951
1730448000,61.65,64.3,61.65,63.55,12173399
1730451600,63.5,63.95,63.15,63.4,6729875
1730455200,63.4,63.8,63.25,63.65,2599932
1730458800,63.6,64,63.3,63.7,3905328
1730462400,63.7,63.85,63.45,63.6,2443581
1730466000,63.65,64.2,63.6,63.7,4602388
1730469600,63.7,64,63.5,63.8,5797946
1730473200,63.85,63.85,63.85,63.85,725529
1730700000,64.5,64.5,64.5,64.5,656942
1730703600,64.55,65.4,63.85,64.55,15923051
1730707200,64.5,64.85,63.8,64.25,5537818
1730710800,64.25,64.3,63.85,64,2986884
1730714400,64,64.3,63.7,63.75,1921239
1730718000,63.75,64.1,63.3,63.55,5334279
1730721600,63.5,63.85,63.4,63.7,2269687
1730725200,63.7,64.2,63.65,63.9,3991767
1730728800,63.9,64.05,62.95,63.4,9495452
1730732400,63.5,63.5,63.5,63.5,683770
1730786400,64.35,64.35,64.35,64.35,699873
1730790000,64.35,64.7,63.65,64.1,8201321
1730793600,64.1,65.7,63.95,65.6,10289168
1730797200,65.6,66.8,65.2,66.35,12191277
1730800800,66.35,66.35,65.8,65.95,3454826
1730804400,65.9,66.6,65.85,66.15,2813444
1730808000,66.2,66.4,65.75,66.4,3175680
1730811600,66.4,66.65,66.05,66.6,3113480
1730815200,66.55,66.8,65,65.05,9635904
1730818800,65.15,65.15,65.15,65.15,684422
1730872800,64.95,64.95,64.95,64.95,362736
1730876400,64.9,64.9,62.95,64.1,10734961
1730880000,64.1,65.7,64,65.45,8615973
1730883600,65.4,65.65,64.95,65.25,3467555
1730887200,65.3,65.3,64.1,64.4,4020372
1730890800,64.45,64.5,64.05,64.15,1828029
1730894400,64.1,64.4,64.1,64.15,2522314
1730898000,64.2,64.5,63.9,64.3,3270502
1730901600,64.3,64.4,63.55,63.65,4345829
1730905200,63.55,63.55,63.55,63.55,1101601
1730959200,63.75,63.75,63.75,63.75,297939
1730962800,63.75,64.6,63.65,64.25,7541499
1730966400,64.25,64.5,63.95,64.4,3122856
1730970000,64.45,65.1,64.2,64.85,3581215
1730973600,64.85,64.95,64.6,64.7,1192916
1730977200,64.7,64.75,64.2,64.35,1927683
1730980800,64.4,64.75,64.1,64.5,2020289
1730984400,64.55,64.75,64.2,64.4,1906085
1730988000,64.45,65.2,64.2,65.1,8424537
1730991600,65.2,65.35,65.2,65.35,800226
1731045600,65.05,65.05,65.05,65.05,237248
1731049200,65.1,66,64.8,65.8,5847610
1731052800,65.8,66.35,65.6,66.1,4916852
1731056400,66.1,66.25,65.35,65.4,3303823
1731060000,65.45,65.55,64.8,65.05,4787171
1731063600,65,65.55,65,65.45,3729612
1731067200,65.45,65.8,65.4,65.75,3625634
1731070800,65.8,65.8,65.4,65.7,2636780
1731074400,65.7,65.9,65.2,65.25,5408317
1731078000,65.25,65.25,65.25,65.25,1113859
1731304800,65.4,65.4,65.4,65.4,348085
1731308400,65.4,66.5,65.35,65.85,10067079
1731312000,65.85,65.95,65.3,65.65,3355020
1731315600,65.7,65.9,65.45,65.55,1514023
1731319200,65.55,65.7,64.9,65.2,3189232
1731322800,65.2,65.45,65.1,65.3,1975981
1731326400,65.35,65.5,65.1,65.4,1946357
1731330000,65.35,66.05,65.35,65.9,5119293
1731333600,65.9,66.05,65.4,65.85,6014478
1731337200,65.8,65.8,65.8,65.8,1097534
1731391200,65.85,65.85,65.85,65.85,453272
1731394800,65.85,67.1,65.75,66.75,12803126
1731398400,66.75,66.8,66.2,66.7,3365605
1731402000,66.7,67.3,66.65,67,5711635
1731405600,67,67.05,66.55,66.65,2367389
1731409200,66.6,66.85,66.3,66.35,1586679
1731412800,66.35,66.4,66.05,66.05,2180924
1731416400,66.05,66.7,65.85,66.4,3766723
1731420000,66.35,66.4,65.7,65.8,5334614
1731423600,65.8,66,65.8,66,1016202
1731477600,66,66,66,66,364064
1731481200,66,66.4,65.8,65.85,5345739
1731484800,65.85,67.2,65.75,67.2,7753311
1731488400,67.2,67.35,66.65,66.7,8306700
1731492000,66.7,67.55,66.55,67.35,8469583
1731495600,67.4,67.45,66.8,67.1,4325215
1731499200,67.1,67.35,66.9,66.95,3654580
1731502800,66.9,68.2,66.9,68.15,8010688
1731506400,68.1,68.2,67.25,67.9,8890738
1731510000,68,68,68,68,1203903
1731564000,68.3,68.3,68.3,68.3,346839
1731567600,68.35,69.1,68,68.6,11135232
1731571200,68.6,68.8,68.25,68.3,3669390
1731574800,68.25,68.3,67.45,67.45,5153603
1731578400,67.5,68.3,67.4,68.25,3319578
1731582000,68.3,68.35,67.9,68.05,2198141
1731585600,68.05,68.15,67.55,67.75,2277441
1731589200,67.75,68.3,67.7,68.25,3222308
1731592800,68.25,68.35,67.7,68.35,3630474
1731596400,68.3,68.35,68.3,68.35,1305167
1731650400,68.7,68.7,68.7,68.7,371715
1731654000,68.7,69.7,68.5,69,11735816
1731657600,69,69,68.6,68.65,2536484
1731661200,68.65,68.75,68.4,68.6,2935138
1731664800,68.6,68.65,68.35,68.45,1487398
1731668400,68.4,68.5,67.8,67.85,2764271
1731672000,67.8,68.25,67.75,68.05,2001134
1731675600,68.1,68.2,67.8,67.9,1874252
1731679200,67.9,68.15,67.45,67.7,4420151
1731682800,67.7,67.7,67.7,67.7,1000682
1731909600,67.7,67.7,67.7,67.7,367020
1731913200,67.7,67.9,66.5,66.55,6194385
1731916800,66.55,66.85,66.5,66.75,2029538
1731920400,66.75,66.85,66.55,66.7,1791401
1731924000,66.7,66.85,66.55,66.6,1661201
1731927600,66.6,66.8,66.5,66.65,1521953
1731931200,66.65,66.75,66.55,66.7,1293686
1731934800,66.7,67.2,66.55,66.95,3587121
1731938400,67,67.65,66.75,67.3,6025362
1731942000,67.45,67.45,67.45,67.45,684919
1731996000,67.45,67.45,67.45,67.45,245801
1731999600,67.45,67.75,66.65,66.65,3791935
1732003200,66.65,66.95,66.5,66.65,2435846
1732006800,66.65,68.3,66.65,68.1,10036741
1732010400,68.15,68.25,67.25,67.65,5513643
1732014000,67.65,67.7,67.2,67.6,2909693
1732017600,67.55,67.85,67.3,67.4,1985701
1732021200,67.4,67.9,67.3,67.65,3478661
1732024800,67.65,68.4,67.65,67.95,7840967
1732028400,67.9,67.9,67.9,67.9,1211138
1732082400,67.5,67.5,67.5,67.5,439204
1732086000,67.55,68.1,66.55,66.75,6946669
1732089600,66.8,66.9,66.65,66.85,2045994
1732093200,66.8,66.95,66.35,66.45,2856034
1732096800,66.4,66.55,66.15,66.25,1236130
1732100400,66.25,66.45,66.1,66.3,1223163
1732104000,66.3,66.4,66.1,66.2,1292669
1732107600,66.2,66.35,65.8,66.05,2496046
1732111200,66.1,66.3,65.4,65.8,6366913
1732114800,66,66,66,66,742186
1732168800,65.5,65.5,65.5,65.5,184462
1732172400,65.7,66.45,64.9,66.2,6409969
1732176000,66.2,66.5,66.1,66.4,2127975
1732179600,66.4,66.75,66.3,66.55,2361448
1732183200,66.55,66.8,66.35,66.45,1577523
1732186800,66.45,67.55,66.3,67.4,5727687
1732190400,67.35,67.65,67.25,67.55,2561541
1732194000,67.55,67.6,67.15,67.6,1590274
1732197600,67.6,68.15,67.55,68,4615131
1732201200,68.05,68.05,68.05,68.05,598425
1732255200,67.8,67.8,67.8,67.8,230352
1732258800,67.8,69.25,67.8,68.65,10115141
1732262400,68.7,68.9,68.45,68.55,3151726
1732266000,68.5,69.15,68.35,69.05,4929047
1732269600,69.05,69.3,68.55,68.55,2423655
1732273200,68.6,69,68.35,68.5,5735543
1732276800,68.5,68.7,68.05,68.1,2771928
1732280400,68.05,68.6,68.05,68.25,2466053
1732284000,68.25,68.5,67.9,68.3,4304966
1732287600,68.5,68.5,68.5,68.5,980477
1732514400,68.7,68.7,68.7,68.7,311041
1732518000,68.75,68.85,68.2,68.45,3766738
1732521600,68.4,68.7,68.25,68.6,2214012
1732525200,68.6,68.7,68.1,68.15,2409640
1732528800,68.15,69.3,68.1,69.05,5986301
1732532400,69.1,69.55,69,69.25,5903575
1732536000,69.25,69.55,68.7,69.05,5007105
1732539600,69.05,69.15,68.85,69.15,1513185
1732543200,69.15,69.5,68.95,69.35,4018444
1732546800,69,69,69,69,3919717
1732600800,69.05,69.05,69.05,69.05,227666
1732604400,69.1,69.45,68.8,68.9,5278050
1732608000,68.9,69,68.5,68.7,2241935
1732611600,68.7,68.75,68.5,68.6,906394
1732615200,68.65,68.7,67.7,67.75,3294180
1732618800,67.7,68.55,67.7,68.5,2353145
1732622400,68.5,68.7,68.05,68.65,2299664
1732626000,68.65,68.7,68.05,68.1,1313199
1732629600,68.05,68.3,67.4,67.65,5582683
1732633200,67.55,67.55,67.55,67.55,958214
1732687200,67.7,67.7,67.7,67.7,411176
1732690800,67.7,68.35,67.6,67.65,6217132
1732694400,67.65,68.1,67.4,67.7,3727383
1732698000,67.65,68.1,67.55,67.95,1966851
1732701600,68,68.55,67.7,68.3,3027082
1732705200,68.3,68.65,68,68.4,3772297
1732708800,68.4,68.6,68,68.3,2238275
1732712400,68.3,68.6,68.1,68.4,1625613
1732716000,68.4,68.7,68.25,68.4,3732568
1732719600,68.4,68.4,68.4,68.4,882880
1732773600,68.4,68.4,68.4,68.4,367939
1732777200,68.45,69.3,68.4,69.15,6627424
1732780800,69.15,69.6,69.05,69.35,3909082
1732784400,69.4,69.45,69.15,69.25,1393618
1732788000,69.25,69.45,69.05,69.2,1335448
1732791600,69.2,69.45,69.1,69.2,1296742
1732795200,69.2,69.8,69.15,69.55,4399533
1732798800,69.55,69.8,69.45,69.45,2154078
1732802400,69.45,70.1,69.45,70,6409349
1732806000,70.05,70.15,70.05,70.15,705876
1732860000,69.9,69.9,69.9,69.9,220557
1732863600,70,71.65,69.75,71.45,12003735
1732867200,71.4,71.8,70.8,70.95,4375241
1732870800,70.95,71,70.4,70.55,2526689
1732874400,70.55,70.6,70.1,70.45,1928477
1732878000,70.4,70.55,70,70.15,2897021
1732881600,70.1,70.45,69.6,69.65,2559244
1732885200,69.65,70.35,69.65,70.2,2840182
1732888800,70.15,70.25,69,69.7,5860031
1732892400,69.45,69.45,69.45,69.45,1614060
1733119200,69.45,69.45,69.45,69.45,305601
1733122800,69.45,70.35,69.3,70,6836703
1733126400,70,70.1,69.8,69.85,1255617
1733130000,69.8,70.3,69.8,70.2,1983354
1733133600,70.2,70.25,69.95,70,1064146
1733137200,69.95,70,69.65,69.75,846399
1733140800,69.7,69.85,69.5,69.65,1072842
1733144400,69.6,70.1,69.4,69.9,1834611
1733148000,69.95,70.35,69.95,70.2,5000847
1733151600,70.2,70.2,70.2,70.2,1038109
1733205600,70.2,70.2,70.2,70.2,207447
1733209200,70.25,70.7,69.85,70.35,5278828
1733212800,70.35,70.5,70,70.3,3206014
1733216400,70.35,70.4,70,70.15,1362639
1733220000,70.15,70.2,69.95,70.1,1537085
1733223600,70.1,70.25,69.85,70.1,2901942
1733227200,70.1,70.45,70.1,70.4,2222566
1733230800,70.4,70.4,69.95,70.05,1701507
1733234400,70.05,70.9,69.75,70.2,6230278
1733238000,70.2,70.2,70.2,70.2,704729
1733292000,70.45,70.45,70.45,70.45,338751
1733295600,70.5,70.75,69.9,70.1,5641081
1733299200,70.15,70.55,69.95,70.4,2403058
1733302800,70.45,70.5,70.2,70.4,1162674
1733306400,70.4,70.75,70.15,70.45,2795765
1733310000,70.4,70.7,70.35,70.65,2294314
1733313600,70.65,71.4,70.3,70.8,8326837
1733317200,70.75,70.85,70.4,70.4,2254111
1733320800,70.4,70.85,70.3,70.3,4141118
1733324400,70.3,70.3,70.3,70.3,1347233
1733378400,70.35,70.35,70.35,70.35,220068
1733382000,70.35,70.85,70.15,70.75,3595471
1733385600,70.75,70.85,70.55,70.75,1229220
1733389200,70.75,70.75,70.55,70.55,926306
1733392800,70.55,70.6,70.45,70.45,785942
1733396400,70.45,70.95,70.4,70.8,2724470
1733400000,70.8,71.1,70.45,70.55,4510983
1733403600,70.5,70.8,70.05,70.75,2948170
1733407200,70.8,71.25,70.7,71,5494659
1733410800,71,71,71,71,1075607
1733464800,71.3,71.3,71.3,71.3,269901
1733468400,71.25,71.3,70.6,70.9,4174337
1733472000,70.9,71.45,70.9,71.45,5436561
1733475600,71.45,71.65,71.25,71.5,3158718
1733479200,71.55,71.55,71.25,71.4,1614027
1733482800,71.4,71.45,71.1,71.3,1320094
1733486400,71.25,71.3,70.95,71.1,1993495
1733490000,71.15,71.25,70.95,71.2,1701703
1733493600,71.15,71.4,71.05,71.25,2642120
1733497200,71.2,71.2,71.2,71.2,778677
1733724000,71,71,71,71,306641
1733727600,71,71.3,70.65,70.85,5973499
1733731200,70.85,70.9,69.5,69.65,8126842
1733734800,69.65,69.85,69.55,69.75,2565161
1733738400,69.7,70.3,69.7,70.2,2395120
1733742000,70.25,70.4,70.05,70.2,2394356
1733745600,70.2,71.1,70.15,70.9,4696743
1733749200,70.9,71.2,70.7,70.9,4988187
1733752800,70.95,71.35,70.9,71.25,4384296
1733756400,71.25,71.25,71.25,71.25,816099
1733810400,71.2,71.2,71.2,71.2,199758
1733814000,71.2,71.45,70.8,71.1,4252379
1733817600,71.15,71.65,71,71.25,4466416
1733821200,71.25,71.4,71.05,71.4,1066215
1733824800,71.35,71.4,70.3,70.55,4298285
1733828400,70.55,70.8,70.3,70.65,2684792
1733832000,70.65,71.2,70,70.4,4637057
1733835600,70.4,70.7,70.15,70.65,1837420
1733839200,70.65,71,70.55,71,4202231
1733842800,71,71,71,71,810364
1733896800,71,71,71,71,264145
1733900400,71.05,71.3,70.8,70.95,3398384
1733904000,70.95,70.95,70,70.2,4540442
1733907600,70.2,70.2,69,69.3,4657845
1733911200,69.25,69.6,69.05,69.3,3484295
1733914800,69.3,69.6,68.95,69.05,3552219
1733918400,69,69.3,68.85,69.2,2140092
1733922000,69.2,69.9,69.15,69.8,3013766
1733925600,69.8,69.8,69.3,69.45,3406693
1733929200,69.3,69.3,69.3,69.3,1105191
1733983200,69.5,69.5,69.5,69.5,217145
1733986800,69.5,69.9,69.05,69.75,6145930
1733990400,69.75,70.5,69.6,70.3,4892439
1733994000,70.3,70.6,69.95,69.95,1992012
1733997600,69.95,70,69.8,69.8,838202
1734001200,69.85,70.05,69.65,69.65,1523113
1734004800,69.65,69.85,69.6,69.65,922246
1734008400,69.65,69.85,69.45,69.65,966940
1734012000,69.65,69.7,69,69.15,3547321
1734015600,69.2,69.2,69.2,69.2,797245
1734069600,69,69,69,69,247740
1734073200,69,69.1,68.5,68.75,2485935
1734076800,68.7,68.85,68.6,68.75,1350113
1734080400,68.75,68.75,68.5,68.7,831502
1734084000,68.7,68.85,68.5,68.8,511385
1734087600,68.8,68.95,68.7,68.85,1787355
1734091200,68.85,68.9,68.45,68.55,1134289
1734094800,68.55,68.7,68.35,68.4,931072
1734098400,68.4,69.3,68.25,69.05,3538667
1734102000,69.05,69.2,69.05,69.2,973799
1734328800,69.25,69.25,69.25,69.25,248132
1734332400,69.2,69.3,68.55,68.65,3039295
1734336000,68.6,68.65,68.25,68.25,3183110
1734339600,68.25,68.35,68.05,68.2,1367989
1734343200,68.15,68.2,67.85,68.1,1537209
1734346800,68.1,68.25,68,68.1,794994
1734350400,68.1,68.55,67.95,68.35,1574389
1734354000,68.35,68.45,67.9,68.05,1397372
1734357600,68.05,68.1,67.5,67.55,2473270
1734361200,67.55,67.55,67.55,67.55,1053467
1734415200,67.65,67.65,67.65,67.65,233322
1734418800,67.7,68.55,67.65,68.35,6057058
1734422400,68.35,68.35,67.75,68.25,3151618
1734426000,68.25,68.3,67.95,68.1,1099137
1734429600,68.15,68.6,68.05,68.35,1574811
1734433200,68.35,68.5,68.2,68.4,923985
1734436800,68.4,68.4,68.05,68.25,1594472
1734440400,68.3,68.6,68.15,68.55,2706254
1734444000,68.5,68.65,68.05,68.15,3500075
1734447600,68.05,68.05,68.05,68.05,859275
1734501600,68,68,68,68,205328
1734505200,67.95,68.3,67.45,67.55,3364293
1734508800,67.55,68.3,67.4,67.75,2961981
1734512400,67.7,68.3,67.7,68.05,2422842
1734516000,68.05,68.3,67.9,68.2,700493
1734519600,68.2,68.3,67.9,68.1,1028111
1734523200,68.1,69.65,68.05,69.65,14688546
1734526800,69.65,71,69.55,70.95,11390840
1734530400,70.95,71,70,70.65,7293685
1734534000,70.75,70.75,70.75,70.75,1150453
1734588000,70.1,70.1,70.1,70.1,269268
1734591600,70.1,71.05,69.95,70.15,5919290
1734595200,70.1,70.85,69.95,70.4,3168524
1734598800,70.4,70.95,70.3,70.75,1630386
1734602400,70.75,71.1,70.5,70.75,3383582
1734606000,70.75,71.2,70.75,70.85,2136230
1734609600,70.85,71.05,70.55,70.6,2102966
1734613200,70.6,70.85,70.1,70.4,2800795
1734616800,70.4,70.6,69.75,69.9,4083995
1734620400,69.9,69.9,69.9,69.9,677183
1734674400,70.15,70.15,70.15,70.15,303662
1734678000,70.2,70.45,69.35,69.4,3821021
1734681600,69.4,69.85,69.15,69.2,1570555
1734685200,69.2,69.45,69,69.1,935370
1734688800,69.1,70.4,69.05,70.2,2532938
1734692400,70.2,70.5,69.7,70.35,2607886
1734696000,70.35,71,69.95,70.1,5219605
1734699600,70.05,70.35,69.5,69.65,1805922
1734703200,69.7,70,69.55,69.65,2700357
1734706800,69.8,69.8,69.8,69.8,1297038
1734933600,70,70,70,70,315603
1734937200,70,72.4,69.75,72.1,16214853
1734940800,72.1,72.85,72.1,72.7,7878060
1734944400,72.7,72.9,72.4,72.55,3625167
1734948000,72.6,72.85,72.4,72.75,2108949
1734951600,72.75,72.95,72.4,72.95,2541533
1734955200,72.9,72.95,72.25,72.55,2970595
1734958800,72.5,72.55,72.1,72.15,2732632
1734962400,72.15,72.2,71.6,72.2,5446918
1734966000,72.05,72.05,72.05,72.05,806540
1735020000,72.05,72.05,72.05,72.05,202199
1735023600,72,73.45,71.85,72.65,13424763
1735027200,72.65,72.85,72.2,72.7,2289065
1735030800,72.7,73.15,72.55,73,1823287
1735034400,73.05,73.05,72.4,72.55,1815655
1735038000,72.6,72.6,71.6,72.05,3529312
1735041600,72,72.05,71.35,71.4,1578743
1735045200,71.4,72.55,71.15,72.05,3764331
1735048800,72.05,73.05,70.85,72.55,6508752
1735052400,72.65,72.65,72.65,72.65,590249
1735106400,72.75,72.75,72.75,72.75,271263
1735110000,72.8,73.15,72.5,72.95,2870179
1735113600,73,73.3,72.8,73.2,1639798
1735117200,73.2,73.2,73.05,73.05,689521
1735120800,73.1,73.25,73,73.2,893108
1735124400,73.2,73.25,72.85,72.95,774486
1735128000,72.95,73.1,72.85,73,977589
1735131600,72.95,73,72.5,72.8,1422234
1735135200,72.75,73.65,72.55,73.65,4999619
1735138800,74,74,74,74,1151233
1735192800,74,74,74,74,201307
1735196400,74,74.3,73.7,74.05,2661168
1735200000,74.05,74.1,73.65,73.7,1790570
1735203600,73.7,74.15,73.55,73.9,1229285
1735207200,73.95,74.15,73.6,73.65,1180362
1735210800,73.65,74,73.3,73.35,2275364
1735214400,73.35,74.15,72.9,73.95,4030255
1735218000,73.9,74.6,73.85,74.2,4006146
1735221600,74.25,74.65,74,74.45,3655841
1735225200,74.4,74.4,74.4,74.4,446910
1735279200,74.4,74.4,74.4,74.4,171360
1735282800,74.35,74.65,74.05,74.2,2495903
1735286400,74.2,74.25,73.45,73.55,2517347
1735290000,73.6,73.75,73.3,73.7,2316398
1735293600,73.7,73.8,73.3,73.6,2010350
1735297200,73.6,73.7,73.4,73.55,969153
1735300800,73.55,74.7,73,74.35,12045581
1735304400,74.3,74.9,74.3,74.75,3612711
1735308000,74.75,74.85,73.85,74.05,3261544
1735311600,73.95,73.95,73.95,73.95,864196
1735538400,74,74,74,74,238027
1735542000,74,74.65,73.95,74.15,3086836
1735545600,74.2,74.3,73.95,73.95,740276
1735549200,74,74.05,73.6,73.65,1616650
1735552800,73.65,74,73.55,73.7,2929912
1735556400,73.65,74.05,73.5,73.75,1772374
1735560000,73.75,73.85,73.5,73.55,1575991
1735563600,73.5,73.75,73.5,73.75,486056
1735567200,73.75,73.85,73.25,73.35,1952951
1735570800,73.35,73.35,73.2,73.2,1334395
1735624800,73.2,73.2,73.2,73.2,202481
1735628400,73.2,73.8,73,73.3,3291394
1735632000,73.25,73.7,73.15,73.25,1971944
1735635600,73.3,73.3,72.6,72.7,3511139
1735639200,72.7,73.15,72.4,73.15,2654512
1735642800,73.15,73.4,72.95,73.2,1449055
1735646400,73.2,73.7,73.2,73.45,6246202
1735650000,73.45,73.75,73.3,73.45,2875366
1735653600,73.45,73.55,72.4,72.55,4460319
1735657200,72.5,72.5,72.5,72.5,1153114
1735797600,72.95,72.95,72.95,72.95,182135
1735801200,72.9,73.55,72.5,72.85,7027190
1735804800,72.85,73.1,72.35,72.45,3197391
1735808400,72.4,72.75,72.2,72.55,1826317
1735812000,72.55,72.9,72.3,72.75,1497947
1735815600,72.8,72.8,72.55,72.65,925666
1735819200,72.7,73.6,72.35,73.2,4847010
1735822800,73.2,73.7,73.05,73.55,3408311
1735826400,73.55,73.8,73.45,73.6,2993765
1735830000,73.5,73.5,73.5,73.5,600965
1735884000,73.45,73.45,73.45,73.45,164407
1735887600,73.45,74.75,73.45,74.7,5979931
1735891200,74.75,75.35,74.3,74.95,6978692
1735894800,74.95,75,74.8,74.9,1704063
1735898400,74.9,74.9,74.5,74.7,1225987
1735902000,74.7,74.8,74.5,74.6,1200330
1735905600,74.65,75,74.5,74.9,1992735
1735909200,74.95,75.25,74.35,74.8,5412806
1735912800,74.8,75.1,74.65,74.8,2492749
1735916400,74.8,74.85,74.8,74.85,515843
1736143200,75.3,75.3,75.3,75.3,386688
1736146800,75.25,75.3,74.6,74.8,3156727
1736150400,74.8,75.1,74.8,74.95,1344978
1736154000,74.95,75.05,74.85,74.95,574324
1736157600,74.95,75.15,74.85,75.05,994152
1736161200,75.05,75.35,74.9,75,3018638
1736164800,75.05,75.2,74.9,75,1677009
1736168400,75,75.1,74.75,74.9,1807631
1736172000,74.85,75.8,74.6,75.7,7816144
1736175600,75.5,75.5,75.5,75.5,623139
1736229600,75.5,75.5,75.5,75.5,182096
1736233200,75.55,76.35,75.2,76.1,6021503
1736236800,76.1,76.3,76,76.05,2541798
1736240400,76.05,76.1,75.8,75.95,1484794
1736244000,75.95,76.25,75.9,76.05,1120066
1736247600,76.1,76.15,75.9,76,1144934
1736251200,75.95,76.4,75.9,76.25,4807855
1736254800,76.25,78.35,76.2,78.05,18578938
1736258400,78.05,78.2,76.9,77.4,9202447
1736262000,77.3,77.3,77.3,77.3,1291415
1736316000,77.05,77.05,77.05,77.05,185289
1736319600,77.05,77.3,76.15,77.05,4759087
1736323200,77,77.55,77,77.15,3613406
1736326800,77.1,77.3,76.5,76.65,2402394
1736330400,76.6,77.1,76.55,76.8,2435314
1736334000,76.8,77.6,76.75,77.2,3295131
1736337600,77.2,77.25,76.6,77.1,2811047
1736341200,77.1,77.95,77,77.1,4222789
1736344800,77.1,77.1,76.4,76.85,3908379
1736348400,76.6,76.6,76.6,76.6,1006717
1736402400,76.65,76.65,76.65,76.65,207376
1736406000,76.7,77.3,76.6,76.95,4804649
1736409600,76.95,77.1,76.55,76.65,1815589
1736413200,76.65,77.85,76.5,77.75,3968737
1736416800,77.8,77.9,77.35,77.5,1933254
1736420400,77.5,77.7,77.35,77.5,1349416
1736424000,77.5,77.55,77.3,77.35,1251129
1736427600,77.35,78.3,77.35,78.15,3390150
1736431200,78.2,78.45,77.7,78.05,4643568
1736434800,78.2,78.2,78.2,78.2,503213
1736488800,77.9,77.9,77.9,77.9,179252
1736492400,78,79.2,77.95,79.1,5025890
1736496000,79.05,79.4,78.9,79.1,4890276
1736499600,79.05,79.7,79,79.15,3089382
1736503200,79.2,79.25,78.4,78.45,2221379
1736506800,78.4,79.05,78.35,78.5,2177560
1736510400,78.5,78.6,78.35,78.55,1331727
1736514000,78.6,78.6,77.6,77.65,3271685
1736517600,77.65,78.3,77.5,78.3,4173628
1736521200,78.35,78.35,78.35,78.35,670311
1736748000,78.35,78.35,78.35,78.35,256337
1736751600,78.35,79.35,77.85,78.85,5953269
1736755200,78.85,79.35,78.6,78.8,4255757
1736758800,78.8,79.15,78.5,78.95,2433883
1736762400,78.95,79,78.75,78.95,744643
1736766000,78.9,79.1,78.65,78.95,1839469
1736769600,78.9,79,78.55,78.75,1657003
1736773200,78.8,78.85,78,78.4,1561281
1736776800,78.45,79.05,78.15,78.8,3693363
1736780400,78.8,78.8,78.8,78.8,756012
1736834400,78.5,78.5,78.5,78.5,204075
1736838000,78.6,79.25,78.55,79,6160826
1736841600,79,80,78.95,79.5,5549201
1736845200,79.5,79.6,79.05,79.3,2011907
1736848800,79.3,79.65,79.25,79.45,1910019
1736852400,79.4,80.25,79.35,79.6,6776264
1736856000,79.65,79.65,78.8,79.05,2841773
1736859600,79.05,79.6,78.75,79.05,3234877
1736863200,79.1,79.15,78.2,78.4,4340120
1736866800,78.55,78.55,78.55,78.55,696274
1736920800,78.55,78.55,78.55,78.55,160553
1736924400,78.55,80.15,78.35,79.4,13206734
1736928000,79.4,79.65,79.3,79.6,3346695
1736931600,79.65,79.8,79.25,79.35,2211526
1736935200,79.35,79.35,78.55,78.65,2769660
1736938800,78.65,78.7,77.85,77.95,4846435
1736942400,77.95,78.05,77.4,77.45,4801661
1736946000,77.45,78.35,77.3,77.5,6198219
1736949600,77.5,78.15,77.45,78.05,3422712
1736953200,78.3,78.3,78.3,78.3,818883
1737007200,78.35,78.35,78.35,78.35,421381
1737010800,78.35,78.9,77.7,78.05,6494643
1737014400,78.05,78.25,77.7,77.85,2281457
1737018000,77.8,77.9,77.45,77.7,1529010
1737021600,77.75,78.75,77.45,78.55,2734447
1737025200,78.6,78.85,78.5,78.65,2317533
1737028800,78.7,78.9,78.55,78.7,1326603
1737032400,78.7,79.35,78.7,79.05,3799002
1737036000,79.05,80.55,79.05,80.4,8435070
1737039600,80.25,80.25,80.25,80.25,890247
1737093600,80.8,80.8,80.8,80.8,340488
1737097200,80.8,81.85,80.05,81.5,8512662
1737100800,81.5,81.85,81.3,81.75,2087059
1737104400,81.75,81.9,81.35,81.4,1728889
1737108000,81.4,81.6,81.3,81.6,1091058
1737111600,81.55,81.65,81.3,81.6,1210529
1737115200,81.6,81.6,81.25,81.4,1245154
1737118800,81.4,81.65,80.95,81.05,1843594
1737122400,81.1,81.3,80.75,81.05,2857988
1737126000,81.05,81.05,81.05,81.05,516454
1737352800,81.3,81.3,81.3,81.3,254196
1737356400,81.25,81.5,80.95,81.2,2760985
1737360000,81.15,81.95,81,81.5,2674357
1737363600,81.5,82.4,81.45,82.25,3012564
1737367200,82.25,82.35,81.05,81.6,4286162
1737370800,81.6,81.65,81.25,81.25,783107
1737374400,81.3,81.65,81.25,81.5,706279
1737378000,81.5,82.3,81.15,81.9,2331650
1737381600,81.9,82.3,81.8,82.25,2480500
1737385200,82.35,82.35,82.35,82.35,703343
1737439200,82.35,82.35,82.35,82.35,204266
1737442800,82.3,82.45,81.7,81.9,4370532
1737446400,81.9,81.95,81.6,81.9,1641975
1737450000,81.95,81.95,81.1,81.25,2710609
1737453600,81.25,81.25,80.85,80.9,1878896
1737457200,80.9,81,80.45,80.8,2741741
1737460800,80.75,80.8,80.05,80.2,1919716
1737464400,80.25,80.75,80.2,80.55,1644726
1737468000,80.55,80.85,80.2,80.65,2784448
1737471600,80.65,80.65,80.65,80.65,621887
1737525600,80.75,80.75,80.75,80.75,203479
1737529200,80.75,81.15,80.25,80.95,4125750
1737532800,80.95,81,80.2,80.3,3048463
1737536400,80.3,80.45,80.15,80.25,747786
1737540000,80.25,80.9,80.15,80.9,1491895
1737543600,80.9,81.4,80.75,81.4,2885798
1737547200,81.4,81.5,81.2,81.25,1486834
1737550800,81.25,81.7,81.2,81.65,1307703
1737554400,81.65,82,81.55,81.85,3618490
1737558000,81.9,82,81.9,82,994671
1737612000,82.2,82.2,82.2,82.2,177314
1737615600,82.2,82.9,82.15,82.85,4498854
1737619200,82.85,83,82.45,82.8,2995349
1737622800,82.8,82.8,82.6,82.65,471086
1737626400,82.6,82.8,82.1,82.2,1863978
1737630000,82.2,82.6,81.6,81.7,2962396
1737633600,81.65,82.7,81.55,82.4,3991255
1737637200,82.35,83,82.15,82.85,3359364
1737640800,82.9,84.2,82.6,84.05,11957966
1737644400,84.05,84.05,84.05,84.05,566836
1737698400,84.1,84.1,84.1,84.1,239243
1737702000,84.1,84.6,83.8,84,3712191
1737705600,84,84.35,83.4,84.2,2922968
1737709200,84.2,84.55,84.1,84.4,1260922
1737712800,84.4,84.85,84.35,84.65,2388027
1737716400,84.6,85,84.6,84.9,2531905
1737720000,84.95,85.4,84.75,85.05,2972299
1737723600,85,85.25,84.95,85.15,1752084
1737727200,85.15,85.55,85,85.15,5610832
1737730800,85.15,85.15,85.15,85.15,692105
1737957600,85,85,85,85,241307
1737961200,84.95,86.15,84.3,85.75,7003288
1737964800,85.75,85.95,85.55,85.95,2336990
1737968400,85.95,86,85.55,85.75,3553855
1737972000,85.75,85.8,85,85.35,4920091
1737975600,85.35,86,85.3,85.75,3343039
1737979200,85.75,86.85,85.45,86.6,7972742
1737982800,86.6,87,85.2,85.7,9818714
1737986400,85.65,86.4,85.45,86.05,5330139
1737990000,85.85,85.85,85.85,85.85,1055396
1738044000,85.85,85.85,85.85,85.85,217908
1738047600,85.9,87.45,84.65,87.3,10113878
1738051200,87.25,87.6,86.95,87.4,4158224
1738054800,87.4,88.3,87.35,87.8,5008324
1738058400,87.85,88.45,87.65,88.4,3511969
1738062000,88.45,89.35,88.35,89.3,5509789
1738065600,89.25,89.7,88.9,89.4,9092498
1738069200,89.45,89.75,89,89.5,4724561
1738072800,89.45,89.95,89.3,89.75,7859076
1738076400,89.65,89.65,89.65,89.65,1234654
1738130400,89.65,89.65,89.65,89.65,197527
1738134000,89.65,90.25,89.4,89.65,5096876
1738137600,89.65,89.65,88.45,89.4,5277768
1738141200,89.4,90.6,88.75,89.8,7469338
1738144800,89.8,89.9,88.8,88.8,2270902
1738148400,88.8,88.85,87.6,87.65,3621520
1738152000,87.65,88.65,87.5,88.55,2741891
1738155600,88.6,88.9,88.2,88.75,2864549
1738159200,88.75,89.05,88.2,88.3,4649362
1738162800,88.2,88.2,88.2,88.2,664901
1738216800,88.2,88.2,88.2,88.2,203237
1738220400,88.25,88.75,87.2,87.8,5192069
1738224000,87.8,88.05,87.45,87.75,2720006
1738227600,87.7,88.1,87.35,87.9,2858352
1738231200,87.95,88.9,87.9,88.4,3997932
1738234800,88.4,88.7,88.15,88.3,1671570
1738238400,88.25,88.9,88.2,88.4,2334332
1738242000,88.4,89.15,88.3,89.1,1824598
1738245600,89.1,89.25,88.45,88.7,3287169
1738249200,88.8,88.8,88.8,88.8,591767
1738303200,88.8,88.8,88.8,88.8,189763
1738306800,88.85,89.45,88.7,89.3,4302259
1738310400,89.3,89.9,89.1,89.55,3148601
1738314000,89.6,90.05,89.45,89.5,2662921
1738317600,89.5,89.65,88.95,89.05,2124978
1738321200,89.05,89.45,89,89.4,1319553
1738324800,89.4,89.45,88.75,88.95,1634851
1738328400,88.95,89.25,88.8,89.1,2972046
1738332000,89.15,89.35,88.5,89,3502138
1738335600,88.7,88.7,88.7,88.7,1734448
1738562400,88.15,88.15,88.15,88.15,299236
1738566000,88.1,88.7,87.45,88.35,5195044
1738569600,88.4,88.5,87.7,88.05,2312861
1738573200,88.05,88.2,87.9,87.95,1025237
1738576800,87.95,88.85,87.95,88.75,2514342
1738580400,88.75,88.85,88.25,88.4,1710342
1738584000,88.35,88.75,88.3,88.6,1306223
1738587600,88.55,89,88.45,88.75,2106569
1738591200,88.75,88.8,87.7,88.5,3450168
1738594800,88.5,88.5,88.25,88.25,572259
1738648800,88.55,88.55,88.55,88.55,199251
1738652400,88.55,89.6,88.45,89.05,5028177
1738656000,89.05,89.3,88.1,88.95,4339748
1738659600,88.95,88.95,87.75,87.8,2169190
1738663200,87.85,88.3,87.55,88.05,2687631
1738666800,88.05,88.3,87.85,87.95,1114291
1738670400,88,89.1,87.9,89,3685854
1738674000,88.95,89.3,88.75,88.9,3926354
1738677600,88.9,89.1,88.2,88.65,3995308
1738681200,88.4,88.4,88.4,88.4,831331
1738735200,88.5,88.5,88.5,88.5,230213
1738738800,88.55,88.75,86.9,87.7,4968640
1738742400,87.7,87.85,86.9,87.05,2963017
1738746000,87.05,87.1,86.6,86.7,1521720
1738749600,86.7,87.05,86.5,86.55,2588549
1738753200,86.55,87.65,86.45,87.45,3065454
1738756800,87.5,87.9,87.2,87.25,3207759
1738760400,87.25,87.55,85.75,86.15,5107522
1738764000,86.15,86.75,85.5,86.5,7617920
1738767600,86.2,86.2,86.2,86.2,1233498
1738821600,86.9,86.9,86.9,86.9,302199
1738825200,86.9,87.2,86.05,87.1,3471561
1738828800,87.1,87.8,87.1,87.7,2581293
1738832400,87.7,87.8,87.2,87.45,1558294
1738836000,87.45,88.2,87.45,87.95,2793900
1738839600,87.9,88.45,87.85,88,2530994
1738843200,88,88.1,87.2,87.45,2899205
1738846800,87.4,87.5,86.25,86.5,4518305
1738850400,86.55,86.9,85.6,86.05,5586403
1738854000,85.95,85.95,85.95,85.95,1000368
1738908000,85.95,85.95,85.95,85.95,199675
1738911600,85.95,86,85.05,85.15,3466887
1738915200,85.1,86.2,85.1,85.45,3951216
1738918800,85.45,85.7,85.1,85.6,1639361
1738922400,85.6,85.7,85.4,85.55,1008926
1738926000,85.55,86.05,85.2,85.9,2222114
1738929600,85.9,86.1,85.75,85.9,1895371
1738933200,85.95,86.1,85.45,85.9,2598015
1738936800,85.85,86.35,85.45,85.9,5204133
1738940400,85.7,85.7,85.7,85.7,758252
1739167200,85.75,85.75,85.75,85.75,266085
1739170800,85.7,85.85,83.75,84.1,8035079
1739174400,84.1,84.25,82.35,82.55,13715000
1739178000,82.55,82.7,82.1,82.2,4660762
1739181600,82.2,82.2,81.75,81.9,5268058
1739185200,81.9,82.15,81.5,81.7,4114276
1739188800,81.7,81.9,81.45,81.9,4512596
1739192400,81.9,82.15,81.75,82,3348523
1739196000,82,82.15,81.6,81.8,6013394
1739199600,81.55,81.55,81.55,81.55,1696530
1739253600,81.35,81.35,81.35,81.35,307919
1739257200,81.4,81.85,81,81.65,6571870
1739260800,81.6,82.3,81.6,82.2,4167702
1739264400,82.2,82.25,81.9,82.05,1699855
1739268000,82.05,82.05,81.65,82,1126290
1739271600,82,82.1,81.45,81.9,1757145
1739275200,81.85,82.05,81.75,81.95,1528402
1739278800,81.9,82,81.35,81.55,2255477
1739282400,81.55,82,81.4,81.85,3741123
1739286000,81.85,81.85,81.75,81.75,942998
1739340000,81.9,81.9,81.9,81.9,187433
1739343600,81.9,82.25,80.25,80.3,9808855
1739347200,80.3,81.35,80.2,80.4,6304013
1739350800,80.35,80.4,79.6,79.85,6206429
1739354400,79.85,80,79.4,79.6,4093607
1739358000,79.55,79.6,78.8,79.1,5187624
1739361600,79.05,79.35,78.85,79.05,3143950
1739365200,79.05,79.35,78.4,78.9,6669450
1739368800,78.9,78.95,78.35,78.4,6017806
1739372400,78.1,78.1,78.1,78.1,2646638
1739426400,78.2,78.2,78.2,78.2,288223
1739430000,78.25,78.7,77.25,77.55,13640652
1739433600,77.55,78.55,77.5,78.4,5520024
1739437200,78.4,79.05,78.05,78.9,4910315
1739440800,78.95,79.35,78.75,79.25,3205990
1739444400,79.25,79.7,79.1,79.45,5168845
1739448000,79.45,79.85,79.2,79.8,3549644
1739451600,79.8,80.2,79.35,79.75,5760650
1739455200,79.75,80.05,79.6,79.8,4920577
1739458800,79.65,79.65,79.65,79.65,1358885
1739512800,79.85,79.85,79.85,79.85,227879
1739516400,79.85,80.8,79.8,80.55,6901152
1739520000,80.55,80.65,79.65,79.7,5193260
1739523600,79.7,79.7,78.2,78.55,7029839
1739527200,78.5,78.8,78.3,78.5,2142904
1739530800,78.5,79.05,78.4,78.5,4106736
1739534400,78.5,78.8,78.3,78.45,2344404
1739538000,78.5,79.25,78.3,79.15,3476794
1739541600,79.2,80.05,79.05,79.35,9847893
1739545200,79.35,79.35,79.3,79.3,1015619
1739772000,79.3,79.3,79.3,79.3,227924
1739775600,79.3,79.9,79.1,79.75,3912895
1739779200,79.7,80.1,79.55,79.95,4274959
1739782800,79.95,80,79.35,79.5,3078615
1739786400,79.55,79.65,79.45,79.5,985797
1739790000,79.5,79.9,79.25,79.55,1988616
1739793600,79.55,79.65,79.4,79.55,960443
1739797200,79.5,80.35,79.45,80.25,5979704
1739800800,80.2,80.9,80,80.75,8143444
1739804400,80.75,80.75,80.7,80.7,497571
1739858400,80.7,80.7,80.7,80.7,318400
1739862000,80.7,83,80.45,82.95,14151661
1739865600,82.9,83.25,82.65,83.1,6540383
1739869200,83.1,83.4,82.7,82.75,3764154
1739872800,82.75,82.9,82.6,82.75,1706663
1739876400,82.75,83.3,82.75,83.1,2340756
1739880000,83.15,83.3,82.95,83.05,1716917
1739883600,83.05,83.4,82.9,83.35,2559309
1739887200,83.35,84.3,83.35,84.25,10679577
1739890800,84,84,84,84,1067566
1739944800,83.75,83.75,83.75,83.75,175976
1739948400,83.8,84.75,83.65,84.5,6170250
1739952000,84.5,85.05,84,84.7,4473062
1739955600,84.65,84.85,84.5,84.75,1427906
1739959200,84.7,84.9,84.5,84.55,994755
1739962800,84.65,85,84.2,84.3,2901427
1739966400,84.3,84.6,84,84.05,1960182
1739970000,84,84.05,83.3,83.5,4672472
1739973600,83.5,84.2,83.35,83.75,4468297
1739977200,83.8,83.8,83.8,83.8,755075
1740031200,84,84,84,84,217993
1740034800,84,84.1,82.15,82.25,6729659
1740038400,82.25,83.85,82.15,83.75,4889099
1740042000,83.75,84.15,83.4,83.6,3129402
1740045600,83.6,84.05,83.55,83.85,1758805
1740049200,83.85,84.1,83.75,83.85,3443267
1740052800,83.85,84.75,83.8,84.6,6149912
1740056400,84.6,84.6,84.1,84.4,1565915
1740060000,84.4,84.65,83.95,84.05,2863464
1740063600,84.1,84.1,84.1,84.1,589995
1740117600,84.05,84.05,84.05,84.05,145162
1740121200,84.05,84.15,83.15,83.55,5443913
1740124800,83.55,83.85,83.35,83.75,1762459
1740128400,83.75,83.75,83.55,83.55,561227
1740132000,83.6,83.7,83.4,83.4,636578
1740135600,83.45,83.55,83.25,83.35,1138215
1740139200,83.35,83.4,82.6,82.8,2195096
1740142800,82.8,82.8,82.05,82.2,2246776
1740146400,82.15,82.85,81.65,82.65,5940533
1740150000,82.75,82.75,82.75,82.75,876607
1740376800,83.1,83.1,83.1,83.1,244104
1740380400,83.15,83.75,83.1,83.55,2884662
1740384000,83.55,83.65,82.75,83.15,1545437
1740387600,83.15,83.35,83,83,504191
1740391200,83,83.65,82.8,83.35,1263103
1740394800,83.35,83.6,83.05,83.35,1769946
1740398400,83.35,84.25,83.3,84.15,3609984
1740402000,84.2,84.55,84,84.15,3524985
1740405600,84.15,84.4,83.3,83.65,4188594
1740409200,83.75,83.75,83.75,83.75,602566
1740463200,84.05,84.05,84.05,84.05,276628
1740466800,84.05,84.6,83.75,83.85,5157113
1740470400,83.9,83.95,83,83.25,2657618
1740474000,83.25,83.25,81.75,81.8,3782785
1740477600,81.75,81.95,81,81.35,3723354
1740481200,81.3,81.35,80.65,81.05,2830619
1740484800,81.05,82.4,80.95,82.3,4470141
1740488400,82.35,82.55,81.05,81.25,3864730
1740492000,81.2,81.55,80.8,81.05,5618479
1740495600,81.05,81.05,81,81,1243358
1740549600,82.7,82.7,82.7,82.7,498328
1740553200,82.75,84.3,82.7,83.65,18206723
1740556800,83.65,85.55,83.45,85.5,15443814
1740560400,85.5,86.4,85.15,86.2,10160056
1740564000,86.15,86.75,86.05,86.5,6710270
1740567600,86.5,86.55,85.9,86.1,3754477
1740571200,86.1,86.3,85.7,86.15,5326371
1740574800,86.1,87.15,86.1,86.9,7806656
1740578400,86.9,86.95,85.95,86.45,8070671
1740582000,86,86,86,86,1797660
1740636000,86,86,86,86,207382
1740639600,86.05,86.35,85.05,85.4,10751802
1740643200,85.4,89.4,85.35,89.05,33493070
1740646800,89.05,89.15,88.55,88.95,5310029
1740650400,88.95,89,88.6,88.9,2731882
1740654000,88.95,89.25,88.5,88.9,4748969
1740657600,88.9,90.35,88.9,90.1,13889791
1740661200,90.1,90.2,89.5,90.05,6276243
1740664800,90,90.15,89.15,89.75,8363742
1740668400,90,90,90,90,824933
1740722400,90,90,90,90,248529
1740726000,89.95,91.2,89.5,91.05,15327127
1740729600,91.05,93.65,90.75,93.5,21521333
1740733200,93.45,94.3,93.2,93.4,14197743
1740736800,93.35,93.85,92.95,93.55,8626395
1740740400,93.5,93.85,93.15,93.2,5599318
1740744000,93.2,93.4,92.6,92.7,5081270
1740747600,92.75,93.35,92.1,92.7,10023806
1740751200,92.7,93.05,91.7,93.05,14711029
1740754800,93.45,93.45,93.45,93.45,3991817
1740981600,94,94,94,94,569475
1740985200,94.05,95.35,93.55,94.85,17828608
1740988800,94.85,97.15,94.8,96.7,14136254
1740992400,96.7,98.7,96.65,98.15,8201834
1740996000,98.1,98.15,97.2,97.3,5922879
1740999600,97.3,98.05,97.2,97.75,3623427
1741003200,97.8,98,97.35,97.65,3883896
1741006800,97.65,97.95,97.35,97.9,3322734
1741010400,97.9,99.55,97.85,98,19301554
1741014000,98.05,98.05,98.05,98.05,1595894
1741068000,97.95,97.95,97.95,97.95,357567
1741071600,97.95,99.55,96.95,98.95,19542134
1741075200,98.95,100.5,98.85,99.65,15988230
1741078800,99.65,100.8,99.45,100.7,9806715
1741082400,100.7,101.1,100.4,100.9,8282492
1741086000,101,101.3,100.2,101,6059813
1741089600,101.1,101.1,100.4,100.5,4763587
1741093200,100.5,101,100.2,100.3,6181807
1741096800,100.3,101.9,100.3,101.5,15393765
1741100400,101.5,101.7,101.5,101.7,1542910
1741154400,102.1,102.1,102.1,102.1,494948
1741158000,102.1,102.9,100.3,100.6,14760966
1741161600,100.6,102.7,100.3,102.2,12036976
1741165200,102.2,102.7,101.3,102.4,6048870
1741168800,102.5,102.5,101.3,102.1,5833738
1741172400,102.1,103,101.8,102.7,6638219
1741176000,102.6,104.7,102.6,104.4,9836535
1741179600,104.5,105,104,104.6,7355780
1741183200,104.6,106,104.4,105.4,11132303
1741186800,105.4,105.4,105.4,105.4,1276466
1741240800,106,106,106,106,310269
1741244400,106,106.3,104.9,106.2,11019839
1741248000,106.2,109.5,105.7,107.8,19311049
1741251600,107.8,108.6,107.7,108.5,4570820
1741255200,108.4,108.8,107.8,108.1,4414678
1741258800,108.1,108.9,106.8,108.5,8152191
1741262400,108.6,108.7,107.4,107.7,4995697
1741266000,107.6,107.9,107.3,107.7,3199248
1741269600,107.7,111.4,107.7,111.3,19338760
1741273200,112.2,112.2,112.2,112.2,1468924
1741327200,112,112,112,112,460307
1741330800,112,112.1,110.3,111.6,13837501
1741334400,111.6,114,109.6,111.3,21311766
1741338000,111.4,111.4,110.1,110.3,5563828
1741341600,110.3,110.4,106.4,106.5,13613868
1741345200,106.6,108.1,105.7,108.1,13980456
1741348800,108.1,108.1,106.7,106.8,5281628
1741352400,106.8,109.5,106.4,108,12948011
1741356000,108,108.9,107.8,108,8360146
1741359600,108.2,108.2,108.2,108.2,1558156
1741586400,108.2,108.2,108.2,108.2,403718
1741590000,108.3,110.2,108,109.7,15339753
1741593600,109.7,110.8,109,110.7,8452976
1741597200,110.6,110.7,110,110.6,3693295
1741600800,110.6,110.8,109.8,110.5,3527625
1741604400,110.6,110.7,110,110.4,2241914
1741608000,110.4,111.2,110.2,110.5,4230598
1741611600,110.5,111,109.4,110.2,5868962
1741615200,110.3,110.4,109.3,110.3,6790545
1741618800,110.3,110.3,110.3,110.3,1206549
1741672800,110.3,110.3,110.3,110.3,374227
1741676400,110.2,111.1,109.7,110.3,9249153
1741680000,110.4,113.8,110.3,113.6,16782874
1741683600,113.6,116,113.5,115.3,16175031
1741687200,115.3,116,115.1,115.5,5394902
1741690800,115.5,115.6,114.5,115.3,4950694
1741694400,115.4,116.6,115.2,116.4,6985790
1741698000,116.4,118.6,116,117.4,17886906
1741701600,117.4,117.7,116.6,117.1,11014543
1741705200,117,117,117,117,1185977
1741759200,117.1,117.1,117.1,117.1,422293
1741762800,117.1,118.1,113.8,114.9,21345638
1741766400,114.9,115.6,114.5,115.5,7737733
1741770000,115.5,115.7,114.6,115,6884809
1741773600,115,115.6,114.7,115.1,3960110
1741777200,115.1,116.8,115.1,116.3,6568575
1741780800,116.3,116.7,115.9,116.3,4075236
1741784400,116.3,116.5,115.7,116.1,3216174
1741788000,116.1,116.2,115.5,116,6452312
1741791600,115.9,115.9,115.9,115.9,1292219
1741845600,116.1,116.1,116.1,116.1,305178
1741849200,116.2,119.6,116.2,118.7,17482830
1741852800,118.6,119.1,117.2,118.2,6480317
1741856400,118.1,119.3,118.1,119.2,4129224
1741860000,119.1,119.9,118.1,118.5,6691035
1741863600,118.5,118.5,117.3,117.5,5216474
1741867200,117.6,117.8,116.2,117.3,6970982
1741870800,117.3,117.4,114.2,115,14035462
1741874400,114.9,116.7,114.7,116.1,10066043
1741878000,116.3,116.3,116.3,116.3,1243302
1741932000,117.1,117.1,117.1,117.1,343880
1741935600,117.1,117.4,115.8,116.2,9049574
1741939200,116.2,116.6,116.1,116.3,3120440
1741942800,116.2,116.9,116.1,116.7,2937701
1741946400,116.6,117.8,116.3,117.3,3986040
1741950000,117.3,117.5,116.9,117.2,2295394
1741953600,117.2,117.6,116.9,117.1,3235385
1741957200,117.1,117.8,116.9,117,3459807
1741960800,117,117.4,116.8,117,5065258
1741964400,117,117.1,117,117.1,1524219
1742191200,117.3,117.3,117.3,117.3,368863
1742194800,117.4,119.5,117,117.2,12793309
1742198400,117.2,118.7,117.1,118.5,7757930
1742202000,118.4,119.1,118.4,118.7,4921312
1742205600,118.7,119.3,118.6,119,3829981
1742209200,119,119.3,118.9,119,1794769
1742212800,119,120.9,119,120.6,9799696
1742216400,120.6,121.4,120.3,121.1,7789368
1742220000,121,121.9,120.7,121.8,6948368
1742223600,121.7,121.7,121.7,121.7,1039071
1742277600,121.8,121.8,121.8,121.8,339191
1742281200,121.8,123.5,120.8,121.9,16708478
1742284800,121.9,122.2,120.2,121.8,9577181
1742288400,121.7,122.4,121.2,122,4042699
1742292000,122.1,122.6,121.6,122.3,4201848
1742295600,122.2,123,121.9,122,4075190
1742299200,122,122.6,121.9,122.3,2334352
1742302800,122.3,123.9,122.2,123.5,8890119
1742306400,123.5,124,123,123.6,7343288
1742310000,123.4,123.4,123.4,123.4,1334776
1742364000,117.7,117.7,117.7,117.7,782125
1742367600,117,123,116.9,120.6,16437635
1742371200,120.5,121,117.9,119.9,10686144
1742374800,119.9,121.8,119.7,121.4,4858034
1742378400,121.4,121.5,119.4,119.4,5253032
1742382000,119.5,119.6,118.1,119.2,6216252
1742385600,119.1,119.2,115.3,116.3,11563180
1742389200,116.3,116.5,113.3,113.3,11722834
1742392800,113.3,113.8,111.1,112.2,10521239
1742396400,112.3,112.3,112.3,112.3,481213
1742450400,113.4,113.4,113.4,113.4,572128
1742454000,113.5,120.6,113.2,120.5,26136417
1742457600,120.5,121,119.4,119.6,8433704
1742461200,119.7,120.2,119.4,119.5,4244679
1742464800,119.5,119.6,116.6,118,8585866
1742468400,117.9,118.1,116.5,116.7,4555231
1742472000,116.8,117.7,116.2,116.4,5379949
1742475600,116.4,118,114.5,117,9045806
1742479200,117,119.1,116.6,117.5,8986837
1742482800,117.5,117.5,117.5,117.5,953543
1742536800,117.5,117.5,117.5,117.5,608705
1742540400,117.5,117.7,113.6,113.6,11656836
1742544000,113.6,113.8,109.7,109.8,5161415
1742547600,109.7,114.4,108.3,113.6,12390059
1742551200,113.7,114,111.7,113,5639017
1742554800,112.9,113.8,111.2,111.5,4684091
1742558400,111.6,112.2,110.4,111,5160785
1742562000,110.9,111.4,109.9,110.6,5413591
1742565600,110.6,111.3,108,110.9,15385757
1742569200,110.9,110.9,110.5,110.5,2600202
1742796000,112.3,112.3,112.3,112.3,1201870
1742799600,112.4,117.7,112.4,117.1,18312745
1742803200,117.2,117.8,116.5,116.7,6137742
1742806800,116.7,117.3,115.3,115.5,4351448
1742810400,115.4,115.7,112.1,112.4,7586334
1742814000,112.5,115.8,112.2,115.6,7376996
1742817600,115.7,117,114.9,116.1,7019957
1742821200,116.1,117,115.1,115.2,5269350
1742824800,115.2,120.6,115,120,15257067
1742828400,120.4,120.4,120.4,120.4,765671
1742882400,122.8,122.8,122.8,122.8,525302
1742886000,122.8,125.7,122.5,122.8,19395218
1742889600,122.8,123.5,121.6,123,7299593
1742893200,123,124.4,122.8,123.8,8265331
1742896800,123.9,124,118.5,119,11436162
1742900400,119,119.9,116.7,116.7,11986194
1742904000,116.9,117.4,115.9,116.3,8755262
1742907600,116.2,116.7,114.2,116.7,12002521
1742911200,116.7,118.5,116.4,117.6,18226680
1742914800,117.6,117.6,117.5,117.5,1787293
1742968800,117,117,117,117,322275
1742972400,116.9,118.5,115.5,116.7,12225097
1742976000,116.8,118.1,115.8,117,5741517
1742979600,117.1,117.3,115.6,115.9,4204082
1742983200,115.9,115.9,114,114.5,4756604
1742986800,114.5,116.3,114.3,115.8,3513891
1742990400,115.8,117.5,115.8,117.3,5601676
1742994000,117.3,118.3,116.4,116.8,7928364
1742997600,116.9,117.5,115.4,115.7,6014861
1743001200,115.6,116,115.6,116,780796
1743055200,117.7,117.7,117.7,117.7,287598
1743058800,117.7,118.2,115,116,14834295
1743062400,116,116.5,115.4,116,5482629
1743066000,116.1,116.9,115.6,116.6,3756568
1743069600,116.6,117.2,116.3,116.7,3570231
1743073200,116.7,117.4,116.6,117.2,3571051
1743076800,117.2,117.8,116.8,116.8,3772692
1743080400,116.9,117,116.2,116.7,2420384
1743084000,116.7,117.2,116.3,116.7,4176822
1743087600,117,117,117,117,946537
1743141600,117,117,117,117,216517
1743145200,117,117.1,114.9,115,4747821
1743148800,115,116.6,114.9,116.5,3335382
1743152400,116.4,117.1,116.4,116.9,2551951
1743156000,116.9,116.9,116,116.3,1388193
1743159600,116.4,117.1,115.4,117,3065007
1743163200,117,118.2,116.8,117.8,6648813
1743166800,117.7,118.8,117.7,118.3,6421242
1743170400,118.2,119.4,118,118.7,6549521
1743174000,119.9,119.9,119.9,119.9,1609424
1743573600,119.7,119.7,119.7,119.7,339793
1743577200,119.6,120.7,118.5,119.6,8774120
1743580800,119.7,120.3,118.4,118.6,3329230
1743584400,118.5,119.2,118.1,118.4,1925490
1743588000,118.4,118.9,118.1,118.6,1134442
1743591600,118.7,118.9,118.3,118.4,1053915
1743595200,118.4,119.6,118.3,119.3,1974850
1743598800,119.3,119.9,118.4,119.2,2200625
1743602400,119.2,119.4,116.6,117.2,4826599
1743606000,118.3,118.3,118.3,118.3,1084580
1743660000,118.2,118.2,118.2,118.2,181595
1743663600,118.1,118.9,116.6,118.4,7673175
1743667200,118.4,120.7,118.3,118.6,8650072
1743670800,118.6,119.1,117.9,118,3504272
1743674400,118,118.4,116.8,117.2,5748208
1743678000,117.1,117.6,116.2,116.7,3576880
1743681600,116.6,117,115.8,115.9,2574962
1743685200,115.9,117.9,115.8,117.7,4662556
1743688800,117.7,119,117.5,117.8,7906783
1743692400,117.3,117.3,117.3,117.3,1049512
1743746400,117.3,117.3,117.3,117.3,229266
1743750000,117.2,117.7,116,117.1,4832780
1743753600,117.1,118,116.7,117,3436308
1743757200,117,117,116.4,116.4,1647596
1743760800,116.5,116.9,115.6,115.9,3908490
1743764400,116,117.1,115.3,117.1,4051154
1743768000,117,117.7,116.6,117.2,3092580
1743771600,117.1,118.4,117,118,5036294
1743775200,118,118.3,117,117.2,3878676
1743778800,117.1,117.4,117.1,117.4,843718
1744005600,113.5,113.5,113.5,113.5,304529
1744009200,114,117.5,113.6,116.9,8985655
1744012800,116.9,117.3,115.3,115.8,3376945
1744016400,115.7,115.9,115,115.5,2180805
1744020000,115.5,116.9,115.4,116.1,2755322
1744023600,116.2,116.6,115.6,116,1319890
1744027200,116,117.2,115.7,116.8,3599203
1744030800,116.8,116.9,115.3,116.2,3908227
1744034400,116.2,117.8,115.6,116.7,9071553
1744038000,116.7,116.7,116.7,116.7,617494
1744092000,118.9,118.9,118.9,118.9,275080
1744095600,118.9,119.3,117.2,117.5,7320029
1744099200,117.4,118.2,117.2,117.5,2453870
1744102800,117.5,117.8,117.1,117.6,2404438
1744106400,117.6,118,117.3,117.7,1426779
1744110000,117.6,118,117.3,117.8,1330425
1744113600,117.7,119.2,117.6,118.9,4306572
1744117200,119,119.5,118.7,119.3,4811971
1744120800,119.3,119.9,118.8,118.8,4614489
1744124400,118.8,118.8,118.8,118.8,1105263
1744178400,117.5,117.5,117.5,117.5,212706
1744182000,117.6,119.7,117.1,118.3,12361061
1744185600,118.3,118.7,117.6,118,2596598
1744189200,117.9,118.1,117.6,117.9,1481484
1744192800,117.9,118.4,117.4,118,1992315
1744196400,117.9,117.9,116.3,116.9,5150951
1744200000,116.9,117.7,116.8,117.4,1653731
1744203600,117.5,119.1,117.4,118.8,6003734
1744207200,118.9,119.2,116.9,116.9,4226220
1744210800,117.1,117.1,117.1,117.1,959955
1744264800,120.5,120.5,120.5,120.5,671530
1744268400,120.5,123.7,120.2,123,18415720
1744272000,123,123.6,122.3,122.5,4032766
1744275600,122.5,122.8,122.2,122.7,1863741
1744279200,122.6,122.7,122.1,122.4,1923442
1744282800,122.5,122.6,121.7,122.1,1590945
1744286400,122.1,123,122,122.4,2376420
1744290000,122.4,123.4,122,122.4,3705082
1744293600,122.4,123.2,121.8,122.3,6439855
1744297200,122.4,123.1,122.4,123.1,2472098
1744351200,123,123,123,123,263379
1744354800,122.9,123.4,120.7,120.9,8212707
1744358400,120.8,121.1,120,120.3,3013968
1744362000,120.3,120.9,119.6,120.9,3789434
1744365600,120.8,121.6,120.8,121.2,3194736
1744369200,121.2,121.3,120.1,120.6,2108365
1744372800,120.6,120.7,119.9,120.1,2068411
1744376400,120.1,120.5,118.9,119.5,4558384
1744380000,119.5,119.9,119,119.3,4204906
1744383600,119.3,119.3,119.2,119.2,891009
1744610400,120.3,120.3,120.3,120.3,377211
1744614000,120.3,120.4,118.3,120.2,7382272
1744617600,120.3,120.7,119.6,119.8,2136116
1744621200,119.8,119.9,119.2,119.6,1228104
1744624800,119.6,119.6,119.2,119.3,650920
1744628400,119.3,119.4,118.5,119,2296250
1744632000,119,119.2,118.6,118.8,1360226
1744635600,118.9,119.3,118.6,119.1,1479473
1744639200,119,119.8,118.3,119.3,6372932
1744642800,119.3,119.3,119.3,119.3,1110467
1744696800,119.3,119.3,119.3,119.3,233668
1744700400,119.3,119.9,117.4,118.3,10460690
1744704000,118.2,119.1,118.2,118.5,3130435
1744707600,118.5,118.5,118,118.2,2579341
1744711200,118.2,118.3,117.4,117.6,2025125
1744714800,117.6,117.7,117.2,117.5,2600431
1744718400,117.4,117.5,117,117.2,1850174
1744722000,117.2,118.2,116.6,116.7,3507768
1744725600,116.7,116.9,116.2,116.7,3863950
1744729200,116.6,116.6,116.6,116.6,847901
1744783200,116.8,116.8,116.8,116.8,314312
1744786800,116.9,120.6,116.9,119.6,18828028
1744790400,119.5,120,118.5,119.1,6126247
1744794000,119.1,120,119,119.3,3021258
1744797600,119.3,120,119.3,119.6,2699445
1744801200,119.6,120.7,119.5,120.3,5973642
1744804800,120.3,120.9,120.3,120.5,3272149
1744808400,120.6,121.2,120.1,120.9,5115215
1744812000,120.9,122,120.8,121.8,10528255
1744815600,121.2,121.2,121.2,121.2,1579050
1744869600,121.3,121.3,121.3,121.3,409286
1744873200,121.4,132.2,121.3,131.9,31624687
1744876800,131.9,133.3,130.3,130.4,14509366
1744880400,130.4,130.7,129.7,130.3,4551719
1744884000,130.4,130.4,129,129.8,3494087
1744887600,129.7,129.9,128,128.4,10828578
1744891200,128.5,130.7,127.8,130.1,9856511
1744894800,130.1,130.5,129.5,129.7,3276914
1744898400,129.7,131.2,128.5,128.7,8558287
1744902000,128.7,128.8,128.5,128.5,1334831
1744956000,128.8,128.8,128.8,128.8,295472
1744959600,128.8,129.7,127.5,128,6913780
1744963200,128,128.3,127.3,128,1869974
1744966800,128,128.1,127.1,127.7,1260264
1744970400,127.7,127.7,127.2,127.6,549872
1744974000,127.5,128.5,126.9,128,1912868
1744977600,127.9,130.6,127.9,128.5,5256436
1744981200,128.5,129.3,128,128.6,1959825
1744984800,128.6,130.4,128.1,129.2,4403350
1744988400,129.2,129.9,129.2,129.9,1063975
1745215200,130.2,130.2,130.2,130.2,269927
1745218800,130.1,131.3,129,130.3,7647583
1745222400,130.3,130.7,129.6,130,2140874
1745226000,129.9,130,129.2,129.7,1157093
1745229600,129.7,129.9,128.9,129.4,1501048
1745233200,129.4,129.5,128.3,128.4,1948223
1745236800,128.4,129.3,128.2,128.5,2818034
1745240400,128.5,129,127.9,128.8,2812877
1745244000,128.8,128.8,126.7,127.7,4066208
1745247600,127.9,127.9,127.9,127.9,572432
1745301600,129,129,129,129,331200
1745305200,129.1,132.7,129,130.8,16160485
1745308800,130.7,131.2,130.2,130.9,5702093
1745312400,130.8,131,130.6,130.9,1314658
1745316000,130.9,131.5,130.4,130.8,2009316
1745319600,130.7,131.4,130.5,130.6,2352645
1745323200,130.6,131,130.3,130.6,1644896
1745326800,130.7,131.9,130.6,131.6,4086836
1745330400,131.6,132.1,130.5,131.4,7265991
1745334000,131.7,131.7,131.7,131.7,1614620
1745474400,132.3,132.3,132.3,132.3,436300
1745478000,132.3,134.8,131.6,134.4,14214254
1745481600,134.4,134.4,133.3,133.4,3827361
1745485200,133.5,134.7,133.5,134.4,2909446
1745488800,134.4,134.5,133.4,133.7,2037249
1745492400,133.7,134.3,133.4,134,2338586
1745496000,134,134.2,133.3,134.2,3145997
1745499600,134.1,134.4,133.1,133.2,3375902
1745503200,133.2,134.4,132.7,134.2,7910494
1745506800,134.5,134.5,134.5,134.5,1513562
1745560800,135.1,135.1,135.1,135.1,272894
1745564400,135.1,136,132.3,134,10109478
1745568000,134,134.1,133.2,133.4,1848578
1745571600,133.5,133.9,133,133.2,1231721
1745575200,133.2,133.5,132.7,133.5,1621588
1745578800,133.5,134.1,133.2,133.8,1846433
1745582400,133.8,134.5,133.4,134.3,2663087
1745586000,134.2,135.3,134.1,135,4107224
1745589600,135,135.7,134.9,135.2,6110784
1745593200,135.3,135.3,135.3,135.3,1039877
1745820000,135.8,135.8,135.8,135.8,330016
1745823600,135.9,137.6,134,137.1,9262629
1745827200,137,138.7,137,138,5104590
1745830800,138.1,140.5,138.1,140.4,4873314
1745834400,140.4,141.3,139.1,139.2,5361308
1745838000,139.1,140.3,138.8,140.1,3169487
1745841600,140.1,140.2,138.9,139.2,2227882
1745845200,139.2,139.5,137.8,139,3014709
1745848800,139,140.3,138.4,138.9,4739173
1745852400,138.9,138.9,138.6,138.6,708785
1745906400,138.6,138.6,138.6,138.6,248343
1745910000,138.5,139.4,136.8,138.1,9657582
1745913600,138,138.6,137.6,138.2,1863020
1745917200,138.2,138.8,137.8,138.4,2038705
1745920800,138.3,138.7,138,138.6,1781849
1745924400,138.6,138.6,137.6,137.9,1706285
1745928000,138,138.4,137.6,138.2,1525917
1745931600,138.2,138.6,137.5,138.3,2401213
1745935200,138.2,138.7,137.4,137.9,4309532
1745938800,137.9,137.9,137.4,137.4,1131190
1745992800,135.3,135.3,135.3,135.3,448418
1745996400,135.3,136.7,132,136,12559614
1746000000,136,136.4,134.7,134.8,3009737
1746003600,134.8,135,132.6,133.1,3238132
1746007200,133.1,133.8,132.7,133.6,2513037
1746010800,133.6,133.6,132,133.1,4005968
1746014400,133.1,135.4,132.8,134.4,4059325
1746018000,134.4,134.9,133.5,134.8,2356276
1746021600,134.8,135.3,133,133.2,5900986
1746025200,133.3,135,133.1,135,1302319
1746165600,135,135,135,135,333067
1746169200,134.9,135.3,133.1,133.4,6981720
1746172800,133.3,133.9,133,133.1,1460498
1746176400,133.1,133.1,131.5,132.5,3022674
1746180000,132.5,132.9,132.2,132.4,946972
1746183600,132.5,132.5,130.8,131.4,2995057
1746187200,131.4,131.5,129.9,130.2,2959366
1746190800,130.3,130.4,129.3,129.7,3104760
1746194400,129.7,129.9,129,129.5,4570680
1746198000,129.8,129.8,129.8,129.8,1008724
1746424800,129.9,129.9,129.9,129.9,259609
1746428400,130,130.6,128.2,130.2,8829827
1746432000,130.3,130.4,128.6,129.9,2663536
1746435600,129.9,130.4,129.1,129.2,2056351
1746439200,129.2,129.9,128.7,129.7,1967043
1746442800,129.7,130.4,129.4,130,1794505
1746446400,130.1,130.8,130,130.4,2220577
1746450000,130.5,130.5,129.6,129.7,1530925
1746453600,129.8,129.9,129.2,129.4,2176112
1746457200,129.5,129.8,129.5,129.8,1361168
1746511200,129.7,129.7,129.7,129.7,218237
1746514800,129.6,138.6,129.5,136.2,20427999
1746518400,136.3,136.7,135.6,136.4,3728342
1746522000,136.3,136.7,136,136.3,1660993
1746525600,136.3,137.2,136.3,136.9,2529724
1746529200,136.9,137.1,136.4,136.7,1661335
1746532800,136.6,136.7,135.7,136.4,2184830
1746536400,136.3,137.1,136.1,136.4,3972500
1746540000,136.3,137.8,136.2,137.7,5401123
1746543600,137.6,137.6,137.4,137.4,1123988
1746597600,137.5,137.5,137.5,137.5,625896
1746601200,137.5,145.8,137.4,143.8,20401896
1746604800,143.8,144.9,143.3,144.2,4776048
1746608400,144.2,145,144,145,2630685
1746612000,145,146.5,144.5,146.4,5464542
1746615600,146.5,146.5,144.1,144.5,4748690
1746619200,144.5,144.5,143.5,143.9,3055754
1746622800,143.8,144.2,142.6,142.8,3943020
1746626400,142.7,144.5,142.2,143.8,6082639
1746630000,144.2,144.2,144.2,144.2,1394836
1746684000,144.6,144.6,144.6,144.6,326400
1746687600,144.6,151.3,144.2,149.9,20636869
1746691200,150,152.1,149.6,150.8,8437393
1746694800,150.8,151,149,150,4630445
1746698400,150,151.9,149.7,151.5,4063671
1746702000,151.5,158.5,151.4,156.8,17127821
1746705600,156.8,156.8,151.8,153.2,12885284
1746709200,153.2,153.9,152.1,153.7,6080005
1746712800,153.7,154.8,153.6,154.3,7938213
1746716400,154.1,154.1,154.1,154.1,1696569
1746770400,155.2,155.2,155.2,155.2,397262
1746774000,155.2,155.8,149.1,151.4,15313393
1746777600,151.5,153.6,151.3,151.8,4640585
1746781200,151.8,152.2,151.4,151.6,1175865
1746784800,151.6,151.8,150.2,151,2332966
1746788400,151,151.5,150.5,151.1,1828284
1746792000,151.2,151.8,150.3,150.5,3642246
1746795600,150.5,150.8,149.7,150.2,3018403
1746799200,150.3,150.4,149.3,149.6,3284303
1746802800,149.2,149.2,149.2,149.2,980338
1747029600,148.3,148.3,148.3,148.3,565375
1747033200,148.3,148.4,137.2,140.9,24646963
1747036800,141,143.5,140.2,140.9,11698615
1747040400,140.9,141.3,140.3,140.4,3828235
1747044000,140.4,141.8,140.2,141.8,3184059
1747047600,141.8,141.8,140.6,141.4,2873535
1747051200,141.4,142.5,140.8,141.1,5797931
1747054800,141.2,141.4,140.8,140.9,3162371
1747058400,140.8,141.4,139.9,140.6,9046903
1747062000,140.4,140.4,140.4,140.4,917250
1747116000,140.3,140.3,140.3,140.3,376568
1747119600,140.3,141.6,135.5,135.9,16499010
1747123200,135.9,137.9,135.4,137.7,6604161
1747126800,137.8,138,137.1,137.4,1923998
1747130400,137.4,138.9,137.3,138,4180125
1747134000,138,141,137.4,138.1,9671671
1747137600,138.1,138.5,137.7,137.7,3283153
1747141200,137.8,138,137,137.3,3083231
1747144800,137.3,137.4,136.5,136.7,6151659
1747148400,136.8,136.8,136.7,136.8,1057548
1747202400,137.5,137.5,137.5,137.5,419276
1747206000,137.5,139.3,136.5,138,14156712
1747209600,137.9,138.2,137.3,137.6,2545974
1747213200,137.6,138,137.4,137.8,1504237
1747216800,137.7,138.8,137.5,138.7,2278167
1747220400,138.6,138.8,137.8,138.3,4847488
1747224000,138.2,138.6,137.5,137.8,4312965
1747227600,137.8,138.2,137.4,137.8,2372041
1747231200,137.9,138.5,137.5,138,6195601
1747234800,138,138,138,138,1348104
1747288800,141.6,141.6,141.6,141.6,742748
1747292400,141.5,141.8,138,140,12028116
1747296000,140,140.2,139.3,139.4,4304857
1747299600,139.4,139.6,139,139.5,1329852
1747303200,139.5,140.2,139.4,139.8,2182599
1747306800,139.9,140.2,139.7,139.8,2268563
1747310400,139.8,140.1,139.5,140,2872382
1747314000,140,140.3,139.1,139.2,3731769
1747317600,139.1,139.8,136.5,137.5,8813453
1747321200,137.6,137.6,137.5,137.5,996864
1747375200,137.5,137.5,137.5,137.5,227944
1747378800,137.5,139.9,136.6,139.5,6318531
1747382400,139.6,143.2,139.5,142.8,14156323
1747386000,142.7,143.8,142.5,142.7,4442351
1747389600,142.7,142.7,141.7,141.8,1813659
1747393200,141.7,142,141.2,141.4,1766901
1747396800,141.3,141.9,140.6,140.9,2248954
1747400400,140.9,143,140.5,141.4,4781161
1747404000,141.4,141.8,137.1,138.6,10502894
1747407600,138.6,138.6,138.6,138.6,1053921
1747720800,137.8,137.8,137.8,137.8,457634
1747724400,137.8,137.9,132.6,132.8,12752760
1747728000,132.8,133.2,131.1,131.1,5632216
1747731600,131.2,131.3,129.9,131.1,5463547
1747735200,131.1,132,131,131.6,3041270
1747738800,131.6,131.9,131,131.3,1798800
1747742400,131.3,131.3,130.5,130.8,2842216
1747746000,130.8,131,130.3,130.5,3156117
1747749600,130.5,133.4,130.2,132.2,8741862
1747753200,132.3,132.3,132.3,132.3,1244495
1747807200,133,133,133,133,327425
1747810800,133.1,134.9,131.2,133.3,10249825
1747814400,133.2,133.4,132.9,133.1,2044012
1747818000,133,133.1,132.6,132.7,872915
1747821600,132.7,134.3,132.6,133.9,2590344
1747825200,133.9,134.1,133.4,133.9,1898207
1747828800,133.8,134,133.1,133.4,1297873
1747832400,133.4,134,133.3,133.5,1583039
1747836000,133.6,134.5,132.3,132.7,5377190
1747839600,133,133,133,133,1149768
1747893600,133.4,133.4,133.4,133.4,200995
1747897200,133.4,133.9,131.1,133,6848680
1747900800,133,133.6,131.7,132.1,2781330
1747904400,132.1,132.1,131.5,132,1155567
1747908000,132,132.3,131.4,131.9,1198117
1747911600,131.9,135.1,131.8,135,6021730
1747915200,134.9,135,133.6,133.8,2839647
1747918800,133.8,135.8,133.7,135.5,3221738
1747922400,135.5,138,135.2,137,7404703
1747926000,137,137,137,137,1117627
1747980000,136.1,136.1,136.1,136.1,185200
1747983600,136,136.2,134.4,135.6,5328350
1747987200,135.5,137.3,135.5,137,3361598
1747990800,137.1,137.1,136,136.7,1387443
1747994400,136.7,136.8,135.6,135.8,873448
1747998000,135.8,136.2,134.9,135,1756125
1748001600,134.9,135.8,134.9,135.6,1614484
1748005200,135.5,138.5,135.2,137.4,6253985
1748008800,137.3,137.5,136,136.4,3535903
1748012400,136.2,136.2,136.2,136.2,985216
1748239200,136.6,136.6,136.6,136.6,200395
1748242800,136.7,138.3,135.1,136.3,5543146
1748246400,136.3,136.4,135.1,136,1619229
1748250000,135.9,136.2,135.6,135.7,1022214
1748253600,135.7,136.8,135.7,136.3,1171659
1748257200,136.2,136.8,136.2,136.4,721997
1748260800,136.4,136.5,135.7,135.9,885619
1748264400,135.9,136.8,135.8,136.7,1232015
1748268000,136.6,136.8,135.4,136.1,2236735
1748271600,136.3,136.3,136.3,136.3,764752
1748325600,135.8,135.8,135.8,135.8,209217
1748329200,135.8,137.7,135.2,137.2,5307024
1748332800,137.2,137.6,136.2,136.3,2834820
1748336400,136.2,136.8,136.1,136.6,1011012
1748340000,136.6,136.7,136.1,136.5,1207801
1748343600,136.4,136.8,135.7,136.3,1424282
1748347200,136.3,137.7,136.1,137,3105397
1748350800,137,138,136.9,137.6,3020956
1748354400,137.6,138.9,137.3,137.9,6290998
1748358000,138,138,137.6,137.6,1525987
1748412000,138,138,138,138,208524
1748415600,137.9,138.7,137.3,137.5,5387352
1748419200,137.5,137.5,136,136.3,2329972
1748422800,136.3,136.9,136.3,136.5,1064284
1748426400,136.4,136.4,135.6,135.8,1449110
1748430000,135.7,136.4,135.6,135.7,1196431
1748433600,135.6,136.1,134.6,134.8,2074107
1748437200,134.7,136.1,134.4,135.5,2169256
1748440800,135.5,135.6,134.1,135.2,3487011
1748444400,135.1,135.1,135.1,135.1,1610983
1748498400,135.2,135.2,135.2,135.2,247961
1748502000,135.1,136.2,133.8,134.1,4349138
1748505600,134.1,134.3,132.4,132.7,2446107
1748509200,132.8,133.1,132.2,132.8,1539617
1748512800,132.8,133.2,132.1,132.8,1580470
1748516400,132.8,132.8,132.1,132.1,1029574
1748520000,132.2,132.4,132,132.3,1123711
1748523600,132.3,132.7,131,131.5,3004734
1748527200,131.5,132.6,131.1,132,3411136
1748530800,132.2,132.2,132.2,132.2,937705
1748584800,131.6,131.6,131.6,131.6,183523
1748588400,131.6,132.6,131,131.4,3910066
1748592000,131.4,131.4,129.5,129.7,2921984
1748595600,129.6,130.1,128.9,129.2,1750158
1748599200,129.1,131,128.6,130.3,2799826
1748602800,130.4,130.7,130,130.1,1271777
1748606400,130.2,130.9,129.4,130.4,2181738
1748610000,130.5,132,130.4,130.8,3520340
1748613600,130.9,131.1,129.5,129.7,4765863
1748617200,129.6,129.6,129.6,129.6,5752259
1748844000,130.7,130.7,130.7,130.7,287301
1748847600,130.7,132.6,130.2,130.7,6276395
1748851200,130.7,131.3,129.2,129.6,2870081
1748854800,129.6,130.4,129.3,130.1,1194092
1748858400,130,130.8,130,130.7,1202712
1748862000,130.6,131.3,130.2,131.1,1382034
1748865600,131.2,131.4,130.7,131,2234299
1748869200,131,131,129.6,129.7,1817502
1748872800,129.7,130.1,129.5,129.6,2447089
1748876400,129.3,129.3,129.3,129.3,908655
1748930400,129.4,129.4,129.4,129.4,242792
1748934000,129.5,130.1,128.3,128.9,7763333
1748937600,129,129,128.4,128.7,3048218
1748941200,128.7,129.2,128.3,128.4,2533143
1748944800,128.4,128.6,128.3,128.5,1134926
1748948400,128.5,130.3,128.3,129.9,4799800
1748952000,129.9,130.4,128.8,128.8,4175215
1748955600,128.8,129,128.5,128.5,2469465
1748959200,128.6,128.8,126.9,127.7,4890984
1748962800,127.6,127.6,127.6,127.6,1009900
1749016800,127.9,127.9,127.9,127.9,209074
1749020400,127.9,130.1,127.9,130,9580826
1749024000,130,131.5,129.6,130.9,6795298
1749027600,131,131.4,130.4,131.3,3409816
1749031200,131.3,131.8,131.2,131.3,2839934
1749034800,131.4,132.1,131.3,131.9,3267685
1749038400,131.9,132.4,131.4,131.5,2584108
1749042000,131.6,132.8,131.2,132.8,4148444
1749045600,132.8,135,132,134.6,5537450
1749049200,134.7,134.7,134.7,134.7,569074
1749105000,134.4,136,134,135.9,3504904
1749108600,135.9,138,135.7,137.3,6014367
1749112200,137.3,139.7,137.2,139.7,5006775
1749115800,139.6,139.6,139.5,139.5,735257
1749535200,139,139,139,139,443742
1749538800,139.1,141.1,137.6,137.9,9369744
1749542400,137.9,138.9,137.5,138.1,4616665
1749546000,138,138.4,137.8,138,1654681
1749549600,138,138.4,137.7,138,1543115
1749553200,137.9,138.1,137.7,137.9,1256873
1749556800,137.8,138.3,137.7,138.1,1251564
1749560400,138.1,140,137.9,139.1,4184271
1749564000,139,139.9,138.9,139.3,4666431
1749567600,139.2,139.2,139.2,139.2,759026
1749621600,140.2,140.2,140.2,140.2,284715
1749625200,140.2,141.3,138.4,138.7,8941938
1749628800,138.6,138.9,138.2,138.5,1705136
1749632400,138.4,139.9,138.4,139.7,3824365
1749636000,139.6,139.9,139.2,139.8,1934971
1749639600,139.8,142.6,139.7,142.2,11604304
1749643200,142.1,142.9,141.6,142,4363378
1749646800,141.9,142.1,141,141.9,2715896
1749650400,142,142.6,141.5,141.8,3787029
1749654000,141.3,141.3,141.3,141.3,880975
1749708000,144.4,144.4,144.4,144.4,545771
1749711600,144.4,146,141.9,142.7,13349429
1749715200,142.7,144.6,142,144.2,6140109
1749718800,144.2,144.8,144,144.5,3187297
1749722400,144.5,147.4,144.1,147.1,6922968
1749726000,147.2,147.8,146.6,147.2,5792167
1749729600,147.2,147.4,146.4,147,3251815
1749733200,147,148.2,146.5,146.9,5553757
1749736800,146.8,147.5,144.7,145,6522138
1749740400,144.7,144.7,144.7,144.7,1292462
1749794400,149.1,149.1,149.1,149.1,933382
1749798000,149,150.7,143.6,145.1,20613758
1749801600,145.2,145.4,143.9,144.3,4270637
1749805200,144.3,145.2,141.9,142.1,3932597
1749808800,142,142.5,140.7,142.2,3169808
1749812400,142.2,143.4,141.8,143,2677189
1749816000,143,143.5,142.2,142.8,2632078
1749819600,142.8,143.1,142.1,142.8,2247742
1749823200,142.8,143.6,141.2,141.5,6526829
1749826800,141.6,141.6,141.5,141.5,1694974
1750053600,141.5,141.5,141.5,141.5,522591
1750057200,141.5,145,141,141.8,7466634
1750060800,141.7,142.9,141.7,142.1,2263550
1750064400,142.2,142.3,140.9,141.1,2301163
1750068000,141.2,142,140.9,141.9,1298105
1750071600,141.9,142.1,141.4,142.1,919404
1750075200,142,144.3,141.9,142.8,4762050
1750078800,142.8,144.3,142.5,144.1,2255438
1750082400,144.2,144.2,138.5,139,10160182
1750086000,139,139,138.9,138.9,1085645
1750140000,139.5,139.5,139.5,139.5,364955
1750143600,139.5,144.3,138.6,143.9,15640543
1750147200,144,144.7,143.4,144,5747170
1750150800,144,144.4,143.7,144,2446247
1750154400,144,145,143.8,144.8,3738841
1750158000,144.9,145.1,143.1,143.9,5131613
1750161600,144,144.1,143.2,143.5,1536481
1750165200,143.5,145.3,143.4,144.6,3913068
1750168800,144.6,145.5,143.6,144.5,5595781
1750172400,144.5,144.5,144.5,144.5,1263681
1750226400,144.6,144.6,144.6,144.6,210878
1750230000,144.7,145.6,143.5,144.5,9207680
1750233600,144.5,144.5,143.1,143.3,3099541
1750237200,143.3,143.4,142.7,142.9,1590470
1750240800,142.8,143,142.4,142.8,1006658
1750244400,142.7,142.8,141.8,141.9,1247357
1750248000,141.9,142.6,141.6,142.1,950921
1750251600,142.1,142.2,141.2,142,1483316
1750255200,141.9,142.9,141.7,141.9,3561292
1750258800,141.5,141.5,141.5,141.5,1320361
1750312800,142,142,142,142,145391
1750316400,142.1,143.2,141.7,143,4529109
1750320000,142.9,143.9,142.5,143.4,3200030
1750323600,143.4,144.9,143,144.7,2879537
1750327200,144.8,145.4,144.2,144.6,4132760
1750330800,144.6,144.9,143.5,144.5,3776352
1750334400,144.5,145.3,143.9,145.1,3469634
1750338000,145,145.2,143.8,144.2,2737506
1750341600,144.2,144.9,143.5,144.1,4383563
1750345200,144.1,144.1,144.1,144.1,1021046
1750399200,144,144,144,144,304194
1750402800,143.9,146.9,143.3,145.6,11855532
1750406400,145.5,146.1,144.9,145.4,2735729
1750410000,145.3,146.2,144.8,146,2547890
1750413600,146,146.1,145.1,145.2,1377024
1750417200,145.2,146.2,144.8,145.9,2602237
1750420800,145.8,146.2,145.1,145.4,1573339
1750424400,145.5,145.6,145,145.2,1507663
1750428000,145.3,146.1,144.9,145.9,4122557
1750431600,146.3,146.3,146.3,146.3,2694687
1750658400,146.4,146.4,146.4,146.4,296870
1750662000,146.4,147.8,143.9,145.7,14542989
1750665600,145.7,146,144.7,145,3426201
1750669200,145.1,146,144.9,145.9,1983812
1750672800,145.9,145.9,145.1,145.6,1078298
1750676400,145.6,145.8,145.2,145.3,1046765
1750680000,145.4,145.4,144.7,145.1,1835563
1750683600,145.2,146.8,145.1,146.4,3768701
1750687200,146.5,147.2,145.9,147,4982714
1750690800,147.1,147.1,147.1,147.1,902074
1750744800,143.1,143.1,143.1,143.1,432125
1750748400,143.2,144,138.6,140.8,17514941
1750752000,140.8,141.8,139.8,140.8,5929015
1750755600,140.8,141.2,140,141.2,2478667
1750759200,141.1,142.2,140.9,141.8,4042643
1750762800,141.8,141.9,141.1,141.2,1939453
1750766400,141.2,142,141.1,141.3,1923899
1750770000,141.4,143.5,141.2,142.5,4725027
1750773600,142.4,143.5,142.2,143.4,4170517
1750777200,143.3,143.3,142.6,142.6,1303639
1750831200,143.4,143.4,143.4,143.4,290611
1750834800,143.4,148.3,143.1,147.2,14474254
1750838400,147.1,149.2,146.9,149.1,4666374
1750842000,149.1,150,148.8,149.2,4071500
1750845600,149.1,149.6,148.8,149.3,1601282
1750849200,149.4,150,148.1,148.3,4870232
1750852800,148.2,149.4,148,149.2,2442771
1750856400,149.3,149.8,148.6,149.3,2303766
1750860000,149.3,149.6,148.7,149.2,3300298
1750863600,149.3,149.3,148.4,148.4,1682065
1750917600,148.9,148.9,148.9,148.9,166852
1750921200,149,149.6,145.7,146.2,5354896
1750924800,146.2,146.6,145,145.2,2286195
1750928400,145.1,146,144.8,145.8,2013759
1750932000,145.8,146,145.4,145.7,726452
1750935600,145.6,145.9,145.2,145.3,977875
1750939200,145.3,145.4,143.2,143.3,2564809
1750942800,143.3,143.5,141.9,142.5,3273761
1750946400,142.5,142.5,140.6,141.2,4366513
1750950000,141.2,141.2,140.3,140.3,1222870
1751004000,140.7,140.7,140.7,140.7,368647
1751007600,140.8,145.4,140.5,144.4,13078925
1751011200,144.3,145,144,144.7,2291372
1751014800,144.7,146,144.4,145.3,4792369
1751018400,145.4,145.8,144.4,145.4,1966896
1751022000,145.4,146.4,144.2,145.5,4336366
1751025600,145.6,146.2,145,145.9,2215664
1751029200,145.8,146.4,145.4,145.7,2442469
1751032800,145.7,146.3,145.5,145.5,3005353
1751036400,146.5,146.5,146.5,146.5,1148470
1751263200,146.5,146.5,146.5,146.5,142677
1751266800,146.5,147.9,145.1,147.5,6131349
1751270400,147.5,148.8,146.5,147,5493410
1751274000,147,148.4,146.8,148.2,3741019
1751277600,148.1,150,147.8,149.1,5799978
1751281200,149.1,149.8,148.2,148.6,3808022
1751284800,148.6,149,147.8,148.4,2298508
1751288400,148.5,149.5,148.3,149.3,3572607
1751292000,149.4,151.9,149.2,150.2,11340453
1751295600,150.1,150.8,150.1,150.8,2033598
1751349600,150.8,150.8,150.8,150.8,209484
1751353200,150.8,153.2,149.7,150.8,9810582
1751356800,150.8,150.8,149,149.3,3642338
1751360400,149.2,149.5,148.5,149,1482797
1751364000,149,149.2,148,148.8,1749389
1751367600,148.8,149.1,148.6,148.7,879815
1751371200,148.6,148.7,148,148.6,1809250
1751374800,148.6,149.2,148,149.1,3351352
1751378400,149,149.3,148.4,148.7,3229832
1751382000,148.4,148.4,148.4,148.4,781699
1751436000,149,149,149,149,223051
1751439600,149,149.9,148.4,148.5,8761252
1751443200,148.5,149.4,148.4,149,3091111
1751446800,149,149.3,148.8,149.2,1716767
1751450400,149.1,150.6,149.1,149.9,3625017
1751454000,149.9,150.2,147.3,147.4,5764307
1751457600,147.3,147.9,146.6,147.3,3492586
1751461200,147.4,147.8,146.7,146.7,2612663
1751464800,146.8,147.2,145.5,146.1,5165256
1751468400,145.6,145.6,145.6,145.6,1366683
1751522400,146.7,146.7,146.7,146.7,362393
1751526000,146.8,149.5,146.7,148.9,11952376
1751529600,148.9,150.5,148.2,149.9,7615474
1751533200,149.8,150.1,149.4,149.6,2011377
1751536800,149.6,150.2,149.5,149.9,1686895
1751540400,150,150.2,149,149.5,3910051
1751544000,149.5,149.8,148.5,149.2,4053402
1751547600,149.3,149.9,149.1,149.8,3073277
1751551200,149.7,150.1,149.3,150,6253231
1751554800,149.8,149.8,149.8,149.8,1370606
1751608800,151,151,151,151,519254
1751612400,151,151.1,149.1,150,6931022
1751616000,149.9,150.4,149.6,149.8,1780353
1751619600,149.9,150.2,149,149.1,2713308
1751623200,149,149.8,149,149.8,1354047
1751626800,149.7,149.8,149.3,149.8,1092972
1751630400,149.7,151,149.5,150.7,4887617
1751634000,150.8,151.7,149.8,151,4742080
1751637600,151.1,151.7,150.6,151.2,3670822
1751641200,151.2,151.2,151.2,151.2,915780
1751868000,150.4,150.4,150.4,150.4,209528
1751871600,150.3,150.4,148.5,149.8,5973400
1751875200,149.7,150.5,148.9,149.9,4529665
1751878800,149.8,149.9,149.4,149.8,958320
1751882400,149.8,151.3,149.7,150.8,2726374
1751886000,150.7,150.8,150.2,150.6,1299661
1751889600,150.5,150.8,150.3,150.4,865571
1751893200,150.5,151.5,150.1,151.3,2219513
1751896800,151.2,151.6,150.9,151.1,3124612
1751900400,151.2,151.3,151.2,151.3,989795
1751954400,152.5,152.5,152.5,152.5,394791
1751958000,152.5,153.5,152.1,152.9,10147232
1751961600,152.8,153.3,152.6,153,1762842
1751965200,152.9,153.2,152.5,152.8,1666504
1751968800,152.8,153.2,151.9,152.5,3787727
1751972400,152.6,153.1,152.3,152.5,2159952
1751976000,152.5,152.5,151.6,151.8,1701986
1751979600,151.8,152.6,151.6,152.4,1360333
1751983200,152.3,152.8,152,152.6,2431398
1751986800,152.2,152.2,152.2,152.2,1188074
1752040800,152.3,152.3,152.3,152.3,181724
1752044400,152.4,152.8,149.1,149.6,6337228
1752048000,149.6,150.3,147.5,147.9,7064705
1752051600,147.9,148.5,147.4,147.8,3534281
1752055200,147.8,148,147.6,147.9,1357271
1752058800,147.8,148.8,147.7,148.6,3515348
1752062400,148.6,149.9,148.5,149.5,4457212
1752066000,149.5,149.8,148.9,149.1,1878901
1752069600,149.1,149.9,148.8,149.9,3524954
1752073200,149.9,149.9,149.7,149.7,1128264
1752127200,151.2,151.2,151.2,151.2,415892
1752130800,151.3,151.7,149.4,151.5,6758603
1752134400,151.5,152,150.9,151.2,5977757
1752138000,151.1,151.3,150.7,150.8,1094916
1752141600,150.8,151.3,150.7,151.2,1442439
1752145200,151.3,151.4,150.8,151,1276638
1752148800,151,151.2,150.7,150.9,1404005
1752152400,150.9,151.2,150.8,151,811799
1752156000,151,154.2,150.7,151.9,13411760
1752159600,152.5,152.5,152.5,152.5,913927
1752213600,152.5,152.5,152.5,152.5,142424
1752217200,152.5,154,151.9,152.4,5846203
1752220800,152.4,152.7,151.9,152.1,1253175
1752224400,152.2,153.1,151.9,153,1544937
1752228000,153,154.7,152.9,153.8,5265454
1752231600,153.7,153.7,152.8,153.3,2532370
1752235200,153.2,153.6,152.6,153.3,1574794
1752238800,153.4,154.6,153.2,154.4,2529028
1752242400,154.5,154.8,153,153.6,4944824
1752246000,154,154,154,154,1100838
1752472800,153.9,153.9,153.9,153.9,139900
1752476400,153.8,154.4,151.4,153.3,6253869
1752480000,153.3,154,151.7,152.4,2424517
1752483600,152.4,152.5,151.6,152.1,1705421
1752487200,152.1,157,152,155.4,7979358
1752490800,155.4,156.6,154.9,156.6,2444778
1752494400,156.5,156.6,154.9,156,2960287
1752498000,156,156.5,155.5,155.7,1700105
1752501600,155.6,156.4,154.7,155.5,4607254
1752505200,155.5,155.5,155.5,155.5,1216982
1752645600,155.5,155.5,155.5,155.5,233279
1752649200,155.4,156.9,154.7,156.7,6424844
1752652800,156.6,156.7,155.7,156.3,2230222
1752656400,156.3,159.6,156.2,158.6,6761491
1752660000,158.6,165.4,158.6,163.2,17823993
1752663600,163.2,163.8,162.4,162.7,4114469
1752667200,162.7,163.2,161,163.2,6254106
1752670800,163.1,164.5,161.5,164,10277719
1752674400,164,164.7,161,162.3,7330410
1752678000,161.7,161.7,161.7,161.7,1092090
1752732000,161,161,161,161,241857
1752735600,161,166.2,160.4,162.7,13208681
1752739200,162.7,163.3,162,163.2,2985297
1752742800,163.1,164,162.5,163.2,1805967
1752746400,163.2,163.7,162.9,163.3,1078697
1752750000,163.2,163.3,162.4,162.7,930865
1752753600,162.6,163.5,162.2,163.3,2006204
1752757200,163.3,164,162.4,163.3,3626922
1752760800,163.2,164.7,161.9,162.4,7051193
1752764400,161.9,161.9,161.9,161.9,898776
1752818400,162.5,162.5,162.5,162.5,183344
1752822000,162.5,167.2,162.5,166.2,13684303
1752825600,166.2,167.3,165.5,166.7,4094426
1752829200,166.7,166.8,165.8,165.9,1655604
1752832800,165.9,166,163.9,165.1,4034501
1752836400,165.2,165.5,164.7,164.9,1622457
1752840000,164.9,165.4,164.4,165.3,1965576
1752843600,165.4,168.9,165.2,168.5,7922392
1752847200,168.4,168.8,165.3,165.7,5662293
1752850800,166.2,166.2,166.2,166.2,1010554
1753077600,166.8,166.8,166.8,166.8,182365
1753081200,166.8,173.8,166.8,171.9,11180489
1753084800,171.9,173.1,170.7,172.6,3713634
1753088400,172.6,176.1,172.5,175.5,5912445
1753092000,175.5,176,175,175.8,1577783
1753095600,175.9,175.9,175,175.6,1984456
1753099200,175.6,175.6,173.7,174.9,1970041
1753102800,174.9,175.9,174.7,175.3,1895729
1753106400,175.2,176.9,174.9,176.8,4372650
1753110000,176.8,176.8,176.8,176.8,573222
1753164000,177.6,177.6,177.6,177.6,195838
1753167600,177.6,178.4,175,175.4,8409794
1753171200,175.4,176.4,174.3,175.3,3727297
1753174800,175.3,176,175,175.1,1481630
1753178400,175.1,175.9,173.7,174.5,3783772
1753182000,174.5,174.8,173.7,174.3,2046054
1753185600,174.4,174.7,173.7,174,1269181
1753189200,174.1,175.3,173.9,175.2,1991787
1753192800,175.1,176.7,174.9,175.4,4773240
1753196400,175.4,176.5,175.4,176.5,857784
1753250400,178.3,178.3,178.3,178.3,177495
1753254000,178.3,181.8,177.2,178.6,13117526
1753257600,178.5,180.8,178.5,179.8,4435461
1753261200,179.9,180.5,179.7,179.8,2137261
1753264800,179.8,180,177.4,178.9,4067631
1753268400,179,179,178,178.9,1645693
1753272000,179,179.3,178.2,179.1,1737997
1753275600,179.1,181,178.7,179.6,4896432
1753279200,179.6,180.5,178.6,180.1,4846909
1753282800,180.2,180.2,180.1,180.1,686261
1753336800,180.6,180.6,180.6,180.6,166824
1753340400,180.6,184.9,178.5,183.8,11271805
1753344000,183.9,187.7,183.7,186.4,9007618
1753347600,186.3,186.6,185,185.4,2093554
1753351200,185.3,185.6,184.1,185,2666512
1753354800,184.9,186.1,183.5,185.3,6666189
1753358400,185.3,186.1,184.7,185.7,2308394
1753362000,185.6,186,183.6,183.9,2825109
1753365600,183.9,184.3,182.8,183.3,3581119
1753369200,182.6,182.6,182.6,182.6,1163274
1753423200,183.1,183.1,183.1,183.1,160042
1753426800,183.1,187,183,186.3,9678437
1753430400,186.2,186.7,184.8,185.4,2937502
1753434000,185.5,186,185,185.5,1616692
1753437600,185.5,185.6,184.4,185.1,1872767
1753441200,185.2,185.3,185,185.2,891636
1753444800,185.3,185.4,184,184.2,1989569
1753448400,184.2,184.4,183,183.4,2187977
1753452000,183.5,183.5,182.5,183.4,3100302
1753455600,183.2,183.2,183.2,183.2,689786
1753682400,184.3,184.3,184.3,184.3,265589
1753686000,184.4,185,179.6,179.8,7012590
1753689600,179.9,181.8,179.3,179.4,3066462
1753693200,179.4,181.1,179.2,180.2,1755482
1753696800,180.3,180.5,179.8,180.3,697541
1753700400,180.3,180.9,180.1,180.3,812923
1753704000,180.2,180.3,179.6,179.9,886170
1753707600,180,180.1,178.7,178.8,1624222
1753711200,178.9,181.9,178.8,181.3,3373887
1753714800,181.3,181.3,181.3,181.3,768774
1753768800,181.3,181.3,181.3,181.3,174276
1753772400,181.3,182.3,179.1,179.2,5407315
1753776000,179.2,179.9,177.7,177.9,2615320
1753779600,177.9,178.4,177.4,177.6,1668049
1753783200,177.6,178,177.3,177.9,1078661
1753786800,177.8,178.6,177.4,178.3,1772469
1753790400,178.4,179.4,178.3,179,1709898
1753794000,179,179.6,178.5,179.5,1164912
1753797600,179.5,180.3,179.2,179.9,3883494
1753801200,179.3,179.3,179.3,179.3,1259627
1753855200,179,179,179,179,196925
1753858800,179,180.3,176.6,178,7568852
1753862400,178,179.5,177.6,178.6,2518873
1753866000,178.6,180.2,178.6,179.8,2312955
1753869600,179.8,181,179.5,180.6,1855069
1753873200,180.6,180.8,180.2,180.8,1238975
1753876800,180.8,181.5,180.2,180.5,2506912
1753880400,180.6,181.6,179.3,180.7,3624445
1753884000,180.6,180.7,179.6,180.4,2941255
1753887600,180.3,180.3,180.3,180.3,661523
1753941600,180.5,180.5,180.5,180.5,207914
1753945200,180.6,184.4,180.6,183.3,10656028
1753948800,183.4,184.6,182.5,183.9,4473088
1753952400,183.9,184.5,183.7,184.5,1945746
1753956000,184.5,186.2,184.3,184.8,4495060
1753959600,184.8,185.5,184.4,185,2553845
1753963200,185,185.8,184.5,185.8,1472248
1753966800,185.7,186.1,184.7,185.9,3117366
1753970400,185.9,186.9,185.2,186.7,6063234
1753974000,186.9,187,186.9,187,1162698
1754028000,188,188,188,188,219763
1754031600,188.1,188.7,184.5,184.6,6534541
1754035200,184.6,186,184.5,185.5,3016792
1754038800,185.5,185.8,184.8,184.9,1344472
1754042400,185,185,183.5,184.6,1894802
1754046000,184.6,184.7,184,184.2,994325
1754049600,184.2,184.5,183.8,184.2,1278945
1754053200,184.2,184.7,183.7,183.9,1954647
1754056800,183.9,184.8,183.8,184.3,2744480
1754060400,184.4,184.4,184.4,184.4,679709
1754287200,186.3,186.3,186.3,186.3,196564
1754290800,186.2,187.2,185.1,185.8,4713678
1754294400,185.8,185.8,185,185.1,1105937
1754298000,185.2,185.4,184.7,185.1,1101477
1754301600,185.2,185.2,183.9,184,1397475
1754305200,184.1,185.2,183.8,184.7,1809344
1754308800,184.6,185,184.3,184.4,932550
1754312400,184.5,186.3,184.4,186.1,2556514
1754316000,186.2,188.5,186.1,188.3,6672102
1754319600,188.5,188.5,188.5,188.5,506500
1754373600,188.5,188.5,188.5,188.5,277272
1754377200,188.5,188.7,186.2,187,3906635
1754380800,187,187.5,186.9,187.2,1070764
1754384400,187.2,187.3,186.7,187.1,860502
1754388000,187.1,187.1,185.5,185.7,1702394
1754391600,185.7,185.9,185.2,185.8,1141114
1754395200,185.8,185.9,185.1,185.5,1187222
1754398800,185.5,186.8,185.2,186.4,1612695
1754402400,186.4,186.8,185.5,185.6,2190807
1754406000,185.1,185.1,185.1,185.1,626355
1754460000,186,186,186,186,279752
1754463600,186,188.4,180.3,180.7,16781126
1754467200,180.7,181.5,179.6,181.3,3965860
1754470800,181.3,182.1,181.1,181.6,1869714
1754474400,181.6,181.8,181.1,181.2,1297163
1754478000,181.3,182.1,180.7,181.7,2985784
1754481600,181.7,182.4,181.2,182.1,1938453
1754485200,182.1,183.4,181.9,182.6,2729614
1754488800,182.7,182.8,181.4,181.6,3362197
1754492400,181.6,181.6,181.6,181.6,1282397
1754546400,182.1,182.1,182.1,182.1,170746
1754550000,182,182.9,181.3,181.7,4181929
1754553600,181.7,181.9,181.1,181.6,1581318
1754557200,181.6,183.5,181.4,183.1,3125788
1754560800,183,183.4,182.2,182.4,1923983
1754564400,182.4,182.4,181.7,181.8,1227646
1754568000,181.8,182.1,181.6,181.7,965057
1754571600,181.7,182,180.8,180.9,1752840
1754575200,180.9,181.1,178.1,179,6019165
1754578800,179,179,179,179,734618
1754632800,180.3,180.3,180.3,180.3,231565
1754636400,180.3,182.3,180,181.6,8095096
1754640000,181.5,181.9,181.1,181.5,1178901
1754643600,181.5,181.9,181,181.9,1028672
1754647200,181.9,182,181.1,181.8,1268595
1754650800,181.9,182.1,181.4,181.9,1179002
1754654400,182,182.7,181.6,182.1,2482992
1754658000,182.1,182.2,180.2,180.7,1964578
1754661600,180.6,180.8,179.8,180.6,2608658
1754665200,180.5,180.5,180.5,180.5,662892
1754892000,181.6,181.6,181.6,181.6,200345
1754895600,181.5,181.7,178.8,179.8,3687978
1754899200,179.7,180.2,179.7,179.9,1155948
1754902800,179.8,180.5,179.6,179.6,1222618
1754906400,179.6,179.8,179.3,179.4,1122745
1754910000,179.4,179.4,178.6,179,2189182
1754913600,179,179.1,178.7,178.9,856736
1754917200,178.9,179.1,178.8,178.9,731696
1754920800,178.9,179.3,178.7,178.8,1792223
1754924400,178.7,178.7,178.7,178.7,926927
1754978400,178.7,178.7,178.7,178.7,214221
1754982000,178.8,179,176.6,176.7,3982813
1754985600,176.7,176.8,174.1,175.3,5216094
1754989200,175.3,175.3,174.3,174.4,1204413
1754992800,174.4,175.3,174,174.4,1480271
1754996400,174.4,174.7,173.8,174.3,2129513
1755000000,174.3,174.7,173.7,174.1,1765904
1755003600,174.1,174.1,173.5,173.8,1202262
1755007200,173.7,173.9,172.2,172.6,3703982
1755010800,172,172,172,172,854294
1755064800,172,172,172,172,159288
1755068400,172,174,170.4,173.3,8164645
1755072000,173.2,175.9,173.2,175.5,5014818
1755075600,175.5,175.8,174.5,174.6,2641483
1755079200,174.7,175.6,174.1,175,2212364
1755082800,174.9,175.1,174.6,174.9,822113
1755086400,175,175.1,174.5,175,728778
1755090000,175,175.2,174.4,174.8,1574053
1755093600,174.9,175.1,173.8,174.4,3258524
1755097200,174.4,174.4,174.2,174.2,678488
1755151200,174.5,174.5,174.5,174.5,135355
1755154800,174.5,175.4,172.7,172.8,3698902
1755158400,172.9,174.3,172.4,173.2,1939845
1755162000,173.2,173.3,172.5,173,653747
1755165600,173,173.2,172.8,172.9,496869
1755169200,172.9,173.1,172.2,172.2,991081
1755172800,172.3,172.5,170.9,171.4,1970081
1755176400,171.4,171.4,170.5,170.7,1547915
1755180000,170.6,170.7,168.8,170.2,4568506
1755183600,170,170,170,170,550753
1755237600,170.4,170.4,170.4,170.4,113815
1755241200,170.3,171.9,169.1,171.7,4952203
1755244800,171.7,171.7,170.7,170.9,1304977
1755248400,170.8,171,170.2,170.5,1040611
1755252000,170.5,171.2,170.3,171.2,763093
1755255600,171.2,172.1,170.8,171,2180857
1755259200,171,171,170.5,170.7,745238
1755262800,170.7,171.3,170.6,171,832649
1755266400,171,171,170,170.5,2401290
1755270000,170.4,170.4,170.4,170.4,588361
1755496800,170.4,170.4,170.4,170.4,188366
1755500400,170.5,172.1,168.8,169,5018615
1755504000,169,169.5,167,168.8,4470063
1755507600,168.9,169.6,168,168.5,1286759
1755511200,168.4,169,168.2,168.9,854741
1755514800,168.9,168.9,168.2,168.6,764935
1755518400,168.5,169.7,168.5,168.9,1838252
1755522000,168.8,170.8,168.6,170.2,2147895
1755525600,170.3,172.5,170.2,172,5272065
1755529200,172,172,171.7,171.7,759212
1755583200,172.2,172.2,172.2,172.2,277059
1755586800,172.2,172.4,169.8,169.8,3783656
1755590400,169.9,170.9,169.6,170.6,1395232
1755594000,170.6,172.3,170.3,171.6,2399963
1755597600,171.6,172.1,171.3,171.7,768064
1755601200,171.7,171.8,171,171.1,619892
1755604800,171.1,171.3,170.5,170.9,970272
1755608400,170.9,171.2,170.5,170.5,1022258
1755612000,170.6,173.2,170.4,172.4,4209395
1755615600,172.4,172.4,172.4,172.4,752149
1755669600,173.7,173.7,173.7,173.7,233385
1755673200,173.7,178.1,173.2,176.8,14277987
1755676800,176.9,178,176.6,177.8,2436607
1755680400,177.8,178,177.1,177.5,1568630
1755684000,177.5,178.3,177.1,178.2,1811778
1755687600,178.2,179.1,178.1,178.3,2736395
1755691200,178.4,180,178.1,180,2374306
1755694800,180,182.5,179.7,180.8,6886718
1755698400,180.7,182.3,180.4,182,5732941
1755702000,181.5,181.5,181.5,181.5,885939
1755756000,182.4,182.4,182.4,182.4,138572
1755759600,182.4,183.3,181.1,181.9,4095568
1755763200,181.8,182.8,181.4,181.8,2353465
1755766800,181.7,181.7,180.5,181.2,2357023
1755770400,181.2,181.3,180.2,180.5,1458355
1755774000,180.5,181,180.4,180.5,827734
1755777600,180.5,180.7,179.5,179.6,1929777
1755781200,179.5,179.9,178.7,179.5,2643732
1755784800,179.5,181,179.2,180.5,3993973
1755788400,180.3,180.3,180.3,180.3,641095
1755842400,180.3,180.3,180.3,180.3,234545
1755846000,180.4,182.9,179,181.8,7150621
1755849600,181.8,182.9,181.3,182.1,2657337
1755853200,182,182.9,181.7,182.5,2824586
1755856800,182.5,182.6,181.1,181.6,2950175
1755860400,181.5,181.6,180.8,181.2,1478856
1755864000,181.2,182.5,181.1,181.7,2450402
1755867600,181.8,181.9,181.1,181.5,906023
1755871200,181.5,182.1,181.3,181.6,3061167
1755874800,181.5,181.5,181.5,181.5,496470
1756101600,182.5,182.5,182.5,182.5,219081
1756105200,182.6,183.1,181.6,181.6,3408363
1756108800,181.6,181.7,180.2,180.3,1949725
1756112400,180.3,180.6,179.7,180,1759218
1756116000,179.9,180.8,179.8,180.1,1455912
1756119600,180.1,180.8,180.1,180.3,1326800
1756123200,180.3,180.6,180.1,180.2,1066941
1756126800,180.2,180.4,180.1,180.3,655881
1756130400,180.3,180.7,180.2,180.3,1915357
1756134000,180.3,180.3,180.2,180.2,457550
1756188000,180.5,180.5,180.5,180.5,140193
1756191600,180.5,182,180.2,180.9,4791254
1756195200,180.8,181.3,180.4,180.6,1209164
1756198800,180.6,181,180.4,180.4,829602
1756202400,180.4,180.5,179.1,179.6,2642593
1756206000,179.6,180.4,179.5,180.4,1128403
1756209600,180.3,181.4,179.9,180.8,2158160
1756213200,180.7,186,180.7,184.9,10217871
1756216800,184.9,185.3,181.9,182.1,4380358
1756220400,185.5,185.5,185.5,185.5,6328230
1756274400,185.4,185.4,185.4,185.4,280597
1756278000,185.3,185.3,182.1,183.2,4612674
1756281600,183.2,184,182.3,182.5,2379874
1756285200,182.5,183,181.9,182.8,1331977
1756288800,182.7,184.3,182.5,183.9,2071239
1756292400,183.9,184.3,183.5,183.9,1205108
1756296000,183.9,184.2,183.5,184.1,1326279
1756299600,184.1,184.8,183.7,183.8,2039924
1756303200,183.8,183.9,182.4,182.8,2929859
1756306800,183.3,183.3,183.3,183.3,535756
1756360800,185,185,185,185,330164
1756364400,185,186.8,183,184.1,7050480
1756368000,184.1,184.3,183.2,183.3,1811447
1756371600,183.3,183.7,183.2,183.7,957801
1756375200,183.6,183.7,183,183.2,955041
1756378800,183.1,184.3,183,183.9,1694288
1756382400,184,184,183.4,183.7,897928
1756386000,183.7,184.2,183.7,184,1148292
1756389600,184,184.2,183.1,183.7,3505611
1756393200,183.8,183.8,183.8,183.8,871296
1756447200,183.8,183.8,183.8,183.8,162756
1756450800,183.9,187.5,183.5,185.7,12024844
1756454400,185.8,186.3,184.7,185.3,2874319
1756458000,185.3,185.6,184.9,185.4,1317360
1756461600,185.3,185.6,184.9,185.6,1051953
1756465200,185.5,186.2,185.1,186,2025225
1756468800,186,186.3,185.2,185.4,2164125
1756472400,185.4,185.5,184.8,185,1646926
1756476000,185,185.2,183,183.7,10879050
1756479600,183.3,183.3,183.3,183.3,1542415
1756706400,183.5,183.5,183.5,183.5,161881
1756710000,183.5,184.9,183,183.5,4970681
1756713600,183.4,183.6,182.2,182.8,2508634
1756717200,182.7,183,180.5,180.9,2467982
1756720800,180.9,181.6,179.2,179.7,2365371
1756724400,179.7,181.1,179.4,179.6,3546397
1756728000,179.6,179.9,179.2,179.4,1462405
1756731600,179.5,179.5,178.2,178.5,2751969
1756735200,178.4,179.3,178.3,178.7,2396489
1756738800,178.5,178.5,178.5,178.5,564527
1756792800,179,179,179,179,124647
1756796400,179,179.6,177.7,178.4,4505923
1756800000,178.5,178.5,177.2,177.4,1709470
1756803600,177.4,177.6,176.4,177.1,1957842
1756807200,177.1,177.4,176.1,176.2,1325487
1756810800,176.3,177,176.1,176.6,1136308
1756814400,176.6,177.5,171,171,6076368
1756818000,171.2,174.2,168.7,173.5,4847273
1756821600,173.4,174.3,172.8,174.1,3636630
1756825200,174.2,174.2,174.2,174.2,679677
1756879200,173,173,173,173,111612
1756882800,172.9,175.7,170.7,175.2,6128859
1756886400,175.3,177.2,174.1,177,4058489
1756890000,176.9,177.5,175.9,176.5,2800991
1756893600,176.6,176.8,176,176.6,1349073
1756897200,176.5,178.3,176.3,178.2,3510826
1756900800,178.2,179,177.5,177.9,3001028
1756904400,177.8,178.1,176.9,177.6,2529865
1756908000,177.5,178.8,177.2,178.7,3533541
1756911600,178.8,178.8,178.8,178.8,589238
1756965600,178.8,178.8,178.8,178.8,121956
1756969200,178.9,181.4,178.7,181.2,6583928
1756972800,181.3,184.2,181.3,182.2,6092882
1756976400,182.2,182.7,181,181.2,2150801
1756980000,181.2,181.5,180.3,180.9,1617778
1756983600,180.9,182,180.6,180.9,1517960
1756987200,180.8,181.5,180.7,181.3,944394
1756990800,181.3,182.1,180.5,180.8,1563146
1756994400,180.9,182.7,180.8,181.9,2899114
1756998000,182,182,182,182,659734
1757052000,182.1,182.1,182.1,182.1,124309
1757055600,182.1,182.6,179,179.1,3814272
1757059200,179.1,179.8,178.5,178.6,2729529
1757062800,178.6,178.6,177.5,177.7,1887808
1757066400,177.6,177.8,177,177,1084070
1757070000,177.1,177.2,175.9,176.2,2040028
1757073600,176.2,177.1,176,177,1490936
1757077200,177,179.4,176.5,179,3778974
1757080800,179.1,179.2,175,175.5,5034737
1757084400,175,175,175,175,829797
1757311200,173.8,173.8,173.8,173.8,141121
1757314800,173.7,175.6,172,173.9,4369530
1757318400,174,175.4,173.5,173.6,1802331
1757322000,173.6,174.1,173,173.9,918614
1757325600,173.9,173.9,173.1,173.5,939305
1757329200,173.6,174.6,173,174.4,1273236
1757332800,174.4,174.9,173.8,174.1,1291160
1757336400,174,174.2,173.5,173.7,760660
1757340000,173.7,174.2,173.1,173.9,2044026
1757343600,173.5,173.5,173.5,173.5,951981
1757397600,173.5,173.5,173.5,173.5,127243
1757401200,173.6,174.1,171.9,172.7,4234215
1757404800,172.7,172.7,171,171.2,1666050
1757408400,171.1,171.6,170.8,171.2,1381402
1757412000,171.3,172.2,171.2,171.8,1694853
1757415600,171.8,171.9,171,171.3,1239945
1757419200,171.3,172.5,171,171.9,2601141
1757422800,171.9,173.4,170.9,172.1,5860021
1757426400,172.1,174.5,171.8,174.3,4085572
1757430000,174.3,174.3,173.7,173.7,984777
1757484000,180.1,180.1,180.1,180.1,619789
1757487600,180.1,180.9,174.6,176.6,18350741
1757491200,176.7,177.4,175.3,175.4,3786751
1757494800,175.4,175.9,175,175.3,2191905
1757498400,175.2,176.5,175.2,175.8,1468232
1757502000,175.8,177.8,175.7,176.8,3369508
1757505600,176.8,177.3,176.5,177.1,1264378
1757509200,177.2,179.5,177.1,177.7,4246905
1757512800,177.8,178.7,177.1,177.6,3462160
1757516400,177.6,177.7,177.4,177.4,1164422
1757570400,177.4,177.4,177.4,177.4,174896
1757574000,177.3,177.4,175.1,176.1,4314325
1757577600,176.1,176.3,175.4,176.1,1646162
1757581200,176,177,175.7,175.9,1349218
1757584800,175.9,177,175.7,176.2,2857710
1757588400,176.1,177.7,174.7,175.4,5904864
1757592000,175.4,175.7,174.2,174.3,1350863
1757595600,174.3,174.7,173.6,173.9,1918424
1757599200,173.8,174.4,171.1,172.2,4281766
1757602800,172.1,172.1,172.1,172.1,781929
1757656800,172.1,172.1,172.1,172.1,135521
1757660400,172.1,175.6,171.3,175,6194864
1757664000,175,175.2,173.8,175.1,2037312
1757667600,175.1,175.7,174.6,175,1981479
1757671200,174.9,175.3,174,174.9,1091780
1757674800,175,175.4,174.3,175.3,964907
1757678400,175.3,176.9,174.2,176.4,3007029
1757682000,176.3,176.6,174.3,174.9,2259530
1757685600,175,175.8,173.5,173.9,3242755
1757689200,173.9,173.9,173.9,173.9,659623
1757916000,173.7,173.7,173.7,173.7,134578
1757919600,173.6,174.7,172,173.8,4301084
1757923200,173.8,180.6,171.9,180.2,11996977
1757926800,180.2,180.5,179.6,180,2353315
1757930400,180,181.5,179.9,181.1,2708431
1757934000,181.2,183,181,181.9,3062007
1757937600,181.9,184.3,181.6,184.2,4177534
1757941200,184.2,185.4,184,185.1,5097606
1757944800,185.1,186.4,184.7,185.2,4682498
1757948400,185.2,185.2,185.2,185.2,939699
1758002400,185.2,185.2,185.2,185.2,137860
1758006000,185.1,193.2,184.8,192.8,17017746
1758009600,192.9,195.8,192.1,193.9,9681535
1758013200,193.8,194.4,192.5,193.2,4559352
1758016800,193.2,193.9,193,193.2,2745170
1758020400,193.2,196.3,193.1,195.5,6121011
1758024000,195.6,196.5,194.9,195.7,4833034
1758027600,195.6,195.7,194,194.4,3319671
1758031200,194.3,195.6,193.4,194.9,4446941
1758034800,195.2,195.2,195.2,195.2,1025487
1758088800,195.2,195.2,195.2,195.2,154024
1758092400,195.2,199.3,194.3,197.2,11313398
1758096000,197.2,198.3,195.9,197.3,3892440
1758099600,197.4,198.6,197.2,198.1,2081811
1758103200,198.1,199,195.5,195.7,2771628
1758106800,195.7,196.2,194.7,194.9,2806411
1758110400,195,196.6,194.5,196.4,1960656
1758114000,196.4,197.1,195.1,195.3,2177125
1758117600,195.3,195.4,194.1,194.3,3463159
1758121200,194.1,194.1,194.1,194.1,557917
1758175200,194.6,194.6,194.6,194.6,166465
1758178800,194.6,196.1,194.1,194.7,3585313
1758182400,194.7,196.3,194.2,195.9,2824180
1758186000,195.8,196.8,195.4,195.6,1998434
1758189600,195.7,195.9,194.4,194.7,1733607
1758193200,194.7,195.4,194.5,195.3,999736
1758196800,195.3,196.3,195.2,195.6,1894804
1758200400,195.5,195.6,192.1,192.6,3718276
1758204000,192.5,193.6,191.4,192.1,3167419
1758207600,192.2,192.2,192.2,192.2,746489
1758261600,192.4,192.4,192.4,192.4,111636
1758265200,192.4,195.7,191.7,195.3,6300388
1758268800,195.3,196.5,194.4,195.5,2809679
1758272400,195.5,197.6,195.3,196.4,3758645
1758276000,196.3,197.2,196.3,196.7,1403525
1758279600,196.6,197.1,196,196.3,1486371
1758283200,196.4,202.1,196,202,11375975
1758286800,202.1,203.8,199.1,200,9994951
1758290400,200.1,203.1,199.5,202.5,6197963
1758294000,202.4,204.4,202.4,204.4,2060278
1758520800,210,210,210,210,731263
1758524400,209.9,215,205.3,212.7,19179485
1758528000,212.7,216,212.1,215.4,8037188
1758531600,215.4,215.5,210.9,213.2,7785409
1758535200,213.2,216.7,213.1,215.9,6148573
1758538800,215.9,216.7,215.4,215.7,2732782
1758542400,215.6,218.2,215.6,216.7,6475670
1758546000,216.6,216.7,211.5,214.8,10761452
1758549600,214.7,215.3,212.9,214,5240134
1758553200,214.1,214.3,213.6,213.6,1013761
1758607200,212.8,212.8,212.8,212.8,309776
1758610800,212.7,214.5,210.2,210.6,11081116
1758614400,210.6,213.9,209.7,212.9,4693768
1758618000,212.9,214.3,210.6,211.2,4081470
1758621600,211.2,212.1,210.8,211.6,1279252
1758625200,211.6,212,209.5,210.2,2656972
1758628800,210.2,210.7,209.3,210.4,1993050
1758632400,210.4,210.5,209.4,210.1,1562509
1758636000,210.1,211.5,209.4,211,3167492
1758639600,211.2,211.2,211.2,211.2,857666
1758693600,211.6,211.6,211.6,211.6,111627
1758697200,211.6,214.5,210.2,210.5,11120222
1758700800,210.5,212.5,207.6,211.2,5854398
1758704400,211.2,211.9,210.9,211.8,1511543
1758708000,211.7,215,211.5,213.2,5292350
1758711600,213.3,215.1,213.1,214,4526172
1758715200,214,214.9,213.7,214.6,2083536
1758718800,214.7,215.4,213.8,214.6,3152099
1758722400,214.6,217.8,214,217.5,6381886
1758726000,217.5,217.5,217.5,217.5,1015884
1758780000,219,219,219,219,295689
1758783600,218.8,219,215.6,217.6,7898226
1758787200,217.5,220.8,217.2,220.5,7048759
1758790800,220.5,220.8,218.4,219.6,3636181
1758794400,219.6,219.6,217.4,218.7,4069280
1758798000,218.7,218.7,216.5,217.2,3922710
1758801600,217.2,218.4,216.8,218,2098779
1758805200,218,219.3,217.5,218.9,2610464
1758808800,218.9,219.1,217.1,218.2,3083995
1758812400,218.1,218.3,218.1,218.3,923567
1758866400,218,218,218,218,321011
1758870000,217.9,219,214.7,216.3,7533704
1758873600,216.3,217.5,215.6,216.6,3944582
1758877200,216.6,218.7,214.9,215.8,5353509
1758880800,215.7,218.5,214.1,217.4,4755233
1758884400,217.5,222.3,217.1,219.9,11121128
1758888000,219.9,220.9,219.4,220.4,3023177
1758891600,220.3,220.7,218,218.2,3806675
1758895200,218.1,219,217.1,217.2,3905698
1758898800,217.3,217.3,217.3,217.3,1065388
1759125600,217.3,217.3,217.3,217.3,182998
1759129200,217.2,217.2,213.6,216.1,6716363
1759132800,216.2,217.5,214.7,217.4,3998081
1759136400,217.4,218,216.1,217.7,2759675
1759140000,217.6,217.9,216.9,217.1,1625410
1759143600,217,219.9,216.8,219.7,3389417
1759147200,219.8,220.5,218.5,218.8,3404642
1759150800,218.9,219.1,217,217.8,2465009
1759154400,217.8,218,215.5,216.7,3241470
1759158000,216.3,216.3,216.3,216.3,603781
1759212000,216.5,216.5,216.5,216.5,200839
1759215600,216.5,219.1,213.8,214,11343111
1759219200,214,217.2,213.9,217,6123283
1759222800,217.1,217.7,215.9,217.3,2098020
1759226400,217.4,218.1,216.9,217.2,2129347
1759230000,217.2,218.6,215.8,216.4,3549268
1759233600,216.4,216.4,213.3,215.6,5686297
1759237200,215.5,215.8,214,214.6,1782401
1759240800,214.7,215.4,213.3,214.9,4641160
1759244400,215,215,215,215,1670067
1759298400,215.1,215.1,215.1,215.1,98111
1759302000,215.2,217.1,212.5,213.8,7566726
1759305600,213.7,213.7,207.1,207.9,7382594
1759309200,207.9,212.5,207.8,211.4,4972741
1759312800,211.3,211.4,209.4,210.7,1835535
1759316400,210.6,214.6,210.6,213.7,4068589
1759320000,213.8,216.9,213.8,215.9,5389663
1759323600,216,217.4,215.4,216.3,3433381
1759327200,216.4,218.7,215.4,218,5940144
1759330800,218,218.1,218,218.1,591282
1759384800,218.2,218.2,218.2,218.2,122875
1759388400,218.2,221.9,217.4,217.9,9390936
1759392000,217.9,219.6,217.2,218.9,2091211
1759395600,218.9,220,217.4,217.7,2898395
1759399200,217.7,217.8,217.1,217.4,1642476
1759402800,217.4,220.6,217.3,218.3,3757366
1759406400,218.3,219.4,217.9,218.9,1628474
1759410000,218.9,219.7,216.4,217,2847224
1759413600,216.9,217.6,216,217.2,2787109
1759417200,217,217,217,217,946633
1759471200,218.2,218.2,218.2,218.2,189497
1759474800,218.1,219.6,214.3,216.5,6606377
1759478400,216.5,217.3,215,215.4,1862987
1759482000,215.3,215.6,214.5,215.3,1271564
1759485600,215.3,215.8,214,214.2,1754451
1759489200,214.3,215.4,212.9,215,2269261
1759492800,215.1,217.8,214.5,216.2,2715813
1759496400,216.2,218.2,214.7,217.8,4099926
1759500000,217.8,218.5,215,216,2646065
1759503600,216,216.1,216,216.1,691167
1759730400,216.2,216.2,216.2,216.2,116373
1759734000,216.2,216.8,213.4,214.2,4858556
1759737600,214.1,217.2,214,215.7,3333627
1759741200,215.6,216.1,214.1,214.6,1583655
1759744800,214.6,214.8,213.7,214.3,1071096
1759748400,214.3,214.9,213,213.8,1720267
1759752000,213.8,215.9,213.5,215.2,1833608
1759755600,215.2,215.4,213.4,214.8,2230052
1759759200,214.8,216,214.6,215.5,2898085
1759762800,215.2,215.2,215.2,215.2,633819
1759816800,215.4,215.4,215.4,215.4,116205
1759820400,215.4,217,213.2,214.2,5136783
1759824000,214.2,214.8,212.7,213.1,2609727
1759827600,213.3,214,212.3,213.5,2215815
1759831200,213.5,215.2,212.8,213,3244233
1759834800,213,213.3,208.7,209.2,5347577
1759838400,209.3,210.2,206.5,207.7,5259700
1759842000,207.7,209.2,206.9,208.9,3496606
1759845600,208.9,209.3,207.7,208.7,3407375
1759849200,208.7,209.5,208.7,209.5,1329138
1759903200,209.4,209.4,209.4,209.4,126202
1759906800,209.3,213,208.4,211.5,6119131
1759910400,211.5,212.4,211,211.6,1811046
1759914000,211.6,213.4,211.4,212.4,2443079
1759917600,212.4,213,211.6,212.6,2392497
1759921200,212.5,213.1,211.4,211.6,1544247
1759924800,211.6,212.8,210.9,212.2,2036563
1759928400,212.1,214.2,211.9,213.4,3809478
1759932000,213.4,216.2,213.3,215.8,5745200
1759935600,215.8,215.8,215.6,215.6,992702
1759989600,215,215,215,215,169358
1759993200,215,217.4,209.5,216.3,11846332
1759996800,216.2,218.4,215.2,215.7,4502634
1760000400,215.7,217.5,215.2,217,2111928
1760004000,217,219,216.7,218.6,2763284
1760007600,218.7,219.9,218,218.5,3984826
1760011200,218.4,218.9,217.8,218.2,1425376
1760014800,218.2,223.3,217.8,222.2,7457474
1760018400,222.2,222.8,219.4,219.9,4618391
1760022000,219.7,219.7,219.2,219.2,1421428
1760076000,219.2,219.2,219.2,219.2,114682
1760079600,219.2,220,214.2,214.8,9507066
1760083200,214.8,214.9,212.4,212.9,3960515
1760086800,212.9,213.5,212.1,212.8,2432711
1760090400,212.8,214.7,212.5,213.4,2179574
1760094000,213.3,214.8,213.2,214.6,1693247
1760097600,214.6,216,214.3,214.3,3175828
1760101200,214.3,215.6,214.3,215.1,1863177
1760104800,215.1,215.4,213.8,213.9,2973409
1760108400,214,214,213.5,213.5,1817584
1760335200,211.3,211.3,211.3,211.3,166148
1760338800,211.4,215.2,211.3,214.9,4713807
1760342400,214.9,215,212.7,214.5,2366638
1760346000,214.4,215.9,214,214.6,1595580
1760349600,214.6,215.3,214.3,214.6,831580
1760353200,214.6,214.9,213.7,213.9,767487
1760356800,213.9,213.9,211.4,211.9,1928392
1760360400,212,212.2,209.6,211.3,2545648
1760364000,211.4,214.8,211.2,214,3687229
1760367600,214,214,214,214,469237
1760421600,214,214,214,214,95522
1760425200,214.1,216.9,213.8,216.4,5406119
1760428800,216.5,216.9,213.5,213.9,2879962
1760432400,213.8,214.4,213.2,213.5,1112249
1760436000,213.5,214.1,212.5,213.2,1210057
1760439600,213.1,214.9,213.1,213.5,1587506
1760443200,213.5,214.1,213,213.1,913554
1760446800,213.2,213.2,210.1,211.3,3175725
1760450400,211.3,212.8,210.7,212,2636305
1760454000,212,212,212,212,1019094
1760508000,212.1,212.1,212.1,212.1,93581
1760511600,212.1,212.5,205.3,205.4,8491562
1760515200,205.4,206.8,203.1,205.7,6364405
1760518800,205.6,208.2,205.3,207.2,2429725
1760522400,207.3,210.4,207.2,208.8,4131837
1760526000,208.7,209.4,207.2,207.4,2344874
1760529600,207.4,208.4,206.9,207.9,2272327
1760533200,208,209.7,207.6,207.9,2941944
1760536800,207.9,208.5,206.9,207.9,2918295
1760540400,207.5,207.5,207.5,207.5,1146009
1760594400,207.4,207.4,207.4,207.4,126814
1760598000,207.4,208.7,205.5,207.3,4762765
1760601600,207.4,210.6,207.4,209.4,4743328
1760605200,209.3,209.7,208.1,208.3,1387551
1760608800,208.4,209,207.9,208.8,1148727
1760612400,208.7,210,208.4,208.7,1719258
1760616000,208.7,209.6,208.3,208.6,1100782
1760619600,208.7,208.7,206.4,207.4,1918855
1760623200,207.4,207.4,203.8,204.1,4524513
1760626800,204,204,204,204,750057
1760680800,204,204,204,204,144648
1760684400,203.9,205.1,197.7,198.1,7682768
1760688000,198.2,198.2,195.1,195.2,4167296
1760691600,195.2,196.1,193.6,195.6,2578876
1760695200,195.7,198.3,195.2,197.9,2093639
1760698800,197.8,199.7,197.8,198.6,2824099
1760702400,198.6,199.3,197.5,197.9,2094422
1760706000,198,198.6,197,198.5,1994072
1760709600,198.5,198.6,195,195.3,3626281
1760713200,194.9,194.9,194.9,194.9,1111613
1760940000,195.3,195.3,195.3,195.3,138479
1760943600,195.4,196.2,191.9,192.3,6476946
1760947200,192.4,193,190.5,192.4,5127278
1760950800,192.5,198.4,192.4,198.3,6125610
1760954400,198.4,199.8,197.9,198.6,2985083
1760958000,198.7,203.5,197.7,202.9,5705807
1760961600,203,204.4,202.4,202.7,4000115
1760965200,202.8,205.3,202.6,204.7,4553313
1760968800,204.8,206.2,203.9,204.2,3685039
1760972400,203.9,203.9,203.9,203.9,833317
1761026400,204.1,204.1,204.1,204.1,84143
1761030000,204.2,206.2,203.1,203.7,4817444
1761033600,203.7,205.2,202.6,204,3385987
1761037200,203.9,205.8,203.8,204.4,2086768
1761040800,204.4,206.3,204.1,205.3,1998332
1761044400,205.2,206.1,205,205.7,866866
1761048000,205.6,206.8,205.1,205.4,2156026
1761051600,205.5,207.4,205,205.6,2677022
1761055200,205.5,206.7,204.8,205.5,2402795
1761058800,205.5,205.6,205.5,205.6,1014493
1761112800,205.9,205.9,205.9,205.9,52861
1761116400,206,216.2,205.9,213.8,12057903
1761120000,213.8,214.1,210.3,211.1,4181902
1761123600,211.2,212.6,210.9,211.8,1743394
1761127200,211.9,212.1,211.3,211.8,785116
1761130800,211.8,213,211.8,212.1,1382299
1761134400,212.1,212.9,211.5,212,1526027
1761138000,212,212.2,209.3,210.9,2959926
1761141600,211,212,208.9,209.3,2365167
1761145200,207.6,207.6,207.6,207.6,998134
1761199200,209,209,209,209,150230
1761202800,209.1,211.4,207.2,208.4,6060816
1761206400,208.3,209.9,207.3,209,3255141
1761210000,208.9,209.7,207.9,208.8,1766748
1761213600,208.8,208.8,207.6,208,1322649
1761217200,207.9,208.8,205.9,207.2,4432595
1761220800,207.2,208.9,206.7,207.7,2592368
1761224400,207.7,209,206.4,207.5,3219422
1761228000,207.5,208.1,206.1,206.6,2576653
1761231600,206.5,206.5,206.5,206.5,682389
1761285600,207.8,207.8,207.8,207.8,102724
1761289200,207.8,210.2,206.2,208.4,7938953
1761292800,208.4,215.7,208.2,213.6,16765019
1761296400,213.6,214.8,211.4,212.6,5398131
1761300000,212.6,212.9,209.1,209.5,4831847
1761303600,209.5,210.8,207.1,207.5,5069221
1761307200,207.5,209.5,207.4,209.3,2562423
1761310800,209.4,209.6,207.4,207.5,3072663
1761314400,207.5,207.6,204.5,204.9,6340039
1761318000,203.9,203.9,203.9,203.9,1460249
1761544800,204.2,204.2,204.2,204.2,398946
1761548400,204.3,205.5,203.3,203.5,6784067
1761552000,203.5,204.1,200.6,202.7,4569461
1761555600,202.7,205.2,202.1,204.7,2922091
1761559200,204.6,205.9,204.5,205.6,2629960
1761562800,205.6,206.7,205.5,206.3,2931651
1761566400,206.4,207.3,205.7,206.5,2206195
1761570000,206.5,208.7,206.3,208.5,4671734
1761573600,208.6,209,207.7,208.6,3396824
1761577200,208.8,208.8,208.8,208.8,710539
1761633000,209.1,209.4,207,208.4,3161129
1761636600,208.3,210.6,208.1,210.6,4046233
1761640200,210.6,210.7,208.7,209.2,3284103
1761643800,211.4,211.4,211.4,211.4,1449516
1761804000,211.4,211.4,211.4,211.4,353069
1761807600,211.4,211.9,208.5,208.7,4457919
1761811200,208.7,209.9,208.1,208.9,3429536
1761814800,208.8,210.2,208.7,210,1669584
1761818400,210,210.1,209.2,209.3,1631738
1761822000,209.2,209.4,207.3,207.7,3241753
1761825600,207.7,208.1,207.1,207.7,2303586
1761829200,207.7,208.1,206.4,207.1,2652626
1761832800,207,207.2,206.1,206.3,3382561
1761836400,205.7,205.7,205.7,205.7,1298730
1761890400,206,206,206,206,181969
1761894000,206,206.1,203.3,204.8,5016519
1761897600,204.8,206.9,204,206.2,3538230
1761901200,206.1,207.2,205.8,207.1,1720480
1761904800,207.1,207.9,206.7,206.8,1440513
1761908400,206.8,208,206.2,207.1,1719368
1761912000,207.1,207.6,206.1,206.3,1361747
1761915600,206.3,206.4,203.2,203.8,3461550
1761919200,203.8,204.1,201.4,203.9,6379020
1761922800,204,204,203.6,203.6,1298165
1762149600,204.5,204.5,204.5,204.5,149463
1762153200,204.5,206,203.1,203.2,5576791
1762156800,203.3,203.8,202.4,203.7,3027829
1762160400,203.8,203.8,202.5,202.8,2205120
1762164000,202.8,203.9,202.7,203.6,2463307
1762167600,203.6,205,203.4,204.3,2498135
1762171200,204.2,204.5,203.3,203.6,1605933
1762174800,203.7,203.8,201.5,202.3,3346382
1762178400,202.3,203.3,202,202.7,3499071
1762182000,202.6,202.6,202.6,202.6,709719
1762236000,202.6,202.6,202.6,202.6,112546
1762239600,202.6,203.9,201.7,202.2,3500083
1762243200,202.2,202.3,198.1,198.3,5311244
1762246800,198.4,198.9,196.3,196.6,2833073
1762250400,196.7,199.1,196.2,198.3,2619063
1762254000,198.2,199,197.5,197.8,1280222
1762257600,197.7,198.8,197.6,198.6,1177369
1762261200,198.6,199.2,198,198.5,1687124
1762264800,198.4,198.5,195.8,196.5,3978658
1762268400,197.3,197.3,197.3,197.3,1046815
1762322400,199,199,199,199,140551
1762326000,198.9,204.2,198.1,198.2,15322964
1762329600,198.2,199.3,196.8,197.4,6569141
1762333200,197.3,198.3,194.5,195.7,4674057
1762336800,195.7,196.8,193.1,196.2,5263918
1762340400,196.1,196.8,195.6,196.5,2016970
1762344000,196.4,196.5,194.4,195.7,2181153
1762347600,195.7,197.2,194.8,195.2,3409065
1762351200,195.2,195.5,193.8,194.1,4046846
1762354800,194.1,194.2,194.1,194.1,894742
1762408800,194.4,194.4,194.4,194.4,196997
1762412400,194.5,195.7,192.6,192.8,6642655
1762416000,192.8,193,187.4,190.9,11443361
1762419600,190.9,191.5,189.2,189.5,3290327
1762423200,189.5,190.7,189.3,190.3,1561902
1762426800,190.3,191.1,189.8,189.9,2351695
1762430400,189.9,190.9,188.1,190,6269406
1762434000,189.9,190.1,188.9,188.9,3179653
1762437600,189,189,187.5,187.8,6486305
1762441200,187.4,187.4,187.4,187.4,1448499
1762495200,187.5,187.5,187.5,187.5,111010
1762498800,187.6,189.9,187.6,188.4,6851251
1762502400,188.4,189.3,185.8,186.8,4225836
1762506000,186.8,188.3,186.3,187.7,1933252
1762509600,187.8,188.9,187.4,188.1,1902350
1762513200,188.1,188.7,187.5,188.3,1398796
1762516800,188.3,189,187.8,188.1,1406668
1762520400,188,188.1,186.3,186.6,1740507
1762524000,186.5,186.9,184.7,185.6,4507588
1762527600,185.7,185.7,185.1,185.1,1601515
1762754400,186,186,186,186,230597
1762758000,186.1,188.6,184.5,188.4,7635355
1762761600,188.3,188.5,184,184.3,4012803
1762765200,184.4,186.7,184.2,185.7,2589113
1762768800,185.7,186.1,184.9,185.7,1379179
1762772400,185.6,186.2,185.2,185.7,1222080
1762776000,185.7,186.1,185.4,185.5,1298235
1762779600,185.5,187.1,185.4,186.5,2171829
1762783200,186.5,187,185.4,186.4,3760517
1762786800,186.5,186.5,186.4,186.4,1112763
1762840800,188.3,188.3,188.3,188.3,298473
1762844400,188.3,188.8,183.9,188.2,8651614
1762848000,188.2,188.5,186.2,187.4,2878628
1762851600,187.5,187.6,185.8,186.4,2033256
1762855200,186.5,187.3,186.1,186.6,1041449
1762858800,186.6,187,185,186.1,1851943
1762862400,186,186.7,180.1,182.9,8822110
1762866000,182.9,184.1,180.8,181.8,4260742
1762869600,181.8,182.4,180.2,180.8,4098382
1762873200,180.8,181.4,180.8,181.4,961662
1762927200,183,183,183,183,236709
1762930800,183,184.8,181.2,183.8,6145552
1762934400,183.9,186,183.8,184.8,4105533
1762938000,184.8,185.9,183.7,185.5,2005342
1762941600,185.5,186.1,184.6,185,2232905
1762945200,184.9,185.2,184.3,184.7,1804394
1762948800,184.7,185.3,184.1,184.3,1416228
1762952400,184.4,184.5,183.5,183.6,1383389
1762956000,183.7,184.2,183.2,183.6,2351706
1762959600,183.6,183.6,183.6,183.6,1666119
1763013600,183.8,183.8,183.8,183.8,194744
1763017200,183.7,184.7,182.1,182.4,4669984
1763020800,182.4,182.6,181.3,181.6,2206306
1763024400,181.6,183.6,181.5,182.9,2246398
1763028000,182.9,182.9,181.4,181.5,1305359
1763031600,181.5,182.1,180.6,181.3,1967786
1763035200,181.3,181.8,181.2,181.4,789346
1763038800,181.4,181.4,179.5,179.8,2035890
1763042400,179.8,179.8,177.3,177.7,5374428
1763046000,177.7,177.8,177.7,177.8,1108425
1763100000,177.8,177.8,177.8,177.8,280866
1763103600,177.7,177.8,173.5,175.6,8711710
1763107200,175.6,176,172.6,174.1,4381337
1763110800,174.1,174.6,173.6,174.5,1445985
1763114400,174.4,174.6,173.1,173.9,1987704
1763118000,173.8,174.3,173.2,173.5,1911693
1763121600,173.6,173.6,172,172.2,2331914
1763125200,172.2,173.1,171.5,173,3536862
1763128800,173,175.8,172,175.4,6717376
1763132400,176,176,176,176,778542
1763359200,178.3,178.3,178.3,178.3,294539
1763362800,178.3,183,178,180,11069394
1763366400,180.1,184.5,180,184.5,7045766
1763370000,184.4,185.8,184,185,4363111
1763373600,184.9,187.7,184.2,187.7,5956309
1763377200,187.6,189.2,187.3,187.7,5006396
1763380800,187.7,188.6,186.8,187.5,2708031
1763384400,187.5,188.4,186.3,187.3,4340785
1763388000,187.3,188.8,187.1,188.4,3762336
1763391600,188.3,188.3,188.3,188.3,1133802
1763445600,188.3,188.3,188.3,188.3,188260
1763449200,188.2,189.6,184.6,189.4,10036936
1763452800,189.4,189.9,188.6,188.8,3674793
1763456400,188.8,189.1,188,188.5,1759657
1763460000,188.5,188.8,186.8,187.7,2446770
1763463600,187.7,189.2,187.6,188.7,2275997
1763467200,188.7,189.6,188.2,188.4,2391190
1763470800,188.4,188.8,187.4,187.8,1698412
1763474400,187.8,188.8,186.8,188.2,3363274
1763478000,188.2,188.2,188.2,188.2,906985
1763532000,188.2,188.2,188.2,188.2,97119
1763535600,188.2,191.2,186.6,190.1,8314529
1763539200,190.1,190.6,188.1,188.4,5240684
1763542800,188.4,188.8,187.4,187.6,3033818
1763546400,187.7,188.3,186.6,187.6,2756282
1763550000,187.6,188.5,186.1,186.2,3915268
1763553600,186.2,186.2,184.7,185.2,5066424
1763557200,185.2,185.6,184.6,185.4,2824089
1763560800,185.4,185.6,184.2,184.8,4221778
1763564400,184.7,184.7,184.3,184.3,1382159
1763618400,185.1,185.1,185.1,185.1,217856
1763622000,185,186.2,183.5,185.4,6317762
1763625600,185.4,186.5,185,185.2,3308984
1763629200,185.2,185.9,185.1,185.5,1028930
1763632800,185.6,186.8,185.5,186.1,1968527
1763636400,186.1,186.1,184.7,185,1324001
1763640000,184.9,185.2,184.5,184.8,1342932
1763643600,184.8,186.5,184.6,185.2,2588163
1763647200,185.3,185.5,184.1,184.7,3169790
1763650800,184.8,184.8,184.8,184.8,929311
1763704800,183.7,183.7,183.7,183.7,125939
1763708400,183.7,184,181.6,181.9,5171053
1763712000,182,186,181.8,185.3,5300817
1763715600,185.3,185.8,184.4,185,2449821
1763719200,185,185.3,183.2,183.6,2738884
1763722800,183.5,185.2,183.5,184.7,1859081
1763726400,184.8,184.9,183.4,183.8,1961667
1763730000,183.8,184.3,182.7,184.1,2886719
1763733600,184.1,185.3,183.9,185.2,4076153
1763737200,184.7,184.7,184.7,184.7,1146267
1763964000,184.5,184.5,184.5,184.5,158155
1763967600,184.4,185.1,182.4,182.5,6656861
1763971200,182.4,183.6,182.1,182.9,3833119
1763974800,182.9,183.5,182.6,182.9,1636601
1763978400,182.9,183,182.3,182.5,1452365
1763982000,182.6,182.6,181.6,182.4,1858480
1763985600,182.3,182.8,181.8,182.3,1435829
1763989200,182.3,182.7,181.7,182,1462374
1763992800,182,183,181.7,182.7,3641194
1763996400,182.7,184.4,182.7,184.4,3669982
1764050400,185,185,185,185,171693
1764054000,185,185.4,181.8,182,4638276
1764057600,182,182.3,181,181.6,2712771
1764061200,181.6,182.5,181.3,181.4,1833239
1764064800,181.4,182.4,181.2,182.1,2041751
1764068400,182.1,183.5,181.8,182.9,4614482
1764072000,182.8,184.1,182,183.1,3197244
1764075600,183.2,183.4,181.1,181.4,3312864
1764079200,181.3,182,179.4,180.2,4237855
1764082800,180.1,180.1,180.1,180.1,2015215
1764136800,180.3,180.3,180.3,180.3,125806
1764140400,180.2,185.2,180.1,185.1,9093170
1764144000,185.1,185.4,184,184.7,3294389
1764147600,184.7,184.8,184,184.4,1248196
1764151200,184.3,184.7,183.7,184.5,1466566
1764154800,184.5,184.8,184.2,184.5,1207946
1764158400,184.5,184.8,184.3,184.7,917995
1764162000,184.8,185,184.4,184.7,1669100
1764165600,184.7,185.7,184.3,184.4,3528261
1764169200,184.5,184.5,184.1,184.1,728819
1764223200,184.3,184.3,184.3,184.3,101942
1764226800,184.4,186.1,183.4,185.5,3959445
1764230400,185.4,185.6,184.4,185,1113090
1764234000,185,185.1,184.6,184.6,630059
1764237600,184.7,185.4,184.4,184.7,1066123
1764241200,184.6,185.4,184.5,184.8,855699
1764244800,184.9,185.2,184.6,185.1,586337
1764248400,185.2,185.4,183.7,183.8,1557915
1764252000,183.7,184.7,183.5,184.3,3078328
1764255600,184.5,184.5,184.5,184.5,511606
1764309600,184.5,184.5,184.5,184.5,69423
1764313200,184.5,184.6,182.9,183.5,2785923
1764316800,183.4,184.2,183.3,183.8,888515
1764320400,183.8,184.7,183.7,184.2,1319151
1764324000,184.3,185,183.9,184.5,1263262
1764327600,184.5,184.6,183.7,183.8,486103
1764331200,183.8,184,183.7,183.8,1336733
1764334800,183.9,183.9,182.8,183.3,2139907
1764338400,183.3,184.3,183.1,183.7,2356023
1764342000,183.4,183.4,183.4,183.4,1065714
1764568800,183.4,183.4,183.4,183.4,176815
1764572400,183.3,185.2,181.5,184.9,4459128
1764576000,184.9,186.8,184.7,186.6,3619888
1764579600,186.5,187.4,186.5,186.8,2104431
1764583200,186.8,187,186.1,186.3,970091
1764586800,186.3,186.5,185.7,185.9,1126818
1764590400,185.8,186.7,185.7,186.4,1273973
1764594000,186.5,186.8,186.2,186.3,827570
1764597600,186.4,188.2,186.2,187.4,3640311
1764601200,187.2,187.2,187.2,187.2,716335
1764655200,187.1,187.1,187.1,187.1,79080
1764658800,187,188.6,185.5,188.5,6560884
1764662400,188.5,188.7,186.9,187.3,2832060
1764666000,187.3,187.9,186.9,187.5,1470368
1764669600,187.4,188.3,187.4,187.7,1128952
1764673200,187.7,188.2,187.5,187.7,821567
1764676800,187.7,188.9,187.3,188.5,1844771
1764680400,188.4,188.6,187.2,187.6,1277865
1764684000,187.6,188,187.3,187.6,2680416
1764687600,187.7,187.7,187.7,187.7,1098260
1764741600,187.7,187.7,187.7,187.7,100246
1764745200,187.7,191.3,187.7,190.6,7439087
1764748800,190.6,191.8,187.1,187.4,5021688
1764752400,187.3,187.5,186,186.7,2865703
1764756000,186.8,187.2,186.2,186.4,1168465
1764759600,186.4,186.9,185.9,186.5,1428813
1764763200,186.6,187.7,186.4,187,1728638
1764766800,187,187.1,185.7,186.2,1601899
1764770400,186.2,187,185.8,186.1,3257639
1764774000,185.9,185.9,185.9,185.9,1369069
1764828000,185.7,185.7,185.7,185.7,60624
1764831600,185.6,187.1,185.2,187,2560682
1764835200,187.1,187.6,185.9,186,1606139
1764838800,185.9,186.4,185.8,186,604560
1764842400,186.1,186.1,184.8,184.9,1293794
1764846000,184.8,184.9,183,183.4,1706090
1764849600,183.4,185.3,183.2,184.8,1760490
1764853200,184.7,184.8,184.1,184.4,1148563
1764856800,184.4,185.2,183.9,183.9,2898251
1764860400,185.1,185.1,185.1,185.1,893765
1764914400,185.1,185.1,185.1,185.1,95117
1764918000,185.1,186.5,184.1,186.5,3500828
1764921600,186.4,186.6,185.2,185.5,1613911
1764925200,185.6,185.8,184.7,184.8,805937
1764928800,184.9,185.6,184.8,185.5,630559
1764932400,185.5,185.6,185,185.6,660405
1764936000,185.5,186.3,185.2,186,873611
1764939600,186.1,188,186,187.2,2896124
1764943200,187.2,188.7,186.9,188.1,2883307
1764946800,188.2,188.2,188.2,188.2,573341
1765173600,190,190,190,190,234086
1765177200,190,190.7,187,187.2,5529284
1765180800,187.2,191.6,186.7,190.5,6078875
1765184400,190.5,191.4,190,190.8,1854338
1765188000,190.8,193.4,190.6,193.2,3353995
1765191600,193.1,193.8,192.4,193,2395869
1765195200,192.9,194,192.9,193.4,1839104
1765198800,193.4,193.7,193.1,193.3,1031627
1765202400,193.3,194.4,193,193.6,3716935
1765206000,193.7,193.7,193.7,193.7,1123972
1765260000,193.8,193.8,193.8,193.8,156242
1765263600,193.8,194,191.9,193.1,5796723
1765267200,193,196.7,192.8,194.7,7410681
1765270800,194.6,194.7,193.6,194.3,1424984
1765274400,194.4,197.4,193.7,196.6,4313857
1765278000,196.6,197.4,195.9,197.1,2470022
1765281600,197.1,199.3,196.9,199,3611013
1765285200,199,200.7,198.8,200.5,6545615
1765288800,200.5,202.8,200.3,202.4,7544468
1765292400,202,202,202,202,1184530
1765346400,202,202,202,202,138717
1765350000,201.9,208.8,200.9,208,18367117
1765353600,208.1,209.9,206.3,207.8,8713039
1765357200,207.7,208.1,207,207.2,2542270
1765360800,207.2,207.4,205.6,206.1,2657422
1765364400,206.1,207.6,205.6,207.6,3458330
1765368000,207.6,207.9,207.2,207.6,1965280
1765371600,207.7,208.6,207.2,208.5,4300872
1765375200,208.4,209.3,205.6,206.1,9398143
1765378800,205.8,205.8,205.8,205.8,985071
1765432800,206.8,206.8,206.8,206.8,152336
1765436400,206.8,209.9,205,209,7711126
1765440000,209,209.1,206.8,207.8,3768267
1765443600,207.8,207.8,206,206.3,2037649
1765447200,206.3,206.3,204.5,205.3,2339758
1765450800,205.3,207.1,204.8,206.3,3131798
1765454400,206.3,206.5,205.1,206.1,1606767
1765458000,206.1,206.3,205.5,205.9,1298493
1765461600,206,206.9,204.6,205,3117143
1765465200,205.2,205.2,204.9,204.9,901246
1765519200,205,205,205,205,113530
1765522800,205.1,206.9,204.6,206.6,3814358
1765526400,206.5,207.1,205.8,206.2,2285597
1765530000,206.1,206.7,205.1,205.6,1454716
1765533600,205.6,205.8,203.6,204.7,1838109
1765537200,204.7,205,204.5,204.6,887787
1765540800,204.6,204.9,203.9,204.1,1043299
1765544400,204.1,204.7,203.9,204,989132
1765548000,204.1,204.4,203.3,203.9,2264807
1765551600,204,204,204,204,1481889
1765778400,207,207,207,207,270496
1765782000,206.9,212.8,205.9,212,14831884
1765785600,212,214.2,211.9,213.3,6639191
1765789200,213.4,213.5,211.9,212.3,2718587
1765792800,212.3,212.4,210.7,211.9,3058584
1765796400,211.8,212.4,211.7,212.3,1572483
1765800000,212.3,212.5,211.4,212.2,1414802
1765803600,212.1,212.3,211,211.3,1655512
1765807200,211.3,212.5,211.3,212.2,3265810
1765810800,212.2,212.2,212.2,212.2,909525
1765864800,212.2,212.2,212.2,212.2,185573
1765868400,212.1,212.6,209.3,209.3,6673793
1765872000,209.4,209.6,208,209.1,2695540
1765875600,209,209.3,207,207.5,1719819
1765879200,207.4,209.1,207.2,208.4,1450702
1765882800,208.5,210,207.6,208.8,3234414
1765886400,208.9,210.2,208.6,210.1,1458878
1765890000,210.1,210.1,208.7,209.5,1180057
1765893600,209.4,209.6,208.5,209,1675890
1765897200,209.3,209.3,209.3,209.3,974067
1765951200,209.3,209.3,209.3,209.3,84117
1765954800,209.2,209.6,202.8,203,8811250
1765958400,203.1,205,202.5,203.7,4531847
1765962000,203.7,203.8,202.4,202.7,2166469
1765965600,202.8,203,202,202.1,2507975
1765969200,202.1,202.2,200,200.6,3946819
1765972800,200.6,201.5,200.2,201.3,2324853
1765976400,201.3,202.4,201.2,201.7,2309548
1765980000,201.7,203,200.8,201.2,4034029
1765983600,201,201,201,201,2074411
1766037600,202,202,202,202,166017
1766041200,201.9,204.6,201.8,204.6,8286987
1766044800,204.6,205.9,204.2,204.3,5125109
1766048400,204.3,205.4,204.1,204.3,1957409
1766052000,204.4,204.8,202.8,204.7,2593062
1766055600,204.7,205.3,204.4,204.7,1830087
1766059200,204.7,204.9,203.8,204,1821335
1766062800,204,204.3,203.3,203.9,1486096
1766066400,203.9,204.7,203.2,204.1,3779298
1766070000,204.4,204.4,204.4,204.4,818103
1766124000,204.4,204.4,204.4,204.4,102954
1766127600,204.4,207.3,204.2,206.1,6237958
1766131200,206.2,208.1,205.9,205.9,3538986
1766134800,205.9,206.6,205.7,206.3,948214
1766138400,206.3,206.9,205.6,206.1,1509006
1766142000,206.2,208.1,206,207.3,4163671
1766145600,207.3,209.4,207.1,209.1,5185357
1766149200,209.1,210.2,208,208.7,3129189
1766152800,208.7,211.3,208.5,211.1,5599725
1766156400,211.1,211.1,211.1,211.1,2293955
1766383200,211.8,211.8,211.8,211.8,246198
1766386800,211.9,216.3,210.8,210.9,11204119
1766390400,211,211.8,209.7,210.1,3914031
1766394000,210.1,210.8,209.9,210.2,2094248
1766397600,210.2,211,210.1,210.7,1576195
1766401200,210.8,212.1,210.5,211.5,2163718
1766404800,211.6,213.1,211.3,212.4,1953592
1766408400,212.4,212.5,210.8,211.6,2382853
1766412000,211.5,213.1,211.5,212.6,3598847
1766415600,212.8,212.8,212.8,212.8,958176
1766469600,212.6,212.6,212.6,212.6,57658
1766473200,212.5,219.4,211.8,219.2,13539120
1766476800,219.1,221.7,219.1,221.1,8878645
1766480400,221.1,221.8,220.4,221.2,3370619
1766484000,221.1,221.5,220.7,221.1,1973506
1766487600,221.1,221.9,220.8,221.4,2839035
1766491200,221.4,221.7,220.9,221.4,1895491
1766494800,221.4,221.9,221.1,221.2,2439599
1766498400,221.2,223.9,221.2,222.4,7332139
1766502000,221.7,221.7,221.7,221.7,1467769
1766556000,221.6,221.6,221.6,221.6,122584
1766559600,221.5,223.9,221,223,6650704
1766563200,223,226.4,222.7,226.1,5330965
1766566800,226.1,227.6,225.7,227.3,4469891
1766570400,227.3,228.2,226.8,228.1,2842811
1766574000,228.2,229.5,227.6,228.4,3372298
1766577600,228.4,229.2,225.3,225.7,4268861
1766581200,225.9,225.9,223.4,225.5,3566782
1766584800,225.5,225.6,223.6,224.7,2957450
1766588400,224.7,224.7,224.7,224.7,332250
1766642400,225.2,225.2,225.2,225.2,116637
1766646000,225.3,228,225,226.5,3996063
1766649600,226.5,226.6,226.2,226.4,612064
1766653200,226.4,226.6,225.9,226.2,492097
1766656800,226.2,226.3,221.4,221.8,1940044
1766660400,221.8,222.1,220.3,221.6,2266794
1766664000,221.5,222.2,221.4,221.6,1187565
1766667600,221.5,224,221.5,223.3,1406104
1766671200,223.4,223.9,222.3,222.6,1326522
1766674800,222.7,222.7,222.7,222.7,235437
1766728800,222.7,222.7,222.7,222.7,87282
1766732400,222.6,224.6,222.2,222.7,3801638
1766736000,222.6,223.3,222,222.7,1755873
1766739600,222.7,224.3,222.4,223.6,2596107
1766743200,223.7,226.6,223.6,225.8,3920512
1766746800,225.8,226.4,224.5,225.2,1805059
1766750400,225.2,225.5,224.5,224.7,1506022
1766754000,224.7,225.4,223.7,224.9,1941985
1766757600,225,227,224.9,226,3586992
1766761200,226,226.1,226,226.1,510226
1766988000,226.3,226.3,226.3,226.3,163472
1766991600,226.3,228,224.2,225.4,5810843
1766995200,225.3,228,224.3,224.9,3977890
1766998800,224.8,225.8,224.4,225,1679700
1767002400,225,225.7,223.7,223.9,1762844
1767006000,223.9,224.9,223.5,224.3,1454691
1767009600,224.2,224.4,222.8,222.9,1689186
1767013200,222.8,224.3,222.7,223,2410329
1767016800,223.1,224,221.4,221.7,3513393
1767020400,221.7,221.7,221,221,1364003
1767074400,222,222,222,222,121667
1767078000,222,225.7,222,223.3,4515766
1767081600,223.3,226.1,223.1,225.6,3808284
1767085200,225.6,227.2,224.9,226.5,3721709
1767088800,226.6,227,223.5,223.8,2437759
1767092400,223.8,225.2,222.9,224.3,1958616
1767096000,224.3,225.9,223.4,225.7,2506848
1767099600,225.7,230.8,225.7,229.2,10261599
1767103200,229.3,231.3,229,229.3,4835003
1767106800,229,229,229,229,662634
1767160800,229.8,229.8,229.8,229.8,128558
1767164400,229.8,237.3,229.2,235,13667263
1767168000,235,235.2,232.1,233.5,3733039
1767171600,233.6,234.9,233.1,234,1531206
1767175200,234,234.1,232.7,232.9,1231941
1767178800,233,234.6,232.9,234.3,1864562
1767182400,234.3,235.3,234.2,234.5,2064758
1767186000,234.4,235,232.9,233,1811981
1767189600,233,233.7,230.9,231.6,6211299
1767193200,231.7,231.7,231.7,231.7,1146100
1767333600,232,232,232,232,140380
1767337200,232,233.7,230.8,231.4,3759584
1767340800,231.4,232.1,229.2,231.6,4065584
1767344400,231.6,231.9,230.1,230.3,2261771
1767348000,230.3,230.3,228.7,230,1904365
1767351600,230.1,231,229.6,230.5,1471080
1767355200,230.5,230.5,229.2,229.4,1482873
1767358800,229.4,230.5,228.5,230.4,2242044
1767362400,230.5,230.5,229.3,230,2354834
1767366000,230,230.2,230,230.2,681746
1767592800,233,233,233,233,309633
1767596400,233.1,236.4,233.1,235.5,9434493
1767600000,235.5,241,235.4,240.2,8128860
1767603600,240.2,240.2,237.7,239.4,2934740
1767607200,239.5,241.4,239.2,240.2,2476496
1767610800,240.2,242.4,240,241.9,2882161
1767614400,241.9,242.5,240.5,240.7,2273089
1767618000,240.6,241.7,240.2,240.5,1679800
1767621600,240.4,241.7,239.5,240.6,3269972
1767625200,240.6,240.6,240,240,940056
1767679200,240,240,240,240,139850
1767682800,240,242.3,238.8,241,8589783
1767686400,241,243.9,240.9,241.8,5217485
1767690000,241.8,241.8,239.4,240.6,3290972
1767693600,240.7,245.9,240.1,244.8,6801235
1767697200,244.8,249.4,244.7,248.5,7654715
1767700800,248.4,251.75,248.2,251.25,6449776
1767704400,251.25,253.5,249.5,252,5704802
1767708000,252,258,251.75,256.75,9533380
1767711600,257,257,257,257,1612069
1767765600,259,259,259,259,178377
1767769200,259,265,257.75,259,14404017
1767772800,259,260.75,258.25,260,3264135
1767776400,260,260.75,259,260.25,2184885
1767780000,260.25,262,259.25,261.25,2293993
1767783600,261.25,262,260.25,261.25,2567315
1767787200,261.25,263,260.5,262.5,3679486
1767790800,262.25,262.5,259.5,261,3194665
1767794400,261,270,260.75,263.25,13545843
1767798000,263.5,263.5,263.5,263.5,1250070
1767852000,264,264,264,264,156531
1767855600,264.25,268.25,263,263.25,9921011
1767859200,263.25,266.75,262.5,264.75,4186171
1767862800,264.75,265,263,263.25,2246846
1767866400,263.25,264,261.25,261.75,2644867
1767870000,262,262.5,261.25,262.25,1590865
1767873600,262.25,264.25,260.25,264,3299890
1767877200,264,268.5,263.5,266.25,7391699
1767880800,266.25,266.25,261,261.75,6877685
1767884400,261.5,262.75,261.5,262.75,1108740
1767938400,265,265,265,265,241544
1767942000,265,269.25,263.5,268.75,8586768
1767945600,268.75,274.5,268.5,273.25,10989519
1767949200,273.25,274,272.25,272.75,2852048
1767952800,272.75,274.75,272.5,273.5,2240205
1767956400,273.75,274,271.5,272.75,2054475
1767960000,272.5,276.75,271.5,276.5,4709185
1767963600,276.75,277.25,274.5,277.25,6148204
1767967200,277.25,279.75,275.25,279.5,7561258
1767970800,279.25,280,279.25,280,1363396
1768197600,285.75,285.75,285.75,285.75,430061
1768201200,285.75,291.25,284.25,291,19262828
1768204800,291,294.75,285.5,287.5,13337923
1768208400,287.5,288.25,282,283.5,8474882
1768212000,283.5,284.75,280.75,282.75,6077653
1768215600,282.5,286,282.5,285.25,5221254
1768219200,285.25,285.5,280,282.75,5895844
1768222800,283,283,280.25,281.25,4845740
1768226400,281,285,280.5,283.5,7925920
1768230000,283,283,283,283,1820721
1768284000,283,283,283,283,319164
1768287600,283,289,282.5,288.5,13852252
1768291200,288.5,289.5,286.75,289,5674180
1768294800,288.75,291.5,287.75,290,8660114
1768298400,290,290.5,288.5,290,3952872
1768302000,290,292,288.5,291,5657316
1768305600,291,291.5,289.75,291,3042360
1768309200,290.75,292.75,289.25,290.25,5593363
1768312800,290.25,290.75,288.5,289.5,6855740
1768316400,289.5,289.75,289.5,289.75,1436671
1768370400,292,292,292,292,257971
1768374000,291.75,292.5,283.5,284.25,11768746
1768377600,284.25,286.5,283,284,4846571
1768381200,284,287.75,283.5,287,4308114
1768384800,286.75,288,286,287.25,2972796
1768388400,287,287.5,286,286.75,2716449
1768392000,286.75,289,285.5,288.25,5474577
1768395600,288.25,289,286.25,287,5720875
1768399200,286.75,288.75,286.5,288.25,6517646
1768402800,288,288,288,288,1641689
1768456800,289.25,289.25,289.25,289.25,215752
1768460400,289.25,293.25,285.75,290.25,13373716
1768464000,290.25,293.75,290.25,291.25,7294557
1768467600,291.25,294,290.25,292,6893202
1768471200,291.75,293,290.75,292.25,3597749
1768474800,292.5,294.5,292.25,293.5,3973691
1768478400,293.25,295.5,292.75,294.25,3806956
1768482000,294.5,297.25,294,296.75,4272553
1768485600,297,304.5,296,304.25,12544944
1768489200,304.5,304.5,302.5,302.5,1176609
1768543200,303.25,303.25,303.25,303.25,255765
1768546800,303.25,305,301.5,304.75,8742102
1768550400,304.75,305,301,303,6854173
1768554000,303,306.75,302.75,305.5,5243225
1768557600,305.5,307.25,304.25,305.5,3072007
1768561200,305.5,312.5,305,310.25,10675304
1768564800,310.25,311.25,309.25,310.5,3507545
1768568400,310.5,311,307.25,308.5,5177464
1768572000,308.5,310,305.75,309.5,5685151
1768575600,309.5,309.5,309.25,309.25,1276966
1768802400,310,310,310,310,212881
1768806000,310.25,315.5,305.75,313.5,13521733
1768809600,313.5,319,312.5,317.25,7287924
1768813200,317.25,319.75,316.75,319.25,6610023
1768816800,319.25,319.75,317.25,319.25,3183223
1768820400,319,322,318.25,319.75,4703882
1768824000,319.75,325,318.75,322.25,5656442
1768827600,322.25,323.25,319.75,322.75,4311221
1768831200,322.75,322.75,316,316.25,6992523
1768834800,316,316,316,316,823291
1768888800,317.5,317.5,317.5,317.5,183368
1768892400,317.5,326.5,317,325.75,13545245
1768896000,325.5,330.5,325,328.5,9918945
1768899600,328.5,329.5,327.5,329.25,4345365
1768903200,329.25,331,328.5,330.75,5719009
1768906800,330.5,331.75,329,331,4732069
1768910400,331,338.25,330.75,336.75,9368226
1768914000,336.75,337.75,330,331.25,9149192
1768917600,331.5,337.25,329.75,336.75,13463737
1768921200,336.75,336.75,336.75,336.75,2567161
1768975200,338.5,338.5,338.5,338.5,532763
1768978800,338.75,339.25,319,325.75,27318465
1768982400,325.75,326.25,307.75,309,25087395
1768986000,308.75,310,304.25,304.75,16298452
1768989600,304.75,305.75,303.25,303.25,8389945
1768993200,303.25,303.25,303.25,303.25,425025
1768996800,303.25,303.25,303.25,303.25,293957
1769000400,303.25,303.25,303.25,303.25,410696
1769004000,303.25,312,303.25,303.25,30732903
1769007600,303.25,303.25,303.25,303.25,319104
1769061600,295,295,295,295,746212
1769065200,295,300.75,287.5,299.5,29758487
1769068800,299.5,302.75,297,301.25,12400910
1769072400,301.25,304.75,299.25,300.25,11068829
1769076000,300.25,301.75,298,298.5,5603571
1769079600,298.25,299.25,294.25,295.5,6430218
1769083200,295.25,296.75,294,294.75,3301181
1769086800,295,301,294.75,300.75,6044350
1769090400,300.5,301.25,298.5,300.5,8322865
1769094000,300.25,300.25,300.25,300.25,1444554
1769148000,302.75,302.75,302.75,302.75,366956
1769151600,303,305.5,296.75,304,16154396
1769155200,303.75,305.5,302.25,304.75,7748965
1769158800,304.5,305.25,303.25,304,3028470
1769162400,304,306.75,303.75,304.5,4589292
1769166000,304.5,304.5,303.25,304.5,2612870
1769169600,304.5,305.25,303,303.25,3337440
1769173200,303.5,303.75,300.75,302.75,3701569
1769176800,302.75,302.75,298.25,300.5,8261954
1769180400,300.75,300.75,300.75,300.75,1417240
1769407200,300.75,300.75,300.75,300.75,316489
1769410800,301,316,300.75,315.25,21379783
1769414400,315.25,316,311.75,312.75,6461873
1769418000,312.75,313.25,310,312,3683489
1769421600,312,314,311.5,313.75,3303881
1769425200,313.5,313.75,311.5,312.75,2400313
1769428800,312.75,314.5,312.5,314.25,3155512
1769432400,314.25,321.5,314,320.5,11205011
1769436000,320.5,324.25,317.25,323.25,11618314
1769439600,323.25,323.25,323.25,323.25,1169882
1769493600,328.5,328.5,328.5,328.5,441598
1769497200,328.5,333.5,323.5,324.5,18986492
1769500800,324.5,325.25,315.25,316.75,15305621
1769504400,316.5,319.5,314,314.75,6059084
1769508000,314.5,316.5,313.75,314,4808902
1769511600,314,315.5,312.5,313,5067252
1769515200,313,314,308,313.75,6587356
1769518800,313.75,315.25,312.5,313.5,3691352
1769522400,313.75,313.75,309,311,7453341
1769526000,310.5,310.5,310.5,310.5,2108408
1769580000,312.25,312.25,312.25,312.25,235876
1769583600,312.25,313.5,309.5,312.5,9780911
1769587200,312.5,315.25,309.75,313,8926190
1769590800,312.75,314.5,311.25,312.25,4096729
1769594400,312.25,313.5,311.75,312.25,1859932
1769598000,312.5,313.5,311.5,313.25,2538012
1769601600,313,313.25,309.25,310.25,5667521
1769605200,310.25,315.5,309.75,314.25,7925182
1769608800,314.5,316.25,309.5,310,10500483
1769612400,310,310,307.5,307.5,2718699
1769666400,310.25,310.25,310.25,310.25,363178
1769670000,310.25,313.25,309,312.5,11588175
1769673600,312.5,315.25,311.5,313,7436715
1769677200,312.75,314.75,312.75,313.5,2762106
1769680800,313.75,317.75,313.25,317.25,6608431
1769684400,317.25,318.5,316.5,317.75,5276208
1769688000,317.75,321.25,317.25,320,9093508
1769691600,320.25,323,319,321.25,5481586
1769695200,321.5,322,315.5,318.25,9305850
1769698800,318,319,318,319,1068526
1769752800,317,317,317,317,285579
1769756400,317,317.25,308.75,309,13854893
1769760000,309,309.25,305.25,307.25,8580700
1769763600,307.25,308.5,306.25,307.25,4209001
1769767200,307.5,308.75,304.5,306.5,4251343
1769770800,306.25,306.75,305.25,305.25,2419418
1769774400,305.5,306.75,304.5,306.5,3995364
1769778000,306.25,308.25,305.5,307,5175013
1769781600,307.25,308,306,306.5,6639513
1769785200,306.75,306.75,303.25,303.25,3293970
1770012000,300,300,300,300,338269
1770015600,300,300,293.75,295.5,8071156
1770019200,295.25,299,295,298.5,4152221
1770022800,298.5,300.75,297.5,300.5,2171454
1770026400,300.75,304.5,300.75,303.75,4870973
1770030000,303.75,305.5,303.25,304.5,4177350
1770033600,304.75,306,303.5,304.25,3589645
1770037200,304.5,305,300.75,301,3029778
1770040800,300.75,301,298,298.5,5370406
1770044400,299.5,299.5,299.5,299.5,1069591
1770098400,304.25,304.25,304.25,304.25,224653
1770102000,304.25,306.5,300,302.5,9077221
1770105600,302.5,303.5,294.5,295.25,8058769
1770109200,295,296.25,291.75,294.25,6271891
1770112800,294.25,295,292,293,3866846
1770116400,293,297.25,292.75,295,5490297
1770120000,295,295.25,294,294.25,2226468
1770123600,294.25,295.75,293.25,293.5,3537177
1770127200,293.75,298,292.25,297.5,10256465
1770130800,297.5,297.5,296.75,296.75,1461397
1770184800,299,299,299,299,202770
1770188400,299,303.75,298.5,301,12780160
1770192000,301,301.75,297.5,298.25,5589618
1770195600,298.25,300.25,297.25,300,2610207
1770199200,300,301.25,298.5,300.25,2471219
1770202800,300,301.25,298.75,301,3815627
1770206400,301,302.25,300,301,5514904
1770210000,301,302.75,300.75,301.75,4639073
1770213600,301.75,304,300.75,302.75,7729666
1770217200,303,303,302.5,302.5,1283300
1770271200,302.75,302.75,302.75,302.75,207016
1770274800,303,303,298.5,300.5,7950787
1770278400,300.5,302,297.25,297.75,4633371
1770282000,298,299.25,296.5,297.75,3020847
1770285600,297.5,298.75,297,297.5,2264778
1770289200,297.25,297.5,295,295.75,3506710
1770292800,295.5,296,293.25,293.75,3113133
1770296400,293.75,294.25,291.5,291.75,4007149
1770300000,291.75,292.5,283.75,285.25,11461135
1770303600,285,285,285,285,1270528
1770357600,285,285,285,285,225062
1770361200,285,286.5,283,285.25,7538222
1770364800,285.25,292.25,284.25,291.5,9309711
1770368400,291.75,292.5,290,291.75,5212219
1770372000,291.75,292.75,291.25,291.5,2675439
1770375600,291.75,292.25,289.75,290.5,3056024
1770379200,290.5,291.25,288.25,289,3029529
1770382800,289,289.75,288.25,288.75,2717697
1770386400,288.75,291,286.25,288.25,7019287
1770390000,288.25,288.25,288,288,1078755
1770616800,291,291,291,291,258320
1770620400,290.75,292.75,287.25,291.75,8138274
1770624000,292,294.25,291.75,292,5032638
1770627600,292,292.25,290,291.25,2484589
1770631200,291,292.25,290,290.75,1747004
1770634800,291,293.25,290.75,292,2312513
1770638400,292.25,293,291.25,292.25,1718901
1770642000,292,293.75,292,292.75,2084476
1770645600,292.75,292.75,291.25,292.25,3900808
1770649200,292,292,292,292,1072058
1770703200,292.25,292.25,292.25,292.25,103220
1770706800,292.25,296.5,291,296,10769094
1770710400,296,297,294.25,294.75,3729044
1770714000,295,296.25,294.5,295,1776547
1770717600,295,296.25,294.5,295.75,2072619
1770721200,295.75,296.5,294.5,295.5,2337521
1770724800,295.5,297,293.75,295.5,4713692
1770728400,295.5,296.25,293.75,294.5,2838038
1770732000,294.75,297.25,294.5,296.5,8414181
1770735600,298.25,298.25,298.25,298.25,1821316
1770789600,298,298,298,298,268986
1770793200,298,300,295.75,296.75,11409501
1770796800,296.75,297,293.25,297,4042240
1770800400,297,299.75,295.75,296.75,4210062
1770804000,296.5,298,295.75,297.25,1755920
1770807600,297.25,299.5,297.25,298,3021818
1770811200,298,298.25,296.25,296.5,2556750
1770814800,296.25,296.5,295,296,3470116
1770818400,296,296,291.5,295,7425313
1770822000,294,294,294,294,1262121
1770876000,295,295,295,295,167368
1770879600,294.75,296.25,293,294,4732343
1770883200,293.75,295.5,292.5,294.5,3065444
1770886800,294.75,295.5,293.75,294,1924636
1770890400,294,294.75,293,294.75,1961509
1770894000,294.75,297,294.5,297,4164514
1770897600,297,302,296.5,301.5,7322743
1770901200,301.5,301.75,298.75,298.75,6997488
1770904800,298.75,303.5,298,301.75,8912559
1770908400,302,302,301.5,301.5,878656
1770962400,302,302,302,302,152125
1770966000,302.25,304,300,301.5,10733794
1770969600,301.5,301.75,300,301.25,3568478
1770973200,301.25,303,300.75,302.75,3454856
1770976800,302.5,302.75,300.5,300.75,2170103
1770980400,300.75,303.25,300.5,303,3680730
1770984000,303,303,298.5,299,5335645
1770987600,299,300.75,298.75,299.5,1746303
1770991200,299.75,302.5,298.75,302.5,6261367
1770994800,302.5,302.5,302.25,302.25,940166
1771221600,303.25,303.25,303.25,303.25,174929
1771225200,303.25,304.5,300,303.75,9875456
1771228800,303.5,304,301,301.75,4125234
1771232400,301.5,302.5,300.25,301,2901660
1771236000,301.25,301.5,299.25,300,2683189
1771239600,300.25,300.25,297,297.25,4172767
1771243200,297,297.5,295.25,296.25,3461275
1771246800,296.25,297.5,295.5,296.5,1736941
1771250400,296.5,297.25,296,296.5,3617000
1771254000,296.5,296.5,296.25,296.5,1223063
1771308000,296.75,296.75,296.75,296.75,183210
1771311600,297,301.75,296.5,300.5,10438536
1771315200,300.5,300.5,298.25,299.25,3065253
1771318800,299,300.25,299,299.5,1135227
1771322400,299.5,299.75,298.5,299.25,1459106
1771326000,299,300.25,298.25,299.75,2673405
1771329600,300,300.5,298.75,299.25,1712907
1771333200,299,300,297.5,299.25,2302376
1771336800,299.25,299.5,293.25,295.5,8171777
1771340400,294,294,294,294,1173910
1771394400,294.75,294.75,294.75,294.75,118653
1771398000,294.75,299.75,294.75,299.25,5698172
1771401600,299.25,302.25,298.75,301.5,8212328
1771405200,301.5,302.25,300.75,301,3174184
1771408800,301.25,304.25,301,302.5,5982911
1771412400,302.25,305.75,301.5,305.75,6052757
1771416000,305.75,310,302.75,308.75,18324305
1771419600,308.75,312,305.75,309.5,16750593
1771423200,309.5,315.5,309.25,310.75,17103556
1771426800,310.75,310.75,310.25,310.25,1771432
1771480800,313.25,313.25,313.25,313.25,454703
1771484400,313.5,321.25,313,317.25,27340750
1771488000,317.25,317.5,312,313,10746412
1771491600,313,313,307.25,311.5,10257948
1771495200,311.5,314.5,310.75,312.25,6421238
1771498800,312,313.25,308,310,3457113
1771502400,310,310.75,305.75,306,4012392
1771506000,306.25,308.5,304.75,305.75,3120719
1771509600,305.75,309.25,304.5,306.75,7496175
1771513200,307,307,307,307,1414211
1771567200,307.25,307.25,307.25,307.25,153123
1771570800,307.5,311.5,306,311,10081479
1771574400,311,314,308.5,312,7975485
1771578000,311.75,313.75,310.5,310.75,4561304
1771581600,311,314.75,310.75,312,3077373
1771585200,312,313.75,311.25,312,2161544
1771588800,312,313.75,311.25,312.25,4350021
1771592400,312.25,313,308.25,309.75,4940339
1771596000,309.75,313,309,312.5,4258045
1771599600,313.25,313.25,313.25,313.25,980357